activity_id,account_id,sales_rep_id,activity_date,activity_type,outcome
ACT000001,ACC063,REP08,2026-05-24,Email follow-up,Materials delivered
ACT000002,ACC118,REP11,2026-04-17,Phone check-in,Follow-up requested
ACT000003,ACC066,REP07,2025-11-17,Phone check-in,Left message
ACT000004,ACC069,,2026-07-29,Email follow-up,Materials delivered
ACT000005,ACC104,REP11,2026-03-20,Phone check-in,Connected
ACT000006,ACC005,REP02,2026-01-29,Phone check-in,Left message
ACT000007,ACC107,REP12,2025-08-29,Phone check-in,Left message
ACT000008,ACC087,REP10,2026-02-13,Office visit,Follow-up requested
ACT000009,ACC067,REP08,2026-04-01,Phone check-in,Connected
ACT000010,ACC093,REP10,2025-01-16,Provider education,Connected
ACT000011,ACC119,REP12,2026-03-19,Email follow-up,Connected
ACT000012,ACC016,REP01,2026-01-08,Provider education,Connected
ACT000013,ACC083,REP10,2025-02-01,Provider education,Materials delivered
ACT000014,ACC004,REP01,2026-02-04,Provider education,Materials delivered
ACT000015,ACC090,REP09,2025-03-02,Phone check-in,Connected
ACT000016,ACC020,REP01,2025-04-21,Office visit,Left message
ACT000017,ACC059,REP06,2025-05-25,Office visit,Left message
ACT000018,ACC103,REP12,2025-11-08,Office visit,Connected
ACT000019,ACC017,REP02,2026-02-10,Office visit,Follow-up requested
ACT000020,ACC039,REP04,2025-01-21,Email follow-up,Follow-up requested
ACT000021,ACC034,REP03,2025-11-22,Office visit,Connected
ACT000022,ACC030,REP03,2025-02-19,Office visit,Left message
ACT000023,ACC062,REP07,2025-03-02,Office visit,Follow-up requested
ACT000024,ACC041,REP06,2025-07-17,Email follow-up,Connected
ACT000025,ACC070,REP07,2026-01-23,Phone check-in,Left message
ACT000026,ACC005,REP02,2025-12-29,Phone check-in,Left message
ACT000027,ACC056,REP05,2025-06-20,Office visit,Materials delivered
ACT000028,ACC028,,2025-07-10,Email follow-up,Follow-up requested
ACT000029,ACC055,REP06,2026-03-23,Phone check-in,Left message
ACT000030,ACC038,REP03,2026-07-24,Provider education,Follow-up requested
ACT000031,ACC010,REP01,2025-10-02,Email follow-up,Materials delivered
ACT000032,ACC045,REP06,2025-03-14,Email follow-up,Materials delivered
ACT000033,ACC101,REP12,2025-01-17,Email follow-up,Left message
ACT000034,ACC004,REP01,2025-06-25,Provider education,Left message
ACT000035,ACC054,REP05,2026-05-26,Office visit,Left message
ACT000036,ACC108,REP11,2026-05-10,Provider education,Materials delivered
ACT000037,ACC011,REP02,2026-04-19,Provider education,Follow-up requested
ACT000038,ACC062,REP07,2026-05-25,Provider education,Follow-up requested
ACT000039,ACC063,REP08,2026-01-17,Phone check-in,Materials delivered
ACT000040,ACC105,REP12,2025-03-01,Phone check-in,Follow-up requested
ACT000041,ACC027,REP04,2025-09-11,Office visit,Follow-up requested
ACT000042,ACC089,REP10,2025-08-05,Email follow-up,Materials delivered
ACT000043,ACC041,REP06,2025-09-24,Office visit,Follow-up requested
ACT000044,ACC031,REP04,2025-06-10,Provider education,Left message
ACT000045,ACC071,REP08,2026-08-11,Provider education,Connected
ACT000046,ACC068,REP07,2026-05-19,Provider education,Left message
ACT000047,ACC011,REP02,2025-11-10,Email follow-up,Left message
ACT000048,ACC031,REP04,2025-05-31,Email follow-up,Connected
ACT000049,ACC006,REP01,2026-06-29,Office visit,Follow-up requested
ACT000050,ACC026,REP03,2026-05-18,Office visit,Connected
ACT000051,ACC003,REP02,2025-09-17,Phone check-in,Materials delivered
ACT000052,ACC072,REP07,2026-07-12,Email follow-up,Materials delivered
ACT000053,ACC084,,2026-08-26,Email follow-up,Connected
ACT000054,ACC119,REP12,2026-07-02,Phone check-in,Follow-up requested
ACT000055,ACC116,REP11,2025-03-29,Email follow-up,Materials delivered
ACT000056,ACC115,REP12,2026-06-30,Office visit,Follow-up requested
ACT000057,ACC055,REP06,2025-12-26,Email follow-up,Left message
ACT000058,ACC034,REP03,2026-01-15,Phone check-in,Connected
ACT000059,ACC107,REP12,2026-08-02,Email follow-up,Connected
ACT000060,ACC014,REP01,2026-01-25,Phone check-in,Materials delivered
ACT000061,ACC071,REP08,2025-05-08,Phone check-in,Connected
ACT000062,ACC018,REP01,2025-09-03,Office visit,Connected
ACT000063,ACC016,REP01,2025-04-23,Office visit,Connected
ACT000064,ACC101,REP12,2025-03-16,Office visit,Follow-up requested
ACT000065,ACC038,REP03,2025-02-07,Phone check-in,Left message
ACT000066,ACC072,REP07,2025-04-04,Provider education,Materials delivered
ACT000067,ACC006,REP01,2025-06-03,Phone check-in,Materials delivered
ACT000068,ACC099,REP10,2026-08-07,Provider education,Follow-up requested
ACT000069,ACC045,REP06,2025-09-17,Email follow-up,Follow-up requested
ACT000070,ACC105,REP12,2025-09-18,Phone check-in,Connected
ACT000071,ACC025,REP04,2025-01-17,Phone check-in,Left message
ACT000072,ACC096,REP09,2025-10-23,Phone check-in,Materials delivered
ACT000073,ACC060,REP05,2025-02-28,Phone check-in,Left message
ACT000074,ACC056,REP05,2025-02-17,Provider education,Left message
ACT000075,ACC067,REP08,2026-03-16,Email follow-up,Connected
ACT000076,ACC041,REP06,2025-03-12,Office visit,Materials delivered
ACT000077,ACC010,REP01,2025-09-19,Phone check-in,Materials delivered
ACT000078,ACC089,REP10,2025-09-26,Email follow-up,Connected
ACT000079,ACC054,REP05,2026-06-11,Phone check-in,Left message
ACT000080,ACC031,REP04,2026-08-01,Phone check-in,Follow-up requested
ACT000081,ACC012,REP01,2026-08-06,Provider education,Left message
ACT000082,ACC020,REP01,2026-08-14,Email follow-up,Left message
ACT000083,ACC107,REP12,2025-10-09,Office visit,Left message
ACT000084,ACC049,REP06,2025-07-07,Office visit,Follow-up requested
ACT000085,ACC005,REP02,2026-01-21,Office visit,Materials delivered
ACT000086,ACC019,REP02,2026-05-09,Office visit,Follow-up requested
ACT000087,ACC089,REP10,2025-05-07,Office visit,Materials delivered
ACT000088,ACC019,REP02,2025-11-02,Provider education,Connected
ACT000089,ACC115,REP12,2025-02-14,Office visit,Left message
ACT000090,ACC101,REP12,2026-05-16,Provider education,Materials delivered
ACT000091,ACC079,REP08,2025-03-31,Phone check-in,Connected
ACT000092,ACC086,REP09,2025-07-05,Office visit,Left message
ACT000093,ACC114,REP11,2025-07-10,Email follow-up,Follow-up requested
ACT000094,ACC083,REP10,2025-11-27,Phone check-in,Materials delivered
ACT000095,ACC076,REP07,2025-10-07,Provider education,Follow-up requested
ACT000096,ACC038,REP03,2025-03-17,Phone check-in,Follow-up requested
ACT000097,ACC105,REP12,2026-08-07,Office visit,Left message
ACT000098,ACC013,REP02,2025-03-01,Office visit,Materials delivered
ACT000099,ACC104,REP11,2026-04-29,Office visit,Follow-up requested
ACT000100,ACC015,REP02,2026-08-27,Email follow-up,Left message
ACT000101,ACC098,REP09,2025-02-15,Provider education,Materials delivered
ACT000102,ACC014,REP01,2025-03-05,Phone check-in,Left message
ACT000103,ACC035,REP04,2026-08-22,Office visit,Follow-up requested
ACT000104,ACC039,REP04,2025-01-26,Provider education,Materials delivered
ACT000105,ACC050,REP05,2025-08-12,Email follow-up,Follow-up requested
ACT000106,ACC086,REP09,2025-08-11,Provider education,Connected
ACT000107,ACC034,REP03,2026-06-24,Provider education,Left message
ACT000108,ACC043,REP06,2025-02-07,Office visit,Materials delivered
ACT000109,ACC090,REP09,2025-11-15,Office visit,Materials delivered
ACT000110,ACC019,REP02,2026-03-11,Office visit,Materials delivered
ACT000111,ACC117,REP12,2026-01-13,Office visit,Follow-up requested
ACT000112,ACC090,REP09,2025-10-27,Office visit,Connected
ACT000113,ACC042,REP05,2025-12-04,Phone check-in,Follow-up requested
ACT000114,ACC093,REP10,2025-01-24,Provider education,Connected
ACT000115,ACC077,REP08,2025-07-04,Phone check-in,Materials delivered
ACT000116,ACC006,REP01,2025-05-20,Email follow-up,Follow-up requested
ACT000117,ACC033,REP04,2025-07-07,Office visit,Connected
ACT000118,ACC075,REP08,2025-08-21,Office visit,Follow-up requested
ACT000119,ACC034,REP03,2026-06-11,Email follow-up,Left message
ACT000120,ACC043,REP06,2025-07-12,Phone check-in,Connected
ACT000121,ACC119,REP12,2025-09-20,Office visit,Follow-up requested
ACT000122,ACC055,REP06,2025-08-21,Email follow-up,Connected
ACT000123,ACC089,REP10,2026-04-29,Provider education,Materials delivered
ACT000124,ACC093,REP10,2025-08-25,Office visit,Follow-up requested
ACT000125,ACC096,REP09,2026-08-23,Email follow-up,Follow-up requested
ACT000126,ACC088,REP09,2025-10-25,Provider education,Follow-up requested
ACT000127,ACC101,REP12,2026-06-18,Phone check-in,Follow-up requested
ACT000128,ACC032,REP03,2026-02-21,Phone check-in,Materials delivered
ACT000129,ACC081,REP10,2025-11-04,Office visit,Left message
ACT000130,ACC087,REP10,2026-04-01,Office visit,Left message
ACT000131,ACC033,REP04,2026-03-09,Email follow-up,Follow-up requested
ACT000132,ACC043,REP06,2025-08-03,Provider education,Follow-up requested
ACT000133,ACC102,REP11,2025-03-14,Phone check-in,Materials delivered
ACT000134,ACC105,REP12,2025-09-04,Email follow-up,Materials delivered
ACT000135,ACC092,REP09,2025-04-17,Provider education,Follow-up requested
ACT000136,ACC035,REP04,2025-09-08,Office visit,Connected
ACT000137,ACC059,REP06,2026-06-16,Provider education,Follow-up requested
ACT000138,ACC056,REP05,2025-11-04,Provider education,Left message
ACT000139,ACC024,REP03,2025-01-03,Phone check-in,Follow-up requested
ACT000140,ACC001,REP02,2026-04-14,Email follow-up,Materials delivered
ACT000141,ACC036,REP03,2025-06-03,Email follow-up,Follow-up requested
ACT000142,ACC074,REP07,2025-10-25,Phone check-in,Connected
ACT000143,ACC101,REP12,2026-06-25,Email follow-up,Follow-up requested
ACT000144,ACC031,REP04,2026-05-24,Office visit,Connected
ACT000145,ACC063,REP08,2026-05-26,Office visit,Connected
ACT000146,ACC066,REP07,2025-01-28,Email follow-up,Follow-up requested
ACT000147,ACC079,REP08,2025-01-25,Email follow-up,Connected
ACT000148,ACC013,REP02,2026-07-10,Provider education,Follow-up requested
ACT000149,ACC033,REP04,2025-11-12,Email follow-up,Connected
ACT000150,ACC087,REP10,2026-08-19,Office visit,Follow-up requested
ACT000151,ACC058,REP05,2025-10-14,Phone check-in,Follow-up requested
ACT000152,ACC043,REP06,2025-09-17,Email follow-up,Left message
ACT000153,ACC106,REP11,2026-08-18,Email follow-up,Follow-up requested
ACT000154,ACC047,REP06,2026-01-18,Office visit,Connected
ACT000155,ACC030,REP03,2026-06-22,Phone check-in,Materials delivered
ACT000156,ACC006,REP01,2026-03-27,Provider education,Materials delivered
ACT000157,ACC004,REP01,2026-07-23,Phone check-in,Follow-up requested
ACT000158,ACC116,REP11,2025-04-20,Provider education,Materials delivered
ACT000159,ACC080,REP07,2025-09-01,Provider education,Left message
ACT000160,ACC021,REP04,2025-10-04,Phone check-in,Left message
ACT000161,ACC078,REP07,2026-01-19,Provider education,Materials delivered
ACT000162,ACC086,REP09,2025-03-24,Provider education,Materials delivered
ACT000163,ACC116,REP11,2026-07-24,Provider education,Connected
ACT000164,ACC049,REP06,2025-06-01,Phone check-in,Materials delivered
ACT000165,ACC042,REP05,2026-08-06,Email follow-up,Connected
ACT000166,ACC028,,2026-03-12,Email follow-up,Follow-up requested
ACT000167,ACC099,REP10,2026-06-29,Phone check-in,Follow-up requested
ACT000168,ACC015,REP02,2025-05-27,Provider education,Materials delivered
ACT000169,ACC033,REP04,2025-07-23,Provider education,Materials delivered
ACT000170,ACC041,REP06,2026-06-30,Provider education,Connected
ACT000171,ACC042,REP05,2026-07-18,Email follow-up,Connected
ACT000172,ACC110,REP11,2026-02-23,Email follow-up,Materials delivered
ACT000173,ACC100,REP09,2025-04-21,Provider education,Materials delivered
ACT000174,ACC111,REP12,2026-01-17,Phone check-in,Left message
ACT000175,ACC115,REP12,2025-07-28,Office visit,Connected
ACT000176,ACC076,REP07,2026-02-12,Office visit,Follow-up requested
ACT000177,ACC003,REP02,2026-03-29,Phone check-in,Materials delivered
ACT000178,ACC044,REP05,2026-02-16,Phone check-in,Connected
ACT000179,ACC073,REP08,2025-08-24,Phone check-in,Connected
ACT000180,ACC104,REP11,2025-10-26,Email follow-up,Connected
ACT000181,ACC022,REP03,2025-02-02,Phone check-in,Follow-up requested
ACT000182,ACC115,REP12,2025-04-24,Email follow-up,Materials delivered
ACT000183,ACC034,REP03,2025-07-21,Phone check-in,Follow-up requested
ACT000184,ACC110,REP11,2025-05-21,Provider education,Materials delivered
ACT000185,ACC098,REP09,2026-04-29,Provider education,Left message
ACT000186,ACC071,REP08,2025-08-18,Email follow-up,Materials delivered
ACT000187,ACC089,REP10,2025-01-01,Provider education,Materials delivered
ACT000188,ACC068,REP07,2026-05-05,Phone check-in,Left message
ACT000189,ACC112,REP11,2025-02-23,Email follow-up,Left message
ACT000190,ACC035,REP04,2025-12-12,Phone check-in,Connected
ACT000191,ACC046,,2026-06-23,Provider education,Connected
ACT000192,ACC079,REP08,2026-07-08,Email follow-up,Materials delivered
ACT000193,ACC106,REP11,2025-08-03,Office visit,Follow-up requested
ACT000194,ACC068,REP07,2025-07-11,Email follow-up,Materials delivered
ACT000195,ACC058,REP05,2026-03-04,Office visit,Follow-up requested
ACT000196,ACC005,REP02,2025-04-27,Provider education,Follow-up requested
ACT000197,ACC095,REP10,2026-05-02,Office visit,Left message
ACT000198,ACC083,REP10,2025-01-03,Email follow-up,Connected
ACT000199,ACC107,REP12,2026-01-19,Office visit,Follow-up requested
ACT000200,ACC072,REP07,2025-05-16,Provider education,Materials delivered
ACT000201,ACC100,REP09,2026-02-06,Provider education,Materials delivered
ACT000202,ACC045,REP06,2025-09-13,Provider education,Follow-up requested
ACT000203,ACC095,REP10,2025-02-06,Phone check-in,Materials delivered
ACT000204,ACC034,REP03,2025-10-17,Office visit,Materials delivered
ACT000205,ACC040,REP03,2026-07-31,Email follow-up,Connected
ACT000206,ACC047,REP06,2025-04-04,Phone check-in,Follow-up requested
ACT000207,ACC004,REP01,2026-08-09,Phone check-in,Left message
ACT000208,ACC031,REP04,2025-08-09,Phone check-in,Materials delivered
ACT000209,ACC006,REP01,2025-12-12,Email follow-up,Left message
ACT000210,ACC099,REP10,2025-05-01,Phone check-in,Materials delivered
ACT000211,ACC010,REP01,2025-10-12,Provider education,Follow-up requested
ACT000212,ACC071,REP08,2025-03-17,Email follow-up,Left message
ACT000213,ACC002,REP01,2025-12-13,Office visit,Follow-up requested
ACT000214,ACC047,REP06,2026-01-24,Phone check-in,Follow-up requested
ACT000215,ACC062,REP07,2025-01-24,Phone check-in,Materials delivered
ACT000216,ACC024,REP03,2026-07-05,Office visit,Materials delivered
ACT000217,ACC058,REP05,2026-07-01,Phone check-in,Materials delivered
ACT000218,ACC069,,2025-04-04,Office visit,Left message
ACT000219,ACC068,REP07,2025-02-08,Office visit,Materials delivered
ACT000220,ACC104,REP11,2025-06-18,Provider education,Materials delivered
ACT000221,ACC041,REP06,2025-06-28,Office visit,Materials delivered
ACT000222,ACC111,REP12,2025-10-27,Office visit,Follow-up requested
ACT000223,ACC002,REP01,2025-01-11,Phone check-in,Left message
ACT000224,ACC063,REP08,2025-08-18,Provider education,Follow-up requested
ACT000225,ACC034,REP03,2026-06-19,Phone check-in,Connected
ACT000226,ACC045,REP06,2025-10-15,Email follow-up,Materials delivered
ACT000227,ACC114,REP11,2025-05-10,Office visit,Materials delivered
ACT000228,ACC102,REP11,2025-06-10,Email follow-up,Materials delivered
ACT000229,ACC015,REP02,2025-12-25,Provider education,Connected
ACT000230,ACC117,REP12,2025-08-27,Office visit,Follow-up requested
ACT000231,ACC090,REP09,2025-06-19,Phone check-in,Follow-up requested
ACT000232,ACC073,REP08,2025-02-14,Office visit,Materials delivered
ACT000233,ACC117,REP12,2025-07-28,Phone check-in,Connected
ACT000234,ACC062,REP07,2025-01-01,Office visit,Left message
ACT000235,ACC003,REP02,2026-05-06,Provider education,Connected
ACT000236,ACC037,REP04,2025-12-04,Provider education,Materials delivered
ACT000237,ACC035,REP04,2025-11-30,Provider education,Connected
ACT000238,ACC056,REP05,2025-11-16,Provider education,Connected
ACT000239,ACC067,REP08,2025-08-12,Office visit,Follow-up requested
ACT000240,ACC119,REP12,2026-08-11,Provider education,Left message
ACT000241,ACC083,REP10,2025-02-15,Provider education,Materials delivered
ACT000242,ACC066,REP07,2026-05-14,Office visit,Connected
ACT000243,ACC051,REP06,2026-02-19,Provider education,Left message
ACT000244,ACC094,REP09,2025-10-29,Email follow-up,Materials delivered
ACT000245,ACC029,REP04,2026-08-11,Email follow-up,Follow-up requested
ACT000246,ACC091,REP10,2025-07-06,Email follow-up,Connected
ACT000247,ACC038,REP03,2025-09-20,Email follow-up,Follow-up requested
ACT000248,ACC093,REP10,2026-07-05,Provider education,Materials delivered
ACT000249,ACC094,REP09,2025-07-30,Office visit,Follow-up requested
ACT000250,ACC116,REP11,2025-09-18,Provider education,Follow-up requested
ACT000251,ACC035,REP04,2025-05-15,Office visit,Follow-up requested
ACT000252,ACC102,REP11,2026-05-31,Email follow-up,Follow-up requested
ACT000253,ACC061,REP08,2025-08-13,Email follow-up,Connected
ACT000254,ACC081,REP10,2025-03-25,Provider education,Materials delivered
ACT000255,ACC050,REP05,2025-03-12,Office visit,Materials delivered
ACT000256,ACC010,REP01,2026-03-12,Office visit,Follow-up requested
ACT000257,ACC045,REP06,2025-02-10,Provider education,Follow-up requested
ACT000258,ACC023,REP04,2025-07-03,Email follow-up,Follow-up requested
ACT000259,ACC041,REP06,2026-05-03,Phone check-in,Materials delivered
ACT000260,ACC075,REP08,2025-02-20,Email follow-up,Left message
ACT000261,ACC112,REP11,2025-03-16,Office visit,Materials delivered
ACT000262,ACC029,REP04,2026-01-17,Provider education,Materials delivered
ACT000263,ACC023,REP04,2025-01-17,Provider education,Connected
ACT000264,ACC024,REP03,2025-01-10,Office visit,Follow-up requested
ACT000265,ACC005,REP02,2026-07-24,Phone check-in,Follow-up requested
ACT000266,ACC051,REP06,2025-02-28,Email follow-up,Connected
ACT000267,ACC117,REP12,2025-10-25,Phone check-in,Follow-up requested
ACT000268,ACC016,REP01,2025-07-26,Provider education,Follow-up requested
ACT000269,ACC072,REP07,2025-10-15,Office visit,Materials delivered
ACT000270,ACC050,REP05,2025-08-07,Office visit,Left message
ACT000271,ACC099,REP10,2025-06-30,Phone check-in,Materials delivered
ACT000272,ACC022,REP03,2026-04-10,Provider education,Left message
ACT000273,ACC099,REP10,2025-08-01,Phone check-in,Materials delivered
ACT000274,ACC053,REP06,2025-02-11,Phone check-in,Connected
ACT000275,ACC083,REP10,2025-06-14,Phone check-in,Connected
ACT000276,ACC006,REP01,2025-03-22,Office visit,Follow-up requested
ACT000277,ACC108,REP11,2026-05-02,Email follow-up,Left message
ACT000278,ACC003,REP02,2025-09-02,Email follow-up,Left message
ACT000279,ACC106,REP11,2025-12-16,Phone check-in,Connected
ACT000280,ACC021,REP04,2025-04-29,Provider education,Connected
ACT000281,ACC105,REP12,2025-01-25,Email follow-up,Materials delivered
ACT000282,ACC001,REP02,2025-08-23,Phone check-in,Left message
ACT000283,ACC031,REP04,2025-05-10,Office visit,Connected
ACT000284,ACC114,REP11,2025-07-12,Office visit,Materials delivered
ACT000285,ACC006,REP01,2025-04-22,Phone check-in,Left message
ACT000286,ACC077,REP08,2026-06-19,Phone check-in,Follow-up requested
ACT000287,ACC108,REP11,2026-01-30,Email follow-up,Left message
ACT000288,ACC110,REP11,2026-06-22,Provider education,Follow-up requested
ACT000289,ACC011,REP02,2025-01-04,Phone check-in,Follow-up requested
ACT000290,ACC113,,2026-01-15,Office visit,Follow-up requested
ACT000291,ACC025,REP04,2026-08-26,Provider education,Follow-up requested
ACT000292,ACC078,REP07,2025-01-02,Phone check-in,Follow-up requested
ACT000293,ACC109,REP12,2026-01-13,Email follow-up,Follow-up requested
ACT000294,ACC001,REP02,2025-06-25,Phone check-in,Left message
ACT000295,ACC114,REP11,2026-06-15,Provider education,Left message
ACT000296,ACC042,REP05,2026-01-22,Provider education,Connected
ACT000297,ACC049,REP06,2026-08-24,Provider education,Connected
ACT000298,ACC108,REP11,2025-04-09,Provider education,Left message
ACT000299,ACC071,REP08,2025-01-24,Email follow-up,Follow-up requested
ACT000300,ACC003,REP02,2026-01-09,Office visit,Left message
ACT000301,ACC118,REP11,2025-12-03,Phone check-in,Materials delivered
ACT000302,ACC117,REP12,2025-11-03,Office visit,Materials delivered
ACT000303,ACC079,REP08,2026-08-25,Provider education,Follow-up requested
ACT000304,ACC075,REP08,2025-09-30,Phone check-in,Left message
ACT000305,ACC001,REP02,2026-03-31,Phone check-in,Follow-up requested
ACT000306,ACC113,,2025-01-18,Provider education,Connected
ACT000307,ACC047,REP06,2025-09-04,Provider education,Follow-up requested
ACT000308,ACC032,REP03,2025-07-15,Office visit,Follow-up requested
ACT000309,ACC103,REP12,2025-12-28,Office visit,Follow-up requested
ACT000310,ACC016,REP01,2026-03-21,Provider education,Connected
ACT000311,ACC044,REP05,2025-05-08,Email follow-up,Connected
ACT000312,ACC075,REP08,2025-09-23,Office visit,Left message
ACT000313,ACC007,,2025-04-13,Email follow-up,Connected
ACT000314,ACC051,REP06,2026-03-08,Email follow-up,Left message
ACT000315,ACC029,REP04,2025-06-16,Phone check-in,Follow-up requested
ACT000316,ACC001,REP02,2025-09-21,Provider education,Materials delivered
ACT000317,ACC085,REP10,2025-02-12,Phone check-in,Materials delivered
ACT000318,ACC090,REP09,2026-06-22,Phone check-in,Connected
ACT000319,ACC066,REP07,2025-02-11,Provider education,Follow-up requested
ACT000320,ACC113,,2025-06-10,Phone check-in,Connected
ACT000321,ACC098,REP09,2025-02-14,Phone check-in,Connected
ACT000322,ACC019,REP02,2026-05-05,Office visit,Connected
ACT000323,ACC065,REP08,2025-11-30,Email follow-up,Follow-up requested
ACT000324,ACC060,REP05,2025-04-04,Provider education,Connected
ACT000325,ACC112,REP11,2025-05-30,Phone check-in,Follow-up requested
ACT000326,ACC064,REP07,2026-01-14,Phone check-in,Connected
ACT000327,ACC047,REP06,2025-07-12,Email follow-up,Connected
ACT000328,ACC008,REP01,2025-12-21,Email follow-up,Connected
ACT000329,ACC095,REP10,2026-02-08,Email follow-up,Connected
ACT000330,ACC062,REP07,2025-01-31,Phone check-in,Follow-up requested
ACT000331,ACC072,REP07,2025-07-13,Office visit,Materials delivered
ACT000332,ACC036,REP03,2026-04-03,Email follow-up,Connected
ACT000333,ACC081,REP10,2026-04-22,Phone check-in,Materials delivered
ACT000334,ACC049,REP06,2025-09-24,Phone check-in,Connected
ACT000335,ACC028,,2025-05-15,Phone check-in,Materials delivered
ACT000336,ACC110,REP11,2026-01-26,Phone check-in,Connected
ACT000337,ACC025,REP04,2026-01-15,Provider education,Connected
ACT000338,ACC064,REP07,2026-05-25,Office visit,Left message
ACT000339,ACC005,REP02,2026-03-25,Email follow-up,Follow-up requested
ACT000340,ACC115,REP12,2026-02-17,Email follow-up,Connected
ACT000341,ACC053,REP06,2026-07-29,Email follow-up,Materials delivered
ACT000342,ACC086,REP09,2025-05-31,Phone check-in,Left message
ACT000343,ACC085,REP10,2025-05-12,Phone check-in,Connected
ACT000344,ACC007,,2025-08-07,Provider education,Follow-up requested
ACT000345,ACC085,REP10,2025-01-09,Phone check-in,Left message
ACT000346,ACC109,REP12,2026-04-29,Office visit,Materials delivered
ACT000347,ACC039,REP04,2025-09-12,Email follow-up,Materials delivered
ACT000348,ACC081,REP10,2025-03-12,Office visit,Left message
ACT000349,ACC095,REP10,2025-05-03,Office visit,Materials delivered
ACT000350,ACC070,REP07,2025-05-08,Email follow-up,Connected
ACT000351,ACC118,REP11,2026-07-04,Office visit,Materials delivered
ACT000352,ACC111,REP12,2025-07-13,Provider education,Materials delivered
ACT000353,ACC037,REP04,2025-08-29,Provider education,Follow-up requested
ACT000354,ACC095,REP10,2026-01-12,Phone check-in,Left message
ACT000355,ACC041,REP06,2026-08-10,Email follow-up,Follow-up requested
ACT000356,ACC101,REP12,2025-10-23,Phone check-in,Left message
ACT000357,ACC059,REP06,2026-05-16,Phone check-in,Materials delivered
ACT000358,ACC091,REP10,2025-07-30,Provider education,Follow-up requested
ACT000359,ACC004,REP01,2025-09-06,Provider education,Materials delivered
ACT000360,ACC008,REP01,2026-05-24,Phone check-in,Follow-up requested
ACT000361,ACC036,REP03,2025-07-15,Office visit,Left message
ACT000362,ACC001,REP02,2025-07-22,Provider education,Connected
ACT000363,ACC111,REP12,2025-08-24,Phone check-in,Left message
ACT000364,ACC106,REP11,2026-01-24,Office visit,Connected
ACT000365,ACC043,REP06,2026-04-25,Office visit,Follow-up requested
ACT000366,ACC093,REP10,2026-01-28,Office visit,Materials delivered
ACT000367,ACC053,REP06,2025-05-06,Phone check-in,Connected
ACT000368,ACC106,REP11,2025-02-09,Phone check-in,Follow-up requested
ACT000369,ACC105,REP12,2026-06-06,Email follow-up,Connected
ACT000370,ACC036,REP03,2026-07-18,Phone check-in,Left message
ACT000371,ACC082,REP09,2026-06-16,Provider education,Connected
ACT000372,ACC068,REP07,2026-07-04,Email follow-up,Materials delivered
ACT000373,ACC009,REP02,2026-02-12,Phone check-in,Follow-up requested
ACT000374,ACC076,REP07,2026-04-01,Phone check-in,Materials delivered
ACT000375,ACC100,REP09,2025-12-10,Provider education,Follow-up requested
ACT000376,ACC090,REP09,2026-05-10,Email follow-up,Materials delivered
ACT000377,ACC115,REP12,2026-04-27,Phone check-in,Materials delivered
ACT000378,ACC033,REP04,2025-01-29,Office visit,Follow-up requested
ACT000379,ACC080,REP07,2026-02-03,Phone check-in,Connected
ACT000380,ACC092,REP09,2026-05-03,Email follow-up,Connected
ACT000381,ACC041,REP06,2025-07-11,Phone check-in,Materials delivered
ACT000382,ACC080,REP07,2025-11-07,Phone check-in,Follow-up requested
ACT000383,ACC111,REP12,2025-05-20,Phone check-in,Materials delivered
ACT000384,ACC021,REP04,2025-03-04,Email follow-up,Follow-up requested
ACT000385,ACC021,REP04,2025-03-27,Provider education,Left message
ACT000386,ACC115,REP12,2026-08-27,Provider education,Connected
ACT000387,ACC050,REP05,2025-10-06,Provider education,Connected
ACT000388,ACC077,REP08,2026-02-15,Email follow-up,Follow-up requested
ACT000389,ACC087,REP10,2025-12-12,Provider education,Follow-up requested
ACT000390,ACC001,REP02,2025-06-14,Email follow-up,Follow-up requested
ACT000391,ACC109,REP12,2025-11-28,Provider education,Connected
ACT000392,ACC020,REP01,2025-01-02,Phone check-in,Materials delivered
ACT000393,ACC024,REP03,2025-01-22,Provider education,Left message
ACT000394,ACC021,REP04,2025-11-30,Office visit,Connected
ACT000395,ACC006,REP01,2025-02-09,Phone check-in,Follow-up requested
ACT000396,ACC053,REP06,2025-12-22,Phone check-in,Materials delivered
ACT000397,ACC094,REP09,2025-08-22,Phone check-in,Materials delivered
ACT000398,ACC062,REP07,2025-06-11,Provider education,Left message
ACT000399,ACC110,REP11,2026-01-18,Provider education,Connected
ACT000400,ACC093,REP10,2026-05-31,Office visit,Connected
ACT000401,ACC035,REP04,2026-06-28,Office visit,Left message
ACT000402,ACC062,REP07,2025-08-20,Office visit,Materials delivered
ACT000403,ACC082,REP09,2026-08-07,Provider education,Follow-up requested
ACT000404,ACC120,REP11,2026-06-23,Office visit,Follow-up requested
ACT000405,ACC016,REP01,2025-04-28,Email follow-up,Follow-up requested
ACT000406,ACC023,REP04,2026-02-14,Phone check-in,Connected
ACT000407,ACC099,REP10,2025-05-12,Office visit,Left message
ACT000408,ACC108,REP11,2026-05-30,Phone check-in,Connected
ACT000409,ACC003,REP02,2026-08-13,Phone check-in,Connected
ACT000410,ACC073,REP08,2025-11-29,Email follow-up,Left message
ACT000411,ACC091,REP10,2025-05-18,Phone check-in,Connected
ACT000412,ACC004,REP01,2026-01-04,Phone check-in,Left message
ACT000413,ACC004,REP01,2026-07-21,Office visit,Materials delivered
ACT000414,ACC090,REP09,2026-06-22,Email follow-up,Left message
ACT000415,ACC103,REP12,2026-03-08,Office visit,Follow-up requested
ACT000416,ACC009,REP02,2025-05-03,Office visit,Materials delivered
ACT000417,ACC050,REP05,2025-06-14,Phone check-in,Materials delivered
ACT000418,ACC093,REP10,2025-10-18,Provider education,Follow-up requested
ACT000419,ACC065,REP08,2025-09-24,Email follow-up,Connected
ACT000420,ACC046,,2025-06-05,Phone check-in,Connected
ACT000421,ACC016,REP01,2026-01-21,Provider education,Follow-up requested
ACT000422,ACC100,REP09,2025-10-11,Email follow-up,Connected
ACT000423,ACC109,REP12,2025-03-31,Email follow-up,Materials delivered
ACT000424,ACC019,REP02,2026-08-13,Provider education,Connected
ACT000425,ACC096,REP09,2026-05-15,Phone check-in,Follow-up requested
ACT000426,ACC034,REP03,2025-07-25,Email follow-up,Left message
ACT000427,ACC120,REP11,2025-12-01,Office visit,Left message
ACT000428,ACC050,REP05,2025-04-07,Phone check-in,Materials delivered
ACT000429,ACC028,,2026-02-21,Email follow-up,Follow-up requested
ACT000430,ACC043,REP06,2025-10-04,Phone check-in,Connected
ACT000431,ACC112,REP11,2025-06-17,Phone check-in,Follow-up requested
ACT000432,ACC109,REP12,2025-03-16,Phone check-in,Materials delivered
ACT000433,ACC069,,2026-01-11,Provider education,Materials delivered
ACT000434,ACC048,REP05,2025-06-28,Office visit,Left message
ACT000435,ACC033,REP04,2025-11-14,Provider education,Connected
ACT000436,ACC027,REP04,2025-08-24,Office visit,Left message
ACT000437,ACC063,REP08,2025-06-08,Provider education,Follow-up requested
ACT000438,ACC075,REP08,2025-09-17,Email follow-up,Left message
ACT000439,ACC104,REP11,2026-07-20,Provider education,Connected
ACT000440,ACC019,REP02,2025-01-13,Office visit,Follow-up requested
ACT000441,ACC100,REP09,2026-06-16,Phone check-in,Follow-up requested
ACT000442,ACC084,,2025-09-11,Phone check-in,Left message
ACT000443,ACC007,,2026-06-18,Phone check-in,Left message
ACT000444,ACC117,REP12,2026-08-24,Office visit,Connected
ACT000445,ACC026,REP03,2025-11-15,Provider education,Materials delivered
ACT000446,ACC035,REP04,2025-11-10,Office visit,Materials delivered
ACT000447,ACC036,REP03,2025-10-08,Provider education,Materials delivered
ACT000448,ACC037,REP04,2025-10-26,Provider education,Connected
ACT000449,ACC040,REP03,2025-11-05,Email follow-up,Follow-up requested
ACT000450,ACC112,REP11,2025-10-02,Provider education,Connected
ACT000451,ACC059,REP06,2026-07-20,Phone check-in,Follow-up requested
ACT000452,ACC078,REP07,2026-03-16,Phone check-in,Left message
ACT000453,ACC065,REP08,2025-01-30,Office visit,Connected
ACT000454,ACC091,REP10,2025-05-25,Phone check-in,Left message
ACT000455,ACC075,REP08,2025-04-10,Provider education,Connected
ACT000456,ACC062,REP07,2026-03-09,Phone check-in,Materials delivered
ACT000457,ACC049,REP06,2026-02-25,Email follow-up,Connected
ACT000458,ACC070,REP07,2025-06-29,Provider education,Left message
ACT000459,ACC043,REP06,2026-05-23,Provider education,Connected
ACT000460,ACC119,REP12,2026-02-11,Email follow-up,Left message
ACT000461,ACC093,REP10,2026-03-03,Email follow-up,Materials delivered
ACT000462,ACC043,REP06,2025-06-08,Office visit,Left message
ACT000463,ACC067,REP08,2025-10-29,Office visit,Left message
ACT000464,ACC023,REP04,2025-06-11,Email follow-up,Left message
ACT000465,ACC067,REP08,2025-09-14,Office visit,Connected
ACT000466,ACC040,REP03,2025-01-15,Office visit,Follow-up requested
ACT000467,ACC118,REP11,2025-08-10,Office visit,Follow-up requested
ACT000468,ACC059,REP06,2025-05-29,Office visit,Materials delivered
ACT000469,ACC091,REP10,2026-08-27,Phone check-in,Left message
ACT000470,ACC063,REP08,2025-03-26,Office visit,Follow-up requested
ACT000471,ACC052,REP05,2025-12-26,Email follow-up,Left message
ACT000472,ACC004,REP01,2025-04-18,Email follow-up,Left message
ACT000473,ACC081,REP10,2025-11-26,Phone check-in,Materials delivered
ACT000474,ACC108,REP11,2025-06-16,Phone check-in,Materials delivered
ACT000475,ACC067,REP08,2026-02-04,Email follow-up,Follow-up requested
ACT000476,ACC079,REP08,2025-10-24,Provider education,Materials delivered
ACT000477,ACC052,REP05,2026-05-29,Provider education,Follow-up requested
ACT000478,ACC065,REP08,2025-10-09,Office visit,Follow-up requested
ACT000479,ACC067,REP08,2026-07-25,Office visit,Connected
ACT000480,ACC036,REP03,2025-11-11,Office visit,Follow-up requested
ACT000481,ACC033,REP04,2025-08-17,Email follow-up,Follow-up requested
ACT000482,ACC106,REP11,2025-03-31,Phone check-in,Connected
ACT000483,ACC009,REP02,2025-09-27,Office visit,Left message
ACT000484,ACC013,REP02,2025-11-28,Email follow-up,Connected
ACT000485,ACC055,REP06,2026-02-01,Provider education,Materials delivered
ACT000486,ACC116,REP11,2025-08-06,Phone check-in,Materials delivered
ACT000487,ACC008,REP01,2025-07-06,Provider education,Connected
ACT000488,ACC070,REP07,2026-03-24,Phone check-in,Follow-up requested
ACT000489,ACC003,REP02,2025-05-01,Phone check-in,Connected
ACT000490,ACC105,REP12,2025-12-04,Email follow-up,Follow-up requested
ACT000491,ACC080,REP07,2025-01-14,Provider education,Materials delivered
ACT000492,ACC042,REP05,2025-02-05,Office visit,Left message
ACT000493,ACC049,REP06,2025-08-16,Phone check-in,Follow-up requested
ACT000494,ACC102,REP11,2025-10-25,Office visit,Connected
ACT000495,ACC072,REP07,2026-02-09,Email follow-up,Left message
ACT000496,ACC109,REP12,2025-12-21,Provider education,Left message
ACT000497,ACC040,REP03,2025-09-01,Phone check-in,Follow-up requested
ACT000498,ACC025,REP04,2025-03-22,Phone check-in,Left message
ACT000499,ACC040,REP03,2026-04-05,Office visit,Follow-up requested
ACT000500,ACC101,REP12,2026-06-26,Office visit,Left message
ACT000501,ACC119,REP12,2025-01-10,Phone check-in,Left message
ACT000502,ACC045,REP06,2026-03-02,Email follow-up,Follow-up requested
ACT000503,ACC095,REP10,2026-03-29,Office visit,Materials delivered
ACT000504,ACC032,REP03,2026-04-27,Provider education,Left message
ACT000505,ACC093,REP10,2025-08-27,Office visit,Left message
ACT000506,ACC036,REP03,2025-05-02,Email follow-up,Connected
ACT000507,ACC055,REP06,2026-04-25,Provider education,Left message
ACT000508,ACC079,REP08,2026-07-07,Provider education,Left message
ACT000509,ACC035,REP04,2026-07-02,Office visit,Connected
ACT000510,ACC059,REP06,2025-11-12,Provider education,Connected
ACT000511,ACC062,REP07,2026-03-14,Phone check-in,Materials delivered
ACT000512,ACC050,REP05,2026-02-21,Phone check-in,Left message
ACT000513,ACC001,REP02,2025-05-16,Office visit,Left message
ACT000514,ACC111,REP12,2026-04-06,Phone check-in,Left message
ACT000515,ACC018,REP01,2026-02-06,Phone check-in,Left message
ACT000516,ACC060,REP05,2026-01-07,Phone check-in,Materials delivered
ACT000517,ACC081,REP10,2026-08-17,Office visit,Connected
ACT000518,ACC008,REP01,2025-04-20,Provider education,Left message
ACT000519,ACC048,REP05,2025-12-16,Office visit,Materials delivered
ACT000520,ACC025,REP04,2026-02-11,Email follow-up,Materials delivered
ACT000521,ACC047,REP06,2026-06-20,Phone check-in,Connected
ACT000522,ACC084,,2026-01-18,Provider education,Materials delivered
ACT000523,ACC041,REP06,2026-03-28,Provider education,Follow-up requested
ACT000524,ACC063,REP08,2025-08-06,Provider education,Connected
ACT000525,ACC098,REP09,2026-03-08,Provider education,Follow-up requested
ACT000526,ACC079,REP08,2026-07-26,Office visit,Materials delivered
ACT000527,ACC008,REP01,2025-08-17,Email follow-up,Connected
ACT000528,ACC115,REP12,2025-05-11,Provider education,Materials delivered
ACT000529,ACC031,REP04,2025-06-10,Email follow-up,Follow-up requested
ACT000530,ACC090,REP09,2025-05-01,Office visit,Left message
ACT000531,ACC083,REP10,2025-09-29,Email follow-up,Connected
ACT000532,ACC045,REP06,2026-03-13,Office visit,Materials delivered
ACT000533,ACC038,REP03,2026-03-27,Provider education,Materials delivered
ACT000534,ACC062,REP07,2025-07-20,Office visit,Follow-up requested
ACT000535,ACC095,REP10,2025-07-10,Email follow-up,Materials delivered
ACT000536,ACC033,REP04,2026-01-27,Provider education,Follow-up requested
ACT000537,ACC067,REP08,2025-07-04,Phone check-in,Materials delivered
ACT000538,ACC074,REP07,2026-08-25,Email follow-up,Connected
ACT000539,ACC105,REP12,2026-06-24,Office visit,Connected
ACT000540,ACC039,REP04,2025-04-14,Phone check-in,Left message
ACT000541,ACC027,REP04,2025-02-28,Office visit,Left message
ACT000542,ACC087,REP10,2025-09-11,Phone check-in,Materials delivered
ACT000543,ACC035,REP04,2025-09-14,Phone check-in,Follow-up requested
ACT000544,ACC029,REP04,2026-08-19,Provider education,Connected
ACT000545,ACC012,REP01,2025-02-07,Provider education,Follow-up requested
ACT000546,ACC026,REP03,2026-03-29,Phone check-in,Follow-up requested
ACT000547,ACC003,REP02,2026-05-16,Phone check-in,Left message
ACT000548,ACC086,REP09,2025-09-08,Phone check-in,Connected
ACT000549,ACC078,REP07,2025-03-25,Office visit,Materials delivered
ACT000550,ACC038,REP03,2025-03-04,Phone check-in,Follow-up requested
ACT000551,ACC025,REP04,2026-05-27,Provider education,Left message
ACT000552,ACC021,REP04,2026-07-03,Phone check-in,Left message
ACT000553,ACC029,REP04,2026-08-16,Provider education,Connected
ACT000554,ACC037,REP04,2026-07-06,Provider education,Left message
ACT000555,ACC035,REP04,2026-08-23,Email follow-up,Connected
ACT000556,ACC074,REP07,2025-02-03,Email follow-up,Connected
ACT000557,ACC056,REP05,2025-11-29,Phone check-in,Materials delivered
ACT000558,ACC053,REP06,2025-10-05,Phone check-in,Follow-up requested
ACT000559,ACC052,REP05,2025-09-18,Office visit,Left message
ACT000560,ACC068,REP07,2026-08-08,Office visit,Materials delivered
ACT000561,ACC022,REP03,2025-10-31,Email follow-up,Follow-up requested
ACT000562,ACC038,REP03,2025-11-29,Provider education,Left message
ACT000563,ACC070,REP07,2025-05-05,Email follow-up,Materials delivered
ACT000564,ACC071,REP08,2026-03-20,Phone check-in,Connected
ACT000565,ACC032,REP03,2026-02-18,Phone check-in,Materials delivered
ACT000566,ACC089,REP10,2026-02-08,Email follow-up,Materials delivered
ACT000567,ACC079,REP08,2026-06-20,Email follow-up,Follow-up requested
ACT000568,ACC098,REP09,2026-02-11,Provider education,Connected
ACT000569,ACC072,REP07,2025-02-01,Office visit,Materials delivered
ACT000570,ACC070,REP07,2026-06-04,Office visit,Follow-up requested
ACT000571,ACC113,,2025-02-19,Email follow-up,Follow-up requested
ACT000572,ACC089,REP10,2025-03-15,Provider education,Materials delivered
ACT000573,ACC106,REP11,2026-05-13,Email follow-up,Materials delivered
ACT000574,ACC098,REP09,2025-05-23,Email follow-up,Left message
ACT000575,ACC072,REP07,2025-12-04,Provider education,Left message
ACT000576,ACC016,REP01,2025-03-02,Office visit,Follow-up requested
ACT000577,ACC117,REP12,2025-11-01,Office visit,Connected
ACT000578,ACC097,REP10,2026-01-10,Office visit,Left message
ACT000579,ACC010,REP01,2025-05-19,Office visit,Left message
ACT000580,ACC013,REP02,2025-12-10,Email follow-up,Materials delivered
ACT000581,ACC047,REP06,2025-04-17,Provider education,Materials delivered
ACT000582,ACC036,REP03,2025-04-09,Phone check-in,Left message
ACT000583,ACC047,REP06,2025-07-25,Provider education,Connected
ACT000584,ACC039,REP04,2026-05-14,Provider education,Materials delivered
ACT000585,ACC041,REP06,2025-02-15,Office visit,Materials delivered
ACT000586,ACC055,REP06,2025-02-20,Phone check-in,Connected
ACT000587,ACC012,REP01,2025-07-30,Provider education,Materials delivered
ACT000588,ACC091,REP10,2025-08-06,Office visit,Follow-up requested
ACT000589,ACC101,REP12,2025-06-22,Provider education,Left message
ACT000590,ACC054,REP05,2025-02-11,Phone check-in,Follow-up requested
ACT000591,ACC029,REP04,2025-02-02,Phone check-in,Materials delivered
ACT000592,ACC027,REP04,2025-12-09,Provider education,Follow-up requested
ACT000593,ACC018,REP01,2026-05-08,Provider education,Left message
ACT000594,ACC020,REP01,2026-03-13,Phone check-in,Left message
ACT000595,ACC120,REP11,2025-09-25,Phone check-in,Materials delivered
ACT000596,ACC001,REP02,2026-06-26,Phone check-in,Connected
ACT000597,ACC069,,2025-09-07,Provider education,Materials delivered
ACT000598,ACC057,REP06,2025-07-21,Office visit,Left message
ACT000599,ACC002,REP01,2026-01-09,Office visit,Left message
ACT000600,ACC089,REP10,2025-09-18,Office visit,Materials delivered
ACT000601,ACC030,REP03,2026-06-22,Email follow-up,Connected
ACT000602,ACC086,REP09,2025-08-10,Email follow-up,Materials delivered
ACT000603,ACC104,REP11,2025-07-27,Email follow-up,Follow-up requested
ACT000604,ACC099,REP10,2025-12-24,Provider education,Follow-up requested
ACT000605,ACC079,REP08,2026-07-28,Provider education,Materials delivered
ACT000606,ACC012,REP01,2025-11-14,Phone check-in,Follow-up requested
ACT000607,ACC109,REP12,2025-05-31,Email follow-up,Follow-up requested
ACT000608,ACC108,REP11,2026-07-09,Office visit,Connected
ACT000609,ACC108,REP11,2025-10-30,Email follow-up,Connected
ACT000610,ACC006,REP01,2025-02-17,Phone check-in,Follow-up requested
ACT000611,ACC062,REP07,2025-07-05,Phone check-in,Follow-up requested
ACT000612,ACC077,REP08,2025-10-11,Phone check-in,Left message
ACT000613,ACC031,REP04,2026-08-15,Office visit,Connected
ACT000614,ACC053,REP06,2026-01-30,Provider education,Left message
ACT000615,ACC067,REP08,2026-01-06,Office visit,Materials delivered
ACT000616,ACC006,REP01,2025-11-02,Phone check-in,Materials delivered
ACT000617,ACC084,,2025-06-02,Phone check-in,Connected
ACT000618,ACC053,REP06,2025-10-30,Phone check-in,Connected
ACT000619,ACC116,REP11,2025-06-29,Phone check-in,Materials delivered
ACT000620,ACC011,REP02,2025-10-02,Office visit,Materials delivered
ACT000621,ACC079,REP08,2025-04-05,Office visit,Follow-up requested
ACT000622,ACC019,REP02,2025-09-01,Provider education,Materials delivered
ACT000623,ACC010,REP01,2025-12-13,Phone check-in,Materials delivered
ACT000624,ACC025,REP04,2025-06-17,Email follow-up,Left message
ACT000625,ACC065,REP08,2026-06-04,Email follow-up,Materials delivered
ACT000626,ACC097,REP10,2026-01-31,Office visit,Follow-up requested
ACT000627,ACC105,REP12,2025-10-28,Email follow-up,Connected
ACT000628,ACC060,REP05,2025-06-08,Office visit,Follow-up requested
ACT000629,ACC061,REP08,2026-05-28,Phone check-in,Connected
ACT000630,ACC007,,2026-02-28,Phone check-in,Left message
ACT000631,ACC117,REP12,2026-08-12,Provider education,Left message
ACT000632,ACC030,REP03,2026-01-07,Provider education,Follow-up requested
ACT000633,ACC037,REP04,2025-08-16,Email follow-up,Left message
ACT000634,ACC106,REP11,2026-07-06,Provider education,Materials delivered
ACT000635,ACC105,REP12,2025-11-02,Office visit,Materials delivered
ACT000636,ACC052,REP05,2026-01-21,Provider education,Follow-up requested
ACT000637,ACC009,REP02,2025-05-11,Office visit,Left message
ACT000638,ACC091,REP10,2026-02-21,Provider education,Connected
ACT000639,ACC100,REP09,2026-07-04,Email follow-up,Left message
ACT000640,ACC003,REP02,2025-08-22,Email follow-up,Left message
ACT000641,ACC097,REP10,2025-07-26,Email follow-up,Connected
ACT000642,ACC108,REP11,2025-05-19,Phone check-in,Left message
ACT000643,ACC050,REP05,2026-05-25,Office visit,Left message
ACT000644,ACC089,REP10,2026-07-23,Office visit,Connected
ACT000645,ACC113,,2025-06-22,Phone check-in,Follow-up requested
ACT000646,ACC017,REP02,2026-02-14,Provider education,Left message
ACT000647,ACC013,REP02,2025-10-04,Provider education,Materials delivered
ACT000648,ACC111,REP12,2025-05-09,Provider education,Left message
ACT000649,ACC033,REP04,2025-04-21,Email follow-up,Connected
ACT000650,ACC110,REP11,2026-02-19,Email follow-up,Follow-up requested
ACT000651,ACC064,REP07,2025-01-03,Email follow-up,Materials delivered
ACT000652,ACC113,,2025-09-20,Phone check-in,Follow-up requested
ACT000653,ACC111,REP12,2025-01-04,Office visit,Connected
ACT000654,ACC002,REP01,2025-07-15,Phone check-in,Left message
ACT000655,ACC078,REP07,2025-08-17,Phone check-in,Follow-up requested
ACT000656,ACC018,REP01,2025-06-25,Provider education,Connected
ACT000657,ACC050,REP05,2025-07-21,Email follow-up,Connected
ACT000658,ACC106,REP11,2026-03-01,Email follow-up,Connected
ACT000659,ACC029,REP04,2025-08-14,Office visit,Follow-up requested
ACT000660,ACC086,REP09,2025-12-06,Office visit,Materials delivered
ACT000661,ACC069,,2025-02-28,Email follow-up,Left message
ACT000662,ACC018,REP01,2025-01-03,Provider education,Materials delivered
ACT000663,ACC112,REP11,2025-06-19,Email follow-up,Follow-up requested
ACT000664,ACC062,REP07,2026-01-19,Phone check-in,Left message
ACT000665,ACC077,REP08,2026-03-19,Phone check-in,Follow-up requested
ACT000666,ACC077,REP08,2026-04-07,Provider education,Materials delivered
ACT000667,ACC047,REP06,2026-03-18,Phone check-in,Follow-up requested
ACT000668,ACC082,REP09,2025-04-16,Office visit,Materials delivered
ACT000669,ACC086,REP09,2025-05-05,Email follow-up,Left message
ACT000670,ACC070,REP07,2025-06-25,Phone check-in,Left message
ACT000671,ACC064,REP07,2026-01-18,Email follow-up,Connected
ACT000672,ACC007,,2026-07-18,Office visit,Connected
ACT000673,ACC093,REP10,2026-04-21,Email follow-up,Follow-up requested
ACT000674,ACC102,REP11,2026-04-02,Office visit,Materials delivered
ACT000675,ACC035,REP04,2025-07-15,Provider education,Left message
ACT000676,ACC113,,2025-07-11,Office visit,Materials delivered
ACT000677,ACC001,REP02,2026-03-29,Provider education,Materials delivered
ACT000678,ACC117,REP12,2025-12-02,Phone check-in,Materials delivered
ACT000679,ACC022,REP03,2025-03-21,Phone check-in,Left message
ACT000680,ACC104,REP11,2026-08-16,Email follow-up,Left message
ACT000681,ACC026,REP03,2025-02-14,Phone check-in,Connected
ACT000682,ACC107,REP12,2025-11-10,Office visit,Left message
ACT000683,ACC003,REP02,2026-02-19,Office visit,Left message
ACT000684,ACC103,REP12,2025-09-12,Email follow-up,Follow-up requested
ACT000685,ACC103,REP12,2026-08-31,Provider education,Connected
ACT000686,ACC117,REP12,2025-02-06,Provider education,Follow-up requested
ACT000687,ACC072,REP07,2026-01-27,Phone check-in,Left message
ACT000688,ACC118,REP11,2026-08-03,Email follow-up,Follow-up requested
ACT000689,ACC058,REP05,2025-02-13,Phone check-in,Follow-up requested
ACT000690,ACC089,REP10,2026-08-23,Phone check-in,Left message
ACT000691,ACC096,REP09,2026-06-14,Email follow-up,Follow-up requested
ACT000692,ACC064,REP07,2025-03-01,Provider education,Materials delivered
ACT000693,ACC043,REP06,2025-04-09,Email follow-up,Left message
ACT000694,ACC101,REP12,2026-06-12,Email follow-up,Connected
ACT000695,ACC038,REP03,2026-02-13,Office visit,Materials delivered
ACT000696,ACC025,REP04,2025-03-11,Office visit,Follow-up requested
ACT000697,ACC065,REP08,2025-10-10,Office visit,Connected
ACT000698,ACC119,REP12,2026-06-27,Phone check-in,Materials delivered
ACT000699,ACC099,REP10,2026-04-02,Phone check-in,Left message
ACT000700,ACC120,REP11,2025-12-02,Email follow-up,Materials delivered
ACT000701,ACC004,REP01,2025-11-02,Phone check-in,Left message
ACT000702,ACC120,REP11,2025-02-12,Office visit,Follow-up requested
ACT000703,ACC045,REP06,2025-07-06,Provider education,Follow-up requested
ACT000704,ACC005,REP02,2025-09-08,Email follow-up,Connected
ACT000705,ACC024,REP03,2025-11-24,Phone check-in,Follow-up requested
ACT000706,ACC081,REP10,2025-03-30,Phone check-in,Follow-up requested
ACT000707,ACC113,,2025-03-21,Email follow-up,Connected
ACT000708,ACC011,REP02,2026-07-15,Email follow-up,Left message
ACT000709,ACC074,REP07,2025-07-11,Office visit,Left message
ACT000710,ACC065,REP08,2025-01-30,Email follow-up,Materials delivered
ACT000711,ACC038,REP03,2025-02-17,Provider education,Connected
ACT000712,ACC081,REP10,2025-10-14,Provider education,Connected
ACT000713,ACC003,REP02,2025-05-06,Phone check-in,Materials delivered
ACT000714,ACC020,REP01,2026-04-19,Phone check-in,Follow-up requested
ACT000715,ACC094,REP09,2026-02-18,Phone check-in,Materials delivered
ACT000716,ACC056,REP05,2026-08-09,Office visit,Materials delivered
ACT000717,ACC055,REP06,2026-01-20,Email follow-up,Materials delivered
ACT000718,ACC026,REP03,2025-09-10,Phone check-in,Left message
ACT000719,ACC043,REP06,2025-12-22,Email follow-up,Follow-up requested
ACT000720,ACC003,REP02,2025-10-12,Provider education,Follow-up requested
ACT000721,ACC050,REP05,2025-07-28,Phone check-in,Connected
ACT000722,ACC108,REP11,2026-04-24,Provider education,Left message
ACT000723,ACC004,REP01,2025-12-09,Provider education,Connected
ACT000724,ACC041,REP06,2025-09-08,Provider education,Follow-up requested
ACT000725,ACC058,REP05,2025-11-18,Provider education,Follow-up requested
ACT000726,ACC040,REP03,2026-08-21,Provider education,Materials delivered
ACT000727,ACC011,REP02,2025-05-10,Phone check-in,Left message
ACT000728,ACC115,REP12,2026-04-24,Phone check-in,Follow-up requested
ACT000729,ACC046,,2026-06-10,Provider education,Connected
ACT000730,ACC087,REP10,2026-04-09,Email follow-up,Follow-up requested
ACT000731,ACC059,REP06,2025-01-17,Provider education,Connected
ACT000732,ACC006,REP01,2026-08-22,Provider education,Left message
ACT000733,ACC056,REP05,2025-02-21,Office visit,Materials delivered
ACT000734,ACC014,REP01,2025-09-08,Email follow-up,Connected
ACT000735,ACC074,REP07,2026-04-21,Email follow-up,Materials delivered
ACT000736,ACC064,REP07,2025-10-23,Phone check-in,Left message
ACT000737,ACC037,REP04,2025-08-09,Office visit,Connected
ACT000738,ACC027,REP04,2025-10-05,Office visit,Materials delivered
ACT000739,ACC040,REP03,2025-03-13,Provider education,Left message
ACT000740,ACC007,,2026-03-12,Phone check-in,Connected
ACT000741,ACC056,REP05,2026-03-19,Phone check-in,Follow-up requested
ACT000742,ACC028,,2025-05-15,Office visit,Follow-up requested
ACT000743,ACC118,REP11,2025-06-14,Office visit,Connected
ACT000744,ACC028,,2026-02-10,Office visit,Connected
ACT000745,ACC037,REP04,2025-03-07,Phone check-in,Connected
ACT000746,ACC116,REP11,2025-08-19,Phone check-in,Materials delivered
ACT000747,ACC069,,2026-03-05,Phone check-in,Materials delivered
ACT000748,ACC008,REP01,2026-05-08,Phone check-in,Follow-up requested
ACT000749,ACC058,REP05,2026-05-25,Provider education,Materials delivered
ACT000750,ACC067,REP08,2025-03-03,Email follow-up,Materials delivered
ACT000751,ACC039,REP04,2025-10-25,Provider education,Follow-up requested
ACT000752,ACC090,REP09,2026-02-20,Office visit,Connected
ACT000753,ACC104,REP11,2025-02-06,Phone check-in,Follow-up requested
ACT000754,ACC047,REP06,2025-06-16,Email follow-up,Follow-up requested
ACT000755,ACC036,REP03,2025-11-23,Provider education,Materials delivered
ACT000756,ACC086,REP09,2026-08-06,Provider education,Follow-up requested
ACT000757,ACC034,REP03,2026-02-24,Email follow-up,Connected
ACT000758,ACC083,REP10,2025-02-08,Email follow-up,Left message
ACT000759,ACC077,REP08,2026-07-16,Phone check-in,Connected
ACT000760,ACC030,REP03,2026-06-22,Email follow-up,Left message
ACT000761,ACC082,REP09,2025-09-16,Email follow-up,Materials delivered
ACT000762,ACC035,REP04,2026-08-04,Provider education,Left message
ACT000763,ACC067,REP08,2026-06-15,Phone check-in,Left message
ACT000764,ACC036,REP03,2025-11-18,Email follow-up,Left message
ACT000765,ACC117,REP12,2026-02-12,Email follow-up,Materials delivered
ACT000766,ACC037,REP04,2025-01-14,Office visit,Left message
ACT000767,ACC079,REP08,2025-07-26,Phone check-in,Left message
ACT000768,ACC037,REP04,2025-05-06,Email follow-up,Connected
ACT000769,ACC070,REP07,2025-10-29,Office visit,Follow-up requested
ACT000770,ACC060,REP05,2026-08-17,Phone check-in,Follow-up requested
ACT000771,ACC050,REP05,2026-06-22,Email follow-up,Left message
ACT000772,ACC038,REP03,2025-12-04,Phone check-in,Left message
ACT000773,ACC067,REP08,2025-04-02,Provider education,Connected
ACT000774,ACC087,REP10,2026-04-16,Email follow-up,Materials delivered
ACT000775,ACC042,REP05,2025-12-03,Provider education,Materials delivered
ACT000776,ACC009,REP02,2026-06-10,Provider education,Follow-up requested
ACT000777,ACC043,REP06,2025-03-10,Office visit,Connected
ACT000778,ACC038,REP03,2025-10-20,Office visit,Connected
ACT000779,ACC063,REP08,2025-08-07,Phone check-in,Connected
ACT000780,ACC067,REP08,2025-05-30,Phone check-in,Follow-up requested
ACT000781,ACC120,REP11,2025-10-25,Office visit,Materials delivered
ACT000782,ACC048,REP05,2025-08-01,Email follow-up,Materials delivered
ACT000783,ACC074,REP07,2025-01-06,Email follow-up,Materials delivered
ACT000784,ACC046,,2025-11-19,Office visit,Left message
ACT000785,ACC088,REP09,2025-02-03,Phone check-in,Connected
ACT000786,ACC043,REP06,2025-10-08,Office visit,Left message
ACT000787,ACC003,REP02,2025-12-19,Phone check-in,Connected
ACT000788,ACC015,REP02,2026-03-15,Email follow-up,Connected
ACT000789,ACC102,REP11,2025-02-08,Office visit,Materials delivered
ACT000790,ACC118,REP11,2025-08-01,Provider education,Follow-up requested
ACT000791,ACC022,REP03,2025-01-20,Phone check-in,Connected
ACT000792,ACC070,REP07,2025-11-10,Provider education,Materials delivered
ACT000793,ACC007,,2025-03-18,Email follow-up,Connected
ACT000794,ACC100,REP09,2026-04-15,Office visit,Follow-up requested
ACT000795,ACC082,REP09,2025-03-28,Email follow-up,Follow-up requested
ACT000796,ACC051,REP06,2026-01-18,Email follow-up,Left message
ACT000797,ACC109,REP12,2026-04-28,Office visit,Connected
ACT000798,ACC060,REP05,2025-12-26,Phone check-in,Left message
ACT000799,ACC081,REP10,2025-09-01,Provider education,Connected
ACT000800,ACC085,REP10,2025-08-02,Provider education,Materials delivered
ACT000801,ACC011,REP02,2026-03-30,Email follow-up,Left message
ACT000802,ACC053,REP06,2025-07-04,Provider education,Connected
ACT000803,ACC007,,2026-02-24,Provider education,Materials delivered
ACT000804,ACC048,REP05,2025-06-25,Email follow-up,Left message
ACT000805,ACC114,REP11,2026-08-03,Phone check-in,Materials delivered
ACT000806,ACC024,REP03,2025-11-22,Office visit,Connected
ACT000807,ACC020,REP01,2026-03-29,Email follow-up,Follow-up requested
ACT000808,ACC080,REP07,2025-05-04,Office visit,Materials delivered
ACT000809,ACC101,REP12,2026-05-06,Phone check-in,Left message
ACT000810,ACC037,REP04,2026-05-07,Provider education,Materials delivered
ACT000811,ACC110,REP11,2026-03-20,Provider education,Follow-up requested
ACT000812,ACC064,REP07,2026-08-29,Office visit,Left message
ACT000813,ACC024,REP03,2026-08-23,Office visit,Left message
ACT000814,ACC014,REP01,2026-05-20,Office visit,Follow-up requested
ACT000815,ACC073,REP08,2025-09-27,Email follow-up,Connected
ACT000816,ACC118,REP11,2026-07-30,Office visit,Connected
ACT000817,ACC076,REP07,2026-04-06,Office visit,Connected
ACT000818,ACC039,REP04,2026-05-08,Email follow-up,Left message
ACT000819,ACC077,REP08,2025-11-21,Email follow-up,Left message
ACT000820,ACC019,REP02,2026-06-04,Phone check-in,Materials delivered
ACT000821,ACC040,REP03,2026-08-03,Office visit,Connected
ACT000822,ACC029,REP04,2026-07-09,Email follow-up,Materials delivered
ACT000823,ACC014,REP01,2025-05-08,Phone check-in,Follow-up requested
ACT000824,ACC068,REP07,2025-06-16,Phone check-in,Follow-up requested
ACT000825,ACC105,REP12,2026-01-23,Email follow-up,Materials delivered
ACT000826,ACC068,REP07,2025-10-13,Provider education,Left message
ACT000827,ACC036,REP03,2026-08-15,Email follow-up,Connected
ACT000828,ACC012,REP01,2026-05-13,Provider education,Materials delivered
ACT000829,ACC030,REP03,2025-07-23,Provider education,Materials delivered
ACT000830,ACC014,REP01,2025-09-27,Phone check-in,Materials delivered
ACT000831,ACC116,REP11,2026-06-23,Phone check-in,Materials delivered
ACT000832,ACC057,REP06,2025-07-17,Phone check-in,Left message
ACT000833,ACC047,REP06,2025-08-15,Provider education,Left message
ACT000834,ACC086,REP09,2025-11-20,Office visit,Materials delivered
ACT000835,ACC119,REP12,2026-02-26,Email follow-up,Materials delivered
ACT000836,ACC064,REP07,2026-03-02,Office visit,Left message
ACT000837,ACC040,REP03,2026-04-24,Provider education,Materials delivered
ACT000838,ACC023,REP04,2025-06-28,Phone check-in,Follow-up requested
ACT000839,ACC103,REP12,2025-06-19,Phone check-in,Materials delivered
ACT000840,ACC058,REP05,2026-07-05,Office visit,Materials delivered
ACT000841,ACC089,REP10,2025-05-27,Phone check-in,Follow-up requested
ACT000842,ACC023,REP04,2026-08-13,Email follow-up,Materials delivered
ACT000843,ACC033,REP04,2025-04-11,Phone check-in,Left message
ACT000844,ACC092,REP09,2026-08-09,Phone check-in,Connected
ACT000845,ACC003,REP02,2025-01-23,Phone check-in,Follow-up requested
ACT000846,ACC081,REP10,2025-09-03,Email follow-up,Left message
ACT000847,ACC053,REP06,2025-01-11,Office visit,Connected
ACT000848,ACC058,REP05,2026-08-28,Office visit,Connected
ACT000849,ACC053,REP06,2026-06-02,Email follow-up,Left message
ACT000850,ACC073,REP08,2026-05-04,Email follow-up,Materials delivered
ACT000851,ACC057,REP06,2026-01-02,Provider education,Connected
ACT000852,ACC058,REP05,2025-03-26,Provider education,Left message
ACT000853,ACC107,REP12,2025-03-20,Phone check-in,Left message
ACT000854,ACC048,REP05,2025-01-25,Phone check-in,Left message
ACT000855,ACC054,REP05,2025-02-13,Phone check-in,Connected
ACT000856,ACC025,REP04,2026-04-05,Email follow-up,Follow-up requested
ACT000857,ACC051,REP06,2025-08-25,Phone check-in,Materials delivered
ACT000858,ACC002,REP01,2025-03-16,Provider education,Connected
ACT000859,ACC015,REP02,2025-05-25,Phone check-in,Left message
ACT000860,ACC081,REP10,2026-04-28,Office visit,Materials delivered
ACT000861,ACC077,REP08,2026-03-28,Phone check-in,Connected
ACT000862,ACC068,REP07,2026-08-25,Office visit,Materials delivered
ACT000863,ACC118,REP11,2025-06-08,Provider education,Left message
ACT000864,ACC050,REP05,2026-06-22,Email follow-up,Left message
ACT000865,ACC107,REP12,2025-07-13,Phone check-in,Follow-up requested
ACT000866,ACC082,REP09,2025-02-27,Office visit,Left message
ACT000867,ACC103,REP12,2026-05-07,Phone check-in,Left message
ACT000868,ACC098,REP09,2025-09-26,Email follow-up,Materials delivered
ACT000869,ACC034,REP03,2026-01-01,Email follow-up,Connected
ACT000870,ACC119,REP12,2026-02-24,Email follow-up,Materials delivered
ACT000871,ACC120,REP11,2026-06-01,Phone check-in,Materials delivered
ACT000872,ACC023,REP04,2026-01-12,Office visit,Follow-up requested
ACT000873,ACC094,REP09,2026-03-28,Email follow-up,Left message
ACT000874,ACC021,REP04,2026-03-16,Email follow-up,Materials delivered
ACT000875,ACC052,REP05,2025-10-02,Email follow-up,Materials delivered
ACT000876,ACC033,REP04,2025-11-05,Office visit,Materials delivered
ACT000877,ACC035,REP04,2026-07-17,Email follow-up,Materials delivered
ACT000878,ACC068,REP07,2025-07-08,Provider education,Materials delivered
ACT000879,ACC073,REP08,2026-02-09,Phone check-in,Follow-up requested
ACT000880,ACC108,REP11,2025-10-13,Email follow-up,Connected
ACT000881,ACC044,REP05,2025-12-02,Email follow-up,Connected
ACT000882,ACC026,REP03,2025-05-10,Provider education,Materials delivered
ACT000883,ACC019,REP02,2026-05-26,Email follow-up,Left message
ACT000884,ACC053,REP06,2026-05-11,Office visit,Materials delivered
ACT000885,ACC051,REP06,2026-02-03,Phone check-in,Follow-up requested
ACT000886,ACC051,REP06,2025-12-11,Provider education,Connected
ACT000887,ACC040,REP03,2025-11-15,Phone check-in,Connected
ACT000888,ACC093,REP10,2026-08-20,Provider education,Connected
ACT000889,ACC029,REP04,2026-02-02,Office visit,Materials delivered
ACT000890,ACC047,REP06,2026-08-17,Email follow-up,Follow-up requested
ACT000891,ACC084,,2026-04-10,Office visit,Left message
ACT000892,ACC119,REP12,2025-11-09,Office visit,Materials delivered
ACT000893,ACC083,REP10,2025-02-01,Email follow-up,Materials delivered
ACT000894,ACC034,REP03,2025-03-04,Email follow-up,Connected
ACT000895,ACC112,REP11,2026-03-13,Provider education,Left message
ACT000896,ACC112,REP11,2026-02-16,Email follow-up,Materials delivered
ACT000897,ACC113,,2025-07-26,Provider education,Materials delivered
ACT000898,ACC034,REP03,2025-08-05,Email follow-up,Left message
ACT000899,ACC041,REP06,2026-08-07,Email follow-up,Connected
ACT000900,ACC059,REP06,2025-08-20,Office visit,Left message
ACT000901,ACC118,REP11,2026-01-07,Provider education,Connected
ACT000902,ACC065,REP08,2026-05-21,Provider education,Materials delivered
ACT000903,ACC033,REP04,2026-06-25,Email follow-up,Left message
ACT000904,ACC055,REP06,2026-03-14,Office visit,Connected
ACT000905,ACC023,REP04,2025-11-15,Phone check-in,Follow-up requested
ACT000906,ACC037,REP04,2025-01-30,Email follow-up,Follow-up requested
ACT000907,ACC080,REP07,2025-01-21,Email follow-up,Left message
ACT000908,ACC110,REP11,2025-09-15,Email follow-up,Follow-up requested
ACT000909,ACC027,REP04,2026-04-12,Email follow-up,Connected
ACT000910,ACC050,REP05,2025-07-10,Office visit,Connected
ACT000911,ACC038,REP03,2026-06-20,Email follow-up,Materials delivered
ACT000912,ACC082,REP09,2025-08-14,Office visit,Follow-up requested
ACT000913,ACC016,REP01,2025-02-02,Phone check-in,Left message
ACT000914,ACC035,REP04,2025-10-08,Email follow-up,Follow-up requested
ACT000915,ACC075,REP08,2025-11-10,Email follow-up,Left message
ACT000916,ACC026,REP03,2025-12-11,Phone check-in,Follow-up requested
ACT000917,ACC016,REP01,2026-01-10,Provider education,Follow-up requested
ACT000918,ACC103,REP12,2026-01-30,Email follow-up,Left message
ACT000919,ACC042,REP05,2025-02-28,Phone check-in,Connected
ACT000920,ACC068,REP07,2026-08-31,Office visit,Materials delivered
ACT000921,ACC064,REP07,2026-02-15,Phone check-in,Follow-up requested
ACT000922,ACC011,REP02,2026-07-30,Email follow-up,Connected
ACT000923,ACC018,REP01,2026-04-02,Provider education,Left message
ACT000924,ACC053,REP06,2026-02-19,Provider education,Follow-up requested
ACT000925,ACC048,REP05,2025-04-09,Email follow-up,Materials delivered
ACT000926,ACC057,REP06,2025-09-18,Email follow-up,Materials delivered
ACT000927,ACC059,REP06,2025-02-25,Phone check-in,Materials delivered
ACT000928,ACC003,REP02,2025-08-25,Provider education,Materials delivered
ACT000929,ACC084,,2025-12-18,Provider education,Connected
ACT000930,ACC057,REP06,2025-02-11,Office visit,Follow-up requested
ACT000931,ACC116,REP11,2025-10-28,Provider education,Materials delivered
ACT000932,ACC111,REP12,2025-11-26,Provider education,Materials delivered
ACT000933,ACC065,REP08,2025-06-25,Email follow-up,Left message
ACT000934,ACC022,REP03,2025-12-20,Phone check-in,Materials delivered
ACT000935,ACC103,REP12,2025-06-03,Email follow-up,Materials delivered
ACT000936,ACC100,REP09,2025-09-02,Email follow-up,Materials delivered
ACT000937,ACC053,REP06,2025-03-20,Phone check-in,Follow-up requested
ACT000938,ACC108,REP11,2026-06-17,Office visit,Left message
ACT000939,ACC038,REP03,2026-06-09,Provider education,Left message
ACT000940,ACC052,REP05,2026-06-06,Phone check-in,Follow-up requested
ACT000941,ACC059,REP06,2025-06-28,Office visit,Left message
ACT000942,ACC108,REP11,2025-08-19,Provider education,Follow-up requested
ACT000943,ACC034,REP03,2025-03-29,Office visit,Materials delivered
ACT000944,ACC119,REP12,2025-12-14,Email follow-up,Follow-up requested
ACT000945,ACC109,REP12,2025-10-15,Phone check-in,Follow-up requested
ACT000946,ACC103,REP12,2026-08-24,Phone check-in,Materials delivered
ACT000947,ACC058,REP05,2026-02-21,Office visit,Connected
ACT000948,ACC068,REP07,2025-03-24,Provider education,Materials delivered
ACT000949,ACC058,REP05,2026-07-15,Email follow-up,Connected
ACT000950,ACC083,REP10,2025-11-28,Email follow-up,Materials delivered
ACT000951,ACC088,REP09,2026-02-03,Office visit,Left message
ACT000952,ACC087,REP10,2025-09-22,Email follow-up,Follow-up requested
ACT000953,ACC111,REP12,2026-01-13,Provider education,Materials delivered
ACT000954,ACC091,REP10,2025-03-21,Email follow-up,Materials delivered
ACT000955,ACC078,REP07,2026-05-19,Email follow-up,Follow-up requested
ACT000956,ACC048,REP05,2026-07-27,Provider education,Connected
ACT000957,ACC076,REP07,2025-01-03,Email follow-up,Materials delivered
ACT000958,ACC050,REP05,2025-01-01,Office visit,Materials delivered
ACT000959,ACC095,REP10,2025-06-29,Office visit,Materials delivered
ACT000960,ACC074,REP07,2026-01-11,Email follow-up,Connected
ACT000961,ACC113,,2025-01-27,Office visit,Materials delivered
ACT000962,ACC093,REP10,2026-03-16,Provider education,Materials delivered
ACT000963,ACC040,REP03,2025-04-04,Phone check-in,Materials delivered
ACT000964,ACC092,REP09,2025-04-13,Email follow-up,Follow-up requested
ACT000965,ACC096,REP09,2025-11-26,Office visit,Materials delivered
ACT000966,ACC120,REP11,2025-12-01,Office visit,Connected
ACT000967,ACC032,REP03,2026-05-13,Office visit,Materials delivered
ACT000968,ACC117,REP12,2025-01-28,Provider education,Left message
ACT000969,ACC066,REP07,2026-06-05,Office visit,Connected
ACT000970,ACC034,REP03,2026-07-12,Email follow-up,Follow-up requested
ACT000971,ACC100,REP09,2025-03-31,Email follow-up,Left message
ACT000972,ACC028,,2025-06-05,Office visit,Follow-up requested
ACT000973,ACC090,REP09,2025-02-16,Provider education,Connected
ACT000974,ACC029,REP04,2026-05-31,Provider education,Follow-up requested
ACT000975,ACC079,REP08,2025-10-22,Provider education,Left message
ACT000976,ACC061,REP08,2025-10-24,Email follow-up,Follow-up requested
ACT000977,ACC052,REP05,2026-07-03,Office visit,Connected
ACT000978,ACC056,REP05,2026-02-01,Email follow-up,Connected
ACT000979,ACC080,REP07,2026-06-07,Phone check-in,Follow-up requested
ACT000980,ACC115,REP12,2026-02-05,Phone check-in,Connected
ACT000981,ACC053,REP06,2026-08-24,Office visit,Connected
ACT000982,ACC065,REP08,2025-12-31,Office visit,Materials delivered
ACT000983,ACC004,REP01,2025-09-05,Email follow-up,Left message
ACT000984,ACC099,REP10,2025-12-11,Email follow-up,Follow-up requested
ACT000985,ACC050,REP05,2025-03-11,Office visit,Follow-up requested
ACT000986,ACC078,REP07,2026-03-10,Email follow-up,Materials delivered
ACT000987,ACC066,REP07,2025-09-14,Phone check-in,Connected
ACT000988,ACC005,REP02,2025-05-14,Provider education,Connected
ACT000989,ACC011,REP02,2025-07-07,Provider education,Materials delivered
ACT000990,ACC022,REP03,2025-04-08,Email follow-up,Connected
ACT000991,ACC077,REP08,2026-06-26,Office visit,Connected
ACT000992,ACC119,REP12,2026-05-26,Phone check-in,Left message
ACT000993,ACC090,REP09,2025-06-03,Provider education,Connected
ACT000994,ACC102,REP11,2026-06-26,Provider education,Materials delivered
ACT000995,ACC032,REP03,2025-07-22,Provider education,Follow-up requested
ACT000996,ACC081,REP10,2025-09-13,Provider education,Left message
ACT000997,ACC046,,2025-12-13,Provider education,Connected
ACT000998,ACC085,REP10,2026-06-15,Provider education,Left message
ACT000999,ACC008,REP01,2025-01-01,Phone check-in,Follow-up requested
ACT001000,ACC071,REP08,2026-01-04,Provider education,Left message
ACT001001,ACC109,REP12,2025-01-04,Provider education,Connected
ACT001002,ACC041,REP06,2025-09-16,Provider education,Materials delivered
ACT001003,ACC073,REP08,2026-07-23,Office visit,Connected
ACT001004,ACC044,REP05,2025-02-10,Email follow-up,Connected
ACT001005,ACC066,REP07,2025-01-15,Office visit,Follow-up requested
ACT001006,ACC064,REP07,2026-03-11,Office visit,Left message
ACT001007,ACC020,REP01,2025-05-25,Phone check-in,Connected
ACT001008,ACC028,,2026-06-13,Email follow-up,Connected
ACT001009,ACC001,REP02,2026-03-16,Email follow-up,Left message
ACT001010,ACC038,REP03,2025-05-25,Phone check-in,Connected
ACT001011,ACC079,REP08,2026-05-06,Email follow-up,Connected
ACT001012,ACC086,REP09,2025-12-02,Provider education,Connected
ACT001013,ACC107,REP12,2026-03-03,Provider education,Materials delivered
ACT001014,ACC096,REP09,2025-09-16,Office visit,Left message
ACT001015,ACC101,REP12,2026-07-17,Provider education,Left message
ACT001016,ACC010,REP01,2025-07-19,Phone check-in,Follow-up requested
ACT001017,ACC103,REP12,2025-04-04,Provider education,Left message
ACT001018,ACC109,REP12,2025-01-23,Office visit,Left message
ACT001019,ACC083,REP10,2026-04-10,Office visit,Follow-up requested
ACT001020,ACC079,REP08,2026-03-24,Phone check-in,Materials delivered
ACT001021,ACC101,REP12,2025-09-20,Provider education,Follow-up requested
ACT001022,ACC118,REP11,2025-10-20,Office visit,Connected
ACT001023,ACC109,REP12,2025-05-01,Phone check-in,Left message
ACT001024,ACC065,REP08,2025-07-03,Email follow-up,Materials delivered
ACT001025,ACC081,REP10,2026-07-16,Office visit,Left message
ACT001026,ACC078,REP07,2026-04-08,Office visit,Left message
ACT001027,ACC018,REP01,2026-02-16,Phone check-in,Connected
ACT001028,ACC052,REP05,2025-05-29,Office visit,Follow-up requested
ACT001029,ACC023,REP04,2025-09-14,Phone check-in,Left message
ACT001030,ACC091,REP10,2026-02-07,Provider education,Materials delivered
ACT001031,ACC032,REP03,2025-07-25,Provider education,Materials delivered
ACT001032,ACC055,REP06,2025-05-07,Provider education,Left message
ACT001033,ACC048,REP05,2025-09-19,Provider education,Materials delivered
ACT001034,ACC034,REP03,2026-01-05,Phone check-in,Follow-up requested
ACT001035,ACC109,REP12,2025-07-17,Office visit,Connected
ACT001036,ACC044,REP05,2025-08-13,Phone check-in,Materials delivered
ACT001037,ACC073,REP08,2025-10-07,Office visit,Left message
ACT001038,ACC037,REP04,2025-06-05,Email follow-up,Connected
ACT001039,ACC001,REP02,2026-03-15,Phone check-in,Connected
ACT001040,ACC096,REP09,2026-04-08,Provider education,Left message
ACT001041,ACC116,REP11,2026-08-22,Phone check-in,Left message
ACT001042,ACC085,REP10,2025-02-07,Phone check-in,Left message
ACT001043,ACC051,REP06,2026-02-07,Email follow-up,Materials delivered
ACT001044,ACC093,REP10,2025-05-28,Email follow-up,Materials delivered
ACT001045,ACC087,REP10,2026-05-22,Office visit,Follow-up requested
ACT001046,ACC059,REP06,2026-03-20,Provider education,Materials delivered
ACT001047,ACC013,REP02,2025-03-20,Phone check-in,Connected
ACT001048,ACC057,REP06,2025-07-11,Phone check-in,Connected
ACT001049,ACC001,REP02,2025-03-15,Provider education,Connected
ACT001050,ACC020,REP01,2025-10-18,Email follow-up,Connected
ACT001051,ACC006,REP01,2025-08-30,Phone check-in,Follow-up requested
ACT001052,ACC105,REP12,2025-06-04,Provider education,Connected
ACT001053,ACC030,REP03,2025-10-01,Phone check-in,Left message
ACT001054,ACC089,REP10,2025-07-01,Email follow-up,Follow-up requested
ACT001055,ACC007,,2026-02-24,Provider education,Follow-up requested
ACT001056,ACC109,REP12,2026-08-25,Provider education,Follow-up requested
ACT001057,ACC068,REP07,2026-02-20,Email follow-up,Follow-up requested
ACT001058,ACC085,REP10,2025-05-30,Provider education,Connected
ACT001059,ACC044,REP05,2026-04-28,Email follow-up,Connected
ACT001060,ACC022,REP03,2026-02-28,Phone check-in,Materials delivered
ACT001061,ACC015,REP02,2025-07-10,Email follow-up,Follow-up requested
ACT001062,ACC059,REP06,2026-01-29,Email follow-up,Follow-up requested
ACT001063,ACC072,REP07,2026-03-23,Email follow-up,Follow-up requested
ACT001064,ACC014,REP01,2025-11-17,Office visit,Left message
ACT001065,ACC089,REP10,2025-02-19,Phone check-in,Left message
ACT001066,ACC033,REP04,2026-01-01,Office visit,Left message
ACT001067,ACC088,REP09,2026-08-31,Email follow-up,Connected
ACT001068,ACC100,REP09,2025-07-21,Phone check-in,Materials delivered
ACT001069,ACC047,REP06,2025-09-25,Office visit,Materials delivered
ACT001070,ACC088,REP09,2025-12-17,Phone check-in,Materials delivered
ACT001071,ACC100,REP09,2026-08-02,Email follow-up,Connected
ACT001072,ACC052,REP05,2026-05-23,Phone check-in,Materials delivered
ACT001073,ACC072,REP07,2026-07-06,Provider education,Follow-up requested
ACT001074,ACC051,REP06,2026-05-17,Office visit,Connected
ACT001075,ACC089,REP10,2025-06-13,Email follow-up,Materials delivered
ACT001076,ACC007,,2026-05-26,Phone check-in,Follow-up requested
ACT001077,ACC076,REP07,2025-08-10,Provider education,Follow-up requested
ACT001078,ACC046,,2026-02-02,Provider education,Follow-up requested
ACT001079,ACC003,REP02,2025-12-30,Phone check-in,Connected
ACT001080,ACC083,REP10,2025-01-25,Office visit,Connected
ACT001081,ACC120,REP11,2025-08-28,Email follow-up,Left message
ACT001082,ACC076,REP07,2026-03-17,Phone check-in,Connected
ACT001083,ACC037,REP04,2026-06-14,Phone check-in,Follow-up requested
ACT001084,ACC006,REP01,2026-03-04,Provider education,Follow-up requested
ACT001085,ACC016,REP01,2026-04-10,Email follow-up,Connected
ACT001086,ACC025,REP04,2025-03-17,Phone check-in,Connected
ACT001087,ACC035,REP04,2026-01-04,Provider education,Materials delivered
ACT001088,ACC093,REP10,2026-06-20,Office visit,Connected
ACT001089,ACC039,REP04,2026-02-04,Email follow-up,Connected
ACT001090,ACC062,REP07,2026-04-17,Office visit,Left message
ACT001091,ACC021,REP04,2026-05-08,Email follow-up,Connected
ACT001092,ACC056,REP05,2025-02-11,Email follow-up,Left message
ACT001093,ACC089,REP10,2025-05-09,Email follow-up,Connected
ACT001094,ACC008,REP01,2025-03-31,Office visit,Follow-up requested
ACT001095,ACC119,REP12,2025-06-20,Office visit,Materials delivered
ACT001096,ACC013,REP02,2025-08-24,Email follow-up,Connected
ACT001097,ACC078,REP07,2026-03-19,Email follow-up,Materials delivered
ACT001098,ACC005,REP02,2025-10-12,Phone check-in,Follow-up requested
ACT001099,ACC007,,2026-02-17,Provider education,Follow-up requested
ACT001100,ACC059,REP06,2026-07-03,Provider education,Connected
ACT001101,ACC058,REP05,2025-10-07,Provider education,Left message
ACT001102,ACC089,REP10,2025-06-12,Provider education,Connected
ACT001103,ACC080,REP07,2026-07-04,Provider education,Follow-up requested
ACT001104,ACC038,REP03,2025-10-14,Phone check-in,Connected
ACT001105,ACC090,REP09,2026-02-22,Phone check-in,Follow-up requested
ACT001106,ACC017,REP02,2026-07-07,Office visit,Connected
ACT001107,ACC020,REP01,2025-10-12,Phone check-in,Left message
ACT001108,ACC045,REP06,2026-04-14,Provider education,Connected
ACT001109,ACC013,REP02,2025-08-04,Office visit,Materials delivered
ACT001110,ACC068,REP07,2026-05-07,Provider education,Left message
ACT001111,ACC096,REP09,2026-01-03,Email follow-up,Connected
ACT001112,ACC114,REP11,2026-02-01,Provider education,Connected
ACT001113,ACC120,REP11,2026-07-18,Email follow-up,Left message
ACT001114,ACC017,REP02,2025-04-20,Office visit,Follow-up requested
ACT001115,ACC090,REP09,2025-04-09,Phone check-in,Left message
ACT001116,ACC040,REP03,2025-10-30,Office visit,Follow-up requested
ACT001117,ACC022,REP03,2025-02-13,Office visit,Follow-up requested
ACT001118,ACC101,REP12,2026-07-14,Office visit,Connected
ACT001119,ACC119,REP12,2026-06-14,Office visit,Materials delivered
ACT001120,ACC077,REP08,2026-01-08,Email follow-up,Left message
ACT001121,ACC055,REP06,2026-04-26,Email follow-up,Connected
ACT001122,ACC072,REP07,2026-02-18,Email follow-up,Materials delivered
ACT001123,ACC012,REP01,2026-07-04,Office visit,Follow-up requested
ACT001124,ACC007,,2025-08-03,Office visit,Follow-up requested
ACT001125,ACC017,REP02,2025-09-30,Phone check-in,Follow-up requested
ACT001126,ACC011,REP02,2026-03-20,Provider education,Left message
ACT001127,ACC098,REP09,2025-09-13,Email follow-up,Follow-up requested
ACT001128,ACC015,REP02,2025-03-08,Email follow-up,Follow-up requested
ACT001129,ACC074,REP07,2026-05-15,Provider education,Left message
ACT001130,ACC042,REP05,2026-03-13,Office visit,Follow-up requested
ACT001131,ACC093,REP10,2025-06-15,Provider education,Materials delivered
ACT001132,ACC020,REP01,2026-03-04,Email follow-up,Follow-up requested
ACT001133,ACC049,REP06,2025-03-31,Phone check-in,Left message
ACT001134,ACC037,REP04,2025-12-03,Phone check-in,Follow-up requested
ACT001135,ACC043,REP06,2026-07-20,Provider education,Materials delivered
ACT001136,ACC073,REP08,2026-02-03,Office visit,Left message
ACT001137,ACC037,REP04,2026-03-26,Office visit,Follow-up requested
ACT001138,ACC050,REP05,2025-06-05,Email follow-up,Connected
ACT001139,ACC042,REP05,2025-06-18,Provider education,Left message
ACT001140,ACC119,REP12,2025-02-01,Phone check-in,Left message
ACT001141,ACC009,REP02,2025-02-25,Provider education,Connected
ACT001142,ACC060,REP05,2025-10-17,Office visit,Left message
ACT001143,ACC035,REP04,2026-04-28,Email follow-up,Follow-up requested
ACT001144,ACC063,REP08,2026-01-23,Email follow-up,Materials delivered
ACT001145,ACC115,REP12,2025-06-26,Office visit,Materials delivered
ACT001146,ACC086,REP09,2026-07-16,Office visit,Materials delivered
ACT001147,ACC067,REP08,2025-02-28,Provider education,Connected
ACT001148,ACC013,REP02,2026-02-19,Phone check-in,Left message
ACT001149,ACC116,REP11,2026-02-15,Provider education,Connected
ACT001150,ACC074,REP07,2025-11-14,Email follow-up,Materials delivered
ACT001151,ACC082,REP09,2026-02-26,Provider education,Left message
ACT001152,ACC030,REP03,2025-01-19,Provider education,Connected
ACT001153,ACC108,REP11,2026-04-18,Phone check-in,Follow-up requested
ACT001154,ACC105,REP12,2025-12-03,Email follow-up,Follow-up requested
ACT001155,ACC038,REP03,2025-10-03,Phone check-in,Connected
ACT001156,ACC088,REP09,2026-03-20,Phone check-in,Connected
ACT001157,ACC007,,2025-03-14,Office visit,Materials delivered
ACT001158,ACC022,REP03,2025-01-09,Phone check-in,Connected
ACT001159,ACC014,REP01,2026-03-01,Phone check-in,Left message
ACT001160,ACC093,REP10,2025-05-15,Phone check-in,Connected
ACT001161,ACC024,REP03,2026-07-04,Email follow-up,Materials delivered
ACT001162,ACC096,REP09,2026-07-08,Phone check-in,Materials delivered
ACT001163,ACC004,REP01,2025-09-23,Office visit,Connected
ACT001164,ACC050,REP05,2025-11-30,Phone check-in,Materials delivered
ACT001165,ACC044,REP05,2025-02-28,Phone check-in,Left message
ACT001166,ACC041,REP06,2026-02-01,Phone check-in,Materials delivered
ACT001167,ACC043,REP06,2026-04-04,Provider education,Left message
ACT001168,ACC108,REP11,2025-11-09,Office visit,Connected
ACT001169,ACC043,REP06,2026-05-03,Office visit,Connected
ACT001170,ACC112,REP11,2025-09-13,Phone check-in,Materials delivered
ACT001171,ACC066,REP07,2026-03-10,Phone check-in,Materials delivered
ACT001172,ACC034,REP03,2026-05-18,Phone check-in,Left message
ACT001173,ACC116,REP11,2026-01-26,Provider education,Connected
ACT001174,ACC046,,2025-12-08,Email follow-up,Materials delivered
ACT001175,ACC083,REP10,2025-11-21,Office visit,Left message
ACT001176,ACC016,REP01,2025-11-14,Provider education,Follow-up requested
ACT001177,ACC051,REP06,2026-06-20,Office visit,Materials delivered
ACT001178,ACC077,REP08,2025-02-15,Provider education,Follow-up requested
ACT001179,ACC102,REP11,2026-05-22,Email follow-up,Follow-up requested
ACT001180,ACC074,REP07,2025-08-31,Phone check-in,Materials delivered
ACT001181,ACC013,REP02,2025-05-06,Provider education,Materials delivered
ACT001182,ACC069,,2026-04-08,Email follow-up,Connected
ACT001183,ACC005,REP02,2026-07-10,Email follow-up,Materials delivered
ACT001184,ACC063,REP08,2025-11-17,Provider education,Connected
ACT001185,ACC100,REP09,2025-10-08,Office visit,Left message
ACT001186,ACC052,REP05,2026-02-09,Phone check-in,Left message
ACT001187,ACC066,REP07,2025-03-11,Office visit,Materials delivered
ACT001188,ACC088,REP09,2025-12-24,Provider education,Left message
ACT001189,ACC105,REP12,2026-04-28,Phone check-in,Follow-up requested
ACT001190,ACC053,REP06,2025-10-07,Office visit,Follow-up requested
ACT001191,ACC048,REP05,2025-05-15,Office visit,Connected
ACT001192,ACC120,REP11,2026-02-03,Provider education,Left message
ACT001193,ACC056,REP05,2025-07-19,Office visit,Connected
ACT001194,ACC083,REP10,2025-12-05,Provider education,Follow-up requested
ACT001195,ACC019,REP02,2026-03-15,Provider education,Connected
ACT001196,ACC048,REP05,2026-05-23,Office visit,Connected
ACT001197,ACC008,REP01,2025-02-15,Provider education,Left message
ACT001198,ACC045,REP06,2025-12-11,Phone check-in,Materials delivered
ACT001199,ACC025,REP04,2026-08-21,Email follow-up,Connected
ACT001200,ACC087,REP10,2025-02-16,Phone check-in,Follow-up requested
ACT001201,ACC026,REP03,2025-12-20,Phone check-in,Follow-up requested
ACT001202,ACC083,REP10,2026-08-21,Provider education,Connected
ACT001203,ACC044,REP05,2025-05-05,Office visit,Materials delivered
ACT001204,ACC108,REP11,2025-03-22,Provider education,Connected
ACT001205,ACC096,REP09,2026-06-11,Provider education,Follow-up requested
ACT001206,ACC070,REP07,2025-07-16,Office visit,Connected
ACT001207,ACC108,REP11,2026-05-05,Provider education,Materials delivered
ACT001208,ACC098,REP09,2025-04-07,Office visit,Connected
ACT001209,ACC045,REP06,2026-05-05,Phone check-in,Follow-up requested
ACT001210,ACC118,REP11,2025-10-04,Email follow-up,Materials delivered
ACT001211,ACC086,REP09,2025-03-07,Email follow-up,Materials delivered
ACT001212,ACC108,REP11,2026-08-29,Email follow-up,Connected
ACT001213,ACC019,REP02,2025-08-28,Email follow-up,Materials delivered
ACT001214,ACC049,REP06,2026-01-21,Phone check-in,Materials delivered
ACT001215,ACC041,REP06,2026-04-29,Provider education,Left message
ACT001216,ACC043,REP06,2025-11-15,Email follow-up,Left message
ACT001217,ACC057,REP06,2025-10-02,Email follow-up,Follow-up requested
ACT001218,ACC025,REP04,2025-12-21,Phone check-in,Materials delivered
ACT001219,ACC015,REP02,2026-08-07,Provider education,Follow-up requested
ACT001220,ACC028,,2026-02-27,Provider education,Follow-up requested
ACT001221,ACC047,REP06,2026-08-21,Phone check-in,Materials delivered
ACT001222,ACC077,REP08,2026-05-06,Provider education,Follow-up requested
ACT001223,ACC060,REP05,2025-11-26,Office visit,Connected
ACT001224,ACC012,REP01,2025-11-05,Office visit,Materials delivered
ACT001225,ACC053,REP06,2025-05-22,Office visit,Left message
ACT001226,ACC119,REP12,2025-11-21,Email follow-up,Left message
ACT001227,ACC092,REP09,2026-01-28,Provider education,Follow-up requested
ACT001228,ACC117,REP12,2026-02-22,Provider education,Connected
ACT001229,ACC078,REP07,2025-07-13,Email follow-up,Follow-up requested
ACT001230,ACC070,REP07,2026-04-27,Email follow-up,Left message
ACT001231,ACC088,REP09,2025-02-21,Phone check-in,Follow-up requested
ACT001232,ACC011,REP02,2025-08-21,Office visit,Follow-up requested
ACT001233,ACC003,REP02,2025-09-20,Office visit,Follow-up requested
ACT001234,ACC071,REP08,2025-04-11,Email follow-up,Left message
ACT001235,ACC103,REP12,2026-06-02,Provider education,Connected
ACT001236,ACC084,,2025-08-30,Office visit,Materials delivered
ACT001237,ACC076,REP07,2026-01-08,Email follow-up,Materials delivered
ACT001238,ACC064,REP07,2025-09-18,Phone check-in,Connected
ACT001239,ACC085,REP10,2025-05-11,Provider education,Materials delivered
ACT001240,ACC064,REP07,2025-03-13,Office visit,Connected
ACT001241,ACC030,REP03,2025-06-20,Phone check-in,Follow-up requested
ACT001242,ACC051,REP06,2026-08-03,Office visit,Connected
ACT001243,ACC109,REP12,2026-06-26,Provider education,Left message
ACT001244,ACC003,REP02,2026-03-30,Office visit,Materials delivered
ACT001245,ACC057,REP06,2025-05-13,Office visit,Follow-up requested
ACT001246,ACC057,REP06,2025-10-24,Phone check-in,Connected
ACT001247,ACC071,REP08,2026-02-17,Provider education,Follow-up requested
ACT001248,ACC044,REP05,2025-07-09,Provider education,Connected
ACT001249,ACC052,REP05,2025-09-10,Provider education,Left message
ACT001250,ACC042,REP05,2025-02-25,Phone check-in,Left message
ACT001251,ACC013,REP02,2025-12-07,Email follow-up,Materials delivered
ACT001252,ACC059,REP06,2025-01-28,Provider education,Follow-up requested
ACT001253,ACC059,REP06,2025-07-10,Office visit,Connected
ACT001254,ACC116,REP11,2025-03-11,Office visit,Follow-up requested
ACT001255,ACC001,REP02,2025-02-04,Provider education,Materials delivered
ACT001256,ACC028,,2025-10-08,Phone check-in,Left message
ACT001257,ACC047,REP06,2025-11-18,Phone check-in,Follow-up requested
ACT001258,ACC027,REP04,2026-05-11,Email follow-up,Materials delivered
ACT001259,ACC033,REP04,2026-01-12,Provider education,Left message
ACT001260,ACC008,REP01,2025-08-10,Office visit,Left message
ACT001261,ACC059,REP06,2025-08-16,Email follow-up,Follow-up requested
ACT001262,ACC047,REP06,2025-04-28,Phone check-in,Follow-up requested
ACT001263,ACC057,REP06,2025-01-20,Office visit,Connected
ACT001264,ACC026,REP03,2025-02-28,Office visit,Materials delivered
ACT001265,ACC032,REP03,2025-06-05,Email follow-up,Left message
ACT001266,ACC017,REP02,2025-01-26,Provider education,Materials delivered
ACT001267,ACC106,REP11,2025-10-14,Provider education,Left message
ACT001268,ACC055,REP06,2025-03-22,Provider education,Left message
ACT001269,ACC086,REP09,2025-10-20,Phone check-in,Left message
ACT001270,ACC069,,2025-03-05,Email follow-up,Materials delivered
ACT001271,ACC001,REP02,2025-09-07,Email follow-up,Follow-up requested
ACT001272,ACC035,REP04,2026-02-28,Phone check-in,Materials delivered
ACT001273,ACC083,REP10,2025-02-16,Email follow-up,Follow-up requested
ACT001274,ACC107,REP12,2025-09-21,Office visit,Materials delivered
ACT001275,ACC008,REP01,2025-06-19,Provider education,Connected
ACT001276,ACC081,REP10,2025-10-14,Phone check-in,Materials delivered
ACT001277,ACC013,REP02,2026-04-30,Email follow-up,Connected
ACT001278,ACC116,REP11,2026-07-20,Email follow-up,Follow-up requested
ACT001279,ACC006,REP01,2026-06-20,Provider education,Left message
ACT001280,ACC052,REP05,2025-05-13,Provider education,Follow-up requested
ACT001281,ACC088,REP09,2025-06-16,Provider education,Connected
ACT001282,ACC009,REP02,2026-02-06,Email follow-up,Follow-up requested
ACT001283,ACC035,REP04,2026-03-04,Provider education,Follow-up requested
ACT001284,ACC060,REP05,2025-05-02,Office visit,Follow-up requested
ACT001285,ACC042,REP05,2025-02-18,Phone check-in,Materials delivered
ACT001286,ACC009,REP02,2026-06-06,Provider education,Materials delivered
ACT001287,ACC056,REP05,2025-12-28,Office visit,Left message
ACT001288,ACC005,REP02,2025-02-16,Provider education,Left message
ACT001289,ACC062,REP07,2025-09-19,Office visit,Materials delivered
ACT001290,ACC018,REP01,2025-07-29,Email follow-up,Left message
ACT001291,ACC076,REP07,2025-10-01,Office visit,Materials delivered
ACT001292,ACC087,REP10,2026-02-12,Email follow-up,Follow-up requested
ACT001293,ACC073,REP08,2026-05-06,Office visit,Follow-up requested
ACT001294,ACC048,REP05,2026-08-31,Email follow-up,Follow-up requested
ACT001295,ACC019,REP02,2026-07-05,Phone check-in,Left message
ACT001296,ACC011,REP02,2025-03-02,Provider education,Left message
ACT001297,ACC025,REP04,2026-01-07,Email follow-up,Materials delivered
ACT001298,ACC018,REP01,2026-03-03,Office visit,Left message
ACT001299,ACC030,REP03,2026-02-15,Provider education,Follow-up requested
ACT001300,ACC096,REP09,2025-04-01,Office visit,Follow-up requested
ACT001301,ACC120,REP11,2025-12-05,Office visit,Connected
ACT001302,ACC040,REP03,2025-12-04,Office visit,Connected
ACT001303,ACC030,REP03,2026-01-12,Provider education,Follow-up requested
ACT001304,ACC009,REP02,2026-02-28,Provider education,Left message
ACT001305,ACC109,REP12,2026-03-24,Email follow-up,Left message
ACT001306,ACC047,REP06,2026-03-13,Provider education,Left message
ACT001307,ACC079,REP08,2026-04-21,Office visit,Left message
ACT001308,ACC097,REP10,2026-04-27,Email follow-up,Connected
ACT001309,ACC116,REP11,2026-08-25,Office visit,Left message
ACT001310,ACC074,REP07,2025-02-21,Email follow-up,Follow-up requested
ACT001311,ACC118,REP11,2025-10-24,Phone check-in,Materials delivered
ACT001312,ACC082,REP09,2025-09-02,Provider education,Follow-up requested
ACT001313,ACC013,REP02,2026-01-16,Email follow-up,Materials delivered
ACT001314,ACC028,,2025-08-02,Phone check-in,Follow-up requested
ACT001315,ACC062,REP07,2026-04-17,Provider education,Follow-up requested
ACT001316,ACC034,REP03,2026-08-22,Phone check-in,Follow-up requested
ACT001317,ACC073,REP08,2025-11-08,Office visit,Materials delivered
ACT001318,ACC093,REP10,2026-07-01,Email follow-up,Left message
ACT001319,ACC036,REP03,2026-04-11,Email follow-up,Materials delivered
ACT001320,ACC072,REP07,2025-08-13,Email follow-up,Follow-up requested
ACT001321,ACC100,REP09,2025-06-11,Office visit,Follow-up requested
ACT001322,ACC057,REP06,2025-10-25,Email follow-up,Follow-up requested
ACT001323,ACC107,REP12,2025-02-04,Office visit,Materials delivered
ACT001324,ACC048,REP05,2025-02-21,Phone check-in,Follow-up requested
ACT001325,ACC111,REP12,2025-09-28,Phone check-in,Connected
ACT001326,ACC069,,2025-05-02,Email follow-up,Connected
ACT001327,ACC105,REP12,2026-04-03,Office visit,Materials delivered
ACT001328,ACC003,REP02,2025-07-23,Phone check-in,Left message
ACT001329,ACC085,REP10,2025-06-29,Office visit,Left message
ACT001330,ACC066,REP07,2025-02-09,Phone check-in,Left message
ACT001331,ACC007,,2025-11-29,Phone check-in,Follow-up requested
ACT001332,ACC039,REP04,2025-11-09,Phone check-in,Connected
ACT001333,ACC001,REP02,2025-04-09,Provider education,Connected
ACT001334,ACC034,REP03,2025-06-28,Office visit,Left message
ACT001335,ACC082,REP09,2026-01-11,Phone check-in,Follow-up requested
ACT001336,ACC020,REP01,2025-05-19,Phone check-in,Connected
ACT001337,ACC007,,2026-07-06,Office visit,Left message
ACT001338,ACC017,REP02,2026-01-31,Email follow-up,Materials delivered
ACT001339,ACC059,REP06,2026-07-12,Provider education,Materials delivered
ACT001340,ACC082,REP09,2025-11-16,Phone check-in,Connected
ACT001341,ACC102,REP11,2026-04-14,Office visit,Left message
ACT001342,ACC106,REP11,2025-07-29,Phone check-in,Left message
ACT001343,ACC014,REP01,2026-05-22,Office visit,Materials delivered
ACT001344,ACC084,,2025-12-02,Email follow-up,Materials delivered
ACT001345,ACC107,REP12,2025-03-10,Email follow-up,Connected
ACT001346,ACC011,REP02,2025-06-07,Provider education,Left message
ACT001347,ACC017,REP02,2026-06-08,Email follow-up,Connected
ACT001348,ACC107,REP12,2025-06-08,Email follow-up,Left message
ACT001349,ACC016,REP01,2025-04-19,Email follow-up,Connected
ACT001350,ACC016,REP01,2025-06-13,Phone check-in,Materials delivered
ACT001351,ACC072,REP07,2025-05-18,Provider education,Materials delivered
ACT001352,ACC089,REP10,2025-04-27,Office visit,Connected
ACT001353,ACC048,REP05,2026-03-26,Phone check-in,Left message
ACT001354,ACC089,REP10,2026-04-03,Provider education,Materials delivered
ACT001355,ACC101,REP12,2025-03-03,Email follow-up,Connected
ACT001356,ACC058,REP05,2025-01-24,Office visit,Connected
ACT001357,ACC109,REP12,2026-08-07,Phone check-in,Follow-up requested
ACT001358,ACC018,REP01,2025-02-24,Phone check-in,Left message
ACT001359,ACC009,REP02,2026-03-30,Office visit,Materials delivered
ACT001360,ACC103,REP12,2025-01-20,Phone check-in,Follow-up requested
ACT001361,ACC010,REP01,2025-06-01,Provider education,Follow-up requested
ACT001362,ACC072,REP07,2026-02-09,Office visit,Left message
ACT001363,ACC082,REP09,2025-10-27,Phone check-in,Connected
ACT001364,ACC001,REP02,2026-08-01,Email follow-up,Left message
ACT001365,ACC024,REP03,2026-08-29,Email follow-up,Follow-up requested
ACT001366,ACC021,REP04,2025-04-01,Office visit,Connected
ACT001367,ACC097,REP10,2025-11-10,Email follow-up,Materials delivered
ACT001368,ACC010,REP01,2025-11-20,Provider education,Left message
ACT001369,ACC086,REP09,2025-12-19,Provider education,Connected
ACT001370,ACC087,REP10,2026-05-28,Provider education,Materials delivered
ACT001371,ACC100,REP09,2026-05-07,Phone check-in,Follow-up requested
ACT001372,ACC024,REP03,2026-06-05,Email follow-up,Connected
ACT001373,ACC093,REP10,2026-05-31,Phone check-in,Materials delivered
ACT001374,ACC115,REP12,2025-09-23,Provider education,Follow-up requested
ACT001375,ACC013,REP02,2025-08-17,Office visit,Follow-up requested
ACT001376,ACC036,REP03,2026-04-16,Office visit,Connected
ACT001377,ACC063,REP08,2025-05-10,Provider education,Follow-up requested
ACT001378,ACC037,REP04,2025-01-01,Phone check-in,Materials delivered
ACT001379,ACC083,REP10,2025-12-16,Provider education,Connected
ACT001380,ACC020,REP01,2026-03-30,Phone check-in,Follow-up requested
ACT001381,ACC055,REP06,2026-08-12,Email follow-up,Follow-up requested
ACT001382,ACC097,REP10,2025-07-31,Email follow-up,Materials delivered
ACT001383,ACC034,REP03,2026-05-18,Office visit,Follow-up requested
ACT001384,ACC120,REP11,2026-07-17,Provider education,Materials delivered
ACT001385,ACC008,REP01,2025-11-14,Office visit,Left message
ACT001386,ACC047,REP06,2025-07-20,Phone check-in,Materials delivered
ACT001387,ACC011,REP02,2025-08-29,Provider education,Materials delivered
ACT001388,ACC073,REP08,2025-01-15,Email follow-up,Materials delivered
ACT001389,ACC077,REP08,2026-01-23,Email follow-up,Left message
ACT001390,ACC022,REP03,2025-11-21,Provider education,Materials delivered
ACT001391,ACC084,,2025-09-04,Provider education,Follow-up requested
ACT001392,ACC082,REP09,2025-07-04,Office visit,Materials delivered
ACT001393,ACC013,REP02,2025-12-11,Email follow-up,Follow-up requested
ACT001394,ACC089,REP10,2025-04-02,Email follow-up,Materials delivered
ACT001395,ACC009,REP02,2025-07-06,Office visit,Connected
ACT001396,ACC002,REP01,2026-04-29,Phone check-in,Connected
ACT001397,ACC012,REP01,2025-11-07,Provider education,Follow-up requested
ACT001398,ACC024,REP03,2025-09-23,Office visit,Follow-up requested
ACT001399,ACC082,REP09,2025-10-27,Email follow-up,Left message
ACT001400,ACC063,REP08,2026-03-17,Provider education,Materials delivered
ACT001401,ACC055,REP06,2025-05-15,Office visit,Connected
ACT001402,ACC022,REP03,2025-08-10,Email follow-up,Materials delivered
ACT001403,ACC074,REP07,2026-01-13,Office visit,Connected
ACT001404,ACC092,REP09,2026-04-28,Email follow-up,Materials delivered
ACT001405,ACC017,REP02,2025-04-15,Office visit,Connected
ACT001406,ACC075,REP08,2026-08-02,Phone check-in,Left message
ACT001407,ACC056,REP05,2025-04-21,Phone check-in,Left message
ACT001408,ACC077,REP08,2025-10-17,Phone check-in,Left message
ACT001409,ACC090,REP09,2025-04-24,Office visit,Left message
ACT001410,ACC052,REP05,2025-09-14,Provider education,Left message
ACT001411,ACC104,REP11,2026-01-03,Provider education,Materials delivered
ACT001412,ACC097,REP10,2026-07-18,Email follow-up,Follow-up requested
ACT001413,ACC111,REP12,2026-01-07,Email follow-up,Left message
ACT001414,ACC020,REP01,2025-01-17,Phone check-in,Materials delivered
ACT001415,ACC071,REP08,2025-05-18,Provider education,Materials delivered
ACT001416,ACC066,REP07,2026-02-13,Provider education,Connected
ACT001417,ACC079,REP08,2025-03-21,Email follow-up,Connected
ACT001418,ACC114,REP11,2026-07-12,Provider education,Materials delivered
ACT001419,ACC020,REP01,2025-03-20,Provider education,Follow-up requested
ACT001420,ACC110,REP11,2026-02-22,Provider education,Follow-up requested
ACT001421,ACC111,REP12,2025-02-25,Email follow-up,Follow-up requested
ACT001422,ACC053,REP06,2026-02-14,Provider education,Follow-up requested
ACT001423,ACC102,REP11,2026-08-19,Email follow-up,Connected
ACT001424,ACC037,REP04,2025-07-14,Phone check-in,Materials delivered
ACT001425,ACC087,REP10,2026-08-21,Phone check-in,Follow-up requested
ACT001426,ACC009,REP02,2025-04-01,Office visit,Follow-up requested
ACT001427,ACC061,REP08,2025-05-18,Phone check-in,Connected
ACT001428,ACC115,REP12,2026-01-11,Provider education,Connected
ACT001429,ACC103,REP12,2026-04-30,Office visit,Connected
ACT001430,ACC091,REP10,2025-09-16,Email follow-up,Connected
ACT001431,ACC117,REP12,2025-04-29,Office visit,Connected
ACT001432,ACC047,REP06,2026-08-24,Office visit,Connected
ACT001433,ACC007,,2025-09-25,Office visit,Connected
ACT001434,ACC095,REP10,2026-05-13,Phone check-in,Materials delivered
ACT001435,ACC024,REP03,2025-08-02,Provider education,Connected
ACT001436,ACC045,REP06,2025-01-21,Provider education,Connected
ACT001437,ACC057,REP06,2025-12-02,Provider education,Follow-up requested
ACT001438,ACC036,REP03,2025-12-29,Office visit,Materials delivered
ACT001439,ACC104,REP11,2026-07-12,Provider education,Left message
ACT001440,ACC104,REP11,2025-04-10,Office visit,Follow-up requested
ACT001441,ACC076,REP07,2025-03-03,Office visit,Materials delivered
ACT001442,ACC025,REP04,2026-03-21,Phone check-in,Connected
ACT001443,ACC043,REP06,2025-10-09,Phone check-in,Connected
ACT001444,ACC107,REP12,2026-03-05,Office visit,Connected
ACT001445,ACC116,REP11,2026-03-20,Provider education,Materials delivered
ACT001446,ACC049,REP06,2025-12-08,Phone check-in,Connected
ACT001447,ACC069,,2026-07-31,Email follow-up,Left message
ACT001448,ACC080,REP07,2025-10-12,Email follow-up,Left message
ACT001449,ACC042,REP05,2025-06-21,Phone check-in,Left message
ACT001450,ACC085,REP10,2025-05-06,Phone check-in,Follow-up requested
ACT001451,ACC084,,2025-11-07,Email follow-up,Connected
ACT001452,ACC019,REP02,2026-05-18,Provider education,Follow-up requested
ACT001453,ACC116,REP11,2026-04-02,Phone check-in,Follow-up requested
ACT001454,ACC069,,2025-12-12,Phone check-in,Left message
ACT001455,ACC017,REP02,2026-04-04,Email follow-up,Follow-up requested
ACT001456,ACC097,REP10,2025-08-06,Email follow-up,Connected
ACT001457,ACC099,REP10,2026-03-02,Phone check-in,Connected
ACT001458,ACC037,REP04,2026-05-07,Provider education,Left message
ACT001459,ACC058,REP05,2026-04-25,Phone check-in,Materials delivered
ACT001460,ACC086,REP09,2026-05-22,Office visit,Left message
ACT001461,ACC092,REP09,2025-06-19,Email follow-up,Left message
ACT001462,ACC015,REP02,2025-12-27,Provider education,Materials delivered
ACT001463,ACC108,REP11,2025-12-25,Email follow-up,Left message
ACT001464,ACC008,REP01,2025-03-21,Provider education,Follow-up requested
ACT001465,ACC089,REP10,2026-01-27,Provider education,Left message
ACT001466,ACC106,REP11,2026-04-14,Office visit,Materials delivered
ACT001467,ACC101,REP12,2025-07-04,Phone check-in,Follow-up requested
ACT001468,ACC075,REP08,2026-06-05,Office visit,Materials delivered
ACT001469,ACC033,REP04,2025-05-17,Provider education,Connected
ACT001470,ACC093,REP10,2025-01-05,Office visit,Left message
ACT001471,ACC049,REP06,2026-07-04,Provider education,Left message
ACT001472,ACC101,REP12,2025-02-12,Phone check-in,Left message
ACT001473,ACC083,REP10,2026-05-01,Phone check-in,Follow-up requested
ACT001474,ACC116,REP11,2026-05-30,Phone check-in,Left message
ACT001475,ACC001,REP02,2026-06-13,Phone check-in,Left message
ACT001476,ACC057,REP06,2025-06-05,Provider education,Connected
ACT001477,ACC031,REP04,2026-08-30,Email follow-up,Connected
ACT001478,ACC022,REP03,2026-03-30,Phone check-in,Follow-up requested
ACT001479,ACC024,REP03,2026-03-07,Office visit,Connected
ACT001480,ACC042,REP05,2026-01-10,Provider education,Materials delivered
ACT001481,ACC111,REP12,2025-09-13,Provider education,Materials delivered
ACT001482,ACC039,REP04,2026-03-03,Office visit,Materials delivered
ACT001483,ACC078,REP07,2025-02-02,Office visit,Follow-up requested
ACT001484,ACC045,REP06,2026-01-05,Phone check-in,Left message
ACT001485,ACC005,REP02,2026-05-19,Email follow-up,Materials delivered
ACT001486,ACC095,REP10,2026-03-22,Phone check-in,Connected
ACT001487,ACC077,REP08,2025-03-09,Phone check-in,Materials delivered
ACT001488,ACC104,REP11,2026-07-21,Office visit,Connected
ACT001489,ACC017,REP02,2025-01-02,Provider education,Materials delivered
ACT001490,ACC117,REP12,2026-02-08,Provider education,Left message
ACT001491,ACC059,REP06,2025-02-06,Email follow-up,Follow-up requested
ACT001492,ACC065,REP08,2025-01-09,Email follow-up,Materials delivered
ACT001493,ACC103,REP12,2025-05-25,Provider education,Follow-up requested
ACT001494,ACC001,REP02,2025-04-14,Phone check-in,Materials delivered
ACT001495,ACC076,REP07,2025-12-25,Email follow-up,Connected
ACT001496,ACC095,REP10,2025-11-27,Email follow-up,Left message
ACT001497,ACC056,REP05,2026-03-19,Email follow-up,Materials delivered
ACT001498,ACC018,REP01,2026-02-07,Provider education,Connected
ACT001499,ACC103,REP12,2026-06-28,Office visit,Materials delivered
ACT001500,ACC079,REP08,2026-03-03,Email follow-up,Left message
ACT001501,ACC012,REP01,2026-06-21,Email follow-up,Materials delivered
ACT001502,ACC099,REP10,2025-07-31,Provider education,Materials delivered
ACT001503,ACC048,REP05,2026-04-30,Provider education,Materials delivered
ACT001504,ACC085,REP10,2025-08-09,Email follow-up,Materials delivered
ACT001505,ACC035,REP04,2026-05-15,Email follow-up,Connected
ACT001506,ACC089,REP10,2025-11-10,Email follow-up,Left message
ACT001507,ACC104,REP11,2026-07-26,Office visit,Materials delivered
ACT001508,ACC014,REP01,2025-12-21,Provider education,Materials delivered
ACT001509,ACC044,REP05,2025-09-19,Phone check-in,Left message
ACT001510,ACC003,REP02,2026-03-13,Email follow-up,Materials delivered
ACT001511,ACC015,REP02,2025-12-15,Email follow-up,Connected
ACT001512,ACC107,REP12,2025-11-07,Provider education,Left message
ACT001513,ACC082,REP09,2025-04-17,Office visit,Follow-up requested
ACT001514,ACC100,REP09,2025-03-15,Provider education,Follow-up requested
ACT001515,ACC041,REP06,2025-03-16,Office visit,Materials delivered
ACT001516,ACC011,REP02,2025-10-08,Phone check-in,Connected
ACT001517,ACC053,REP06,2025-01-22,Email follow-up,Connected
ACT001518,ACC059,REP06,2026-01-05,Office visit,Connected
ACT001519,ACC103,REP12,2025-04-07,Provider education,Materials delivered
ACT001520,ACC021,REP04,2026-07-18,Phone check-in,Left message
ACT001521,ACC101,REP12,2025-10-31,Phone check-in,Left message
ACT001522,ACC053,REP06,2025-08-04,Phone check-in,Connected
ACT001523,ACC043,REP06,2025-02-22,Office visit,Materials delivered
ACT001524,ACC094,REP09,2026-06-17,Email follow-up,Materials delivered
ACT001525,ACC096,REP09,2026-02-19,Provider education,Materials delivered
ACT001526,ACC119,REP12,2025-01-25,Provider education,Materials delivered
ACT001527,ACC061,REP08,2025-02-20,Provider education,Follow-up requested
ACT001528,ACC087,REP10,2026-04-08,Phone check-in,Connected
ACT001529,ACC022,REP03,2026-03-24,Provider education,Materials delivered
ACT001530,ACC037,REP04,2025-03-31,Email follow-up,Connected
ACT001531,ACC036,REP03,2026-07-20,Office visit,Follow-up requested
ACT001532,ACC002,REP01,2025-05-27,Email follow-up,Materials delivered
ACT001533,ACC031,REP04,2025-07-01,Email follow-up,Left message
ACT001534,ACC037,REP04,2025-02-04,Office visit,Follow-up requested
ACT001535,ACC073,REP08,2026-01-10,Office visit,Left message
ACT001536,ACC035,REP04,2026-05-22,Provider education,Materials delivered
ACT001537,ACC057,REP06,2026-02-09,Email follow-up,Materials delivered
ACT001538,ACC116,REP11,2026-08-04,Provider education,Follow-up requested
ACT001539,ACC106,REP11,2026-06-25,Email follow-up,Connected
ACT001540,ACC026,REP03,2026-06-19,Office visit,Left message
ACT001541,ACC008,REP01,2026-08-21,Email follow-up,Left message
ACT001542,ACC024,REP03,2025-05-29,Phone check-in,Follow-up requested
ACT001543,ACC075,REP08,2026-06-13,Email follow-up,Left message
ACT001544,ACC105,REP12,2025-03-03,Phone check-in,Materials delivered
ACT001545,ACC094,REP09,2025-09-08,Provider education,Follow-up requested
ACT001546,ACC040,REP03,2025-10-18,Email follow-up,Follow-up requested
ACT001547,ACC019,REP02,2025-09-29,Phone check-in,Follow-up requested
ACT001548,ACC076,REP07,2025-12-29,Email follow-up,Connected
ACT001549,ACC013,REP02,2026-01-30,Email follow-up,Connected
ACT001550,ACC086,REP09,2025-05-02,Provider education,Materials delivered
ACT001551,ACC095,REP10,2026-03-11,Office visit,Materials delivered
ACT001552,ACC033,REP04,2025-09-21,Phone check-in,Materials delivered
ACT001553,ACC046,,2026-06-06,Provider education,Follow-up requested
ACT001554,ACC089,REP10,2026-05-20,Provider education,Materials delivered
ACT001555,ACC113,,2025-10-22,Phone check-in,Materials delivered
ACT001556,ACC066,REP07,2025-09-26,Provider education,Materials delivered
ACT001557,ACC004,REP01,2025-04-20,Office visit,Materials delivered
ACT001558,ACC117,REP12,2026-01-20,Provider education,Connected
ACT001559,ACC093,REP10,2026-08-17,Office visit,Left message
ACT001560,ACC113,,2025-12-26,Office visit,Follow-up requested
ACT001561,ACC035,REP04,2026-03-04,Phone check-in,Left message
ACT001562,ACC018,REP01,2026-01-01,Email follow-up,Left message
ACT001563,ACC046,,2025-04-04,Office visit,Materials delivered
ACT001564,ACC055,REP06,2026-06-26,Provider education,Materials delivered
ACT001565,ACC031,REP04,2025-03-15,Provider education,Left message
ACT001566,ACC019,REP02,2026-08-03,Phone check-in,Left message
ACT001567,ACC082,REP09,2026-01-05,Phone check-in,Left message
ACT001568,ACC109,REP12,2025-06-28,Office visit,Connected
ACT001569,ACC004,REP01,2025-03-16,Phone check-in,Connected
ACT001570,ACC016,REP01,2025-11-08,Office visit,Follow-up requested
ACT001571,ACC011,REP02,2025-04-28,Email follow-up,Follow-up requested
ACT001572,ACC020,REP01,2025-12-31,Email follow-up,Connected
ACT001573,ACC010,REP01,2026-03-07,Office visit,Connected
ACT001574,ACC072,REP07,2025-04-12,Provider education,Materials delivered
ACT001575,ACC025,REP04,2026-05-27,Email follow-up,Follow-up requested
ACT001576,ACC089,REP10,2025-02-07,Provider education,Follow-up requested
ACT001577,ACC002,REP01,2026-07-27,Phone check-in,Follow-up requested
ACT001578,ACC078,REP07,2026-01-08,Office visit,Materials delivered
ACT001579,ACC073,REP08,2025-05-29,Phone check-in,Left message
ACT001580,ACC045,REP06,2025-04-18,Office visit,Connected
ACT001581,ACC040,REP03,2025-02-25,Office visit,Left message
ACT001582,ACC096,REP09,2025-01-06,Provider education,Materials delivered
ACT001583,ACC048,REP05,2025-08-25,Office visit,Left message
ACT001584,ACC101,REP12,2026-02-01,Phone check-in,Follow-up requested
ACT001585,ACC087,REP10,2026-04-20,Email follow-up,Follow-up requested
ACT001586,ACC006,REP01,2025-09-11,Provider education,Connected
ACT001587,ACC098,REP09,2025-08-25,Email follow-up,Materials delivered
ACT001588,ACC112,REP11,2025-01-12,Office visit,Follow-up requested
ACT001589,ACC107,REP12,2026-07-30,Phone check-in,Follow-up requested
ACT001590,ACC028,,2025-03-12,Email follow-up,Connected
ACT001591,ACC018,REP01,2025-10-02,Phone check-in,Connected
ACT001592,ACC006,REP01,2025-12-06,Provider education,Materials delivered
ACT001593,ACC059,REP06,2026-01-03,Phone check-in,Left message
ACT001594,ACC019,REP02,2025-04-08,Provider education,Materials delivered
ACT001595,ACC051,REP06,2025-06-23,Phone check-in,Follow-up requested
ACT001596,ACC007,,2026-05-31,Provider education,Connected
ACT001597,ACC001,REP02,2025-02-05,Provider education,Materials delivered
ACT001598,ACC063,REP08,2025-11-07,Provider education,Left message
ACT001599,ACC046,,2026-05-02,Provider education,Materials delivered
ACT001600,ACC100,REP09,2026-06-11,Phone check-in,Follow-up requested
ACT001601,ACC026,REP03,2026-04-21,Email follow-up,Connected
ACT001602,ACC079,REP08,2025-02-07,Email follow-up,Materials delivered
ACT001603,ACC096,REP09,2025-07-28,Email follow-up,Left message
ACT001604,ACC120,REP11,2026-07-16,Office visit,Follow-up requested
ACT001605,ACC063,REP08,2026-05-07,Provider education,Connected
ACT001606,ACC101,REP12,2025-11-25,Phone check-in,Materials delivered
ACT001607,ACC035,REP04,2026-01-05,Office visit,Left message
ACT001608,ACC035,REP04,2025-09-10,Provider education,Left message
ACT001609,ACC059,REP06,2026-04-16,Email follow-up,Follow-up requested
ACT001610,ACC091,REP10,2025-04-02,Email follow-up,Left message
ACT001611,ACC074,REP07,2025-08-21,Phone check-in,Follow-up requested
ACT001612,ACC059,REP06,2026-07-16,Phone check-in,Left message
ACT001613,ACC036,REP03,2026-04-04,Email follow-up,Connected
ACT001614,ACC048,REP05,2026-04-28,Phone check-in,Follow-up requested
ACT001615,ACC032,REP03,2025-06-10,Office visit,Follow-up requested
ACT001616,ACC011,REP02,2026-05-12,Phone check-in,Follow-up requested
ACT001617,ACC118,REP11,2026-01-05,Phone check-in,Left message
ACT001618,ACC053,REP06,2025-10-05,Provider education,Left message
ACT001619,ACC109,REP12,2026-08-24,Provider education,Left message
ACT001620,ACC002,REP01,2026-01-18,Office visit,Materials delivered
ACT001621,ACC068,REP07,2026-04-24,Office visit,Connected
ACT001622,ACC064,REP07,2025-02-20,Email follow-up,Connected
ACT001623,ACC055,REP06,2025-06-25,Provider education,Materials delivered
ACT001624,ACC065,REP08,2026-02-18,Provider education,Follow-up requested
ACT001625,ACC069,,2025-06-23,Office visit,Left message
ACT001626,ACC029,REP04,2026-07-04,Office visit,Materials delivered
ACT001627,ACC030,REP03,2026-06-22,Provider education,Left message
ACT001628,ACC117,REP12,2026-04-02,Provider education,Materials delivered
ACT001629,ACC055,REP06,2025-01-13,Phone check-in,Connected
ACT001630,ACC036,REP03,2026-01-19,Email follow-up,Follow-up requested
ACT001631,ACC069,,2025-12-13,Email follow-up,Follow-up requested
ACT001632,ACC028,,2025-05-24,Office visit,Connected
ACT001633,ACC088,REP09,2026-08-09,Email follow-up,Connected
ACT001634,ACC070,REP07,2025-03-02,Email follow-up,Connected
ACT001635,ACC054,REP05,2026-06-19,Email follow-up,Follow-up requested
ACT001636,ACC071,REP08,2025-09-11,Phone check-in,Follow-up requested
ACT001637,ACC007,,2025-11-22,Phone check-in,Left message
ACT001638,ACC075,REP08,2026-03-08,Email follow-up,Left message
ACT001639,ACC049,REP06,2026-07-19,Office visit,Materials delivered
ACT001640,ACC014,REP01,2025-08-30,Phone check-in,Follow-up requested
ACT001641,ACC057,REP06,2026-07-03,Office visit,Left message
ACT001642,ACC017,REP02,2026-05-06,Office visit,Materials delivered
ACT001643,ACC109,REP12,2026-07-22,Phone check-in,Left message
ACT001644,ACC038,REP03,2025-09-15,Office visit,Left message
ACT001645,ACC040,REP03,2025-08-12,Provider education,Follow-up requested
ACT001646,ACC014,REP01,2026-05-26,Email follow-up,Left message
ACT001647,ACC061,REP08,2026-04-18,Office visit,Follow-up requested
ACT001648,ACC073,REP08,2026-02-07,Email follow-up,Materials delivered
ACT001649,ACC067,REP08,2025-12-10,Email follow-up,Follow-up requested
ACT001650,ACC002,REP01,2025-11-09,Phone check-in,Materials delivered
ACT001651,ACC013,REP02,2025-06-17,Email follow-up,Left message
ACT001652,ACC006,REP01,2025-04-09,Provider education,Connected
ACT001653,ACC029,REP04,2026-06-17,Phone check-in,Follow-up requested
ACT001654,ACC104,REP11,2025-11-29,Email follow-up,Follow-up requested
ACT001655,ACC099,REP10,2025-06-14,Phone check-in,Connected
ACT001656,ACC071,REP08,2025-10-25,Phone check-in,Follow-up requested
ACT001657,ACC085,REP10,2025-01-16,Provider education,Left message
ACT001658,ACC106,REP11,2026-01-31,Provider education,Follow-up requested
ACT001659,ACC002,REP01,2025-05-07,Provider education,Materials delivered
ACT001660,ACC069,,2025-09-20,Phone check-in,Follow-up requested
ACT001661,ACC007,,2025-04-01,Provider education,Left message
ACT001662,ACC070,REP07,2025-03-16,Email follow-up,Materials delivered
ACT001663,ACC068,REP07,2026-08-14,Office visit,Left message
ACT001664,ACC076,REP07,2025-05-21,Phone check-in,Materials delivered
ACT001665,ACC082,REP09,2025-01-12,Email follow-up,Left message
ACT001666,ACC012,REP01,2025-02-22,Provider education,Connected
ACT001667,ACC113,,2025-07-07,Office visit,Follow-up requested
ACT001668,ACC018,REP01,2026-02-14,Email follow-up,Left message
ACT001669,ACC007,,2025-04-01,Provider education,Follow-up requested
ACT001670,ACC082,REP09,2026-03-25,Office visit,Connected
ACT001671,ACC103,REP12,2025-01-25,Email follow-up,Follow-up requested
ACT001672,ACC043,REP06,2025-12-19,Email follow-up,Materials delivered
ACT001673,ACC057,REP06,2026-06-17,Email follow-up,Materials delivered
ACT001674,ACC089,REP10,2026-03-26,Office visit,Materials delivered
ACT001675,ACC084,,2025-11-05,Provider education,Follow-up requested
ACT001676,ACC040,REP03,2026-01-11,Provider education,Follow-up requested
ACT001677,ACC024,REP03,2025-06-24,Phone check-in,Left message
ACT001678,ACC011,REP02,2026-02-28,Office visit,Connected
ACT001679,ACC093,REP10,2025-12-31,Office visit,Left message
ACT001680,ACC070,REP07,2026-04-20,Phone check-in,Materials delivered
ACT001681,ACC074,REP07,2025-06-28,Email follow-up,Left message
ACT001682,ACC085,REP10,2025-04-29,Provider education,Connected
ACT001683,ACC013,REP02,2025-03-31,Provider education,Connected
ACT001684,ACC062,REP07,2025-12-12,Office visit,Connected
ACT001685,ACC110,REP11,2026-06-22,Phone check-in,Materials delivered
ACT001686,ACC072,REP07,2026-04-11,Email follow-up,Connected
ACT001687,ACC054,REP05,2026-01-27,Office visit,Connected
ACT001688,ACC081,REP10,2026-07-15,Email follow-up,Materials delivered
ACT001689,ACC073,REP08,2026-06-18,Provider education,Materials delivered
ACT001690,ACC084,,2026-04-15,Email follow-up,Follow-up requested
ACT001691,ACC042,REP05,2025-10-18,Email follow-up,Left message
ACT001692,ACC062,REP07,2025-04-06,Email follow-up,Left message
ACT001693,ACC063,REP08,2025-11-06,Office visit,Materials delivered
ACT001694,ACC093,REP10,2026-05-13,Phone check-in,Follow-up requested
ACT001695,ACC055,REP06,2026-02-22,Office visit,Connected
ACT001696,ACC112,REP11,2025-08-09,Office visit,Left message
ACT001697,ACC060,REP05,2026-04-13,Provider education,Materials delivered
ACT001698,ACC062,REP07,2026-07-26,Email follow-up,Follow-up requested
ACT001699,ACC079,REP08,2026-02-01,Office visit,Materials delivered
ACT001700,ACC041,REP06,2025-12-02,Email follow-up,Left message
ACT001701,ACC018,REP01,2026-03-29,Email follow-up,Left message
ACT001702,ACC055,REP06,2026-07-30,Phone check-in,Materials delivered
ACT001703,ACC107,REP12,2025-05-12,Phone check-in,Follow-up requested
ACT001704,ACC097,REP10,2025-12-08,Phone check-in,Materials delivered
ACT001705,ACC087,REP10,2026-07-02,Office visit,Connected
ACT001706,ACC077,REP08,2026-08-09,Provider education,Follow-up requested
ACT001707,ACC102,REP11,2025-10-25,Provider education,Follow-up requested
ACT001708,ACC091,REP10,2026-03-05,Office visit,Connected
ACT001709,ACC046,,2025-12-22,Provider education,Materials delivered
ACT001710,ACC005,REP02,2026-02-14,Email follow-up,Connected
ACT001711,ACC106,REP11,2025-10-13,Email follow-up,Materials delivered
ACT001712,ACC104,REP11,2025-03-05,Email follow-up,Materials delivered
ACT001713,ACC113,,2025-07-09,Email follow-up,Materials delivered
ACT001714,ACC015,REP02,2025-12-04,Phone check-in,Materials delivered
ACT001715,ACC050,REP05,2026-01-10,Provider education,Left message
ACT001716,ACC040,REP03,2026-05-17,Phone check-in,Materials delivered
ACT001717,ACC053,REP06,2025-03-02,Phone check-in,Left message
ACT001718,ACC006,REP01,2025-04-15,Email follow-up,Follow-up requested
ACT001719,ACC108,REP11,2026-04-20,Phone check-in,Materials delivered
ACT001720,ACC018,REP01,2026-05-24,Office visit,Materials delivered
ACT001721,ACC059,REP06,2025-01-19,Email follow-up,Follow-up requested
ACT001722,ACC018,REP01,2026-03-07,Email follow-up,Materials delivered
ACT001723,ACC039,REP04,2026-07-04,Email follow-up,Left message
ACT001724,ACC098,REP09,2025-02-27,Phone check-in,Connected
ACT001725,ACC050,REP05,2026-01-19,Office visit,Connected
ACT001726,ACC083,REP10,2025-03-14,Provider education,Left message
ACT001727,ACC028,,2025-07-22,Office visit,Left message
ACT001728,ACC015,REP02,2026-06-15,Office visit,Left message
ACT001729,ACC069,,2025-09-02,Provider education,Follow-up requested
ACT001730,ACC055,REP06,2025-04-07,Provider education,Follow-up requested
ACT001731,ACC059,REP06,2026-01-26,Office visit,Follow-up requested
ACT001732,ACC060,REP05,2025-03-05,Email follow-up,Follow-up requested
ACT001733,ACC078,REP07,2025-02-11,Email follow-up,Follow-up requested
ACT001734,ACC117,REP12,2026-07-23,Office visit,Connected
ACT001735,ACC032,REP03,2025-12-15,Provider education,Materials delivered
ACT001736,ACC013,REP02,2026-01-21,Provider education,Materials delivered
ACT001737,ACC086,REP09,2025-07-27,Email follow-up,Connected
ACT001738,ACC028,,2026-06-25,Email follow-up,Follow-up requested
ACT001739,ACC053,REP06,2025-09-14,Email follow-up,Connected
ACT001740,ACC063,REP08,2025-05-01,Office visit,Connected
ACT001741,ACC097,REP10,2026-04-20,Email follow-up,Left message
ACT001742,ACC101,REP12,2026-07-28,Office visit,Follow-up requested
ACT001743,ACC067,REP08,2025-09-13,Email follow-up,Materials delivered
ACT001744,ACC061,REP08,2025-08-20,Provider education,Materials delivered
ACT001745,ACC082,REP09,2025-08-17,Provider education,Left message
ACT001746,ACC027,REP04,2026-06-17,Office visit,Connected
ACT001747,ACC017,REP02,2025-11-08,Phone check-in,Follow-up requested
ACT001748,ACC008,REP01,2025-08-28,Provider education,Connected
ACT001749,ACC061,REP08,2026-04-20,Phone check-in,Left message
ACT001750,ACC108,REP11,2025-03-26,Email follow-up,Follow-up requested
ACT001751,ACC113,,2026-07-29,Office visit,Follow-up requested
ACT001752,ACC064,REP07,2025-07-02,Provider education,Connected
ACT001753,ACC008,REP01,2025-12-02,Phone check-in,Connected
ACT001754,ACC002,REP01,2026-05-20,Provider education,Materials delivered
ACT001755,ACC033,REP04,2025-12-17,Provider education,Follow-up requested
ACT001756,ACC069,,2025-08-15,Office visit,Materials delivered
ACT001757,ACC039,REP04,2025-12-28,Phone check-in,Materials delivered
ACT001758,ACC037,REP04,2025-05-23,Email follow-up,Left message
ACT001759,ACC105,REP12,2026-01-07,Email follow-up,Follow-up requested
ACT001760,ACC080,REP07,2025-12-31,Office visit,Connected
ACT001761,ACC041,REP06,2025-11-10,Phone check-in,Left message
ACT001762,ACC010,REP01,2025-06-27,Office visit,Connected
ACT001763,ACC075,REP08,2026-08-23,Phone check-in,Follow-up requested
ACT001764,ACC119,REP12,2026-01-30,Email follow-up,Materials delivered
ACT001765,ACC034,REP03,2025-04-04,Email follow-up,Follow-up requested
ACT001766,ACC078,REP07,2026-02-17,Office visit,Follow-up requested
ACT001767,ACC044,REP05,2025-05-25,Provider education,Materials delivered
ACT001768,ACC065,REP08,2026-06-27,Email follow-up,Left message
ACT001769,ACC040,REP03,2026-05-17,Email follow-up,Follow-up requested
ACT001770,ACC050,REP05,2025-12-04,Email follow-up,Materials delivered
ACT001771,ACC092,REP09,2026-04-05,Email follow-up,Left message
ACT001772,ACC029,REP04,2025-05-01,Office visit,Left message
ACT001773,ACC091,REP10,2025-08-29,Office visit,Left message
ACT001774,ACC071,REP08,2026-07-13,Office visit,Materials delivered
ACT001775,ACC084,,2025-11-26,Provider education,Connected
ACT001776,ACC106,REP11,2026-07-14,Office visit,Materials delivered
ACT001777,ACC081,REP10,2026-07-03,Phone check-in,Left message
ACT001778,ACC104,REP11,2025-07-26,Email follow-up,Follow-up requested
ACT001779,ACC024,REP03,2025-12-02,Provider education,Connected
ACT001780,ACC008,REP01,2026-03-04,Phone check-in,Connected
ACT001781,ACC102,REP11,2026-08-07,Provider education,Materials delivered
ACT001782,ACC071,REP08,2025-10-26,Phone check-in,Connected
ACT001783,ACC007,,2025-05-08,Provider education,Materials delivered
ACT001784,ACC049,REP06,2026-05-12,Email follow-up,Follow-up requested
ACT001785,ACC017,REP02,2026-08-28,Office visit,Materials delivered
ACT001786,ACC105,REP12,2026-03-10,Provider education,Connected
ACT001787,ACC090,REP09,2026-06-22,Office visit,Materials delivered
ACT001788,ACC098,REP09,2025-07-26,Email follow-up,Connected
ACT001789,ACC103,REP12,2026-04-18,Phone check-in,Connected
ACT001790,ACC075,REP08,2025-08-17,Office visit,Materials delivered
ACT001791,ACC052,REP05,2025-05-19,Email follow-up,Follow-up requested
ACT001792,ACC025,REP04,2026-07-01,Phone check-in,Follow-up requested
ACT001793,ACC027,REP04,2025-06-26,Provider education,Connected
ACT001794,ACC072,REP07,2025-02-16,Email follow-up,Follow-up requested
ACT001795,ACC094,REP09,2025-04-30,Phone check-in,Connected
ACT001796,ACC032,REP03,2025-07-02,Email follow-up,Follow-up requested
ACT001797,ACC087,REP10,2025-03-08,Email follow-up,Materials delivered
ACT001798,ACC099,REP10,2025-03-22,Email follow-up,Connected
ACT001799,ACC117,REP12,2026-02-06,Office visit,Left message
ACT001800,ACC078,REP07,2025-01-10,Provider education,Follow-up requested
ACT001801,ACC026,REP03,2025-08-30,Office visit,Connected
ACT001802,ACC080,REP07,2025-02-07,Office visit,Materials delivered
ACT001803,ACC052,REP05,2025-06-16,Provider education,Left message
ACT001804,ACC091,REP10,2026-05-03,Phone check-in,Connected
ACT001805,ACC087,REP10,2025-04-19,Phone check-in,Materials delivered
ACT001806,ACC105,REP12,2026-07-31,Phone check-in,Left message
ACT001807,ACC082,REP09,2025-11-05,Office visit,Connected
ACT001808,ACC063,REP08,2025-06-23,Phone check-in,Connected
ACT001809,ACC104,REP11,2026-06-09,Phone check-in,Materials delivered
ACT001810,ACC049,REP06,2026-04-11,Phone check-in,Materials delivered
ACT001811,ACC017,REP02,2026-02-13,Provider education,Follow-up requested
ACT001812,ACC101,REP12,2026-04-11,Phone check-in,Connected
ACT001813,ACC021,REP04,2025-11-12,Office visit,Materials delivered
ACT001814,ACC051,REP06,2025-07-20,Office visit,Materials delivered
ACT001815,ACC072,REP07,2025-06-16,Office visit,Connected
ACT001816,ACC082,REP09,2025-11-06,Email follow-up,Follow-up requested
ACT001817,ACC104,REP11,2025-09-17,Email follow-up,Connected
ACT001818,ACC002,REP01,2026-08-06,Office visit,Left message
ACT001819,ACC005,REP02,2025-03-23,Provider education,Materials delivered
ACT001820,ACC027,REP04,2025-07-01,Provider education,Follow-up requested
ACT001821,ACC118,REP11,2025-07-22,Provider education,Left message
ACT001822,ACC015,REP02,2026-04-24,Office visit,Left message
ACT001823,ACC103,REP12,2025-04-26,Email follow-up,Follow-up requested
ACT001824,ACC097,REP10,2026-03-20,Provider education,Connected
ACT001825,ACC068,REP07,2025-01-18,Provider education,Connected
ACT001826,ACC030,REP03,2026-04-04,Email follow-up,Connected
ACT001827,ACC033,REP04,2025-11-13,Provider education,Connected
ACT001828,ACC011,REP02,2026-07-31,Email follow-up,Follow-up requested
ACT001829,ACC056,REP05,2025-01-14,Office visit,Left message
ACT001830,ACC009,REP02,2025-09-17,Provider education,Left message
ACT001831,ACC071,REP08,2025-03-17,Email follow-up,Follow-up requested
ACT001832,ACC051,REP06,2025-08-05,Office visit,Materials delivered
ACT001833,ACC037,REP04,2025-08-03,Email follow-up,Left message
ACT001834,ACC110,REP11,2025-05-14,Phone check-in,Connected
ACT001835,ACC108,REP11,2025-12-05,Office visit,Left message
ACT001836,ACC107,REP12,2025-06-29,Phone check-in,Connected
ACT001837,ACC015,REP02,2025-05-10,Provider education,Materials delivered
ACT001838,ACC030,REP03,2025-03-10,Email follow-up,Connected
ACT001839,ACC081,REP10,2026-08-02,Phone check-in,Left message
ACT001840,ACC047,REP06,2026-01-07,Email follow-up,Left message
ACT001841,ACC054,REP05,2025-03-24,Provider education,Left message
ACT001842,ACC118,REP11,2025-04-14,Office visit,Left message
ACT001843,ACC034,REP03,2026-06-06,Provider education,Left message
ACT001844,ACC076,REP07,2026-02-18,Email follow-up,Materials delivered
ACT001845,ACC023,REP04,2025-10-13,Email follow-up,Connected
ACT001846,ACC031,REP04,2026-04-21,Phone check-in,Connected
ACT001847,ACC006,REP01,2026-01-18,Provider education,Materials delivered
ACT001848,ACC024,REP03,2025-09-20,Provider education,Follow-up requested
ACT001849,ACC078,REP07,2026-05-09,Phone check-in,Left message
ACT001850,ACC055,REP06,2025-07-05,Office visit,Materials delivered
ACT001851,ACC096,REP09,2026-06-17,Email follow-up,Materials delivered
ACT001852,ACC088,REP09,2025-11-03,Phone check-in,Connected
ACT001853,ACC100,REP09,2025-12-12,Provider education,Left message
ACT001854,ACC012,REP01,2025-02-25,Phone check-in,Left message
ACT001855,ACC101,REP12,2025-05-08,Provider education,Materials delivered
ACT001856,ACC032,REP03,2025-06-28,Office visit,Follow-up requested
ACT001857,ACC072,REP07,2025-07-25,Email follow-up,Materials delivered
ACT001858,ACC050,REP05,2025-12-02,Email follow-up,Follow-up requested
ACT001859,ACC020,REP01,2025-07-15,Provider education,Connected
ACT001860,ACC099,REP10,2025-08-31,Office visit,Left message
ACT001861,ACC010,REP01,2026-02-02,Office visit,Left message
ACT001862,ACC086,REP09,2025-10-03,Email follow-up,Left message
ACT001863,ACC085,REP10,2026-01-13,Office visit,Connected
ACT001864,ACC107,REP12,2025-02-04,Provider education,Materials delivered
ACT001865,ACC103,REP12,2025-06-06,Email follow-up,Follow-up requested
ACT001866,ACC073,REP08,2025-05-20,Email follow-up,Follow-up requested
ACT001867,ACC042,REP05,2025-07-09,Office visit,Materials delivered
ACT001868,ACC044,REP05,2026-02-05,Phone check-in,Connected
ACT001869,ACC018,REP01,2025-10-30,Provider education,Follow-up requested
ACT001870,ACC110,REP11,2025-08-06,Provider education,Left message
ACT001871,ACC105,REP12,2026-07-14,Office visit,Follow-up requested
ACT001872,ACC044,REP05,2025-07-05,Phone check-in,Follow-up requested
ACT001873,ACC022,REP03,2025-10-24,Email follow-up,Follow-up requested
ACT001874,ACC082,REP09,2025-11-09,Provider education,Left message
ACT001875,ACC109,REP12,2025-02-10,Provider education,Left message
ACT001876,ACC057,REP06,2025-10-02,Email follow-up,Connected
ACT001877,ACC035,REP04,2025-06-25,Provider education,Left message
ACT001878,ACC080,REP07,2025-06-14,Phone check-in,Materials delivered
ACT001879,ACC097,REP10,2026-01-12,Phone check-in,Follow-up requested
ACT001880,ACC108,REP11,2026-02-19,Phone check-in,Follow-up requested
ACT001881,ACC029,REP04,2025-10-12,Office visit,Left message
ACT001882,ACC082,REP09,2026-07-08,Provider education,Follow-up requested
ACT001883,ACC079,REP08,2026-07-14,Office visit,Left message
ACT001884,ACC032,REP03,2026-02-10,Email follow-up,Left message
ACT001885,ACC112,REP11,2025-10-28,Provider education,Follow-up requested
ACT001886,ACC113,,2025-11-10,Office visit,Materials delivered
ACT001887,ACC019,REP02,2026-03-01,Provider education,Materials delivered
ACT001888,ACC119,REP12,2025-09-07,Email follow-up,Left message
ACT001889,ACC118,REP11,2025-10-20,Provider education,Materials delivered
ACT001890,ACC097,REP10,2025-05-05,Provider education,Connected
ACT001891,ACC076,REP07,2026-03-24,Provider education,Materials delivered
ACT001892,ACC107,REP12,2026-01-29,Phone check-in,Follow-up requested
ACT001893,ACC015,REP02,2026-01-13,Office visit,Materials delivered
ACT001894,ACC093,REP10,2025-03-28,Phone check-in,Materials delivered
ACT001895,ACC117,REP12,2025-01-06,Phone check-in,Left message
ACT001896,ACC090,REP09,2025-05-05,Phone check-in,Materials delivered
ACT001897,ACC084,,2026-08-27,Provider education,Follow-up requested
ACT001898,ACC036,REP03,2025-10-26,Provider education,Left message
ACT001899,ACC063,REP08,2026-08-14,Email follow-up,Materials delivered
ACT001900,ACC022,REP03,2026-05-24,Email follow-up,Left message
ACT001901,ACC111,REP12,2026-01-07,Phone check-in,Left message
ACT001902,ACC001,REP02,2025-03-01,Provider education,Left message
ACT001903,ACC035,REP04,2026-02-15,Provider education,Materials delivered
ACT001904,ACC036,REP03,2025-08-14,Office visit,Left message
ACT001905,ACC011,REP02,2025-07-26,Phone check-in,Left message
ACT001906,ACC082,REP09,2026-05-31,Phone check-in,Left message
ACT001907,ACC052,REP05,2025-07-03,Provider education,Connected
ACT001908,ACC058,REP05,2025-12-05,Office visit,Materials delivered
ACT001909,ACC009,REP02,2026-06-10,Email follow-up,Follow-up requested
ACT001910,ACC097,REP10,2025-08-19,Email follow-up,Materials delivered
ACT001911,ACC103,REP12,2026-02-07,Phone check-in,Left message
ACT001912,ACC056,REP05,2026-01-01,Office visit,Connected
ACT001913,ACC024,REP03,2025-04-27,Office visit,Materials delivered
ACT001914,ACC032,REP03,2025-06-23,Provider education,Materials delivered
ACT001915,ACC064,REP07,2026-03-02,Email follow-up,Connected
ACT001916,ACC068,REP07,2026-08-06,Provider education,Left message
ACT001917,ACC061,REP08,2025-09-27,Provider education,Connected
ACT001918,ACC023,REP04,2025-01-02,Email follow-up,Follow-up requested
ACT001919,ACC117,REP12,2025-10-08,Provider education,Materials delivered
ACT001920,ACC029,REP04,2025-09-04,Office visit,Follow-up requested
ACT001921,ACC080,REP07,2026-07-03,Office visit,Follow-up requested
ACT001922,ACC013,REP02,2026-05-14,Phone check-in,Follow-up requested
ACT001923,ACC099,REP10,2025-01-06,Office visit,Connected
ACT001924,ACC040,REP03,2026-02-14,Provider education,Materials delivered
ACT001925,ACC110,REP11,2026-03-13,Email follow-up,Materials delivered
ACT001926,ACC033,REP04,2025-11-08,Email follow-up,Materials delivered
ACT001927,ACC009,REP02,2026-07-17,Office visit,Connected
ACT001928,ACC092,REP09,2026-07-19,Office visit,Left message
ACT001929,ACC118,REP11,2025-03-11,Email follow-up,Connected
ACT001930,ACC079,REP08,2026-02-27,Phone check-in,Connected
ACT001931,ACC026,REP03,2026-01-14,Office visit,Follow-up requested
ACT001932,ACC088,REP09,2026-05-21,Phone check-in,Materials delivered
ACT001933,ACC086,REP09,2025-05-25,Office visit,Connected
ACT001934,ACC086,REP09,2025-09-13,Office visit,Follow-up requested
ACT001935,ACC004,REP01,2025-03-23,Provider education,Connected
ACT001936,ACC038,REP03,2026-03-25,Email follow-up,Materials delivered
ACT001937,ACC043,REP06,2026-07-30,Email follow-up,Follow-up requested
ACT001938,ACC011,REP02,2026-07-21,Office visit,Materials delivered
ACT001939,ACC066,REP07,2026-03-15,Phone check-in,Follow-up requested
ACT001940,ACC050,REP05,2026-01-08,Email follow-up,Connected
ACT001941,ACC076,REP07,2025-05-13,Provider education,Follow-up requested
ACT001942,ACC086,REP09,2026-06-19,Provider education,Follow-up requested
ACT001943,ACC018,REP01,2026-03-07,Office visit,Left message
ACT001944,ACC051,REP06,2025-07-20,Office visit,Connected
ACT001945,ACC048,REP05,2025-10-05,Office visit,Materials delivered
ACT001946,ACC061,REP08,2026-04-12,Email follow-up,Materials delivered
ACT001947,ACC036,REP03,2025-08-11,Email follow-up,Left message
ACT001948,ACC112,REP11,2026-08-23,Provider education,Follow-up requested
ACT001949,ACC010,REP01,2025-07-13,Office visit,Materials delivered
ACT001950,ACC061,REP08,2026-01-27,Email follow-up,Connected
ACT001951,ACC048,REP05,2026-07-15,Phone check-in,Materials delivered
ACT001952,ACC027,REP04,2025-02-14,Phone check-in,Connected
ACT001953,ACC009,REP02,2026-03-14,Provider education,Left message
ACT001954,ACC001,REP02,2025-07-06,Email follow-up,Materials delivered
ACT001955,ACC005,REP02,2026-02-22,Phone check-in,Left message
ACT001956,ACC024,REP03,2025-12-25,Phone check-in,Left message
ACT001957,ACC109,REP12,2026-05-11,Phone check-in,Connected
ACT001958,ACC041,REP06,2025-04-30,Office visit,Connected
ACT001959,ACC022,REP03,2025-02-21,Office visit,Left message
ACT001960,ACC075,REP08,2025-08-19,Email follow-up,Connected
ACT001961,ACC056,REP05,2025-01-14,Office visit,Left message
ACT001962,ACC029,REP04,2026-08-23,Provider education,Follow-up requested
ACT001963,ACC061,REP08,2025-03-06,Email follow-up,Materials delivered
ACT001964,ACC007,,2025-11-15,Office visit,Connected
ACT001965,ACC095,REP10,2026-02-23,Provider education,Connected
ACT001966,ACC017,REP02,2025-05-18,Provider education,Materials delivered
ACT001967,ACC045,REP06,2025-03-14,Email follow-up,Follow-up requested
ACT001968,ACC057,REP06,2026-07-16,Email follow-up,Materials delivered
ACT001969,ACC111,REP12,2026-06-27,Provider education,Left message
ACT001970,ACC090,REP09,2025-12-23,Phone check-in,Left message
ACT001971,ACC018,REP01,2025-03-22,Office visit,Connected
ACT001972,ACC042,REP05,2026-08-15,Provider education,Connected
ACT001973,ACC043,REP06,2026-07-07,Phone check-in,Materials delivered
ACT001974,ACC005,REP02,2026-08-05,Phone check-in,Connected
ACT001975,ACC008,REP01,2025-02-22,Phone check-in,Materials delivered
ACT001976,ACC024,REP03,2026-01-04,Email follow-up,Follow-up requested
ACT001977,ACC013,REP02,2026-07-23,Phone check-in,Materials delivered
ACT001978,ACC116,REP11,2025-11-06,Email follow-up,Connected
ACT001979,ACC072,REP07,2025-03-21,Provider education,Materials delivered
ACT001980,ACC044,REP05,2025-04-29,Provider education,Connected
ACT001981,ACC034,REP03,2025-04-19,Phone check-in,Materials delivered
ACT001982,ACC051,REP06,2026-07-02,Email follow-up,Follow-up requested
ACT001983,ACC046,,2025-04-10,Email follow-up,Left message
ACT001984,ACC112,REP11,2025-08-31,Office visit,Materials delivered
ACT001985,ACC098,REP09,2025-01-04,Phone check-in,Left message
ACT001986,ACC033,REP04,2026-02-08,Office visit,Left message
ACT001987,ACC054,REP05,2025-09-11,Phone check-in,Connected
ACT001988,ACC016,REP01,2025-05-03,Office visit,Materials delivered
ACT001989,ACC028,,2025-01-01,Office visit,Connected
ACT001990,ACC114,REP11,2025-11-21,Phone check-in,Left message
ACT001991,ACC080,REP07,2025-12-31,Phone check-in,Connected
ACT001992,ACC006,REP01,2025-01-22,Email follow-up,Connected
ACT001993,ACC110,REP11,2025-01-09,Provider education,Materials delivered
ACT001994,ACC048,REP05,2026-02-12,Provider education,Materials delivered
ACT001995,ACC017,REP02,2025-05-15,Provider education,Connected
ACT001996,ACC119,REP12,2026-06-06,Email follow-up,Follow-up requested
ACT001997,ACC107,REP12,2026-03-12,Provider education,Follow-up requested
ACT001998,ACC036,REP03,2025-06-15,Provider education,Follow-up requested
ACT001999,ACC114,REP11,2025-04-11,Email follow-up,Materials delivered
ACT002000,ACC019,REP02,2025-12-14,Office visit,Connected
ACT002001,ACC075,REP08,2025-07-05,Provider education,Left message
ACT002002,ACC114,REP11,2025-11-14,Provider education,Left message
ACT002003,ACC084,,2026-04-26,Office visit,Left message
ACT002004,ACC097,REP10,2025-12-18,Phone check-in,Follow-up requested
ACT002005,ACC095,REP10,2026-08-01,Office visit,Left message
ACT002006,ACC078,REP07,2025-05-13,Provider education,Connected
ACT002007,ACC111,REP12,2026-04-27,Phone check-in,Follow-up requested
ACT002008,ACC053,REP06,2025-07-25,Provider education,Left message
ACT002009,ACC054,REP05,2025-06-04,Email follow-up,Materials delivered
ACT002010,ACC108,REP11,2025-01-03,Provider education,Connected
ACT002011,ACC076,REP07,2025-07-29,Office visit,Follow-up requested
ACT002012,ACC029,REP04,2025-12-15,Phone check-in,Connected
ACT002013,ACC074,REP07,2026-06-13,Office visit,Left message
ACT002014,ACC063,REP08,2025-07-03,Provider education,Connected
ACT002015,ACC100,REP09,2025-06-25,Phone check-in,Connected
ACT002016,ACC071,REP08,2025-03-27,Phone check-in,Materials delivered
ACT002017,ACC052,REP05,2025-04-30,Office visit,Follow-up requested
ACT002018,ACC081,REP10,2026-08-02,Phone check-in,Follow-up requested
ACT002019,ACC086,REP09,2026-07-25,Email follow-up,Connected
ACT002020,ACC005,REP02,2026-08-05,Email follow-up,Follow-up requested
ACT002021,ACC074,REP07,2025-07-04,Provider education,Connected
ACT002022,ACC115,REP12,2025-07-27,Office visit,Follow-up requested
ACT002023,ACC040,REP03,2025-05-13,Office visit,Follow-up requested
ACT002024,ACC091,REP10,2026-05-24,Provider education,Left message
ACT002025,ACC114,REP11,2025-06-01,Phone check-in,Left message
ACT002026,ACC057,REP06,2025-06-17,Phone check-in,Materials delivered
ACT002027,ACC047,REP06,2025-05-22,Email follow-up,Left message
ACT002028,ACC019,REP02,2026-04-03,Phone check-in,Follow-up requested
ACT002029,ACC047,REP06,2026-07-25,Office visit,Follow-up requested
ACT002030,ACC096,REP09,2026-01-12,Phone check-in,Follow-up requested
ACT002031,ACC002,REP01,2025-11-21,Provider education,Left message
ACT002032,ACC071,REP08,2025-12-17,Provider education,Connected
ACT002033,ACC024,REP03,2026-07-13,Office visit,Materials delivered
ACT002034,ACC021,REP04,2025-05-12,Email follow-up,Materials delivered
ACT002035,ACC086,REP09,2025-09-11,Email follow-up,Connected
ACT002036,ACC102,REP11,2025-04-09,Email follow-up,Connected
ACT002037,ACC016,REP01,2025-11-24,Email follow-up,Follow-up requested
ACT002038,ACC089,REP10,2026-05-16,Office visit,Materials delivered
ACT002039,ACC051,REP06,2025-10-17,Phone check-in,Materials delivered
ACT002040,ACC057,REP06,2025-03-31,Provider education,Connected
ACT002041,ACC102,REP11,2025-02-14,Provider education,Left message
ACT002042,ACC031,REP04,2025-02-04,Phone check-in,Follow-up requested
ACT002043,ACC043,REP06,2026-05-23,Phone check-in,Materials delivered
ACT002044,ACC056,REP05,2025-06-15,Office visit,Materials delivered
ACT002045,ACC079,REP08,2025-04-10,Provider education,Connected
ACT002046,ACC046,,2026-02-21,Provider education,Follow-up requested
ACT002047,ACC120,REP11,2025-08-12,Phone check-in,Connected
ACT002048,ACC003,REP02,2026-02-03,Office visit,Materials delivered
ACT002049,ACC048,REP05,2026-08-07,Phone check-in,Materials delivered
ACT002050,ACC027,REP04,2025-08-08,Phone check-in,Follow-up requested
ACT002051,ACC082,REP09,2026-02-12,Phone check-in,Left message
ACT002052,ACC085,REP10,2025-06-27,Email follow-up,Follow-up requested
ACT002053,ACC031,REP04,2025-07-25,Email follow-up,Left message
ACT002054,ACC098,REP09,2025-01-26,Provider education,Materials delivered
ACT002055,ACC069,,2025-06-27,Office visit,Materials delivered
ACT002056,ACC001,REP02,2025-03-22,Phone check-in,Connected
ACT002057,ACC090,REP09,2026-06-22,Phone check-in,Materials delivered
ACT002058,ACC067,REP08,2026-08-12,Provider education,Connected
ACT002059,ACC024,REP03,2025-08-31,Email follow-up,Left message
ACT002060,ACC037,REP04,2025-07-21,Phone check-in,Follow-up requested
ACT002061,ACC075,REP08,2025-12-05,Office visit,Materials delivered
ACT002062,ACC047,REP06,2026-02-23,Email follow-up,Materials delivered
ACT002063,ACC050,REP05,2026-04-14,Provider education,Left message
ACT002064,ACC104,REP11,2026-01-19,Provider education,Follow-up requested
ACT002065,ACC100,REP09,2026-02-19,Phone check-in,Follow-up requested
ACT002066,ACC048,REP05,2025-02-18,Provider education,Follow-up requested
ACT002067,ACC041,REP06,2025-06-13,Email follow-up,Follow-up requested
ACT002068,ACC077,REP08,2026-08-31,Provider education,Follow-up requested
ACT002069,ACC070,REP07,2025-11-04,Office visit,Follow-up requested
ACT002070,ACC065,REP08,2025-01-28,Office visit,Follow-up requested
ACT002071,ACC080,REP07,2026-06-01,Phone check-in,Left message
ACT002072,ACC038,REP03,2025-07-12,Email follow-up,Follow-up requested
ACT002073,ACC046,,2026-07-09,Email follow-up,Materials delivered
ACT002074,ACC118,REP11,2025-01-07,Provider education,Materials delivered
ACT002075,ACC119,REP12,2025-05-16,Email follow-up,Follow-up requested
ACT002076,ACC047,REP06,2026-04-26,Office visit,Materials delivered
ACT002077,ACC087,REP10,2025-04-12,Email follow-up,Materials delivered
ACT002078,ACC054,REP05,2026-07-09,Provider education,Materials delivered
ACT002079,ACC011,REP02,2026-08-12,Email follow-up,Follow-up requested
ACT002080,ACC097,REP10,2026-06-04,Phone check-in,Materials delivered
ACT002081,ACC043,REP06,2025-02-24,Provider education,Left message
ACT002082,ACC085,REP10,2025-11-26,Email follow-up,Left message
ACT002083,ACC064,REP07,2025-02-01,Phone check-in,Left message
ACT002084,ACC001,REP02,2025-01-30,Office visit,Materials delivered
ACT002085,ACC054,REP05,2025-01-11,Email follow-up,Materials delivered
ACT002086,ACC019,REP02,2025-01-10,Office visit,Left message
ACT002087,ACC093,REP10,2026-08-23,Phone check-in,Connected
ACT002088,ACC074,REP07,2026-07-08,Phone check-in,Left message
ACT002089,ACC055,REP06,2025-10-28,Provider education,Connected
ACT002090,ACC085,REP10,2025-01-06,Office visit,Left message
ACT002091,ACC019,REP02,2026-05-15,Provider education,Follow-up requested
ACT002092,ACC078,REP07,2026-02-24,Phone check-in,Left message
ACT002093,ACC001,REP02,2025-12-23,Email follow-up,Materials delivered
ACT002094,ACC001,REP02,2025-09-01,Provider education,Materials delivered
ACT002095,ACC042,REP05,2026-08-30,Provider education,Materials delivered
ACT002096,ACC042,REP05,2025-03-27,Email follow-up,Left message
ACT002097,ACC089,REP10,2025-02-19,Phone check-in,Follow-up requested
ACT002098,ACC030,REP03,2025-05-10,Phone check-in,Left message
ACT002099,ACC028,,2025-12-18,Email follow-up,Left message
ACT002100,ACC034,REP03,2025-02-15,Office visit,Left message
ACT002101,ACC084,,2025-07-11,Office visit,Left message
ACT002102,ACC117,REP12,2026-04-28,Phone check-in,Left message
ACT002103,ACC091,REP10,2026-03-15,Phone check-in,Materials delivered
ACT002104,ACC084,,2026-07-31,Provider education,Materials delivered
ACT002105,ACC004,REP01,2025-01-15,Phone check-in,Left message
ACT002106,ACC068,REP07,2026-04-09,Office visit,Follow-up requested
ACT002107,ACC026,REP03,2025-09-01,Phone check-in,Follow-up requested
ACT002108,ACC047,REP06,2026-04-14,Phone check-in,Connected
ACT002109,ACC055,REP06,2026-04-15,Phone check-in,Materials delivered
ACT002110,ACC010,REP01,2026-03-30,Provider education,Materials delivered
ACT002111,ACC011,REP02,2025-03-05,Phone check-in,Left message
ACT002112,ACC102,REP11,2025-04-27,Phone check-in,Follow-up requested
ACT002113,ACC091,REP10,2026-08-13,Phone check-in,Follow-up requested
ACT002114,ACC019,REP02,2026-04-10,Email follow-up,Left message
ACT002115,ACC016,REP01,2025-05-24,Office visit,Follow-up requested
ACT002116,ACC098,REP09,2026-04-13,Email follow-up,Connected
ACT002117,ACC022,REP03,2025-04-27,Email follow-up,Follow-up requested
ACT002118,ACC054,REP05,2026-03-24,Phone check-in,Follow-up requested
ACT002119,ACC028,,2026-01-21,Office visit,Left message
ACT002120,ACC062,REP07,2026-06-06,Office visit,Materials delivered
ACT002121,ACC004,REP01,2026-06-28,Phone check-in,Left message
ACT002122,ACC117,REP12,2026-03-21,Provider education,Materials delivered
ACT002123,ACC029,REP04,2026-05-07,Office visit,Connected
ACT002124,ACC111,REP12,2025-11-07,Office visit,Materials delivered
ACT002125,ACC016,REP01,2026-06-29,Email follow-up,Materials delivered
ACT002126,ACC057,REP06,2025-07-28,Provider education,Connected
ACT002127,ACC023,REP04,2026-02-19,Email follow-up,Connected
ACT002128,ACC016,REP01,2025-06-14,Provider education,Connected
ACT002129,ACC061,REP08,2026-01-19,Phone check-in,Follow-up requested
ACT002130,ACC116,REP11,2026-04-16,Email follow-up,Materials delivered
ACT002131,ACC005,REP02,2025-04-09,Office visit,Left message
ACT002132,ACC106,REP11,2026-03-02,Email follow-up,Follow-up requested
ACT002133,ACC019,REP02,2025-09-28,Office visit,Materials delivered
ACT002134,ACC108,REP11,2026-08-16,Provider education,Left message
ACT002135,ACC091,REP10,2026-03-25,Provider education,Follow-up requested
ACT002136,ACC104,REP11,2026-08-05,Office visit,Follow-up requested
ACT002137,ACC028,,2025-06-24,Email follow-up,Materials delivered
ACT002138,ACC109,REP12,2025-07-11,Email follow-up,Connected
ACT002139,ACC016,REP01,2026-02-06,Email follow-up,Follow-up requested
ACT002140,ACC017,REP02,2026-03-13,Provider education,Follow-up requested
ACT002141,ACC041,REP06,2025-07-16,Phone check-in,Follow-up requested
ACT002142,ACC089,REP10,2025-10-13,Phone check-in,Left message
ACT002143,ACC082,REP09,2026-03-16,Office visit,Materials delivered
ACT002144,ACC009,REP02,2025-09-17,Phone check-in,Connected
ACT002145,ACC023,REP04,2025-05-21,Provider education,Materials delivered
ACT002146,ACC013,REP02,2026-02-28,Provider education,Follow-up requested
ACT002147,ACC027,REP04,2025-05-12,Email follow-up,Materials delivered
ACT002148,ACC026,REP03,2026-06-28,Email follow-up,Materials delivered
ACT002149,ACC037,REP04,2025-08-20,Email follow-up,Left message
ACT002150,ACC059,REP06,2026-03-04,Provider education,Left message
ACT002151,ACC056,REP05,2026-05-09,Email follow-up,Connected
ACT002152,ACC072,REP07,2025-01-06,Phone check-in,Left message
ACT002153,ACC067,REP08,2026-03-22,Office visit,Left message
ACT002154,ACC033,REP04,2025-12-07,Provider education,Connected
ACT002155,ACC097,REP10,2026-01-26,Office visit,Follow-up requested
ACT002156,ACC114,REP11,2025-10-08,Email follow-up,Materials delivered
ACT002157,ACC094,REP09,2026-07-28,Office visit,Materials delivered
ACT002158,ACC061,REP08,2026-05-20,Phone check-in,Follow-up requested
ACT002159,ACC091,REP10,2025-05-19,Email follow-up,Follow-up requested
ACT002160,ACC087,REP10,2026-04-23,Office visit,Left message
ACT002161,ACC113,,2025-08-28,Office visit,Connected
ACT002162,ACC062,REP07,2025-06-16,Provider education,Connected
ACT002163,ACC079,REP08,2025-11-01,Office visit,Follow-up requested
ACT002164,ACC082,REP09,2025-08-29,Provider education,Left message
ACT002165,ACC107,REP12,2025-12-12,Office visit,Follow-up requested
ACT002166,ACC034,REP03,2025-08-26,Office visit,Left message
ACT002167,ACC092,REP09,2026-06-18,Phone check-in,Materials delivered
ACT002168,ACC109,REP12,2026-03-21,Provider education,Follow-up requested
ACT002169,ACC069,,2025-10-05,Provider education,Follow-up requested
ACT002170,ACC041,REP06,2025-08-25,Phone check-in,Follow-up requested
ACT002171,ACC053,REP06,2025-11-19,Phone check-in,Materials delivered
ACT002172,ACC044,REP05,2025-03-21,Email follow-up,Follow-up requested
ACT002173,ACC118,REP11,2026-01-13,Provider education,Materials delivered
ACT002174,ACC025,REP04,2025-07-06,Email follow-up,Connected
ACT002175,ACC077,REP08,2025-11-27,Phone check-in,Materials delivered
ACT002176,ACC043,REP06,2025-12-13,Email follow-up,Materials delivered
ACT002177,ACC097,REP10,2025-11-23,Office visit,Left message
ACT002178,ACC091,REP10,2026-06-24,Phone check-in,Follow-up requested
ACT002179,ACC004,REP01,2025-01-08,Phone check-in,Follow-up requested
ACT002180,ACC070,REP07,2026-01-27,Office visit,Connected
ACT002181,ACC096,REP09,2025-08-01,Office visit,Follow-up requested
ACT002182,ACC020,REP01,2026-01-11,Office visit,Left message
ACT002183,ACC116,REP11,2026-02-07,Provider education,Follow-up requested
ACT002184,ACC089,REP10,2025-08-30,Provider education,Left message
ACT002185,ACC002,REP01,2025-07-27,Phone check-in,Connected
ACT002186,ACC099,REP10,2025-11-13,Office visit,Follow-up requested
ACT002187,ACC055,REP06,2026-05-28,Provider education,Materials delivered
ACT002188,ACC007,,2025-08-15,Phone check-in,Connected
ACT002189,ACC015,REP02,2025-06-29,Phone check-in,Follow-up requested
ACT002190,ACC118,REP11,2025-10-29,Email follow-up,Follow-up requested
ACT002191,ACC100,REP09,2026-01-18,Provider education,Left message
ACT002192,ACC077,REP08,2025-07-20,Provider education,Connected
ACT002193,ACC047,REP06,2025-09-19,Phone check-in,Left message
ACT002194,ACC060,REP05,2025-10-26,Provider education,Follow-up requested
ACT002195,ACC092,REP09,2025-09-26,Provider education,Materials delivered
ACT002196,ACC077,REP08,2026-04-26,Email follow-up,Connected
ACT002197,ACC058,REP05,2026-01-14,Provider education,Connected
ACT002198,ACC028,,2025-01-01,Office visit,Follow-up requested
ACT002199,ACC005,REP02,2025-05-24,Email follow-up,Left message
ACT002200,ACC103,REP12,2025-07-11,Provider education,Connected
ACT002201,ACC050,REP05,2025-07-02,Office visit,Follow-up requested
ACT002202,ACC010,REP01,2025-08-23,Provider education,Materials delivered
ACT002203,ACC005,REP02,2025-06-04,Office visit,Connected
ACT002204,ACC023,REP04,2025-10-19,Email follow-up,Connected
ACT002205,ACC022,REP03,2026-05-06,Email follow-up,Left message
ACT002206,ACC070,REP07,2025-05-24,Email follow-up,Materials delivered
ACT002207,ACC051,REP06,2025-02-11,Phone check-in,Materials delivered
ACT002208,ACC100,REP09,2025-07-20,Phone check-in,Materials delivered
ACT002209,ACC078,REP07,2026-05-27,Email follow-up,Materials delivered
ACT002210,ACC074,REP07,2025-02-19,Provider education,Follow-up requested
ACT002211,ACC046,,2026-03-19,Office visit,Left message
ACT002212,ACC020,REP01,2025-08-14,Email follow-up,Left message
ACT002213,ACC116,REP11,2026-08-17,Phone check-in,Follow-up requested
ACT002214,ACC022,REP03,2025-09-07,Office visit,Follow-up requested
ACT002215,ACC117,REP12,2025-05-08,Phone check-in,Left message
ACT002216,ACC032,REP03,2025-09-22,Email follow-up,Left message
ACT002217,ACC031,REP04,2025-06-26,Provider education,Connected
ACT002218,ACC003,REP02,2025-02-21,Office visit,Materials delivered
ACT002219,ACC049,REP06,2026-07-27,Phone check-in,Materials delivered
ACT002220,ACC050,REP05,2026-06-09,Phone check-in,Materials delivered
ACT002221,ACC090,REP09,2025-09-24,Email follow-up,Materials delivered
ACT002222,ACC035,REP04,2025-03-10,Email follow-up,Materials delivered
ACT002223,ACC016,REP01,2025-10-08,Phone check-in,Connected
ACT002224,ACC058,REP05,2026-02-22,Phone check-in,Follow-up requested
ACT002225,ACC113,,2026-04-12,Provider education,Materials delivered
ACT002226,ACC071,REP08,2025-04-11,Email follow-up,Left message
ACT002227,ACC113,,2025-06-12,Office visit,Materials delivered
ACT002228,ACC037,REP04,2025-05-27,Phone check-in,Connected
ACT002229,ACC006,REP01,2025-07-29,Phone check-in,Connected
ACT002230,ACC014,REP01,2025-07-10,Phone check-in,Materials delivered
ACT002231,ACC041,REP06,2026-07-20,Email follow-up,Follow-up requested
ACT002232,ACC081,REP10,2026-05-18,Office visit,Materials delivered
ACT002233,ACC059,REP06,2025-09-27,Email follow-up,Follow-up requested
ACT002234,ACC077,REP08,2025-03-27,Phone check-in,Left message
ACT002235,ACC067,REP08,2025-07-06,Email follow-up,Follow-up requested
ACT002236,ACC023,REP04,2026-07-08,Email follow-up,Materials delivered
ACT002237,ACC003,REP02,2026-07-16,Office visit,Follow-up requested
ACT002238,ACC060,REP05,2026-04-26,Office visit,Materials delivered
ACT002239,ACC022,REP03,2026-07-27,Office visit,Follow-up requested
ACT002240,ACC045,REP06,2026-04-25,Email follow-up,Left message
ACT002241,ACC092,REP09,2025-12-01,Provider education,Connected
ACT002242,ACC110,REP11,2025-05-27,Office visit,Follow-up requested
ACT002243,ACC066,REP07,2025-09-28,Email follow-up,Materials delivered
ACT002244,ACC077,REP08,2025-10-28,Email follow-up,Follow-up requested
ACT002245,ACC049,REP06,2026-05-03,Provider education,Materials delivered
ACT002246,ACC025,REP04,2026-03-31,Office visit,Materials delivered
ACT002247,ACC003,REP02,2025-10-05,Office visit,Materials delivered
ACT002248,ACC015,REP02,2025-04-04,Email follow-up,Materials delivered
ACT002249,ACC073,REP08,2025-06-29,Email follow-up,Connected
ACT002250,ACC069,,2025-09-19,Phone check-in,Follow-up requested
ACT002251,ACC018,REP01,2026-05-04,Email follow-up,Left message
ACT002252,ACC078,REP07,2025-09-14,Phone check-in,Materials delivered
ACT002253,ACC009,REP02,2026-03-05,Office visit,Left message
ACT002254,ACC066,REP07,2026-05-10,Office visit,Materials delivered
ACT002255,ACC028,,2026-01-30,Phone check-in,Materials delivered
ACT002256,ACC039,REP04,2025-06-04,Provider education,Follow-up requested
ACT002257,ACC012,REP01,2025-04-19,Email follow-up,Materials delivered
ACT002258,ACC072,REP07,2026-04-30,Phone check-in,Materials delivered
ACT002259,ACC004,REP01,2025-03-14,Office visit,Left message
ACT002260,ACC075,REP08,2025-03-03,Provider education,Left message
ACT002261,ACC070,REP07,2025-03-12,Office visit,Materials delivered
ACT002262,ACC079,REP08,2026-08-27,Phone check-in,Connected
ACT002263,ACC039,REP04,2026-05-01,Provider education,Follow-up requested
ACT002264,ACC022,REP03,2025-10-06,Phone check-in,Materials delivered
ACT002265,ACC011,REP02,2025-08-22,Phone check-in,Follow-up requested
ACT002266,ACC070,REP07,2026-01-17,Email follow-up,Left message
ACT002267,ACC011,REP02,2025-01-21,Email follow-up,Materials delivered
ACT002268,ACC101,REP12,2026-08-19,Office visit,Materials delivered
ACT002269,ACC011,REP02,2026-08-21,Provider education,Connected
ACT002270,ACC108,REP11,2026-07-04,Provider education,Connected
ACT002271,ACC007,,2026-01-14,Phone check-in,Materials delivered
ACT002272,ACC065,REP08,2025-04-15,Phone check-in,Follow-up requested
ACT002273,ACC108,REP11,2026-07-30,Provider education,Materials delivered
ACT002274,ACC073,REP08,2025-04-20,Office visit,Left message
ACT002275,ACC083,REP10,2026-02-08,Email follow-up,Left message
ACT002276,ACC059,REP06,2025-07-07,Office visit,Follow-up requested
ACT002277,ACC008,REP01,2025-04-01,Provider education,Left message
ACT002278,ACC104,REP11,2025-02-14,Email follow-up,Left message
ACT002279,ACC045,REP06,2025-09-03,Phone check-in,Materials delivered
ACT002280,ACC089,REP10,2025-09-03,Phone check-in,Left message
ACT002281,ACC054,REP05,2026-03-04,Phone check-in,Connected
ACT002282,ACC064,REP07,2026-01-04,Email follow-up,Connected
ACT002283,ACC103,REP12,2026-05-16,Phone check-in,Left message
ACT002284,ACC025,REP04,2025-01-18,Provider education,Left message
ACT002285,ACC099,REP10,2025-10-22,Office visit,Connected
ACT002286,ACC056,REP05,2026-08-17,Provider education,Connected
ACT002287,ACC106,REP11,2025-06-24,Provider education,Follow-up requested
ACT002288,ACC004,REP01,2025-08-26,Provider education,Connected
ACT002289,ACC004,REP01,2026-01-29,Phone check-in,Connected
ACT002290,ACC045,REP06,2026-07-23,Email follow-up,Follow-up requested
ACT002291,ACC035,REP04,2026-02-02,Provider education,Connected
ACT002292,ACC019,REP02,2025-12-02,Phone check-in,Left message
ACT002293,ACC066,REP07,2025-05-22,Office visit,Materials delivered
ACT002294,ACC032,REP03,2025-05-04,Phone check-in,Left message
ACT002295,ACC013,REP02,2025-11-26,Phone check-in,Materials delivered
ACT002296,ACC018,REP01,2026-02-27,Phone check-in,Follow-up requested
ACT002297,ACC085,REP10,2025-12-30,Office visit,Follow-up requested
ACT002298,ACC014,REP01,2025-06-05,Provider education,Follow-up requested
ACT002299,ACC078,REP07,2025-12-06,Email follow-up,Left message
ACT002300,ACC054,REP05,2025-10-31,Office visit,Materials delivered
ACT002301,ACC104,REP11,2026-08-14,Office visit,Connected
ACT002302,ACC030,REP03,2026-06-17,Provider education,Follow-up requested
ACT002303,ACC067,REP08,2026-02-16,Phone check-in,Follow-up requested
ACT002304,ACC055,REP06,2025-02-18,Email follow-up,Follow-up requested
ACT002305,ACC100,REP09,2026-03-13,Provider education,Connected
ACT002306,ACC042,REP05,2026-01-23,Provider education,Follow-up requested
ACT002307,ACC097,REP10,2025-11-25,Office visit,Materials delivered
ACT002308,ACC068,REP07,2025-04-19,Phone check-in,Follow-up requested
ACT002309,ACC051,REP06,2026-01-06,Email follow-up,Connected
ACT002310,ACC073,REP08,2025-08-04,Email follow-up,Left message
ACT002311,ACC075,REP08,2026-05-01,Office visit,Connected
ACT002312,ACC107,REP12,2026-08-04,Phone check-in,Left message
ACT002313,ACC012,REP01,2026-05-06,Provider education,Follow-up requested
ACT002314,ACC047,REP06,2026-08-05,Provider education,Connected
ACT002315,ACC041,REP06,2026-07-23,Email follow-up,Left message
ACT002316,ACC100,REP09,2025-05-29,Email follow-up,Left message
ACT002317,ACC072,REP07,2025-04-20,Email follow-up,Left message
ACT002318,ACC117,REP12,2025-12-19,Email follow-up,Materials delivered
ACT002319,ACC115,REP12,2026-05-02,Email follow-up,Left message
ACT002320,ACC006,REP01,2025-02-04,Email follow-up,Connected
ACT002321,ACC034,REP03,2025-08-10,Provider education,Materials delivered
ACT002322,ACC039,REP04,2026-03-25,Email follow-up,Materials delivered
ACT002323,ACC083,REP10,2025-07-05,Email follow-up,Follow-up requested
ACT002324,ACC110,REP11,2026-01-01,Phone check-in,Left message
ACT002325,ACC079,REP08,2025-10-29,Provider education,Left message
ACT002326,ACC071,REP08,2025-07-04,Phone check-in,Follow-up requested
ACT002327,ACC063,REP08,2025-05-24,Office visit,Materials delivered
ACT002328,ACC067,REP08,2026-06-28,Phone check-in,Connected
ACT002329,ACC043,REP06,2025-04-30,Office visit,Materials delivered
ACT002330,ACC006,REP01,2025-05-06,Phone check-in,Follow-up requested
ACT002331,ACC062,REP07,2026-05-01,Office visit,Connected
ACT002332,ACC040,REP03,2026-05-29,Phone check-in,Connected
ACT002333,ACC096,REP09,2025-01-15,Provider education,Materials delivered
ACT002334,ACC078,REP07,2026-03-16,Provider education,Follow-up requested
ACT002335,ACC063,REP08,2026-08-23,Email follow-up,Follow-up requested
ACT002336,ACC026,REP03,2025-02-09,Provider education,Left message
ACT002337,ACC075,REP08,2026-05-24,Email follow-up,Left message
ACT002338,ACC089,REP10,2025-01-08,Phone check-in,Connected
ACT002339,ACC068,REP07,2025-02-06,Office visit,Left message
ACT002340,ACC091,REP10,2025-07-22,Provider education,Left message
ACT002341,ACC010,REP01,2025-01-27,Email follow-up,Follow-up requested
ACT002342,ACC070,REP07,2026-05-11,Provider education,Follow-up requested
ACT002343,ACC081,REP10,2025-02-26,Email follow-up,Left message
ACT002344,ACC015,REP02,2025-01-28,Phone check-in,Materials delivered
ACT002345,ACC055,REP06,2025-07-06,Phone check-in,Follow-up requested
ACT002346,ACC044,REP05,2026-06-17,Email follow-up,Connected
ACT002347,ACC029,REP04,2025-03-24,Provider education,Materials delivered
ACT002348,ACC110,REP11,2025-05-03,Office visit,Follow-up requested
ACT002349,ACC053,REP06,2026-03-23,Office visit,Follow-up requested
ACT002350,ACC098,REP09,2025-03-27,Provider education,Follow-up requested
ACT002351,ACC032,REP03,2025-04-24,Office visit,Left message
ACT002352,ACC107,REP12,2026-05-15,Email follow-up,Left message
ACT002353,ACC117,REP12,2025-01-25,Office visit,Materials delivered
ACT002354,ACC011,REP02,2025-10-26,Provider education,Materials delivered
ACT002355,ACC005,REP02,2026-04-18,Office visit,Follow-up requested
ACT002356,ACC105,REP12,2025-01-01,Phone check-in,Connected
ACT002357,ACC077,REP08,2025-12-22,Phone check-in,Left message
ACT002358,ACC008,REP01,2026-08-19,Email follow-up,Materials delivered
ACT002359,ACC102,REP11,2025-09-01,Phone check-in,Follow-up requested
ACT002360,ACC032,REP03,2025-03-04,Office visit,Materials delivered
ACT002361,ACC099,REP10,2025-08-25,Email follow-up,Follow-up requested
ACT002362,ACC082,REP09,2025-11-10,Phone check-in,Materials delivered
ACT002363,ACC119,REP12,2025-10-18,Phone check-in,Left message
ACT002364,ACC041,REP06,2025-11-23,Email follow-up,Connected
ACT002365,ACC075,REP08,2025-05-20,Phone check-in,Materials delivered
ACT002366,ACC017,REP02,2025-12-28,Email follow-up,Materials delivered
ACT002367,ACC111,REP12,2025-11-13,Email follow-up,Left message
ACT002368,ACC017,REP02,2026-03-12,Office visit,Connected
ACT002369,ACC041,REP06,2025-09-16,Office visit,Connected
ACT002370,ACC043,REP06,2026-02-20,Provider education,Materials delivered
ACT002371,ACC051,REP06,2025-01-03,Provider education,Materials delivered
ACT002372,ACC071,REP08,2025-11-26,Email follow-up,Connected
ACT002373,ACC018,REP01,2025-01-18,Phone check-in,Left message
ACT002374,ACC056,REP05,2026-03-21,Email follow-up,Materials delivered
ACT002375,ACC059,REP06,2025-07-23,Email follow-up,Connected
ACT002376,ACC010,REP01,2025-12-15,Phone check-in,Follow-up requested
ACT002377,ACC010,REP01,2025-02-15,Provider education,Connected
ACT002378,ACC106,REP11,2026-07-09,Email follow-up,Follow-up requested
ACT002379,ACC055,REP06,2026-05-24,Office visit,Materials delivered
ACT002380,ACC074,REP07,2025-03-23,Phone check-in,Follow-up requested
ACT002381,ACC097,REP10,2025-10-27,Phone check-in,Materials delivered
ACT002382,ACC024,REP03,2026-03-13,Phone check-in,Follow-up requested
ACT002383,ACC021,REP04,2025-08-15,Provider education,Connected
ACT002384,ACC084,,2025-02-16,Phone check-in,Connected
ACT002385,ACC107,REP12,2025-12-13,Provider education,Materials delivered
ACT002386,ACC040,REP03,2025-07-30,Email follow-up,Connected
ACT002387,ACC012,REP01,2025-09-17,Phone check-in,Materials delivered
ACT002388,ACC045,REP06,2026-05-28,Phone check-in,Connected
ACT002389,ACC074,REP07,2025-01-18,Email follow-up,Left message
ACT002390,ACC006,REP01,2026-03-31,Provider education,Left message
ACT002391,ACC013,REP02,2025-06-18,Provider education,Follow-up requested
ACT002392,ACC102,REP11,2026-07-21,Email follow-up,Materials delivered
ACT002393,ACC012,REP01,2025-03-04,Phone check-in,Follow-up requested
ACT002394,ACC114,REP11,2025-12-22,Provider education,Materials delivered
ACT002395,ACC077,REP08,2025-11-25,Provider education,Follow-up requested
ACT002396,ACC019,REP02,2026-02-16,Office visit,Follow-up requested
ACT002397,ACC063,REP08,2026-05-29,Phone check-in,Materials delivered
ACT002398,ACC101,REP12,2025-11-05,Provider education,Left message
ACT002399,ACC038,REP03,2025-08-10,Office visit,Connected
ACT002400,ACC061,REP08,2025-05-26,Phone check-in,Connected
ACT002401,ACC082,REP09,2026-01-04,Provider education,Materials delivered
ACT002402,ACC102,REP11,2025-09-17,Phone check-in,Connected
ACT002403,ACC090,REP09,2025-02-16,Email follow-up,Materials delivered
ACT002404,ACC061,REP08,2025-09-07,Office visit,Connected
ACT002405,ACC061,REP08,2026-01-22,Provider education,Follow-up requested
ACT002406,ACC044,REP05,2026-07-24,Phone check-in,Materials delivered
ACT002407,ACC049,REP06,2025-10-19,Provider education,Left message
ACT002408,ACC009,REP02,2025-04-28,Provider education,Connected
ACT002409,ACC001,REP02,2026-02-24,Phone check-in,Materials delivered
ACT002410,ACC004,REP01,2025-10-10,Email follow-up,Follow-up requested
ACT002411,ACC012,REP01,2026-03-26,Provider education,Materials delivered
ACT002412,ACC063,REP08,2025-04-10,Office visit,Follow-up requested
ACT002413,ACC020,REP01,2025-04-28,Phone check-in,Connected
ACT002414,ACC078,REP07,2026-01-15,Office visit,Follow-up requested
ACT002415,ACC075,REP08,2026-01-03,Office visit,Materials delivered
ACT002416,ACC039,REP04,2026-07-09,Provider education,Connected
ACT002417,ACC019,REP02,2025-01-05,Phone check-in,Materials delivered
ACT002418,ACC074,REP07,2025-03-07,Email follow-up,Left message
ACT002419,ACC065,REP08,2025-06-22,Phone check-in,Left message
ACT002420,ACC031,REP04,2025-10-07,Office visit,Follow-up requested
ACT002421,ACC085,REP10,2025-10-12,Provider education,Left message
ACT002422,ACC035,REP04,2026-07-19,Email follow-up,Left message
ACT002423,ACC089,REP10,2025-05-25,Phone check-in,Left message
ACT002424,ACC063,REP08,2025-06-08,Email follow-up,Follow-up requested
ACT002425,ACC054,REP05,2025-04-11,Email follow-up,Materials delivered
ACT002426,ACC003,REP02,2025-01-19,Office visit,Materials delivered
ACT002427,ACC095,REP10,2026-02-24,Email follow-up,Materials delivered
ACT002428,ACC010,REP01,2026-03-27,Phone check-in,Connected
ACT002429,ACC060,REP05,2026-01-03,Provider education,Materials delivered
ACT002430,ACC028,,2025-08-21,Email follow-up,Follow-up requested
ACT002431,ACC065,REP08,2025-04-21,Email follow-up,Follow-up requested
ACT002432,ACC049,REP06,2026-04-29,Provider education,Follow-up requested
ACT002433,ACC046,,2025-09-05,Office visit,Left message
ACT002434,ACC056,REP05,2025-07-31,Email follow-up,Left message
ACT002435,ACC024,REP03,2026-07-23,Email follow-up,Follow-up requested
ACT002436,ACC001,REP02,2025-02-18,Office visit,Follow-up requested
ACT002437,ACC108,REP11,2025-12-03,Provider education,Left message
ACT002438,ACC031,REP04,2026-03-13,Phone check-in,Follow-up requested
ACT002439,ACC008,REP01,2025-11-10,Email follow-up,Follow-up requested
ACT002440,ACC046,,2026-05-27,Phone check-in,Left message
ACT002441,ACC034,REP03,2025-04-25,Email follow-up,Follow-up requested
ACT002442,ACC059,REP06,2025-11-24,Phone check-in,Connected
ACT002443,ACC001,REP02,2026-01-19,Email follow-up,Connected
ACT002444,ACC042,REP05,2025-02-15,Office visit,Follow-up requested
ACT002445,ACC020,REP01,2025-08-15,Phone check-in,Materials delivered
ACT002446,ACC063,REP08,2025-04-11,Provider education,Follow-up requested
ACT002447,ACC108,REP11,2025-08-28,Email follow-up,Connected
ACT002448,ACC018,REP01,2026-02-09,Email follow-up,Connected
ACT002449,ACC024,REP03,2025-08-31,Email follow-up,Materials delivered
ACT002450,ACC054,REP05,2026-01-15,Phone check-in,Left message
ACT002451,ACC044,REP05,2026-03-29,Provider education,Materials delivered
ACT002452,ACC007,,2026-08-16,Email follow-up,Follow-up requested
ACT002453,ACC003,REP02,2025-05-12,Office visit,Left message
ACT002454,ACC014,REP01,2025-09-29,Email follow-up,Follow-up requested
ACT002455,ACC074,REP07,2025-05-16,Provider education,Left message
ACT002456,ACC049,REP06,2025-06-04,Phone check-in,Follow-up requested
ACT002457,ACC024,REP03,2026-03-20,Phone check-in,Materials delivered
ACT002458,ACC105,REP12,2026-02-05,Office visit,Materials delivered
ACT002459,ACC011,REP02,2025-05-18,Phone check-in,Connected
ACT002460,ACC116,REP11,2025-09-23,Provider education,Materials delivered
ACT002461,ACC092,REP09,2026-05-25,Email follow-up,Left message
ACT002462,ACC095,REP10,2025-03-29,Phone check-in,Follow-up requested
ACT002463,ACC008,REP01,2026-01-12,Email follow-up,Connected
ACT002464,ACC106,REP11,2026-08-26,Provider education,Connected
ACT002465,ACC064,REP07,2025-02-06,Provider education,Left message
ACT002466,ACC049,REP06,2026-06-23,Phone check-in,Left message
ACT002467,ACC088,REP09,2026-06-06,Provider education,Materials delivered
ACT002468,ACC115,REP12,2026-02-11,Email follow-up,Materials delivered
ACT002469,ACC107,REP12,2026-01-31,Provider education,Follow-up requested
ACT002470,ACC035,REP04,2026-07-03,Office visit,Connected
ACT002471,ACC028,,2025-11-29,Office visit,Materials delivered
ACT002472,ACC003,REP02,2026-06-30,Email follow-up,Follow-up requested
ACT002473,ACC111,REP12,2025-07-26,Office visit,Left message
ACT002474,ACC059,REP06,2025-12-20,Email follow-up,Left message
ACT002475,ACC038,REP03,2026-04-18,Office visit,Follow-up requested
ACT002476,ACC007,,2026-07-20,Office visit,Materials delivered
ACT002477,ACC028,,2025-08-23,Office visit,Left message
ACT002478,ACC113,,2025-11-05,Email follow-up,Materials delivered
ACT002479,ACC022,REP03,2025-11-05,Office visit,Follow-up requested
ACT002480,ACC040,REP03,2025-07-25,Provider education,Connected
ACT002481,ACC118,REP11,2025-06-12,Office visit,Follow-up requested
ACT002482,ACC079,REP08,2025-11-01,Email follow-up,Follow-up requested
ACT002483,ACC107,REP12,2025-10-14,Phone check-in,Connected
ACT002484,ACC117,REP12,2026-03-25,Office visit,Materials delivered
ACT002485,ACC028,,2025-03-10,Office visit,Materials delivered
ACT002486,ACC050,REP05,2026-05-03,Provider education,Connected
ACT002487,ACC115,REP12,2026-06-05,Email follow-up,Connected
ACT002488,ACC020,REP01,2026-04-20,Email follow-up,Left message
ACT002489,ACC051,REP06,2025-12-26,Office visit,Materials delivered
ACT002490,ACC011,REP02,2025-06-27,Office visit,Follow-up requested
ACT002491,ACC081,REP10,2026-07-07,Phone check-in,Follow-up requested
ACT002492,ACC074,REP07,2025-03-13,Office visit,Connected
ACT002493,ACC031,REP04,2026-01-28,Provider education,Left message
ACT002494,ACC088,REP09,2025-08-07,Office visit,Follow-up requested
ACT002495,ACC047,REP06,2026-02-18,Office visit,Follow-up requested
ACT002496,ACC016,REP01,2025-04-25,Email follow-up,Follow-up requested
ACT002497,ACC002,REP01,2026-02-24,Phone check-in,Left message
ACT002498,ACC075,REP08,2026-06-19,Office visit,Follow-up requested
ACT002499,ACC075,REP08,2026-03-02,Provider education,Follow-up requested
ACT002500,ACC089,REP10,2025-07-03,Provider education,Connected
ACT002501,ACC119,REP12,2026-05-08,Provider education,Left message
ACT002502,ACC024,REP03,2025-05-22,Email follow-up,Left message
ACT002503,ACC009,REP02,2026-04-15,Provider education,Materials delivered
ACT002504,ACC020,REP01,2026-02-02,Email follow-up,Connected
ACT002505,ACC073,REP08,2026-05-03,Email follow-up,Connected
ACT002506,ACC082,REP09,2025-08-14,Email follow-up,Materials delivered
ACT002507,ACC027,REP04,2025-08-19,Email follow-up,Left message
ACT002508,ACC076,REP07,2025-09-19,Provider education,Follow-up requested
ACT002509,ACC085,REP10,2025-10-11,Provider education,Follow-up requested
ACT002510,ACC009,REP02,2025-04-01,Office visit,Connected
ACT002511,ACC007,,2026-04-22,Provider education,Materials delivered
ACT002512,ACC053,REP06,2025-07-18,Phone check-in,Connected
ACT002513,ACC050,REP05,2026-06-22,Email follow-up,Left message
ACT002514,ACC063,REP08,2026-01-05,Office visit,Follow-up requested
ACT002515,ACC055,REP06,2025-03-18,Phone check-in,Left message
ACT002516,ACC081,REP10,2026-08-10,Provider education,Connected
ACT002517,ACC101,REP12,2025-01-03,Email follow-up,Connected
ACT002518,ACC020,REP01,2025-04-21,Phone check-in,Left message
ACT002519,ACC045,REP06,2025-03-05,Phone check-in,Left message
ACT002520,ACC091,REP10,2026-07-29,Provider education,Left message
ACT002521,ACC073,REP08,2026-08-24,Phone check-in,Left message
ACT002522,ACC041,REP06,2026-03-04,Provider education,Materials delivered
ACT002523,ACC109,REP12,2025-03-05,Phone check-in,Follow-up requested
ACT002524,ACC089,REP10,2026-01-23,Office visit,Left message
ACT002525,ACC042,REP05,2025-02-25,Office visit,Connected
ACT002526,ACC057,REP06,2025-04-24,Email follow-up,Follow-up requested
ACT002527,ACC098,REP09,2026-05-30,Office visit,Follow-up requested
ACT002528,ACC050,REP05,2025-10-09,Provider education,Connected
ACT002529,ACC097,REP10,2025-08-20,Provider education,Follow-up requested
ACT002530,ACC020,REP01,2026-05-17,Email follow-up,Left message
ACT002531,ACC114,REP11,2025-09-02,Email follow-up,Left message
ACT002532,ACC074,REP07,2026-06-25,Provider education,Follow-up requested
ACT002533,ACC097,REP10,2026-01-17,Office visit,Follow-up requested
ACT002534,ACC074,REP07,2025-01-10,Phone check-in,Materials delivered
ACT002535,ACC104,REP11,2025-01-06,Office visit,Connected
ACT002536,ACC013,REP02,2026-06-24,Provider education,Materials delivered
ACT002537,ACC063,REP08,2025-08-09,Phone check-in,Materials delivered
ACT002538,ACC032,REP03,2026-06-24,Phone check-in,Connected
ACT002539,ACC105,REP12,2025-05-25,Provider education,Connected
ACT002540,ACC114,REP11,2025-10-31,Email follow-up,Connected
ACT002541,ACC005,REP02,2026-07-10,Office visit,Follow-up requested
ACT002542,ACC021,REP04,2025-09-17,Email follow-up,Follow-up requested
ACT002543,ACC117,REP12,2026-05-28,Office visit,Materials delivered
ACT002544,ACC112,REP11,2026-05-25,Office visit,Left message
ACT002545,ACC075,REP08,2026-08-07,Office visit,Left message
ACT002546,ACC065,REP08,2025-12-19,Email follow-up,Materials delivered
ACT002547,ACC088,REP09,2025-09-16,Email follow-up,Left message
ACT002548,ACC035,REP04,2026-04-17,Office visit,Connected
ACT002549,ACC045,REP06,2026-03-17,Email follow-up,Follow-up requested
ACT002550,ACC013,REP02,2026-05-24,Email follow-up,Materials delivered
ACT002551,ACC064,REP07,2026-05-17,Office visit,Follow-up requested
ACT002552,ACC019,REP02,2025-04-17,Phone check-in,Materials delivered
ACT002553,ACC061,REP08,2026-08-07,Office visit,Follow-up requested
ACT002554,ACC107,REP12,2026-03-26,Provider education,Connected
ACT002555,ACC058,REP05,2026-01-29,Office visit,Follow-up requested
ACT002556,ACC021,REP04,2025-11-03,Office visit,Follow-up requested
ACT002557,ACC107,REP12,2026-03-09,Office visit,Materials delivered
ACT002558,ACC037,REP04,2026-08-14,Office visit,Connected
ACT002559,ACC111,REP12,2026-02-28,Office visit,Materials delivered
ACT002560,ACC074,REP07,2026-05-20,Email follow-up,Materials delivered
ACT002561,ACC001,REP02,2026-04-19,Email follow-up,Connected
ACT002562,ACC104,REP11,2026-02-10,Office visit,Materials delivered
ACT002563,ACC028,,2025-12-13,Provider education,Left message
ACT002564,ACC063,REP08,2026-08-30,Provider education,Materials delivered
ACT002565,ACC055,REP06,2026-02-12,Email follow-up,Materials delivered
ACT002566,ACC053,REP06,2025-10-17,Provider education,Follow-up requested
ACT002567,ACC098,REP09,2026-08-05,Email follow-up,Materials delivered
ACT002568,ACC068,REP07,2026-01-09,Office visit,Materials delivered
ACT002569,ACC051,REP06,2025-07-12,Phone check-in,Materials delivered
ACT002570,ACC097,REP10,2026-05-25,Email follow-up,Left message
ACT002571,ACC053,REP06,2025-01-06,Provider education,Left message
ACT002572,ACC099,REP10,2026-01-24,Office visit,Left message
ACT002573,ACC080,REP07,2025-12-11,Provider education,Left message
ACT002574,ACC030,REP03,2025-11-26,Provider education,Connected
ACT002575,ACC041,REP06,2025-06-09,Provider education,Left message
ACT002576,ACC100,REP09,2026-04-11,Office visit,Materials delivered
ACT002577,ACC007,,2026-06-23,Email follow-up,Follow-up requested
ACT002578,ACC099,REP10,2025-05-13,Office visit,Materials delivered
ACT002579,ACC062,REP07,2025-11-17,Provider education,Connected
ACT002580,ACC034,REP03,2026-08-08,Email follow-up,Materials delivered
ACT002581,ACC102,REP11,2025-07-30,Email follow-up,Follow-up requested
ACT002582,ACC008,REP01,2025-09-19,Phone check-in,Left message
ACT002583,ACC110,REP11,2026-03-13,Provider education,Follow-up requested
ACT002584,ACC075,REP08,2025-08-12,Office visit,Left message
ACT002585,ACC065,REP08,2025-04-10,Phone check-in,Materials delivered
ACT002586,ACC085,REP10,2026-04-15,Email follow-up,Materials delivered
ACT002587,ACC013,REP02,2025-11-14,Provider education,Connected
ACT002588,ACC085,REP10,2025-02-17,Email follow-up,Left message
ACT002589,ACC055,REP06,2025-10-20,Phone check-in,Follow-up requested
ACT002590,ACC102,REP11,2025-08-12,Office visit,Connected
ACT002591,ACC050,REP05,2025-10-08,Email follow-up,Follow-up requested
ACT002592,ACC017,REP02,2025-12-22,Office visit,Left message
ACT002593,ACC098,REP09,2026-04-27,Office visit,Connected
ACT002594,ACC035,REP04,2026-02-12,Office visit,Left message
ACT002595,ACC104,REP11,2025-02-28,Email follow-up,Follow-up requested
ACT002596,ACC085,REP10,2025-08-27,Phone check-in,Connected
ACT002597,ACC015,REP02,2026-02-04,Provider education,Materials delivered
ACT002598,ACC004,REP01,2026-07-22,Email follow-up,Follow-up requested
ACT002599,ACC067,REP08,2025-02-05,Office visit,Materials delivered
ACT002600,ACC018,REP01,2026-06-26,Office visit,Connected
ACT002601,ACC030,REP03,2026-01-24,Provider education,Follow-up requested
ACT002602,ACC015,REP02,2025-06-21,Provider education,Left message
ACT002603,ACC051,REP06,2025-05-01,Provider education,Materials delivered
ACT002604,ACC101,REP12,2026-01-05,Office visit,Materials delivered
ACT002605,ACC002,REP01,2026-05-01,Email follow-up,Follow-up requested
ACT002606,ACC025,REP04,2026-04-07,Office visit,Connected
ACT002607,ACC068,REP07,2026-08-28,Email follow-up,Follow-up requested
ACT002608,ACC004,REP01,2025-11-20,Provider education,Follow-up requested
ACT002609,ACC101,REP12,2025-01-28,Provider education,Connected
ACT002610,ACC016,REP01,2026-06-04,Provider education,Follow-up requested
ACT002611,ACC034,REP03,2026-05-31,Email follow-up,Connected
ACT002612,ACC011,REP02,2025-08-15,Email follow-up,Materials delivered
ACT002613,ACC070,REP07,2025-05-20,Office visit,Connected
ACT002614,ACC087,REP10,2025-11-13,Phone check-in,Follow-up requested
ACT002615,ACC003,REP02,2025-05-31,Provider education,Connected
ACT002616,ACC059,REP06,2025-03-18,Email follow-up,Connected
ACT002617,ACC119,REP12,2025-06-23,Phone check-in,Materials delivered
ACT002618,ACC026,REP03,2025-09-01,Phone check-in,Left message
ACT002619,ACC068,REP07,2025-04-25,Email follow-up,Materials delivered
ACT002620,ACC013,REP02,2026-05-08,Provider education,Follow-up requested
ACT002621,ACC035,REP04,2026-07-31,Phone check-in,Left message
ACT002622,ACC041,REP06,2025-03-30,Phone check-in,Materials delivered
ACT002623,ACC013,REP02,2026-04-26,Provider education,Follow-up requested
ACT002624,ACC049,REP06,2025-09-06,Office visit,Left message
ACT002625,ACC082,REP09,2026-02-21,Provider education,Connected
ACT002626,ACC011,REP02,2026-06-19,Email follow-up,Follow-up requested
ACT002627,ACC094,REP09,2026-03-06,Provider education,Follow-up requested
ACT002628,ACC033,REP04,2025-12-01,Office visit,Connected
ACT002629,ACC002,REP01,2026-04-17,Phone check-in,Materials delivered
ACT002630,ACC055,REP06,2026-06-16,Email follow-up,Connected
ACT002631,ACC091,REP10,2026-05-13,Provider education,Left message
ACT002632,ACC095,REP10,2025-11-13,Phone check-in,Left message
ACT002633,ACC119,REP12,2025-10-20,Provider education,Left message
ACT002634,ACC112,REP11,2026-05-05,Office visit,Materials delivered
ACT002635,ACC031,REP04,2025-09-11,Office visit,Follow-up requested
ACT002636,ACC008,REP01,2026-04-07,Email follow-up,Materials delivered
ACT002637,ACC069,,2026-03-29,Phone check-in,Follow-up requested
ACT002638,ACC079,REP08,2025-05-28,Phone check-in,Left message
ACT002639,ACC084,,2026-05-27,Provider education,Follow-up requested
ACT002640,ACC062,REP07,2026-04-18,Office visit,Connected
ACT002641,ACC070,REP07,2026-03-29,Provider education,Connected
ACT002642,ACC059,REP06,2026-04-18,Phone check-in,Follow-up requested
ACT002643,ACC065,REP08,2026-05-01,Email follow-up,Connected
ACT002644,ACC005,REP02,2026-01-15,Provider education,Materials delivered
ACT002645,ACC077,REP08,2026-04-11,Provider education,Materials delivered
ACT002646,ACC104,REP11,2025-09-20,Phone check-in,Materials delivered
ACT002647,ACC075,REP08,2025-05-13,Email follow-up,Connected
ACT002648,ACC033,REP04,2026-07-23,Email follow-up,Left message
ACT002649,ACC065,REP08,2025-12-13,Provider education,Materials delivered
ACT002650,ACC054,REP05,2026-02-02,Office visit,Connected
ACT002651,ACC014,REP01,2025-07-19,Email follow-up,Left message
ACT002652,ACC059,REP06,2026-08-11,Phone check-in,Materials delivered
ACT002653,ACC036,REP03,2025-08-06,Office visit,Materials delivered
ACT002654,ACC029,REP04,2026-07-25,Phone check-in,Left message
ACT002655,ACC007,,2025-08-18,Provider education,Follow-up requested
ACT002656,ACC032,REP03,2026-05-02,Email follow-up,Materials delivered
ACT002657,ACC071,REP08,2025-08-19,Email follow-up,Follow-up requested
ACT002658,ACC057,REP06,2026-02-02,Email follow-up,Connected
ACT002659,ACC066,REP07,2026-07-28,Office visit,Follow-up requested
ACT002660,ACC016,REP01,2025-01-18,Email follow-up,Materials delivered
ACT002661,ACC041,REP06,2025-05-02,Phone check-in,Connected
ACT002662,ACC087,REP10,2025-06-26,Office visit,Left message
ACT002663,ACC039,REP04,2025-09-11,Provider education,Materials delivered
ACT002664,ACC102,REP11,2025-02-15,Email follow-up,Connected
ACT002665,ACC077,REP08,2025-09-11,Provider education,Follow-up requested
ACT002666,ACC101,REP12,2025-12-16,Provider education,Left message
ACT002667,ACC035,REP04,2026-05-12,Provider education,Connected
ACT002668,ACC084,,2025-05-10,Provider education,Connected
ACT002669,ACC010,REP01,2026-05-20,Phone check-in,Materials delivered
ACT002670,ACC041,REP06,2025-06-02,Phone check-in,Connected
ACT002671,ACC025,REP04,2025-05-25,Email follow-up,Materials delivered
ACT002672,ACC069,,2025-06-27,Phone check-in,Follow-up requested
ACT002673,ACC080,REP07,2025-04-28,Provider education,Left message
ACT002674,ACC043,REP06,2025-05-16,Provider education,Left message
ACT002675,ACC068,REP07,2026-08-15,Provider education,Materials delivered
ACT002676,ACC014,REP01,2025-11-20,Office visit,Connected
ACT002677,ACC093,REP10,2025-05-15,Phone check-in,Follow-up requested
ACT002678,ACC028,,2026-05-29,Email follow-up,Left message
ACT002679,ACC035,REP04,2025-02-19,Phone check-in,Follow-up requested
ACT002680,ACC069,,2026-05-24,Phone check-in,Follow-up requested
ACT002681,ACC109,REP12,2025-10-10,Email follow-up,Materials delivered
ACT002682,ACC002,REP01,2025-06-04,Office visit,Connected
ACT002683,ACC076,REP07,2025-07-30,Provider education,Materials delivered
ACT002684,ACC004,REP01,2025-08-30,Email follow-up,Follow-up requested
ACT002685,ACC114,REP11,2025-08-09,Email follow-up,Left message
ACT002686,ACC111,REP12,2026-03-18,Email follow-up,Connected
ACT002687,ACC009,REP02,2026-08-16,Provider education,Follow-up requested
ACT002688,ACC026,REP03,2026-06-03,Email follow-up,Follow-up requested
ACT002689,ACC099,REP10,2025-07-24,Provider education,Follow-up requested
ACT002690,ACC048,REP05,2025-02-03,Office visit,Left message
ACT002691,ACC030,REP03,2025-06-26,Provider education,Materials delivered
ACT002692,ACC096,REP09,2025-05-18,Office visit,Materials delivered
ACT002693,ACC100,REP09,2026-01-04,Office visit,Follow-up requested
ACT002694,ACC108,REP11,2025-01-31,Provider education,Materials delivered
ACT002695,ACC068,REP07,2025-11-22,Office visit,Follow-up requested
ACT002696,ACC078,REP07,2026-04-16,Phone check-in,Connected
ACT002697,ACC080,REP07,2025-09-29,Office visit,Connected
ACT002698,ACC013,REP02,2025-01-09,Phone check-in,Left message
ACT002699,ACC021,REP04,2025-01-31,Phone check-in,Materials delivered
ACT002700,ACC044,REP05,2025-02-12,Provider education,Materials delivered
ACT002701,ACC087,REP10,2026-07-27,Email follow-up,Connected
ACT002702,ACC042,REP05,2025-09-29,Office visit,Left message
ACT002703,ACC024,REP03,2025-06-27,Provider education,Follow-up requested
ACT002704,ACC092,REP09,2026-03-30,Provider education,Left message
ACT002705,ACC032,REP03,2026-03-10,Phone check-in,Materials delivered
ACT002706,ACC105,REP12,2025-03-24,Provider education,Follow-up requested
ACT002707,ACC053,REP06,2025-09-23,Office visit,Left message
ACT002708,ACC110,REP11,2026-06-22,Office visit,Left message
ACT002709,ACC098,REP09,2026-01-15,Phone check-in,Connected
ACT002710,ACC078,REP07,2025-01-07,Phone check-in,Materials delivered
ACT002711,ACC057,REP06,2026-04-06,Provider education,Follow-up requested
ACT002712,ACC054,REP05,2026-02-22,Email follow-up,Left message
ACT002713,ACC064,REP07,2025-10-21,Email follow-up,Connected
ACT002714,ACC077,REP08,2025-12-05,Office visit,Connected
ACT002715,ACC100,REP09,2025-03-10,Office visit,Connected
ACT002716,ACC116,REP11,2025-11-04,Provider education,Connected
ACT002717,ACC092,REP09,2025-11-15,Office visit,Materials delivered
ACT002718,ACC046,,2025-08-24,Phone check-in,Follow-up requested
ACT002719,ACC085,REP10,2025-10-30,Email follow-up,Materials delivered
ACT002720,ACC049,REP06,2026-08-06,Phone check-in,Materials delivered
ACT002721,ACC117,REP12,2025-02-20,Email follow-up,Follow-up requested
ACT002722,ACC011,REP02,2025-07-21,Office visit,Connected
ACT002723,ACC094,REP09,2026-07-03,Provider education,Left message
ACT002724,ACC033,REP04,2026-01-21,Provider education,Connected
ACT002725,ACC024,REP03,2026-03-04,Phone check-in,Follow-up requested
ACT002726,ACC119,REP12,2025-12-17,Office visit,Materials delivered
ACT002727,ACC024,REP03,2026-03-25,Office visit,Connected
ACT002728,ACC042,REP05,2025-01-19,Email follow-up,Materials delivered
ACT002729,ACC067,REP08,2026-01-26,Phone check-in,Connected
ACT002730,ACC013,REP02,2025-03-05,Provider education,Follow-up requested
ACT002731,ACC105,REP12,2025-03-11,Provider education,Materials delivered
ACT002732,ACC011,REP02,2025-03-08,Provider education,Materials delivered
ACT002733,ACC085,REP10,2025-10-24,Provider education,Left message
ACT002734,ACC044,REP05,2025-10-29,Office visit,Connected
ACT002735,ACC048,REP05,2026-01-20,Provider education,Materials delivered
ACT002736,ACC106,REP11,2026-02-04,Phone check-in,Connected
ACT002737,ACC029,REP04,2025-07-20,Email follow-up,Follow-up requested
ACT002738,ACC118,REP11,2025-12-25,Email follow-up,Connected
ACT002739,ACC022,REP03,2025-06-16,Phone check-in,Connected
ACT002740,ACC045,REP06,2026-02-23,Email follow-up,Materials delivered
ACT002741,ACC077,REP08,2025-11-28,Office visit,Left message
ACT002742,ACC064,REP07,2025-04-28,Email follow-up,Connected
ACT002743,ACC016,REP01,2026-05-06,Office visit,Follow-up requested
ACT002744,ACC035,REP04,2026-03-08,Provider education,Connected
ACT002745,ACC047,REP06,2026-06-01,Phone check-in,Connected
ACT002746,ACC062,REP07,2025-02-13,Phone check-in,Materials delivered
ACT002747,ACC037,REP04,2025-11-17,Phone check-in,Materials delivered
ACT002748,ACC085,REP10,2026-06-20,Provider education,Materials delivered
ACT002749,ACC039,REP04,2026-01-31,Phone check-in,Connected
ACT002750,ACC068,REP07,2026-01-18,Office visit,Left message
ACT002751,ACC094,REP09,2025-10-25,Email follow-up,Connected
ACT002752,ACC038,REP03,2026-03-20,Email follow-up,Materials delivered
ACT002753,ACC014,REP01,2025-10-27,Office visit,Left message
ACT002754,ACC058,REP05,2026-07-15,Office visit,Left message
ACT002755,ACC014,REP01,2025-04-15,Phone check-in,Materials delivered
ACT002756,ACC024,REP03,2026-03-20,Email follow-up,Follow-up requested
ACT002757,ACC101,REP12,2025-10-16,Office visit,Left message
ACT002758,ACC097,REP10,2026-02-14,Phone check-in,Follow-up requested
ACT002759,ACC107,REP12,2025-08-18,Email follow-up,Left message
ACT002760,ACC044,REP05,2025-02-13,Provider education,Connected
ACT002761,ACC012,REP01,2026-01-26,Office visit,Connected
ACT002762,ACC018,REP01,2026-07-18,Provider education,Follow-up requested
ACT002763,ACC009,REP02,2025-06-09,Office visit,Connected
ACT002764,ACC073,REP08,2025-06-19,Email follow-up,Connected
ACT002765,ACC086,REP09,2025-03-19,Phone check-in,Left message
ACT002766,ACC053,REP06,2026-06-04,Provider education,Follow-up requested
ACT002767,ACC085,REP10,2025-05-16,Phone check-in,Follow-up requested
ACT002768,ACC031,REP04,2025-05-09,Provider education,Left message
ACT002769,ACC079,REP08,2025-01-18,Office visit,Left message
ACT002770,ACC091,REP10,2025-03-13,Phone check-in,Materials delivered
ACT002771,ACC061,REP08,2025-02-22,Provider education,Connected
ACT002772,ACC032,REP03,2026-01-04,Office visit,Materials delivered
ACT002773,ACC092,REP09,2025-11-04,Provider education,Left message
ACT002774,ACC102,REP11,2026-05-17,Phone check-in,Materials delivered
ACT002775,ACC112,REP11,2025-09-19,Office visit,Connected
ACT002776,ACC099,REP10,2025-11-25,Phone check-in,Connected
ACT002777,ACC040,REP03,2026-02-15,Provider education,Connected
ACT002778,ACC093,REP10,2025-06-29,Email follow-up,Left message
ACT002779,ACC017,REP02,2025-01-07,Phone check-in,Connected
ACT002780,ACC112,REP11,2025-12-22,Phone check-in,Materials delivered
ACT002781,ACC076,REP07,2026-04-19,Provider education,Left message
ACT002782,ACC072,REP07,2025-06-17,Phone check-in,Follow-up requested
ACT002783,ACC111,REP12,2026-02-27,Office visit,Materials delivered
ACT002784,ACC028,,2025-03-03,Office visit,Left message
ACT002785,ACC025,REP04,2026-06-24,Email follow-up,Left message
ACT002786,ACC029,REP04,2025-04-04,Email follow-up,Materials delivered
ACT002787,ACC006,REP01,2025-06-24,Phone check-in,Left message
ACT002788,ACC013,REP02,2026-04-04,Email follow-up,Connected
ACT002789,ACC104,REP11,2025-12-09,Phone check-in,Left message
ACT002790,ACC075,REP08,2025-04-07,Email follow-up,Follow-up requested
ACT002791,ACC070,REP07,2025-04-16,Provider education,Materials delivered
ACT002792,ACC084,,2025-05-31,Email follow-up,Follow-up requested
ACT002793,ACC090,REP09,2025-01-25,Email follow-up,Follow-up requested
ACT002794,ACC109,REP12,2025-10-11,Office visit,Connected
ACT002795,ACC017,REP02,2026-05-27,Provider education,Materials delivered
ACT002796,ACC060,REP05,2025-01-19,Provider education,Follow-up requested
ACT002797,ACC109,REP12,2025-06-12,Phone check-in,Materials delivered
ACT002798,ACC092,REP09,2026-02-01,Provider education,Materials delivered
ACT002799,ACC016,REP01,2026-04-12,Email follow-up,Connected
ACT002800,ACC117,REP12,2026-02-22,Phone check-in,Follow-up requested
ACT002801,ACC068,REP07,2025-11-11,Office visit,Follow-up requested
ACT002802,ACC011,REP02,2025-05-14,Provider education,Left message
ACT002803,ACC114,REP11,2026-06-20,Provider education,Connected
ACT002804,ACC033,REP04,2026-08-29,Office visit,Left message
ACT002805,ACC072,REP07,2025-03-28,Phone check-in,Connected
ACT002806,ACC027,REP04,2025-08-21,Email follow-up,Connected
ACT002807,ACC103,REP12,2025-12-03,Phone check-in,Connected
ACT002808,ACC046,,2025-11-29,Office visit,Left message
ACT002809,ACC070,REP07,2025-05-22,Provider education,Follow-up requested
ACT002810,ACC063,REP08,2026-03-19,Office visit,Left message
ACT002811,ACC050,REP05,2026-03-08,Provider education,Materials delivered
ACT002812,ACC102,REP11,2026-04-26,Email follow-up,Materials delivered
ACT002813,ACC048,REP05,2026-06-06,Office visit,Left message
ACT002814,ACC071,REP08,2025-04-16,Provider education,Left message
ACT002815,ACC037,REP04,2026-04-05,Email follow-up,Materials delivered
ACT002816,ACC040,REP03,2025-02-09,Email follow-up,Materials delivered
ACT002817,ACC063,REP08,2025-07-19,Phone check-in,Materials delivered
ACT002818,ACC085,REP10,2025-11-18,Phone check-in,Materials delivered
ACT002819,ACC100,REP09,2025-06-17,Email follow-up,Left message
ACT002820,ACC051,REP06,2026-04-18,Provider education,Follow-up requested
ACT002821,ACC067,REP08,2025-10-02,Phone check-in,Follow-up requested
ACT002822,ACC099,REP10,2025-04-22,Office visit,Connected
ACT002823,ACC108,REP11,2026-03-28,Phone check-in,Left message
ACT002824,ACC045,REP06,2025-09-24,Email follow-up,Left message
ACT002825,ACC084,,2025-04-23,Phone check-in,Follow-up requested
ACT002826,ACC111,REP12,2026-04-05,Phone check-in,Follow-up requested
ACT002827,ACC020,REP01,2026-08-09,Provider education,Materials delivered
ACT002828,ACC049,REP06,2026-08-31,Phone check-in,Connected
ACT002829,ACC113,,2025-12-02,Email follow-up,Left message
ACT002830,ACC059,REP06,2026-04-20,Office visit,Connected
ACT002831,ACC018,REP01,2025-04-19,Email follow-up,Left message
ACT002832,ACC113,,2026-01-07,Email follow-up,Follow-up requested
ACT002833,ACC102,REP11,2025-08-13,Phone check-in,Materials delivered
ACT002834,ACC059,REP06,2025-10-20,Phone check-in,Connected
ACT002835,ACC106,REP11,2025-08-05,Provider education,Connected
ACT002836,ACC037,REP04,2025-10-02,Phone check-in,Materials delivered
ACT002837,ACC056,REP05,2025-03-09,Provider education,Follow-up requested
ACT002838,ACC095,REP10,2025-12-01,Email follow-up,Follow-up requested
ACT002839,ACC103,REP12,2025-10-21,Office visit,Left message
ACT002840,ACC070,REP07,2025-01-08,Phone check-in,Connected
ACT002841,ACC019,REP02,2025-06-12,Provider education,Follow-up requested
ACT002842,ACC091,REP10,2026-02-20,Provider education,Connected
ACT002843,ACC111,REP12,2026-04-09,Phone check-in,Left message
ACT002844,ACC108,REP11,2025-08-13,Email follow-up,Follow-up requested
ACT002845,ACC086,REP09,2025-04-16,Phone check-in,Materials delivered
ACT002846,ACC037,REP04,2026-03-31,Phone check-in,Materials delivered
ACT002847,ACC093,REP10,2025-05-11,Office visit,Follow-up requested
ACT002848,ACC043,REP06,2025-04-24,Email follow-up,Materials delivered
ACT002849,ACC107,REP12,2026-03-18,Provider education,Follow-up requested
ACT002850,ACC096,REP09,2026-05-25,Office visit,Follow-up requested
ACT002851,ACC070,REP07,2025-11-22,Phone check-in,Follow-up requested
ACT002852,ACC072,REP07,2025-12-16,Provider education,Left message
ACT002853,ACC019,REP02,2025-08-21,Phone check-in,Follow-up requested
ACT002854,ACC008,REP01,2025-01-10,Email follow-up,Connected
ACT002855,ACC075,REP08,2026-01-06,Office visit,Materials delivered
ACT002856,ACC120,REP11,2025-12-25,Office visit,Materials delivered
ACT002857,ACC040,REP03,2025-08-17,Email follow-up,Left message
ACT002858,ACC105,REP12,2026-05-22,Phone check-in,Follow-up requested
ACT002859,ACC074,REP07,2025-01-05,Office visit,Materials delivered
ACT002860,ACC067,REP08,2025-07-18,Office visit,Materials delivered
ACT002861,ACC108,REP11,2026-07-20,Phone check-in,Left message
ACT002862,ACC039,REP04,2025-12-12,Email follow-up,Left message
ACT002863,ACC102,REP11,2026-05-25,Office visit,Materials delivered
ACT002864,ACC026,REP03,2025-06-02,Email follow-up,Follow-up requested
ACT002865,ACC115,REP12,2026-08-15,Email follow-up,Connected
ACT002866,ACC015,REP02,2026-01-15,Office visit,Materials delivered
ACT002867,ACC010,REP01,2025-08-23,Provider education,Left message
ACT002868,ACC096,REP09,2025-09-10,Provider education,Follow-up requested
ACT002869,ACC053,REP06,2026-08-20,Email follow-up,Connected
ACT002870,ACC052,REP05,2026-07-16,Email follow-up,Materials delivered
ACT002871,ACC075,REP08,2026-02-20,Phone check-in,Materials delivered
ACT002872,ACC021,REP04,2026-03-08,Provider education,Materials delivered
ACT002873,ACC026,REP03,2025-12-22,Phone check-in,Connected
ACT002874,ACC008,REP01,2025-02-23,Phone check-in,Connected
ACT002875,ACC054,REP05,2026-02-20,Provider education,Left message
ACT002876,ACC022,REP03,2025-06-25,Email follow-up,Connected
ACT002877,ACC017,REP02,2025-08-09,Provider education,Connected
ACT002878,ACC053,REP06,2026-01-06,Phone check-in,Materials delivered
ACT002879,ACC079,REP08,2026-07-10,Provider education,Left message
ACT002880,ACC114,REP11,2025-02-04,Email follow-up,Follow-up requested
ACT002881,ACC028,,2025-01-21,Provider education,Connected
ACT002882,ACC051,REP06,2026-07-28,Phone check-in,Connected
ACT002883,ACC002,REP01,2025-11-08,Email follow-up,Connected
ACT002884,ACC083,REP10,2025-06-11,Office visit,Left message
ACT002885,ACC022,REP03,2025-03-13,Email follow-up,Connected
ACT002886,ACC119,REP12,2025-10-24,Phone check-in,Follow-up requested
ACT002887,ACC044,REP05,2025-10-02,Phone check-in,Left message
ACT002888,ACC051,REP06,2026-06-21,Phone check-in,Follow-up requested
ACT002889,ACC083,REP10,2025-03-15,Provider education,Connected
ACT002890,ACC073,REP08,2025-09-28,Office visit,Connected
ACT002891,ACC059,REP06,2025-07-02,Office visit,Materials delivered
ACT002892,ACC052,REP05,2025-01-01,Phone check-in,Connected
ACT002893,ACC026,REP03,2025-06-02,Phone check-in,Left message
ACT002894,ACC100,REP09,2025-07-22,Phone check-in,Connected
ACT002895,ACC088,REP09,2025-10-02,Email follow-up,Materials delivered
ACT002896,ACC090,REP09,2026-06-22,Provider education,Follow-up requested
ACT002897,ACC103,REP12,2025-04-16,Phone check-in,Connected
ACT002898,ACC046,,2025-12-10,Email follow-up,Connected
ACT002899,ACC081,REP10,2025-01-12,Phone check-in,Connected
ACT002900,ACC078,REP07,2025-04-25,Provider education,Connected
ACT002901,ACC009,REP02,2026-06-09,Office visit,Connected
ACT002902,ACC029,REP04,2025-08-21,Provider education,Connected
ACT002903,ACC030,REP03,2025-03-24,Phone check-in,Left message
ACT002904,ACC048,REP05,2026-03-05,Provider education,Connected
ACT002905,ACC070,REP07,2025-11-22,Phone check-in,Follow-up requested
ACT002906,ACC092,REP09,2025-10-17,Office visit,Left message
ACT002907,ACC022,REP03,2025-02-14,Provider education,Connected
ACT002908,ACC056,REP05,2025-07-03,Office visit,Follow-up requested
ACT002909,ACC091,REP10,2026-04-10,Office visit,Follow-up requested
ACT002910,ACC067,REP08,2026-04-13,Provider education,Left message
ACT002911,ACC052,REP05,2026-01-01,Provider education,Follow-up requested
ACT002912,ACC014,REP01,2025-01-28,Office visit,Connected
ACT002913,ACC050,REP05,2025-07-17,Office visit,Left message
ACT002914,ACC072,REP07,2026-03-09,Phone check-in,Materials delivered
ACT002915,ACC017,REP02,2026-03-04,Provider education,Connected
ACT002916,ACC020,REP01,2026-05-31,Phone check-in,Follow-up requested
ACT002917,ACC081,REP10,2025-02-15,Office visit,Follow-up requested
ACT002918,ACC055,REP06,2025-08-10,Provider education,Connected
ACT002919,ACC028,,2025-01-29,Email follow-up,Left message
ACT002920,ACC046,,2025-07-30,Phone check-in,Follow-up requested
ACT002921,ACC051,REP06,2025-09-11,Email follow-up,Materials delivered
ACT002922,ACC070,REP07,2025-08-08,Office visit,Materials delivered
ACT002923,ACC006,REP01,2026-07-26,Provider education,Materials delivered
ACT002924,ACC023,REP04,2026-07-02,Email follow-up,Follow-up requested
ACT002925,ACC111,REP12,2025-08-10,Phone check-in,Left message
ACT002926,ACC084,,2025-02-03,Office visit,Materials delivered
ACT002927,ACC103,REP12,2026-02-05,Office visit,Follow-up requested
ACT002928,ACC095,REP10,2025-05-31,Office visit,Left message
ACT002929,ACC108,REP11,2026-01-08,Provider education,Connected
ACT002930,ACC033,REP04,2025-01-25,Office visit,Connected
ACT002931,ACC030,REP03,2025-07-16,Provider education,Connected
ACT002932,ACC002,REP01,2025-04-12,Phone check-in,Connected
ACT002933,ACC060,REP05,2026-08-23,Phone check-in,Left message
ACT002934,ACC006,REP01,2026-02-08,Office visit,Materials delivered
ACT002935,ACC023,REP04,2026-02-23,Office visit,Connected
ACT002936,ACC042,REP05,2025-08-14,Provider education,Connected
ACT002937,ACC074,REP07,2025-07-19,Office visit,Left message
ACT002938,ACC002,REP01,2026-08-07,Phone check-in,Connected
ACT002939,ACC068,REP07,2025-07-24,Email follow-up,Follow-up requested
ACT002940,ACC080,REP07,2026-01-31,Provider education,Follow-up requested
ACT002941,ACC008,REP01,2025-09-20,Provider education,Follow-up requested
ACT002942,ACC056,REP05,2025-02-11,Office visit,Materials delivered
ACT002943,ACC076,REP07,2025-01-31,Provider education,Materials delivered
ACT002944,ACC115,REP12,2025-06-08,Provider education,Follow-up requested
ACT002945,ACC001,REP02,2025-05-01,Phone check-in,Left message
ACT002946,ACC088,REP09,2025-06-08,Provider education,Connected
ACT002947,ACC094,REP09,2026-06-22,Email follow-up,Follow-up requested
ACT002948,ACC064,REP07,2026-03-25,Phone check-in,Follow-up requested
ACT002949,ACC006,REP01,2026-04-08,Email follow-up,Left message
ACT002950,ACC106,REP11,2025-07-26,Phone check-in,Follow-up requested
ACT002951,ACC085,REP10,2026-02-08,Email follow-up,Connected
ACT002952,ACC081,REP10,2025-09-09,Phone check-in,Materials delivered
ACT002953,ACC071,REP08,2026-08-22,Phone check-in,Connected
ACT002954,ACC005,REP02,2025-01-12,Office visit,Follow-up requested
ACT002955,ACC011,REP02,2025-12-23,Provider education,Connected
ACT002956,ACC025,REP04,2026-03-04,Office visit,Connected
ACT002957,ACC078,REP07,2025-09-18,Email follow-up,Connected
ACT002958,ACC085,REP10,2026-08-29,Provider education,Follow-up requested
ACT002959,ACC028,,2026-07-16,Office visit,Connected
ACT002960,ACC029,REP04,2026-02-14,Office visit,Connected
ACT002961,ACC027,REP04,2026-02-04,Office visit,Materials delivered
ACT002962,ACC048,REP05,2026-08-01,Provider education,Follow-up requested
ACT002963,ACC017,REP02,2025-12-17,Email follow-up,Follow-up requested
ACT002964,ACC099,REP10,2025-12-29,Email follow-up,Left message
ACT002965,ACC072,REP07,2026-07-31,Office visit,Materials delivered
ACT002966,ACC100,REP09,2025-05-26,Email follow-up,Materials delivered
ACT002967,ACC110,REP11,2026-04-22,Provider education,Left message
ACT002968,ACC021,REP04,2026-03-23,Provider education,Follow-up requested
ACT002969,ACC038,REP03,2025-02-06,Phone check-in,Left message
ACT002970,ACC056,REP05,2025-10-08,Provider education,Materials delivered
ACT002971,ACC061,REP08,2026-02-05,Provider education,Follow-up requested
ACT002972,ACC035,REP04,2026-08-07,Email follow-up,Materials delivered
ACT002973,ACC074,REP07,2025-06-01,Email follow-up,Follow-up requested
ACT002974,ACC080,REP07,2025-08-15,Office visit,Left message
ACT002975,ACC067,REP08,2025-04-12,Phone check-in,Connected
ACT002976,ACC056,REP05,2026-05-24,Provider education,Connected
ACT002977,ACC093,REP10,2025-05-03,Email follow-up,Left message
ACT002978,ACC120,REP11,2025-03-30,Provider education,Left message
ACT002979,ACC096,REP09,2026-05-14,Phone check-in,Follow-up requested
ACT002980,ACC042,REP05,2025-09-23,Provider education,Connected
ACT002981,ACC081,REP10,2026-07-02,Phone check-in,Connected
ACT002982,ACC044,REP05,2025-03-05,Provider education,Materials delivered
ACT002983,ACC031,REP04,2025-09-12,Email follow-up,Materials delivered
ACT002984,ACC054,REP05,2026-05-19,Provider education,Follow-up requested
ACT002985,ACC026,REP03,2026-01-26,Provider education,Left message
ACT002986,ACC099,REP10,2026-03-09,Phone check-in,Materials delivered
ACT002987,ACC027,REP04,2025-06-15,Provider education,Materials delivered
ACT002988,ACC107,REP12,2026-02-19,Office visit,Materials delivered
ACT002989,ACC062,REP07,2025-11-07,Office visit,Materials delivered
ACT002990,ACC002,REP01,2025-12-15,Provider education,Follow-up requested
ACT002991,ACC015,REP02,2025-03-19,Email follow-up,Materials delivered
ACT002992,ACC002,REP01,2026-08-17,Phone check-in,Follow-up requested
ACT002993,ACC080,REP07,2025-07-19,Phone check-in,Connected
ACT002994,ACC066,REP07,2026-07-30,Phone check-in,Left message
ACT002995,ACC022,REP03,2025-12-08,Provider education,Follow-up requested
ACT002996,ACC046,,2026-08-31,Provider education,Connected
ACT002997,ACC089,REP10,2025-08-07,Office visit,Follow-up requested
ACT002998,ACC075,REP08,2026-05-22,Provider education,Connected
ACT002999,ACC007,,2026-06-20,Office visit,Materials delivered
ACT003000,ACC055,REP06,2025-03-07,Email follow-up,Left message
ACT003001,ACC073,REP08,2025-05-17,Office visit,Follow-up requested
ACT003002,ACC081,REP10,2026-04-17,Provider education,Left message
ACT003003,ACC096,REP09,2025-02-01,Phone check-in,Connected
ACT003004,ACC006,REP01,2025-07-17,Email follow-up,Connected
ACT003005,ACC094,REP09,2025-02-17,Provider education,Follow-up requested
ACT003006,ACC067,REP08,2025-06-06,Office visit,Follow-up requested
ACT003007,ACC033,REP04,2025-03-04,Email follow-up,Connected
ACT003008,ACC067,REP08,2026-07-08,Email follow-up,Materials delivered
ACT003009,ACC076,REP07,2025-06-01,Office visit,Materials delivered
ACT003010,ACC078,REP07,2025-05-03,Email follow-up,Connected
ACT003011,ACC071,REP08,2025-08-30,Office visit,Materials delivered
ACT003012,ACC113,,2026-06-13,Office visit,Left message
ACT003013,ACC008,REP01,2025-01-12,Email follow-up,Materials delivered
ACT003014,ACC078,REP07,2025-08-11,Phone check-in,Left message
ACT003015,ACC078,REP07,2025-07-31,Provider education,Left message
ACT003016,ACC019,REP02,2026-03-22,Phone check-in,Materials delivered
ACT003017,ACC086,REP09,2025-12-04,Office visit,Left message
ACT003018,ACC118,REP11,2025-09-07,Email follow-up,Follow-up requested
ACT003019,ACC090,REP09,2025-03-18,Phone check-in,Connected
ACT003020,ACC010,REP01,2025-09-22,Phone check-in,Left message
ACT003021,ACC012,REP01,2025-01-16,Provider education,Connected
ACT003022,ACC027,REP04,2025-01-09,Phone check-in,Left message
ACT003023,ACC031,REP04,2026-07-18,Provider education,Follow-up requested
ACT003024,ACC106,REP11,2025-05-12,Email follow-up,Connected
ACT003025,ACC082,REP09,2026-06-16,Provider education,Left message
ACT003026,ACC023,REP04,2026-03-18,Office visit,Connected
ACT003027,ACC051,REP06,2025-08-11,Provider education,Connected
ACT003028,ACC046,,2025-09-09,Phone check-in,Connected
ACT003029,ACC029,REP04,2025-10-06,Office visit,Left message
ACT003030,ACC052,REP05,2026-08-12,Provider education,Materials delivered
ACT003031,ACC089,REP10,2025-07-15,Office visit,Connected
ACT003032,ACC026,REP03,2025-04-28,Provider education,Left message
ACT003033,ACC102,REP11,2026-03-07,Phone check-in,Follow-up requested
ACT003034,ACC027,REP04,2026-02-24,Email follow-up,Connected
ACT003035,ACC119,REP12,2026-07-02,Email follow-up,Left message
ACT003036,ACC060,REP05,2025-10-23,Provider education,Left message
ACT003037,ACC042,REP05,2025-09-19,Provider education,Left message
ACT003038,ACC033,REP04,2025-08-07,Provider education,Materials delivered
ACT003039,ACC082,REP09,2025-05-23,Office visit,Left message
ACT003040,ACC048,REP05,2026-05-17,Office visit,Left message
ACT003041,ACC092,REP09,2025-10-09,Phone check-in,Connected
ACT003042,ACC120,REP11,2025-08-17,Email follow-up,Follow-up requested
ACT003043,ACC073,REP08,2026-02-04,Office visit,Connected
ACT003044,ACC038,REP03,2026-04-20,Email follow-up,Follow-up requested
ACT003045,ACC085,REP10,2026-06-29,Office visit,Left message
ACT003046,ACC021,REP04,2025-07-15,Email follow-up,Connected
ACT003047,ACC072,REP07,2025-11-27,Phone check-in,Materials delivered
ACT003048,ACC108,REP11,2025-02-25,Phone check-in,Connected
ACT003049,ACC059,REP06,2025-01-10,Email follow-up,Left message
ACT003050,ACC071,REP08,2025-08-02,Phone check-in,Connected
ACT003051,ACC010,REP01,2026-06-22,Email follow-up,Left message
ACT003052,ACC029,REP04,2025-01-22,Phone check-in,Connected
ACT003053,ACC108,REP11,2025-04-01,Email follow-up,Left message
ACT003054,ACC096,REP09,2026-06-01,Email follow-up,Materials delivered
ACT003055,ACC098,REP09,2025-04-06,Provider education,Follow-up requested
ACT003056,ACC103,REP12,2025-09-04,Email follow-up,Follow-up requested
ACT003057,ACC050,REP05,2025-03-28,Provider education,Left message
ACT003058,ACC108,REP11,2025-11-03,Provider education,Connected
ACT003059,ACC076,REP07,2026-03-08,Office visit,Materials delivered
ACT003060,ACC082,REP09,2025-01-25,Email follow-up,Left message
ACT003061,ACC011,REP02,2026-04-03,Phone check-in,Follow-up requested
ACT003062,ACC053,REP06,2025-05-19,Office visit,Connected
ACT003063,ACC057,REP06,2026-03-05,Office visit,Connected
ACT003064,ACC012,REP01,2026-03-08,Phone check-in,Left message
ACT003065,ACC006,REP01,2026-01-21,Email follow-up,Connected
ACT003066,ACC055,REP06,2026-03-20,Office visit,Left message
ACT003067,ACC087,REP10,2025-09-13,Phone check-in,Materials delivered
ACT003068,ACC026,REP03,2025-09-05,Email follow-up,Connected
ACT003069,ACC021,REP04,2025-03-10,Email follow-up,Follow-up requested
ACT003070,ACC075,REP08,2025-12-15,Provider education,Left message
ACT003071,ACC055,REP06,2025-04-07,Office visit,Left message
ACT003072,ACC019,REP02,2026-01-23,Phone check-in,Connected
ACT003073,ACC037,REP04,2025-03-28,Phone check-in,Materials delivered
ACT003074,ACC100,REP09,2025-02-21,Phone check-in,Materials delivered
ACT003075,ACC035,REP04,2025-10-19,Email follow-up,Follow-up requested
ACT003076,ACC016,REP01,2026-03-19,Phone check-in,Connected
ACT003077,ACC035,REP04,2025-01-25,Provider education,Left message
ACT003078,ACC033,REP04,2026-03-30,Office visit,Follow-up requested
ACT003079,ACC043,REP06,2026-04-22,Email follow-up,Left message
ACT003080,ACC030,REP03,2025-10-09,Provider education,Connected
ACT003081,ACC073,REP08,2025-03-29,Email follow-up,Materials delivered
ACT003082,ACC020,REP01,2025-10-20,Phone check-in,Follow-up requested
ACT003083,ACC025,REP04,2025-02-02,Office visit,Materials delivered
ACT003084,ACC013,REP02,2025-09-04,Provider education,Materials delivered
ACT003085,ACC011,REP02,2025-03-15,Phone check-in,Follow-up requested
ACT003086,ACC073,REP08,2026-06-12,Office visit,Follow-up requested
ACT003087,ACC092,REP09,2025-01-24,Provider education,Follow-up requested
ACT003088,ACC008,REP01,2026-03-23,Provider education,Materials delivered
ACT003089,ACC003,REP02,2026-02-18,Email follow-up,Materials delivered
ACT003090,ACC095,REP10,2025-02-27,Phone check-in,Left message
ACT003091,ACC027,REP04,2025-10-03,Phone check-in,Connected
ACT003092,ACC090,REP09,2025-10-07,Provider education,Materials delivered
ACT003093,ACC051,REP06,2026-02-10,Provider education,Materials delivered
ACT003094,ACC100,REP09,2025-06-28,Phone check-in,Follow-up requested
ACT003095,ACC064,REP07,2025-11-18,Provider education,Left message
ACT003096,ACC092,REP09,2025-02-12,Email follow-up,Connected
ACT003097,ACC030,REP03,2026-02-24,Provider education,Follow-up requested
ACT003098,ACC083,REP10,2025-04-26,Office visit,Connected
ACT003099,ACC058,REP05,2025-07-05,Provider education,Follow-up requested
ACT003100,ACC077,REP08,2025-03-13,Phone check-in,Follow-up requested
ACT003101,ACC104,REP11,2025-12-14,Phone check-in,Materials delivered
ACT003102,ACC086,REP09,2025-06-30,Email follow-up,Connected
ACT003103,ACC021,REP04,2026-08-14,Provider education,Materials delivered
ACT003104,ACC096,REP09,2025-05-28,Phone check-in,Left message
ACT003105,ACC022,REP03,2026-07-26,Email follow-up,Follow-up requested
ACT003106,ACC091,REP10,2026-08-08,Provider education,Follow-up requested
ACT003107,ACC030,REP03,2026-06-22,Office visit,Follow-up requested
ACT003108,ACC028,,2026-02-01,Phone check-in,Materials delivered
ACT003109,ACC076,REP07,2025-11-15,Office visit,Connected
ACT003110,ACC096,REP09,2026-04-18,Email follow-up,Connected
ACT003111,ACC008,REP01,2026-02-05,Phone check-in,Materials delivered
ACT003112,ACC036,REP03,2026-05-27,Provider education,Left message
ACT003113,ACC091,REP10,2025-08-13,Provider education,Left message
ACT003114,ACC055,REP06,2025-09-12,Provider education,Connected
ACT003115,ACC091,REP10,2026-05-06,Email follow-up,Connected
ACT003116,ACC031,REP04,2026-08-08,Email follow-up,Materials delivered
ACT003117,ACC034,REP03,2026-05-17,Provider education,Follow-up requested
ACT003118,ACC111,REP12,2025-03-23,Email follow-up,Connected
ACT003119,ACC098,REP09,2026-07-03,Office visit,Left message
ACT003120,ACC099,REP10,2025-10-17,Email follow-up,Follow-up requested
ACT003121,ACC073,REP08,2026-07-01,Office visit,Connected
ACT003122,ACC083,REP10,2026-08-07,Office visit,Connected
ACT003123,ACC103,REP12,2026-01-26,Office visit,Left message
ACT003124,ACC109,REP12,2025-06-14,Office visit,Materials delivered
ACT003125,ACC063,REP08,2026-02-24,Provider education,Follow-up requested
ACT003126,ACC026,REP03,2025-02-25,Phone check-in,Connected
ACT003127,ACC048,REP05,2025-10-13,Email follow-up,Follow-up requested
ACT003128,ACC091,REP10,2026-08-28,Email follow-up,Materials delivered
ACT003129,ACC102,REP11,2025-01-19,Provider education,Materials delivered
ACT003130,ACC019,REP02,2025-12-07,Office visit,Materials delivered
ACT003131,ACC021,REP04,2025-11-22,Phone check-in,Follow-up requested
ACT003132,ACC024,REP03,2026-08-27,Phone check-in,Left message
ACT003133,ACC091,REP10,2025-05-31,Office visit,Follow-up requested
ACT003134,ACC016,REP01,2026-06-29,Phone check-in,Materials delivered
ACT003135,ACC060,REP05,2026-08-03,Phone check-in,Materials delivered
ACT003136,ACC101,REP12,2025-07-19,Provider education,Materials delivered
ACT003137,ACC039,REP04,2025-07-05,Office visit,Left message
ACT003138,ACC002,REP01,2025-08-18,Email follow-up,Follow-up requested
ACT003139,ACC104,REP11,2025-08-22,Phone check-in,Left message
ACT003140,ACC115,REP12,2025-04-14,Office visit,Materials delivered
ACT003141,ACC041,REP06,2026-05-26,Email follow-up,Follow-up requested
ACT003142,ACC068,REP07,2025-05-16,Office visit,Materials delivered
ACT003143,ACC100,REP09,2025-01-31,Phone check-in,Left message
ACT003144,ACC107,REP12,2026-03-19,Office visit,Left message
ACT003145,ACC077,REP08,2025-07-04,Email follow-up,Connected
ACT003146,ACC103,REP12,2025-03-15,Phone check-in,Left message
ACT003147,ACC062,REP07,2025-08-28,Office visit,Left message
ACT003148,ACC072,REP07,2025-07-21,Phone check-in,Connected
ACT003149,ACC083,REP10,2025-08-22,Email follow-up,Materials delivered
ACT003150,ACC014,REP01,2025-03-25,Phone check-in,Materials delivered
ACT003151,ACC089,REP10,2025-08-20,Office visit,Left message
ACT003152,ACC058,REP05,2026-04-29,Email follow-up,Connected
ACT003153,ACC114,REP11,2025-07-13,Email follow-up,Connected
ACT003154,ACC070,REP07,2025-08-12,Office visit,Left message
ACT003155,ACC042,REP05,2025-08-02,Phone check-in,Materials delivered
ACT003156,ACC006,REP01,2025-11-27,Email follow-up,Connected
ACT003157,ACC037,REP04,2025-06-01,Phone check-in,Left message
ACT003158,ACC087,REP10,2026-06-02,Email follow-up,Follow-up requested
ACT003159,ACC085,REP10,2026-08-13,Provider education,Connected
ACT003160,ACC064,REP07,2025-02-06,Provider education,Materials delivered
ACT003161,ACC081,REP10,2026-01-10,Office visit,Follow-up requested
ACT003162,ACC017,REP02,2025-02-06,Email follow-up,Materials delivered
ACT003163,ACC077,REP08,2025-06-07,Office visit,Connected
ACT003164,ACC118,REP11,2026-02-02,Provider education,Follow-up requested
ACT003165,ACC103,REP12,2025-11-28,Email follow-up,Follow-up requested
ACT003166,ACC055,REP06,2026-05-02,Email follow-up,Materials delivered
ACT003167,ACC068,REP07,2026-06-20,Provider education,Materials delivered
ACT003168,ACC025,REP04,2026-02-28,Office visit,Materials delivered
ACT003169,ACC092,REP09,2025-09-22,Email follow-up,Left message
ACT003170,ACC099,REP10,2025-04-08,Provider education,Materials delivered
ACT003171,ACC003,REP02,2026-05-10,Email follow-up,Follow-up requested
ACT003172,ACC115,REP12,2025-02-28,Provider education,Follow-up requested
ACT003173,ACC104,REP11,2026-06-19,Email follow-up,Materials delivered
ACT003174,ACC018,REP01,2025-04-19,Provider education,Materials delivered
ACT003175,ACC019,REP02,2026-08-19,Phone check-in,Left message
ACT003176,ACC114,REP11,2025-01-05,Provider education,Materials delivered
ACT003177,ACC002,REP01,2026-02-09,Phone check-in,Left message
ACT003178,ACC013,REP02,2026-05-20,Office visit,Follow-up requested
ACT003179,ACC062,REP07,2026-02-12,Phone check-in,Connected
ACT003180,ACC092,REP09,2025-11-08,Office visit,Connected
ACT003181,ACC087,REP10,2025-01-26,Provider education,Connected
ACT003182,ACC088,REP09,2025-04-04,Email follow-up,Connected
ACT003183,ACC056,REP05,2026-08-06,Phone check-in,Materials delivered
ACT003184,ACC053,REP06,2025-09-24,Phone check-in,Follow-up requested
ACT003185,ACC110,REP11,2026-05-07,Provider education,Connected
ACT003186,ACC104,REP11,2025-03-22,Phone check-in,Connected
ACT003187,ACC093,REP10,2026-02-12,Phone check-in,Left message
ACT003188,ACC024,REP03,2026-01-08,Office visit,Connected
ACT003189,ACC006,REP01,2025-03-21,Phone check-in,Materials delivered
ACT003190,ACC057,REP06,2026-02-15,Email follow-up,Left message
ACT003191,ACC089,REP10,2026-07-12,Email follow-up,Left message
ACT003192,ACC089,REP10,2025-04-06,Provider education,Follow-up requested
ACT003193,ACC071,REP08,2025-03-08,Office visit,Follow-up requested
ACT003194,ACC020,REP01,2026-01-09,Office visit,Follow-up requested
ACT003195,ACC034,REP03,2026-03-08,Email follow-up,Materials delivered
ACT003196,ACC067,REP08,2026-01-10,Provider education,Materials delivered
ACT003197,ACC054,REP05,2026-05-21,Office visit,Follow-up requested
ACT003198,ACC009,REP02,2026-01-28,Phone check-in,Left message
ACT003199,ACC006,REP01,2026-02-03,Phone check-in,Left message
ACT003200,ACC106,REP11,2025-12-07,Email follow-up,Follow-up requested
ACT003201,ACC115,REP12,2026-07-28,Provider education,Follow-up requested
ACT003202,ACC021,REP04,2025-09-11,Email follow-up,Materials delivered
ACT003203,ACC084,,2025-08-10,Email follow-up,Left message
ACT003204,ACC056,REP05,2025-05-26,Phone check-in,Connected
ACT003205,ACC076,REP07,2025-05-01,Email follow-up,Follow-up requested
ACT003206,ACC020,REP01,2025-01-27,Phone check-in,Materials delivered
ACT003207,ACC070,REP07,2026-02-06,Provider education,Left message
ACT003208,ACC030,REP03,2026-06-22,Provider education,Connected
ACT003209,ACC088,REP09,2025-01-25,Provider education,Connected
ACT003210,ACC044,REP05,2026-02-02,Provider education,Follow-up requested
ACT003211,ACC099,REP10,2026-02-07,Phone check-in,Connected
ACT003212,ACC003,REP02,2026-06-18,Office visit,Left message
ACT003213,ACC093,REP10,2026-01-28,Office visit,Follow-up requested
ACT003214,ACC037,REP04,2026-08-16,Email follow-up,Materials delivered
ACT003215,ACC113,,2026-08-25,Office visit,Connected
ACT003216,ACC113,,2026-05-03,Phone check-in,Left message
ACT003217,ACC021,REP04,2026-08-12,Phone check-in,Follow-up requested
ACT003218,ACC083,REP10,2025-06-06,Email follow-up,Left message
ACT003219,ACC061,REP08,2025-02-19,Office visit,Materials delivered
ACT003220,ACC103,REP12,2025-01-13,Provider education,Follow-up requested
ACT003221,ACC047,REP06,2025-07-04,Office visit,Materials delivered
ACT003222,ACC029,REP04,2025-10-11,Email follow-up,Follow-up requested
ACT003223,ACC072,REP07,2025-02-23,Email follow-up,Follow-up requested
ACT003224,ACC080,REP07,2026-05-13,Office visit,Connected
ACT003225,ACC010,REP01,2026-06-22,Email follow-up,Follow-up requested
ACT003226,ACC103,REP12,2025-09-17,Phone check-in,Left message
ACT003227,ACC027,REP04,2026-01-07,Phone check-in,Left message
ACT003228,ACC071,REP08,2025-10-29,Phone check-in,Connected
ACT003229,ACC091,REP10,2025-05-26,Office visit,Materials delivered
ACT003230,ACC092,REP09,2026-07-19,Email follow-up,Left message
ACT003231,ACC077,REP08,2026-07-27,Email follow-up,Materials delivered
ACT003232,ACC066,REP07,2026-08-07,Provider education,Follow-up requested
ACT003233,ACC076,REP07,2025-06-02,Email follow-up,Follow-up requested
ACT003234,ACC049,REP06,2025-05-21,Email follow-up,Left message
ACT003235,ACC062,REP07,2026-01-15,Phone check-in,Follow-up requested
ACT003236,ACC116,REP11,2025-01-05,Provider education,Materials delivered
ACT003237,ACC028,,2025-04-05,Email follow-up,Connected
ACT003238,ACC001,REP02,2026-08-26,Email follow-up,Left message
ACT003239,ACC095,REP10,2026-03-27,Office visit,Follow-up requested
ACT003240,ACC003,REP02,2025-09-25,Email follow-up,Follow-up requested
ACT003241,ACC015,REP02,2025-05-30,Office visit,Left message
ACT003242,ACC062,REP07,2026-06-01,Email follow-up,Materials delivered
ACT003243,ACC024,REP03,2025-08-27,Phone check-in,Left message
ACT003244,ACC100,REP09,2025-10-11,Phone check-in,Left message
ACT003245,ACC003,REP02,2025-02-25,Email follow-up,Materials delivered
ACT003246,ACC118,REP11,2025-04-26,Office visit,Left message
ACT003247,ACC110,REP11,2025-07-07,Office visit,Left message
ACT003248,ACC099,REP10,2026-06-16,Provider education,Connected
ACT003249,ACC025,REP04,2025-04-06,Phone check-in,Connected
ACT003250,ACC075,REP08,2025-03-18,Office visit,Connected
ACT003251,ACC049,REP06,2026-06-30,Office visit,Materials delivered
ACT003252,ACC091,REP10,2025-05-27,Provider education,Materials delivered
ACT003253,ACC067,REP08,2025-05-27,Provider education,Connected
ACT003254,ACC001,REP02,2026-05-23,Email follow-up,Follow-up requested
ACT003255,ACC004,REP01,2025-04-25,Office visit,Left message
ACT003256,ACC073,REP08,2025-11-20,Provider education,Follow-up requested
ACT003257,ACC052,REP05,2025-03-19,Phone check-in,Connected
ACT003258,ACC001,REP02,2025-07-25,Provider education,Materials delivered
ACT003259,ACC050,REP05,2025-10-12,Provider education,Follow-up requested
ACT003260,ACC071,REP08,2025-02-08,Email follow-up,Connected
ACT003261,ACC009,REP02,2026-07-10,Office visit,Follow-up requested
ACT003262,ACC101,REP12,2026-08-05,Phone check-in,Left message
ACT003263,ACC038,REP03,2026-03-24,Phone check-in,Connected
ACT003264,ACC118,REP11,2025-11-01,Office visit,Connected
ACT003265,ACC018,REP01,2025-10-07,Office visit,Follow-up requested
ACT003266,ACC085,REP10,2025-05-31,Provider education,Connected
ACT003267,ACC098,REP09,2025-05-13,Email follow-up,Follow-up requested
ACT003268,ACC022,REP03,2026-03-10,Phone check-in,Connected
ACT003269,ACC073,REP08,2026-08-30,Email follow-up,Follow-up requested
ACT003270,ACC050,REP05,2025-12-20,Provider education,Connected
ACT003271,ACC118,REP11,2025-04-16,Email follow-up,Connected
ACT003272,ACC080,REP07,2025-03-14,Office visit,Connected
ACT003273,ACC026,REP03,2025-03-05,Office visit,Materials delivered
ACT003274,ACC092,REP09,2026-03-31,Phone check-in,Connected
ACT003275,ACC073,REP08,2026-05-13,Provider education,Connected
ACT003276,ACC062,REP07,2026-08-25,Provider education,Connected
ACT003277,ACC008,REP01,2025-12-26,Office visit,Materials delivered
ACT003278,ACC040,REP03,2025-05-15,Phone check-in,Materials delivered
ACT003279,ACC035,REP04,2025-01-06,Email follow-up,Left message
ACT003280,ACC056,REP05,2025-05-20,Phone check-in,Connected
ACT003281,ACC118,REP11,2025-12-22,Email follow-up,Connected
ACT003282,ACC099,REP10,2025-02-26,Provider education,Materials delivered
ACT003283,ACC046,,2026-04-12,Provider education,Materials delivered
ACT003284,ACC062,REP07,2025-06-05,Provider education,Connected
ACT003285,ACC117,REP12,2025-07-06,Office visit,Materials delivered
ACT003286,ACC039,REP04,2025-03-06,Phone check-in,Follow-up requested
ACT003287,ACC011,REP02,2025-11-04,Phone check-in,Materials delivered
ACT003288,ACC021,REP04,2025-11-18,Provider education,Follow-up requested
ACT003289,ACC114,REP11,2025-10-28,Provider education,Connected
ACT003290,ACC057,REP06,2026-06-07,Phone check-in,Materials delivered
ACT003291,ACC056,REP05,2025-01-17,Provider education,Follow-up requested
ACT003292,ACC096,REP09,2025-06-10,Office visit,Connected
ACT003293,ACC017,REP02,2026-07-07,Phone check-in,Materials delivered
ACT003294,ACC120,REP11,2025-09-05,Phone check-in,Follow-up requested
ACT003295,ACC065,REP08,2025-10-04,Provider education,Left message
ACT003296,ACC100,REP09,2026-01-24,Email follow-up,Connected
ACT003297,ACC077,REP08,2025-07-12,Email follow-up,Follow-up requested
ACT003298,ACC114,REP11,2026-05-18,Provider education,Materials delivered
ACT003299,ACC024,REP03,2026-06-04,Office visit,Follow-up requested
ACT003300,ACC109,REP12,2025-10-19,Phone check-in,Left message
ACT003301,ACC007,,2025-10-18,Phone check-in,Connected
ACT003302,ACC003,REP02,2026-08-13,Email follow-up,Materials delivered
ACT003303,ACC008,REP01,2026-07-09,Provider education,Connected
ACT003304,ACC020,REP01,2025-05-04,Email follow-up,Connected
ACT003305,ACC047,REP06,2026-04-29,Phone check-in,Materials delivered
ACT003306,ACC041,REP06,2025-02-17,Office visit,Connected
ACT003307,ACC026,REP03,2025-01-25,Email follow-up,Materials delivered
ACT003308,ACC007,,2025-11-19,Office visit,Follow-up requested
ACT003309,ACC096,REP09,2025-11-11,Office visit,Follow-up requested
ACT003310,ACC066,REP07,2026-08-22,Provider education,Connected
ACT003311,ACC021,REP04,2025-02-25,Provider education,Connected
ACT003312,ACC055,REP06,2025-06-01,Office visit,Follow-up requested
ACT003313,ACC077,REP08,2025-09-02,Phone check-in,Left message
ACT003314,ACC005,REP02,2025-11-18,Provider education,Follow-up requested
ACT003315,ACC005,REP02,2026-07-02,Provider education,Materials delivered
ACT003316,ACC109,REP12,2025-08-15,Provider education,Materials delivered
ACT003317,ACC025,REP04,2025-05-14,Email follow-up,Follow-up requested
ACT003318,ACC056,REP05,2025-03-18,Provider education,Materials delivered
ACT003319,ACC112,REP11,2026-01-06,Phone check-in,Follow-up requested
ACT003320,ACC091,REP10,2026-07-12,Provider education,Connected
ACT003321,ACC019,REP02,2025-05-27,Email follow-up,Follow-up requested
ACT003322,ACC042,REP05,2026-07-07,Email follow-up,Left message
ACT003323,ACC113,,2025-07-10,Provider education,Materials delivered
ACT003324,ACC088,REP09,2025-08-09,Office visit,Follow-up requested
ACT003325,ACC024,REP03,2025-08-04,Office visit,Materials delivered
ACT003326,ACC083,REP10,2026-07-04,Provider education,Connected
ACT003327,ACC036,REP03,2025-12-01,Office visit,Connected
ACT003328,ACC020,REP01,2026-06-04,Phone check-in,Materials delivered
ACT003329,ACC110,REP11,2025-06-27,Office visit,Follow-up requested
ACT003330,ACC102,REP11,2025-03-15,Provider education,Materials delivered
ACT003331,ACC048,REP05,2026-04-29,Email follow-up,Follow-up requested
ACT003332,ACC040,REP03,2026-02-21,Email follow-up,Connected
ACT003333,ACC016,REP01,2025-02-13,Provider education,Connected
ACT003334,ACC105,REP12,2025-06-14,Phone check-in,Connected
ACT003335,ACC065,REP08,2025-03-17,Office visit,Connected
ACT003336,ACC060,REP05,2025-11-29,Provider education,Follow-up requested
ACT003337,ACC110,REP11,2026-02-26,Email follow-up,Connected
ACT003338,ACC091,REP10,2026-05-26,Email follow-up,Left message
ACT003339,ACC033,REP04,2025-03-18,Email follow-up,Materials delivered
ACT003340,ACC112,REP11,2025-08-29,Office visit,Materials delivered
ACT003341,ACC104,REP11,2025-04-21,Provider education,Connected
ACT003342,ACC120,REP11,2026-07-24,Provider education,Connected
ACT003343,ACC028,,2025-06-01,Office visit,Materials delivered
ACT003344,ACC027,REP04,2026-01-16,Phone check-in,Left message
ACT003345,ACC061,REP08,2025-03-20,Provider education,Connected
ACT003346,ACC108,REP11,2026-05-19,Email follow-up,Connected
ACT003347,ACC113,,2026-06-13,Phone check-in,Connected
ACT003348,ACC094,REP09,2025-04-05,Email follow-up,Connected
ACT003349,ACC030,REP03,2025-11-08,Phone check-in,Left message
ACT003350,ACC074,REP07,2026-07-30,Provider education,Follow-up requested
ACT003351,ACC065,REP08,2025-12-16,Phone check-in,Connected
ACT003352,ACC085,REP10,2025-11-06,Provider education,Connected
ACT003353,ACC010,REP01,2025-07-16,Email follow-up,Connected
ACT003354,ACC066,REP07,2026-06-27,Office visit,Follow-up requested
ACT003355,ACC115,REP12,2025-09-17,Email follow-up,Left message
ACT003356,ACC105,REP12,2025-08-06,Email follow-up,Connected
ACT003357,ACC063,REP08,2025-11-27,Provider education,Follow-up requested
ACT003358,ACC003,REP02,2025-06-22,Email follow-up,Materials delivered
ACT003359,ACC033,REP04,2025-09-12,Phone check-in,Materials delivered
ACT003360,ACC063,REP08,2025-06-29,Provider education,Left message
ACT003361,ACC068,REP07,2026-04-05,Email follow-up,Connected
ACT003362,ACC089,REP10,2025-07-07,Office visit,Materials delivered
ACT003363,ACC118,REP11,2026-01-05,Office visit,Connected
ACT003364,ACC018,REP01,2025-09-20,Office visit,Follow-up requested
ACT003365,ACC094,REP09,2026-05-03,Email follow-up,Materials delivered
ACT003366,ACC099,REP10,2026-07-05,Office visit,Materials delivered
ACT003367,ACC031,REP04,2026-01-15,Phone check-in,Follow-up requested
ACT003368,ACC043,REP06,2025-07-04,Provider education,Connected
ACT003369,ACC107,REP12,2025-12-26,Phone check-in,Connected
ACT003370,ACC100,REP09,2025-06-30,Email follow-up,Materials delivered
ACT003371,ACC056,REP05,2025-07-17,Office visit,Follow-up requested
ACT003372,ACC108,REP11,2025-09-17,Email follow-up,Connected
ACT003373,ACC113,,2026-06-18,Phone check-in,Materials delivered
ACT003374,ACC088,REP09,2026-05-31,Provider education,Connected
ACT003375,ACC065,REP08,2025-09-16,Provider education,Follow-up requested
ACT003376,ACC058,REP05,2026-08-20,Phone check-in,Connected
ACT003377,ACC042,REP05,2025-12-08,Phone check-in,Follow-up requested
ACT003378,ACC026,REP03,2026-06-12,Provider education,Materials delivered
ACT003379,ACC003,REP02,2026-01-28,Phone check-in,Left message
ACT003380,ACC005,REP02,2025-10-01,Email follow-up,Left message
ACT003381,ACC064,REP07,2025-05-20,Phone check-in,Materials delivered
ACT003382,ACC012,REP01,2025-01-29,Email follow-up,Materials delivered
ACT003383,ACC072,REP07,2025-01-07,Office visit,Follow-up requested
ACT003384,ACC095,REP10,2026-02-28,Phone check-in,Left message
ACT003385,ACC085,REP10,2025-06-17,Provider education,Connected
ACT003386,ACC066,REP07,2025-04-12,Provider education,Materials delivered
ACT003387,ACC105,REP12,2025-01-03,Email follow-up,Materials delivered
ACT003388,ACC110,REP11,2025-04-01,Office visit,Follow-up requested
ACT003389,ACC096,REP09,2025-09-25,Phone check-in,Follow-up requested
ACT003390,ACC034,REP03,2025-01-12,Office visit,Materials delivered
ACT003391,ACC086,REP09,2025-01-30,Email follow-up,Follow-up requested
ACT003392,ACC039,REP04,2025-02-25,Office visit,Follow-up requested
ACT003393,ACC014,REP01,2025-01-06,Provider education,Follow-up requested
ACT003394,ACC027,REP04,2026-05-10,Office visit,Materials delivered
ACT003395,ACC058,REP05,2026-03-31,Provider education,Left message
ACT003396,ACC087,REP10,2025-01-11,Phone check-in,Materials delivered
ACT003397,ACC103,REP12,2025-09-30,Provider education,Materials delivered
ACT003398,ACC041,REP06,2025-02-10,Phone check-in,Follow-up requested
ACT003399,ACC088,REP09,2025-06-17,Provider education,Materials delivered
ACT003400,ACC046,,2025-01-13,Office visit,Materials delivered
ACT003401,ACC086,REP09,2025-01-09,Provider education,Connected
ACT003402,ACC098,REP09,2026-08-23,Phone check-in,Materials delivered
ACT003403,ACC049,REP06,2026-03-19,Provider education,Connected
ACT003404,ACC062,REP07,2025-10-25,Office visit,Follow-up requested
ACT003405,ACC077,REP08,2025-11-26,Phone check-in,Follow-up requested
ACT003406,ACC059,REP06,2026-08-07,Email follow-up,Left message
ACT003407,ACC105,REP12,2025-09-12,Provider education,Connected
ACT003408,ACC052,REP05,2025-02-20,Office visit,Materials delivered
ACT003409,ACC007,,2026-08-08,Phone check-in,Connected
ACT003410,ACC079,REP08,2025-12-25,Phone check-in,Connected
ACT003411,ACC053,REP06,2026-04-16,Phone check-in,Connected
ACT003412,ACC029,REP04,2026-06-13,Provider education,Left message
ACT003413,ACC006,REP01,2026-04-29,Office visit,Materials delivered
ACT003414,ACC063,REP08,2025-11-08,Provider education,Follow-up requested
ACT003415,ACC020,REP01,2026-08-12,Office visit,Left message
ACT003416,ACC088,REP09,2026-04-23,Phone check-in,Follow-up requested
ACT003417,ACC109,REP12,2026-08-21,Provider education,Materials delivered
ACT003418,ACC072,REP07,2026-01-31,Office visit,Left message
ACT003419,ACC118,REP11,2026-01-27,Provider education,Materials delivered
ACT003420,ACC009,REP02,2025-07-28,Provider education,Connected
ACT003421,ACC038,REP03,2025-09-27,Office visit,Follow-up requested
ACT003422,ACC009,REP02,2026-08-29,Phone check-in,Left message
ACT003423,ACC067,REP08,2025-05-01,Office visit,Follow-up requested
ACT003424,ACC096,REP09,2025-05-27,Office visit,Left message
ACT003425,ACC008,REP01,2026-06-17,Office visit,Connected
ACT003426,ACC018,REP01,2026-06-29,Provider education,Materials delivered
ACT003427,ACC051,REP06,2025-07-13,Phone check-in,Connected
ACT003428,ACC037,REP04,2025-06-05,Office visit,Materials delivered
ACT003429,ACC116,REP11,2026-08-01,Phone check-in,Follow-up requested
ACT003430,ACC114,REP11,2026-04-17,Office visit,Follow-up requested
ACT003431,ACC009,REP02,2026-08-01,Office visit,Materials delivered
ACT003432,ACC117,REP12,2026-05-06,Office visit,Left message
ACT003433,ACC115,REP12,2025-07-29,Provider education,Follow-up requested
ACT003434,ACC051,REP06,2026-01-28,Provider education,Connected
ACT003435,ACC119,REP12,2025-10-05,Provider education,Left message
ACT003436,ACC090,REP09,2026-06-22,Provider education,Follow-up requested
ACT003437,ACC060,REP05,2025-11-24,Office visit,Connected
ACT003438,ACC047,REP06,2025-02-16,Provider education,Connected
ACT003439,ACC024,REP03,2025-01-17,Office visit,Connected
ACT003440,ACC055,REP06,2025-05-11,Provider education,Left message
ACT003441,ACC055,REP06,2025-03-24,Phone check-in,Materials delivered
ACT003442,ACC042,REP05,2025-08-30,Office visit,Connected
ACT003443,ACC077,REP08,2026-04-29,Email follow-up,Follow-up requested
ACT003444,ACC090,REP09,2026-02-21,Phone check-in,Materials delivered
ACT003445,ACC079,REP08,2026-06-23,Office visit,Follow-up requested
ACT003446,ACC038,REP03,2025-11-10,Office visit,Left message
ACT003447,ACC022,REP03,2026-01-23,Phone check-in,Left message
ACT003448,ACC099,REP10,2026-03-05,Provider education,Left message
ACT003449,ACC094,REP09,2025-12-28,Office visit,Connected
ACT003450,ACC069,,2026-01-08,Phone check-in,Connected
ACT003451,ACC042,REP05,2026-01-18,Email follow-up,Materials delivered
ACT003452,ACC087,REP10,2025-06-19,Office visit,Connected
ACT003453,ACC071,REP08,2025-07-24,Office visit,Connected
ACT003454,ACC085,REP10,2026-03-09,Email follow-up,Follow-up requested
ACT003455,ACC070,REP07,2026-03-28,Office visit,Follow-up requested
ACT003456,ACC100,REP09,2025-01-28,Office visit,Left message
ACT003457,ACC015,REP02,2026-01-15,Provider education,Follow-up requested
ACT003458,ACC102,REP11,2025-11-24,Provider education,Left message
ACT003459,ACC106,REP11,2025-04-19,Phone check-in,Left message
ACT003460,ACC006,REP01,2026-04-22,Email follow-up,Connected
ACT003461,ACC010,REP01,2025-03-10,Email follow-up,Follow-up requested
ACT003462,ACC103,REP12,2025-05-22,Phone check-in,Left message
ACT003463,ACC106,REP11,2026-05-06,Office visit,Left message
ACT003464,ACC054,REP05,2025-04-07,Email follow-up,Follow-up requested
ACT003465,ACC064,REP07,2025-09-21,Provider education,Follow-up requested
ACT003466,ACC066,REP07,2026-01-06,Office visit,Follow-up requested
ACT003467,ACC033,REP04,2025-09-10,Provider education,Materials delivered
ACT003468,ACC114,REP11,2025-12-19,Office visit,Connected
ACT003469,ACC094,REP09,2025-12-28,Phone check-in,Follow-up requested
ACT003470,ACC081,REP10,2026-05-29,Email follow-up,Follow-up requested
ACT003471,ACC043,REP06,2025-05-19,Email follow-up,Connected
ACT003472,ACC024,REP03,2026-01-06,Phone check-in,Connected
ACT003473,ACC120,REP11,2025-12-12,Provider education,Follow-up requested
ACT003474,ACC018,REP01,2026-01-03,Provider education,Connected
ACT003475,ACC021,REP04,2025-09-22,Office visit,Connected
ACT003476,ACC075,REP08,2025-06-01,Phone check-in,Follow-up requested
ACT003477,ACC094,REP09,2025-02-23,Office visit,Connected
ACT003478,ACC111,REP12,2026-03-11,Email follow-up,Follow-up requested
ACT003479,ACC094,REP09,2026-03-31,Office visit,Connected
ACT003480,ACC023,REP04,2025-12-10,Phone check-in,Left message
ACT003481,ACC047,REP06,2025-12-16,Email follow-up,Left message
ACT003482,ACC108,REP11,2025-11-24,Office visit,Connected
ACT003483,ACC003,REP02,2026-04-21,Phone check-in,Materials delivered
ACT003484,ACC055,REP06,2026-04-26,Email follow-up,Connected
ACT003485,ACC019,REP02,2025-10-13,Phone check-in,Materials delivered
ACT003486,ACC067,REP08,2025-02-08,Email follow-up,Materials delivered
ACT003487,ACC049,REP06,2025-02-18,Office visit,Follow-up requested
ACT003488,ACC077,REP08,2026-04-14,Phone check-in,Connected
ACT003489,ACC012,REP01,2026-08-07,Phone check-in,Connected
ACT003490,ACC033,REP04,2025-07-28,Phone check-in,Follow-up requested
ACT003491,ACC022,REP03,2026-01-02,Office visit,Materials delivered
ACT003492,ACC021,REP04,2026-07-12,Provider education,Left message
ACT003493,ACC103,REP12,2025-11-22,Phone check-in,Materials delivered
ACT003494,ACC078,REP07,2026-05-24,Provider education,Materials delivered
ACT003495,ACC021,REP04,2025-07-22,Provider education,Left message
ACT003496,ACC099,REP10,2026-04-20,Provider education,Materials delivered
ACT003497,ACC018,REP01,2025-10-16,Provider education,Left message
ACT003498,ACC082,REP09,2026-06-06,Provider education,Follow-up requested
ACT003499,ACC105,REP12,2025-01-08,Email follow-up,Materials delivered
ACT003500,ACC048,REP05,2026-04-21,Email follow-up,Left message
ACT003501,ACC023,REP04,2026-05-11,Email follow-up,Connected
ACT003502,ACC092,REP09,2026-02-12,Provider education,Materials delivered
ACT003503,ACC019,REP02,2026-03-06,Phone check-in,Follow-up requested
ACT003504,ACC012,REP01,2025-05-21,Office visit,Materials delivered
ACT003505,ACC111,REP12,2025-02-23,Office visit,Materials delivered
ACT003506,ACC116,REP11,2026-02-04,Office visit,Connected
ACT003507,ACC073,REP08,2025-08-03,Provider education,Materials delivered
ACT003508,ACC045,REP06,2025-06-10,Email follow-up,Left message
ACT003509,ACC082,REP09,2026-06-06,Office visit,Left message
ACT003510,ACC067,REP08,2025-04-09,Office visit,Connected
ACT003511,ACC072,REP07,2025-03-28,Phone check-in,Left message
ACT003512,ACC033,REP04,2025-03-11,Provider education,Left message
ACT003513,ACC031,REP04,2026-08-23,Phone check-in,Left message
ACT003514,ACC083,REP10,2025-08-28,Office visit,Follow-up requested
ACT003515,ACC054,REP05,2025-05-01,Office visit,Materials delivered
ACT003516,ACC038,REP03,2026-03-01,Phone check-in,Left message
ACT003517,ACC107,REP12,2025-03-21,Provider education,Follow-up requested
ACT003518,ACC035,REP04,2026-06-23,Office visit,Follow-up requested
ACT003519,ACC038,REP03,2025-04-15,Email follow-up,Follow-up requested
ACT003520,ACC091,REP10,2025-10-16,Email follow-up,Follow-up requested
ACT003521,ACC010,REP01,2025-05-13,Email follow-up,Connected
ACT003522,ACC028,,2025-05-06,Office visit,Left message
ACT003523,ACC110,REP11,2025-04-11,Email follow-up,Follow-up requested
ACT003524,ACC100,REP09,2026-08-30,Office visit,Follow-up requested
ACT003525,ACC030,REP03,2025-03-18,Email follow-up,Connected
ACT003526,ACC011,REP02,2025-05-01,Office visit,Follow-up requested
ACT003527,ACC101,REP12,2026-06-04,Phone check-in,Materials delivered
ACT003528,ACC100,REP09,2025-05-06,Provider education,Materials delivered
ACT003529,ACC001,REP02,2026-05-28,Office visit,Follow-up requested
ACT003530,ACC088,REP09,2026-05-25,Office visit,Materials delivered
ACT003531,ACC096,REP09,2026-04-12,Office visit,Materials delivered
ACT003532,ACC051,REP06,2025-04-28,Email follow-up,Follow-up requested
ACT003533,ACC073,REP08,2026-06-05,Phone check-in,Connected
ACT003534,ACC095,REP10,2026-03-09,Provider education,Connected
ACT003535,ACC002,REP01,2026-01-27,Phone check-in,Connected
ACT003536,ACC091,REP10,2025-02-14,Email follow-up,Materials delivered
ACT003537,ACC071,REP08,2026-06-27,Provider education,Left message
ACT003538,ACC003,REP02,2025-09-14,Phone check-in,Materials delivered
ACT003539,ACC034,REP03,2025-02-19,Phone check-in,Left message
ACT003540,ACC080,REP07,2025-07-12,Provider education,Materials delivered
ACT003541,ACC059,REP06,2025-09-14,Phone check-in,Left message
ACT003542,ACC017,REP02,2025-07-22,Phone check-in,Left message
ACT003543,ACC096,REP09,2025-03-25,Phone check-in,Follow-up requested
ACT003544,ACC046,,2026-06-15,Email follow-up,Connected
ACT003545,ACC105,REP12,2026-06-05,Email follow-up,Follow-up requested
ACT003546,ACC067,REP08,2025-02-16,Email follow-up,Left message
ACT003547,ACC087,REP10,2026-04-01,Phone check-in,Connected
ACT003548,ACC041,REP06,2026-03-01,Phone check-in,Left message
ACT003549,ACC016,REP01,2026-04-24,Email follow-up,Materials delivered
ACT003550,ACC015,REP02,2025-12-29,Provider education,Materials delivered
ACT003551,ACC042,REP05,2025-04-21,Office visit,Left message
ACT003552,ACC112,REP11,2025-10-16,Provider education,Materials delivered
ACT003553,ACC092,REP09,2025-06-09,Phone check-in,Materials delivered
ACT003554,ACC082,REP09,2025-05-08,Phone check-in,Follow-up requested
ACT003555,ACC032,REP03,2026-01-12,Provider education,Left message
ACT003556,ACC009,REP02,2025-03-03,Email follow-up,Connected
ACT003557,ACC003,REP02,2025-05-15,Office visit,Materials delivered
ACT003558,ACC119,REP12,2026-08-09,Provider education,Follow-up requested
ACT003559,ACC088,REP09,2025-05-03,Office visit,Left message
ACT003560,ACC008,REP01,2025-03-22,Provider education,Left message
ACT003561,ACC030,REP03,2025-12-09,Office visit,Follow-up requested
ACT003562,ACC030,REP03,2026-04-25,Email follow-up,Connected
ACT003563,ACC025,REP04,2026-08-13,Phone check-in,Follow-up requested
ACT003564,ACC035,REP04,2025-09-10,Email follow-up,Left message
ACT003565,ACC043,REP06,2025-07-14,Phone check-in,Materials delivered
ACT003566,ACC001,REP02,2026-01-09,Provider education,Left message
ACT003567,ACC076,REP07,2025-03-02,Office visit,Left message
ACT003568,ACC055,REP06,2026-07-22,Email follow-up,Left message
ACT003569,ACC023,REP04,2025-10-16,Provider education,Connected
ACT003570,ACC118,REP11,2025-04-11,Phone check-in,Connected
ACT003571,ACC009,REP02,2026-05-24,Phone check-in,Materials delivered
ACT003572,ACC096,REP09,2026-08-27,Provider education,Connected
ACT003573,ACC019,REP02,2025-10-18,Provider education,Materials delivered
ACT003574,ACC081,REP10,2025-02-11,Provider education,Follow-up requested
ACT003575,ACC043,REP06,2025-12-03,Email follow-up,Follow-up requested
ACT003576,ACC113,,2025-05-27,Provider education,Left message
ACT003577,ACC030,REP03,2026-04-23,Provider education,Follow-up requested
ACT003578,ACC117,REP12,2025-04-25,Email follow-up,Left message
ACT003579,ACC045,REP06,2026-05-30,Email follow-up,Connected
ACT003580,ACC007,,2026-02-18,Phone check-in,Follow-up requested
ACT003581,ACC031,REP04,2025-03-14,Provider education,Materials delivered
ACT003582,ACC026,REP03,2025-06-08,Provider education,Connected
ACT003583,ACC105,REP12,2025-02-23,Provider education,Left message
ACT003584,ACC058,REP05,2025-07-14,Phone check-in,Materials delivered
ACT003585,ACC016,REP01,2025-02-14,Email follow-up,Left message
ACT003586,ACC071,REP08,2026-05-28,Phone check-in,Materials delivered
ACT003587,ACC025,REP04,2025-05-04,Email follow-up,Materials delivered
ACT003588,ACC068,REP07,2025-10-09,Email follow-up,Follow-up requested
ACT003589,ACC092,REP09,2025-07-29,Office visit,Left message
ACT003590,ACC080,REP07,2026-08-11,Phone check-in,Materials delivered
ACT003591,ACC059,REP06,2025-08-24,Email follow-up,Materials delivered
ACT003592,ACC066,REP07,2025-06-05,Provider education,Left message
ACT003593,ACC094,REP09,2025-01-07,Office visit,Left message
ACT003594,ACC111,REP12,2026-01-14,Email follow-up,Connected
ACT003595,ACC084,,2025-10-23,Email follow-up,Connected
ACT003596,ACC091,REP10,2025-12-10,Office visit,Follow-up requested
ACT003597,ACC004,REP01,2026-07-28,Provider education,Follow-up requested
ACT003598,ACC083,REP10,2026-01-31,Phone check-in,Materials delivered
ACT003599,ACC032,REP03,2026-08-23,Office visit,Materials delivered
ACT003600,ACC031,REP04,2025-04-20,Phone check-in,Left message
