followup_id,referral_id,created_date,due_date,completed_date,task_status
FU0000001,REF000001,2025-07-12,2025-07-14,2025-07-18,Completed
FU0000002,REF000002,2025-02-15,2025-02-17,2025-02-21,Completed
FU0000003,REF000003,2025-08-21,2025-08-23,2025-08-23,Completed
FU0000004,REF000005,2025-07-09,2025-07-11,2025-07-15,Completed
FU0000005,REF000006,2026-06-20,2026-06-22,2026-06-24,Completed
FU0000006,REF000007,2026-08-24,2026-08-26,2026-08-27,Completed
FU0000007,REF000007,2026-08-25,2026-08-27,,Open
FU0000008,REF000008,2026-07-17,2026-07-19,2026-07-22,Completed
FU0000009,REF000009,2026-08-14,2026-08-16,2026-08-15,Completed
FU0000010,REF000010,2026-04-07,2026-04-09,2026-04-12,Completed
FU0000011,REF000011,2025-11-29,2025-12-01,2025-12-02,Completed
FU0000012,REF000012,2026-03-09,2026-03-11,2026-03-13,Completed
FU0000013,REF000013,2025-08-06,2025-08-08,2025-08-12,Completed
FU0000014,REF000014,2025-07-25,2025-07-27,2025-07-30,Completed
FU0000015,REF000015,2026-01-18,2026-01-20,2026-01-23,Completed
FU0000016,REF000016,2025-04-09,2025-04-11,2025-04-10,Completed
FU0000017,REF000017,2025-01-07,2025-01-09,2025-01-13,Completed
FU0000018,REF000018,2026-04-15,2026-04-17,2026-04-18,Completed
FU0000019,REF000019,2025-05-04,2025-05-06,2025-05-07,Completed
FU0000020,REF000020,2026-03-25,2026-03-27,2026-03-30,Completed
FU0000021,REF000020,2026-08-23,,,Open
FU0000022,REF000021,2025-12-21,2025-12-23,2025-12-26,Completed
FU0000023,REF000021,2026-08-25,2026-08-27,,Open
FU0000024,REF000022,2025-06-05,2025-06-07,2025-06-10,Completed
FU0000025,REF000023,2025-07-15,2025-07-17,2025-07-19,Completed
FU0000026,REF000024,2025-08-30,2025-09-01,2025-09-03,Completed
FU0000027,REF000025,2025-03-08,2025-03-10,2025-03-13,Completed
FU0000028,REF000025,2026-08-27,2026-08-29,,Open
FU0000029,REF000026,2026-06-11,2026-06-13,2026-06-12,Completed
FU0000030,REF000027,2025-12-05,2025-12-07,2025-12-10,Completed
FU0000031,REF000028,2026-07-31,2026-08-02,2026-08-01,Completed
FU0000032,REF000029,2026-03-26,2026-03-28,2026-03-29,Completed
FU0000033,REF000031,2025-02-01,2025-02-03,2025-02-07,Completed
FU0000034,REF000032,2025-01-22,2025-01-24,2025-01-26,Completed
FU0000035,REF000033,2026-04-03,2026-04-05,2026-04-06,Completed
FU0000036,REF000034,2025-09-15,2025-09-17,2025-09-16,Completed
FU0000037,REF000037,2025-10-05,2025-10-07,2025-10-09,Completed
FU0000038,REF000038,2025-06-14,2025-06-16,2025-06-18,Completed
FU0000039,REF000039,2025-04-24,2025-04-26,2025-04-29,Completed
FU0000040,REF000041,2025-03-15,2025-03-17,2025-03-20,Completed
FU0000041,REF000042,2025-06-02,2025-06-04,2025-06-07,Completed
FU0000042,REF000043,2025-09-14,2025-09-16,2025-09-16,Completed
FU0000043,REF000044,2025-11-06,2025-11-08,2025-11-11,Completed
FU0000044,REF000046,2025-04-18,2025-04-20,2025-04-20,Completed
FU0000045,REF000048,2025-05-15,2025-05-17,2025-05-16,Completed
FU0000046,REF000049,2025-07-08,2025-07-10,2025-07-13,Completed
FU0000047,REF000050,2026-06-10,2026-06-12,2026-06-16,Completed
FU0000048,REF000051,2025-03-01,2025-03-03,2025-03-05,Completed
FU0000049,REF000052,2026-03-11,2026-03-13,2026-03-12,Completed
FU0000050,REF000053,2025-08-18,2025-08-20,2025-08-20,Completed
FU0000051,REF000054,2026-02-15,2026-02-17,2026-02-20,Completed
FU0000052,REF000055,2026-05-13,2026-05-15,2026-05-18,Completed
FU0000053,REF000056,2026-01-21,2026-01-23,2026-01-22,Completed
FU0000054,REF000060,2025-02-04,2025-02-06,2025-02-08,Completed
FU0000055,REF000061,2026-06-23,2026-06-25,2026-06-27,Completed
FU0000056,REF000062,2025-11-24,2025-11-26,2025-11-29,Completed
FU0000057,REF000063,2026-05-17,2026-05-19,2026-05-23,Completed
FU0000058,REF000063,2026-08-27,2026-08-29,,Open
FU0000059,REF000065,2026-08-21,2026-08-23,,Open
FU0000060,REF000066,2025-07-09,2025-07-11,2025-07-15,Completed
FU0000061,REF000067,2026-06-25,2026-06-27,2026-06-30,Completed
FU0000062,REF000067,2026-08-16,2026-08-18,,Open
FU0000063,REF000068,2025-09-17,2025-09-19,2025-09-20,Completed
FU0000064,REF000070,2026-02-15,2026-02-17,2026-02-21,Completed
FU0000065,REF000071,2025-03-22,2025-03-24,2025-03-26,Completed
FU0000066,REF000072,2026-08-14,2026-08-16,2026-08-17,Completed
FU0000067,REF000074,2026-01-09,2026-01-11,2026-01-13,Completed
FU0000068,REF000075,2025-03-15,2025-03-17,2025-03-20,Completed
FU0000069,REF000076,2026-04-23,2026-04-25,2026-04-28,Completed
FU0000070,REF000078,2026-01-21,2026-01-23,2026-01-25,Completed
FU0000071,REF000079,2025-02-23,2025-02-25,2025-02-26,Completed
FU0000072,REF000080,2026-08-17,2026-08-19,,Open
FU0000073,REF000081,2025-09-27,2025-09-29,2025-10-02,Completed
FU0000074,REF000082,2026-02-27,2026-03-01,2026-03-05,Completed
FU0000075,REF000083,2025-11-13,2025-11-15,2025-11-15,Completed
FU0000076,REF000083,2026-08-17,2026-08-19,,Open
FU0000077,REF000084,2026-02-05,2026-02-07,2026-02-10,Completed
FU0000078,REF000085,2025-04-02,2025-04-04,2025-04-05,Completed
FU0000079,REF000087,2026-04-18,2026-04-20,2026-04-22,Completed
FU0000080,REF000088,2025-12-01,2025-12-03,2025-12-03,Completed
FU0000081,REF000089,2026-08-13,2026-08-15,2026-08-18,Completed
FU0000082,REF000090,2025-12-11,2025-12-13,2025-12-12,Completed
FU0000083,REF000092,2025-11-01,2025-11-03,2025-11-07,Completed
FU0000084,REF000093,2026-03-29,2026-03-31,2026-03-31,Completed
FU0000085,REF000094,2026-04-08,2026-04-10,2026-04-09,Completed
FU0000086,REF000095,2025-10-22,2025-10-24,2025-10-25,Completed
FU0000087,REF000097,2026-04-01,2026-04-03,2026-04-06,Completed
FU0000088,REF000098,2025-03-15,2025-03-17,2025-03-17,Completed
FU0000089,REF000099,2026-08-30,2026-09-01,2026-08-31,Completed
FU0000090,REF000100,2026-03-12,2026-03-14,2026-03-15,Completed
FU0000091,REF000101,2025-02-21,2025-02-23,2025-02-26,Completed
FU0000092,REF000102,2025-04-16,2025-04-18,2025-04-22,Completed
FU0000093,REF000103,2025-10-24,2025-10-26,2025-10-29,Completed
FU0000094,REF000104,2026-02-26,2026-02-28,2026-03-04,Completed
FU0000095,REF000105,2025-03-17,2025-03-19,2025-03-23,Completed
FU0000096,REF000106,2025-04-30,2025-05-02,2025-05-05,Completed
FU0000097,REF000107,2025-10-12,2025-10-14,2025-10-18,Completed
FU0000098,REF000109,2026-03-20,2026-03-22,2026-03-25,Completed
FU0000099,REF000110,2026-08-29,2026-08-31,,Open
FU0000100,REF000111,2025-06-11,2025-06-13,2025-06-13,Completed
FU0000101,REF000113,2025-07-13,2025-07-15,2025-07-15,Completed
FU0000102,REF000114,2026-06-11,2026-06-13,2026-06-13,Completed
FU0000103,REF000115,2025-07-21,2025-07-23,2025-07-23,Completed
FU0000104,REF000116,2025-02-16,2025-02-18,2025-02-21,Completed
FU0000105,REF000117,2026-08-09,2026-08-11,2026-08-11,Completed
FU0000106,REF000117,2026-08-26,2026-08-28,,Open
FU0000107,REF000118,2025-11-02,2025-11-04,2025-11-05,Completed
FU0000108,REF000118,2026-08-22,2026-08-24,,Open
FU0000109,REF000119,2025-05-17,2025-05-19,2025-05-21,Completed
FU0000110,REF000120,2025-05-15,2025-05-17,2025-05-19,Completed
FU0000111,REF000120,2026-08-23,2026-08-25,,Open
FU0000112,REF000121,2026-04-12,2026-04-14,2026-04-13,Completed
FU0000113,REF000122,2025-06-29,2025-07-01,2025-07-01,Completed
FU0000114,REF000123,2026-05-20,2026-05-22,2026-05-23,Completed
FU0000115,REF000124,2026-08-28,2026-08-30,,Open
FU0000116,REF000126,2026-08-31,2026-09-02,,Open
FU0000117,REF000127,2026-03-18,2026-03-20,2026-03-22,Completed
FU0000118,REF000129,2025-09-16,2025-09-18,2025-09-20,Completed
FU0000119,REF000130,2026-02-14,2026-02-16,2026-02-16,Completed
FU0000120,REF000131,2026-07-28,2026-07-30,2026-07-29,Completed
FU0000121,REF000132,2026-03-27,2026-03-29,2026-03-30,Completed
FU0000122,REF000133,2025-08-12,2025-08-14,2025-08-17,Completed
FU0000123,REF000134,2026-05-06,2026-05-08,2026-05-11,Completed
FU0000124,REF000135,2025-05-28,2025-05-30,2025-06-03,Completed
FU0000125,REF000136,2025-08-30,2025-09-01,2025-09-04,Completed
FU0000126,REF000137,2025-09-19,2025-09-21,2025-09-24,Completed
FU0000127,REF000138,2025-05-10,2025-05-12,2025-05-11,Completed
FU0000128,REF000139,2025-06-06,2025-06-08,2025-06-11,Completed
FU0000129,REF000140,2025-07-27,2025-07-29,2025-07-31,Completed
FU0000130,REF000141,2025-09-13,2025-09-15,2025-09-14,Completed
FU0000131,REF000142,2026-06-03,2026-06-05,2026-06-07,Completed
FU0000132,REF000143,2026-08-29,2026-08-31,2026-08-31,Completed
FU0000133,REF000143,2026-08-29,2026-08-31,,Open
FU0000134,REF000144,2026-08-06,2026-08-08,2026-08-10,Completed
FU0000135,REF000145,2026-01-14,2026-01-16,2026-01-19,Completed
FU0000136,REF000145,2026-08-17,2026-08-19,,Open
FU0000137,REF000146,2025-11-14,2025-11-16,2025-11-18,Completed
FU0000138,REF000147,2025-11-29,2025-12-01,2025-11-30,Completed
FU0000139,REF000148,2026-08-14,2026-08-16,2026-08-18,Completed
FU0000140,REF000150,2026-07-10,2026-07-12,2026-07-14,Completed
FU0000141,REF000151,2026-03-08,2026-03-10,2026-03-09,Completed
FU0000142,REF000152,2025-04-09,2025-04-11,2025-04-13,Completed
FU0000143,REF000153,2025-01-13,2025-01-15,2025-01-16,Completed
FU0000144,REF000154,2026-07-19,2026-07-21,2026-07-20,Completed
FU0000145,REF000155,2025-12-03,2025-12-05,2025-12-05,Completed
FU0000146,REF000156,2025-09-19,2025-09-21,2025-09-22,Completed
FU0000147,REF000157,2025-10-01,2025-10-03,2025-10-05,Completed
FU0000148,REF000157,2026-08-29,2026-08-31,,Open
FU0000149,REF000158,2026-03-25,2026-03-27,2026-03-29,Completed
FU0000150,REF000158,2026-08-19,2026-08-21,,Open
FU0000151,REF000160,2025-08-07,2025-08-09,2025-08-09,Completed
FU0000152,REF000160,2026-08-29,2026-08-31,,Open
FU0000153,REF000161,2025-05-22,2025-05-24,2025-05-25,Completed
FU0000154,REF000162,2026-07-10,2026-07-12,2026-07-14,Completed
FU0000155,REF000163,2025-11-09,2025-11-11,2025-11-14,Completed
FU0000156,REF000164,2026-08-25,2026-08-27,2026-08-30,Completed
FU0000157,REF000164,2026-08-30,2026-09-01,,Open
FU0000158,REF000165,2026-06-06,2026-06-08,2026-06-07,Completed
FU0000159,REF000166,2026-08-04,2026-08-06,2026-08-07,Completed
FU0000160,REF000166,2026-08-30,2026-09-01,,Open
FU0000161,REF000167,2026-08-04,2026-08-06,2026-08-07,Completed
FU0000162,REF000168,2026-01-20,2026-01-22,2026-01-23,Completed
FU0000163,REF000168,2026-08-23,2026-08-25,,Open
FU0000164,REF000170,2025-04-18,2025-04-20,2025-04-20,Completed
FU0000165,REF000171,2026-08-11,2026-08-13,2026-08-14,Completed
FU0000166,REF000172,2025-12-17,2025-12-19,2025-12-18,Completed
FU0000167,REF000173,2026-08-14,2026-08-16,2026-08-19,Completed
FU0000168,REF000174,2025-08-07,2025-08-09,2025-08-09,Completed
FU0000169,REF000175,2025-12-02,2025-12-04,2025-12-08,Completed
FU0000170,REF000177,2025-11-13,2025-11-15,2025-11-18,Completed
FU0000171,REF000178,2025-09-25,2025-09-27,2025-09-30,Completed
FU0000172,REF000179,2026-08-26,2026-08-28,2026-08-28,Completed
FU0000173,REF000179,2026-08-29,2026-08-31,,Open
FU0000174,REF000180,2025-01-04,2025-01-06,2025-01-09,Completed
FU0000175,REF000182,2025-10-30,2025-11-01,2025-10-31,Completed
FU0000176,REF000183,2026-04-24,2026-04-26,2026-04-26,Completed
FU0000177,REF000184,2026-05-04,2026-05-06,2026-05-05,Completed
FU0000178,REF000185,2026-02-06,2026-02-08,2026-02-08,Completed
FU0000179,REF000186,2026-07-20,2026-07-22,2026-07-22,Completed
FU0000180,REF000188,2026-02-01,2026-02-03,2026-02-07,Completed
FU0000181,REF000189,2025-06-19,2025-06-21,2025-06-22,Completed
FU0000182,REF000191,2026-08-21,2026-08-23,2026-08-26,Completed
FU0000183,REF000193,2025-11-18,2025-11-20,2025-11-23,Completed
FU0000184,REF000194,2025-10-13,2025-10-15,2025-10-15,Completed
FU0000185,REF000195,2025-01-30,2025-02-01,2025-02-05,Completed
FU0000186,REF000196,2026-08-29,2026-08-31,,Open
FU0000187,REF000197,2025-11-26,2025-11-28,2025-11-28,Completed
FU0000188,REF000198,2026-06-12,2026-06-14,2026-06-17,Completed
FU0000189,REF000199,2025-05-25,2025-05-27,2025-05-28,Completed
FU0000190,REF000200,2025-08-22,2025-08-24,2025-08-23,Completed
FU0000191,REF000200,2026-08-28,,,Open
FU0000192,REF000201,2026-05-23,2026-05-25,2026-05-29,Completed
FU0000193,REF000202,2026-05-10,2026-05-12,2026-05-11,Completed
FU0000194,REF000203,2026-04-27,2026-04-29,2026-04-30,Completed
FU0000195,REF000204,2025-08-05,2025-08-07,2025-08-11,Completed
FU0000196,REF000205,2025-12-28,2025-12-30,2025-12-29,Completed
FU0000197,REF000205,2026-08-22,2026-08-24,,Open
FU0000198,REF000206,2026-02-15,2026-02-17,2026-02-16,Completed
FU0000199,REF000207,2026-04-16,2026-04-18,2026-04-19,Completed
FU0000200,REF000207,2026-08-26,2026-08-28,,Open
FU0000201,REF000208,2026-01-14,2026-01-16,2026-01-16,Completed
FU0000202,REF000209,2026-06-26,2026-06-28,2026-06-29,Completed
FU0000203,REF000211,2025-05-26,2025-05-28,2025-06-01,Completed
FU0000204,REF000212,2026-06-06,2026-06-08,2026-06-08,Completed
FU0000205,REF000213,2026-05-24,2026-05-26,2026-05-28,Completed
FU0000206,REF000214,2025-02-06,2025-02-08,2025-02-12,Completed
FU0000207,REF000215,2025-10-10,2025-10-12,2025-10-11,Completed
FU0000208,REF000216,2026-06-18,2026-06-20,2026-06-23,Completed
FU0000209,REF000217,2025-05-16,2025-05-18,2025-05-17,Completed
FU0000210,REF000219,2026-06-02,2026-06-04,2026-06-06,Completed
FU0000211,REF000220,2026-04-22,2026-04-24,2026-04-26,Completed
FU0000212,REF000221,2026-03-07,2026-03-09,2026-03-13,Completed
FU0000213,REF000222,2025-10-06,2025-10-08,2025-10-12,Completed
FU0000214,REF000223,2026-03-12,2026-03-14,2026-03-15,Completed
FU0000215,REF000224,2025-06-22,2025-06-24,2025-06-25,Completed
FU0000216,REF000226,2026-08-17,2026-08-19,2026-08-22,Completed
FU0000217,REF000227,2025-08-06,2025-08-08,2025-08-12,Completed
FU0000218,REF000230,2026-01-07,2026-01-09,2026-01-13,Completed
FU0000219,REF000231,2025-09-01,2025-09-03,2025-09-06,Completed
FU0000220,REF000232,2025-10-11,2025-10-13,2025-10-15,Completed
FU0000221,REF000233,2025-08-07,2025-08-09,2025-08-13,Completed
FU0000222,REF000234,2026-05-31,2026-06-02,2026-06-01,Completed
FU0000223,REF000235,2025-02-05,2025-02-07,2025-02-09,Completed
FU0000224,REF000235,2026-08-22,2026-08-24,,Open
FU0000225,REF000237,2025-05-02,2025-05-04,2025-05-03,Completed
FU0000226,REF000238,2026-03-20,2026-03-22,2026-03-22,Completed
FU0000227,REF000239,2026-02-09,2026-02-11,2026-02-10,Completed
FU0000228,REF000240,2026-04-07,2026-04-09,2026-04-11,Completed
FU0000229,REF000241,2025-07-01,2025-07-03,2025-07-02,Completed
FU0000230,REF000242,2025-01-07,2025-01-09,2025-01-12,Completed
FU0000231,REF000245,2026-02-15,2026-02-17,2026-02-17,Completed
FU0000232,REF000245,2026-08-30,,,Open
FU0000233,REF000247,2025-05-20,2025-05-22,2025-05-24,Completed
FU0000234,REF000248,2026-03-14,2026-03-16,2026-03-18,Completed
FU0000235,REF000248,2026-08-19,2026-08-21,,Open
FU0000236,REF000249,2026-05-26,2026-05-28,2026-05-31,Completed
FU0000237,REF000250,2025-02-27,2025-03-01,2025-02-28,Completed
FU0000238,REF000251,2026-06-03,2026-06-05,2026-06-08,Completed
FU0000239,REF000255,2025-03-18,2025-03-20,2025-03-20,Completed
FU0000240,REF000256,2025-03-27,2025-03-29,2025-03-31,Completed
FU0000241,REF000256,2026-08-29,2026-08-31,,Open
FU0000242,REF000257,2025-07-15,2025-07-17,2025-07-20,Completed
FU0000243,REF000259,2025-07-07,2025-07-09,2025-07-09,Completed
FU0000244,REF000260,2025-02-13,2025-02-15,2025-02-16,Completed
FU0000245,REF000261,2026-07-23,2026-07-25,2026-07-26,Completed
FU0000246,REF000262,2025-04-23,2025-04-25,2025-04-25,Completed
FU0000247,REF000264,2025-09-08,2025-09-10,2025-09-09,Completed
FU0000248,REF000265,2025-02-12,2025-02-14,2025-02-17,Completed
FU0000249,REF000268,2025-02-15,2025-02-17,2025-02-17,Completed
FU0000250,REF000269,2026-08-13,2026-08-15,2026-08-14,Completed
FU0000251,REF000270,2026-05-08,2026-05-10,2026-05-11,Completed
FU0000252,REF000273,2026-07-05,2026-07-07,2026-07-06,Completed
FU0000253,REF000275,2026-04-08,2026-04-10,2026-04-11,Completed
FU0000254,REF000276,2026-04-18,2026-04-20,2026-04-24,Completed
FU0000255,REF000278,2025-08-09,2025-08-11,2025-08-14,Completed
FU0000256,REF000279,2026-06-13,2026-06-15,2026-06-17,Completed
FU0000257,REF000280,2025-04-01,2025-04-03,2025-04-06,Completed
FU0000258,REF000282,2026-05-03,2026-05-05,2026-05-09,Completed
FU0000259,REF000283,2025-02-16,2025-02-18,2025-02-21,Completed
FU0000260,REF000284,2026-08-05,2026-08-07,2026-08-08,Completed
FU0000261,REF000285,2025-08-03,2025-08-05,2025-08-06,Completed
FU0000262,REF000286,2025-12-15,2025-12-17,2025-12-21,Completed
FU0000263,REF000287,2025-05-03,2025-05-05,2025-05-08,Completed
FU0000264,REF000288,2026-06-11,2026-06-13,2026-06-17,Completed
FU0000265,REF000289,2025-06-13,2025-06-15,2025-06-14,Completed
FU0000266,REF000290,2025-07-08,2025-07-10,2025-07-13,Completed
FU0000267,REF000291,2025-09-09,2025-09-11,2025-09-13,Completed
FU0000268,REF000292,2025-10-03,2025-10-05,2025-10-07,Completed
FU0000269,REF000293,2025-06-08,2025-06-10,2025-06-11,Completed
FU0000270,REF000295,2026-04-22,2026-04-24,2026-04-25,Completed
FU0000271,REF000297,2025-11-02,2025-11-04,2025-11-04,Completed
FU0000272,REF000300,2026-02-14,2026-02-16,2026-02-17,Completed
FU0000273,REF000301,2026-01-27,2026-01-29,2026-02-02,Completed
FU0000274,REF000303,2025-05-03,2025-05-05,2025-05-06,Completed
FU0000275,REF000304,2025-07-14,2025-07-16,2025-07-17,Completed
FU0000276,REF000306,2025-08-30,2025-09-01,2025-09-03,Completed
FU0000277,REF000307,2025-08-19,2025-08-21,2025-08-20,Completed
FU0000278,REF000309,2025-05-07,2025-05-09,2025-05-13,Completed
FU0000279,REF000310,2025-02-19,2025-02-21,2025-02-24,Completed
FU0000280,REF000311,2026-07-14,2026-07-16,2026-07-20,Completed
FU0000281,REF000312,2025-06-21,2025-06-23,2025-06-26,Completed
FU0000282,REF000313,2025-03-04,2025-03-06,2025-03-07,Completed
FU0000283,REF000314,2025-06-20,2025-06-22,2025-06-22,Completed
FU0000284,REF000317,2026-01-19,2026-01-21,2026-01-21,Completed
FU0000285,REF000318,2026-05-28,2026-05-30,2026-05-31,Completed
FU0000286,REF000319,2025-02-14,2025-02-16,2025-02-16,Completed
FU0000287,REF000320,2025-08-04,2025-08-06,2025-08-09,Completed
FU0000288,REF000321,2025-07-30,2025-08-01,2025-07-31,Completed
FU0000289,REF000322,2026-08-30,2026-09-01,,Open
FU0000290,REF000323,2025-10-09,2025-10-11,2025-10-15,Completed
FU0000291,REF000324,2025-08-09,2025-08-11,2025-08-13,Completed
FU0000292,REF000325,2025-04-17,2025-04-19,2025-04-18,Completed
FU0000293,REF000326,2025-09-07,2025-09-09,2025-09-09,Completed
FU0000294,REF000327,2026-02-07,2026-02-09,2026-02-13,Completed
FU0000295,REF000328,2025-08-15,2025-08-17,2025-08-16,Completed
FU0000296,REF000329,2025-07-25,2025-07-27,2025-07-27,Completed
FU0000297,REF000330,2025-05-29,2025-05-31,2025-06-02,Completed
FU0000298,REF000330,2026-08-27,2026-08-29,,Open
FU0000299,REF000331,2025-05-21,2025-05-23,2025-05-27,Completed
FU0000300,REF000332,2025-07-28,2025-07-30,2025-07-31,Completed
FU0000301,REF000333,2025-09-27,2025-09-29,2025-10-02,Completed
FU0000302,REF000333,2026-08-23,2026-08-25,,Open
FU0000303,REF000334,2025-12-28,2025-12-30,2025-12-29,Completed
FU0000304,REF000335,2026-04-04,2026-04-06,2026-04-05,Completed
FU0000305,REF000336,2025-03-14,2025-03-16,2025-03-15,Completed
FU0000306,REF000337,2026-02-04,2026-02-06,2026-02-05,Completed
FU0000307,REF000338,2025-06-17,2025-06-19,2025-06-19,Completed
FU0000308,REF000339,2025-05-11,2025-05-13,2025-05-14,Completed
FU0000309,REF000340,2025-07-28,2025-07-30,2025-08-02,Completed
FU0000310,REF000341,2025-09-09,2025-09-11,2025-09-10,Completed
FU0000311,REF000342,2026-01-25,2026-01-27,2026-01-28,Completed
FU0000312,REF000342,2026-08-26,2026-08-28,,Open
FU0000313,REF000345,2026-06-11,2026-06-13,2026-06-13,Completed
FU0000314,REF000346,2025-02-08,2025-02-10,2025-02-12,Completed
FU0000315,REF000347,2025-07-04,2025-07-06,2025-07-05,Completed
FU0000316,REF000348,2026-06-19,2026-06-21,2026-06-25,Completed
FU0000317,REF000349,2025-11-10,2025-11-12,2025-11-16,Completed
FU0000318,REF000351,2026-02-21,2026-02-23,2026-02-24,Completed
FU0000319,REF000351,2026-08-24,2026-08-26,,Open
FU0000320,REF000352,2025-01-11,2025-01-13,2025-01-16,Completed
FU0000321,REF000353,2026-03-24,2026-03-26,2026-03-29,Completed
FU0000322,REF000353,2026-08-16,2026-08-18,,Open
FU0000323,REF000354,2026-08-21,2026-08-23,2026-08-27,Completed
FU0000324,REF000355,2025-11-28,2025-11-30,2025-12-04,Completed
FU0000325,REF000356,2025-08-04,2025-08-06,2025-08-05,Completed
FU0000326,REF000357,2025-03-21,2025-03-23,2025-03-25,Completed
FU0000327,REF000358,2025-05-19,2025-05-21,2025-05-25,Completed
FU0000328,REF000359,2026-05-01,2026-05-03,2026-05-04,Completed
FU0000329,REF000360,2025-11-15,2025-11-17,2025-11-19,Completed
FU0000330,REF000361,2025-02-04,2025-02-06,2025-02-05,Completed
FU0000331,REF000362,2026-02-10,2026-02-12,2026-02-13,Completed
FU0000332,REF000363,2025-03-27,2025-03-29,2025-03-31,Completed
FU0000333,REF000364,2026-08-07,2026-08-09,2026-08-11,Completed
FU0000334,REF000365,2026-07-24,2026-07-26,2026-07-29,Completed
FU0000335,REF000366,2025-05-06,2025-05-08,2025-05-12,Completed
FU0000336,REF000367,2026-02-01,2026-02-03,2026-02-04,Completed
FU0000337,REF000369,2026-03-26,2026-03-28,2026-03-27,Completed
FU0000338,REF000370,2026-03-15,2026-03-17,2026-03-17,Completed
FU0000339,REF000371,2025-10-25,2025-10-27,2025-10-30,Completed
FU0000340,REF000372,2025-01-31,2025-02-02,2025-02-01,Completed
FU0000341,REF000373,2025-06-02,2025-06-04,2025-06-04,Completed
FU0000342,REF000374,2025-09-16,2025-09-18,2025-09-22,Completed
FU0000343,REF000375,2025-09-13,2025-09-15,2025-09-15,Completed
FU0000344,REF000376,2026-06-10,2026-06-12,2026-06-15,Completed
FU0000345,REF000376,2026-08-31,2026-09-02,,Open
FU0000346,REF000377,2025-05-07,2025-05-09,2025-05-10,Completed
FU0000347,REF000378,2026-06-13,2026-06-15,2026-06-17,Completed
FU0000348,REF000379,2025-12-28,2025-12-30,2025-12-29,Completed
FU0000349,REF000381,2026-08-20,2026-08-22,2026-08-24,Completed
FU0000350,REF000381,2026-08-29,2026-08-31,,Open
FU0000351,REF000382,2026-01-07,2026-01-09,2026-01-09,Completed
FU0000352,REF000384,2025-09-05,2025-09-07,2025-09-08,Completed
FU0000353,REF000385,2026-01-03,2026-01-05,2026-01-04,Completed
FU0000354,REF000385,2026-08-28,2026-08-30,,Open
FU0000355,REF000386,2025-07-06,2025-07-08,2025-07-09,Completed
FU0000356,REF000388,2025-09-02,2025-09-04,2025-09-03,Completed
FU0000357,REF000389,2026-06-15,2026-06-17,2026-06-16,Completed
FU0000358,REF000390,2026-08-25,2026-08-27,2026-08-28,Completed
FU0000359,REF000391,2026-02-16,2026-02-18,2026-02-20,Completed
FU0000360,REF000392,2026-03-14,2026-03-16,2026-03-16,Completed
FU0000361,REF000393,2025-09-05,2025-09-07,2025-09-07,Completed
FU0000362,REF000394,2026-05-30,2026-06-01,2026-06-05,Completed
FU0000363,REF000395,2026-06-15,2026-06-17,2026-06-16,Completed
FU0000364,REF000397,2025-11-06,2025-11-08,2025-11-09,Completed
FU0000365,REF000399,2026-05-23,2026-05-25,2026-05-28,Completed
FU0000366,REF000400,2025-03-01,2025-03-03,2025-03-07,Completed
FU0000367,REF000401,2026-05-15,2026-05-17,2026-05-21,Completed
FU0000368,REF000402,2026-08-20,2026-08-22,2026-08-22,Completed
FU0000369,REF000402,2026-08-20,2026-08-22,,Open
FU0000370,REF000403,2026-01-10,2026-01-12,2026-01-15,Completed
FU0000371,REF000404,2025-02-22,2025-02-24,2025-02-25,Completed
FU0000372,REF000405,2026-02-22,2026-02-24,2026-02-23,Completed
FU0000373,REF000406,2026-06-15,2026-06-17,2026-06-19,Completed
FU0000374,REF000407,2026-07-21,2026-07-23,2026-07-27,Completed
FU0000375,REF000408,2026-05-16,2026-05-18,2026-05-18,Completed
FU0000376,REF000409,2026-07-21,2026-07-23,2026-07-25,Completed
FU0000377,REF000410,2026-03-02,2026-03-04,2026-03-06,Completed
FU0000378,REF000411,2025-07-29,2025-07-31,2025-08-03,Completed
FU0000379,REF000412,2025-05-08,2025-05-10,2025-05-13,Completed
FU0000380,REF000413,2025-05-24,2025-05-26,2025-05-30,Completed
FU0000381,REF000414,2025-03-14,2025-03-16,2025-03-17,Completed
FU0000382,REF000415,2026-05-12,2026-05-14,2026-05-16,Completed
FU0000383,REF000416,2026-01-25,2026-01-27,2026-01-26,Completed
FU0000384,REF000417,2026-06-07,2026-06-09,2026-06-09,Completed
FU0000385,REF000419,2025-04-06,2025-04-08,2025-04-07,Completed
FU0000386,REF000422,2025-01-19,2025-01-21,2025-01-23,Completed
FU0000387,REF000423,2025-05-10,2025-05-12,2025-05-11,Completed
FU0000388,REF000424,2026-02-27,2026-03-01,2026-03-03,Completed
FU0000389,REF000426,2026-05-13,2026-05-15,2026-05-18,Completed
FU0000390,REF000427,2025-10-11,2025-10-13,2025-10-14,Completed
FU0000391,REF000429,2026-01-16,2026-01-18,2026-01-21,Completed
FU0000392,REF000430,2025-11-27,2025-11-29,2025-11-30,Completed
FU0000393,REF000431,2025-12-29,2025-12-31,2026-01-03,Completed
FU0000394,REF000432,2025-07-31,2025-08-02,2025-08-06,Completed
FU0000395,REF000433,2026-07-21,2026-07-23,2026-07-24,Completed
FU0000396,REF000433,2026-08-22,2026-08-24,,Open
FU0000397,REF000434,2026-07-05,2026-07-07,2026-07-11,Completed
FU0000398,REF000435,2025-06-15,2025-06-17,2025-06-21,Completed
FU0000399,REF000436,2025-07-10,2025-07-12,2025-07-16,Completed
FU0000400,REF000437,2026-07-16,2026-07-18,2026-07-19,Completed
FU0000401,REF000438,2025-06-17,2025-06-19,2025-06-19,Completed
FU0000402,REF000439,2026-06-20,2026-06-22,2026-06-22,Completed
FU0000403,REF000440,2025-10-26,2025-10-28,2025-10-29,Completed
FU0000404,REF000441,2025-08-10,2025-08-12,2025-08-12,Completed
FU0000405,REF000442,2026-06-24,2026-06-26,2026-06-30,Completed
FU0000406,REF000443,2026-06-29,2026-07-01,2026-07-03,Completed
FU0000407,REF000447,2025-05-08,2025-05-10,2025-05-12,Completed
FU0000408,REF000448,2026-01-06,2026-01-08,2026-01-07,Completed
FU0000409,REF000449,2026-07-04,2026-07-06,2026-07-10,Completed
FU0000410,REF000450,2026-01-27,2026-01-29,2026-02-01,Completed
FU0000411,REF000452,2025-01-28,2025-01-30,2025-02-02,Completed
FU0000412,REF000453,2025-05-28,2025-05-30,2025-06-02,Completed
FU0000413,REF000454,2026-01-07,2026-01-09,2026-01-11,Completed
FU0000414,REF000455,2025-09-24,2025-09-26,2025-09-27,Completed
FU0000415,REF000456,2026-02-21,2026-02-23,2026-02-25,Completed
FU0000416,REF000457,2025-06-10,2025-06-12,2025-06-11,Completed
FU0000417,REF000459,2026-07-31,2026-08-02,2026-08-02,Completed
FU0000418,REF000460,2026-07-09,2026-07-11,2026-07-15,Completed
FU0000419,REF000462,2026-01-16,2026-01-18,2026-01-18,Completed
FU0000420,REF000463,2025-01-10,2025-01-12,2025-01-11,Completed
FU0000421,REF000464,2025-07-01,2025-07-03,2025-07-04,Completed
FU0000422,REF000467,2026-08-03,2026-08-05,2026-08-07,Completed
FU0000423,REF000469,2026-07-05,2026-07-07,2026-07-09,Completed
FU0000424,REF000470,2025-08-15,2025-08-17,2025-08-19,Completed
FU0000425,REF000471,2026-03-04,2026-03-06,2026-03-08,Completed
FU0000426,REF000472,2025-08-31,2025-09-02,2025-09-03,Completed
FU0000427,REF000473,2026-03-28,2026-03-30,2026-03-29,Completed
FU0000428,REF000474,2025-11-24,2025-11-26,2025-11-26,Completed
FU0000429,REF000475,2026-05-01,2026-05-03,2026-05-05,Completed
FU0000430,REF000476,2025-04-25,2025-04-27,2025-04-28,Completed
FU0000431,REF000477,2025-08-12,2025-08-14,2025-08-17,Completed
FU0000432,REF000478,2026-02-06,2026-02-08,2026-02-07,Completed
FU0000433,REF000481,2026-05-01,2026-05-03,2026-05-03,Completed
FU0000434,REF000482,2026-02-08,2026-02-10,2026-02-13,Completed
FU0000435,REF000483,2025-07-05,2025-07-07,2025-07-06,Completed
FU0000436,REF000484,2026-08-11,2026-08-13,2026-08-15,Completed
FU0000437,REF000485,2025-04-04,2025-04-06,2025-04-08,Completed
FU0000438,REF000486,2025-11-21,2025-11-23,2025-11-22,Completed
FU0000439,REF000487,2025-09-17,2025-09-19,2025-09-22,Completed
FU0000440,REF000487,2026-08-26,2026-08-28,,Open
FU0000441,REF000488,2026-04-14,2026-04-16,2026-04-16,Completed
FU0000442,REF000491,2026-07-19,2026-07-21,2026-07-21,Completed
FU0000443,REF000492,2026-06-30,2026-07-02,2026-07-04,Completed
FU0000444,REF000493,2026-06-03,2026-06-05,2026-06-08,Completed
FU0000445,REF000494,2025-01-30,2025-02-01,2025-02-04,Completed
FU0000446,REF000495,2025-09-06,2025-09-08,2025-09-08,Completed
FU0000447,REF000496,2026-07-14,2026-07-16,2026-07-16,Completed
FU0000448,REF000498,2026-07-11,2026-07-13,2026-07-14,Completed
FU0000449,REF000498,2026-08-31,2026-09-02,,Open
FU0000450,REF000499,2026-02-10,2026-02-12,2026-02-12,Completed
FU0000451,REF000501,2025-11-21,2025-11-23,2025-11-23,Completed
FU0000452,REF000502,2025-05-26,2025-05-28,2025-05-29,Completed
FU0000453,REF000503,2025-04-24,2025-04-26,2025-04-30,Completed
FU0000454,REF000505,2025-06-22,2025-06-24,2025-06-28,Completed
FU0000455,REF000506,2025-05-11,2025-05-13,2025-05-13,Completed
FU0000456,REF000508,2025-06-20,2025-06-22,2025-06-23,Completed
FU0000457,REF000509,2025-06-23,2025-06-25,2025-06-24,Completed
FU0000458,REF000511,2025-12-18,2025-12-20,2025-12-23,Completed
FU0000459,REF000515,2025-06-04,2025-06-06,2025-06-06,Completed
FU0000460,REF000517,2026-04-24,2026-04-26,2026-04-25,Completed
FU0000461,REF000518,2026-01-12,2026-01-14,2026-01-15,Completed
FU0000462,REF000519,2026-08-23,2026-08-25,2026-08-26,Completed
FU0000463,REF000519,2026-08-29,2026-08-31,,Open
FU0000464,REF000520,2025-01-03,2025-01-05,2025-01-04,Completed
FU0000465,REF000521,2026-06-01,2026-06-03,2026-06-04,Completed
FU0000466,REF000522,2025-10-18,2025-10-20,2025-10-22,Completed
FU0000467,REF000523,2026-01-15,2026-01-17,2026-01-21,Completed
FU0000468,REF000524,2026-05-10,2026-05-12,2026-05-15,Completed
FU0000469,REF000525,2025-09-11,2025-09-13,2025-09-16,Completed
FU0000470,REF000526,2025-04-09,2025-04-11,2025-04-14,Completed
FU0000471,REF000527,2025-06-22,2025-06-24,2025-06-28,Completed
FU0000472,REF000529,2026-03-09,2026-03-11,2026-03-13,Completed
FU0000473,REF000530,2025-10-16,2025-10-18,2025-10-21,Completed
FU0000474,REF000531,2025-06-12,2025-06-14,2025-06-17,Completed
FU0000475,REF000532,2025-05-10,2025-05-12,2025-05-15,Completed
FU0000476,REF000532,2026-08-16,2026-08-18,,Open
FU0000477,REF000533,2025-07-02,2025-07-04,2025-07-04,Completed
FU0000478,REF000533,2026-08-21,2026-08-23,,Open
FU0000479,REF000534,2026-07-10,2026-07-12,2026-07-15,Completed
FU0000480,REF000535,2025-05-21,2025-05-23,2025-05-26,Completed
FU0000481,REF000536,2026-06-12,2026-06-14,2026-06-16,Completed
FU0000482,REF000537,2025-08-07,2025-08-09,2025-08-11,Completed
FU0000483,REF000538,2025-03-08,2025-03-10,2025-03-13,Completed
FU0000484,REF000539,2025-04-17,2025-04-19,2025-04-19,Completed
FU0000485,REF000540,2026-05-09,2026-05-11,2026-05-10,Completed
FU0000486,REF000541,2026-03-19,2026-03-21,2026-03-23,Completed
FU0000487,REF000542,2026-07-03,2026-07-05,2026-07-05,Completed
FU0000488,REF000543,2026-06-08,2026-06-10,2026-06-13,Completed
FU0000489,REF000544,2025-08-22,2025-08-24,2025-08-26,Completed
FU0000490,REF000545,2025-06-25,2025-06-27,2025-06-28,Completed
FU0000491,REF000546,2025-10-12,2025-10-14,2025-10-17,Completed
FU0000492,REF000547,2026-08-19,2026-08-21,2026-08-20,Completed
FU0000493,REF000547,2026-08-19,,,Open
FU0000494,REF000548,2025-06-03,2025-06-05,2025-06-09,Completed
FU0000495,REF000549,2026-03-16,2026-03-18,2026-03-18,Completed
FU0000496,REF000550,2025-01-07,2025-01-09,2025-01-11,Completed
FU0000497,REF000551,2025-01-31,2025-02-02,2025-02-04,Completed
FU0000498,REF000552,2025-02-15,2025-02-17,2025-02-16,Completed
FU0000499,REF000553,2026-08-11,2026-08-13,2026-08-13,Completed
FU0000500,REF000553,2026-08-28,2026-08-30,,Open
FU0000501,REF000554,2025-11-14,2025-11-16,2025-11-20,Completed
FU0000502,REF000556,2026-06-24,2026-06-26,2026-06-26,Completed
FU0000503,REF000557,2025-01-26,2025-01-28,2025-01-30,Completed
FU0000504,REF000558,2025-04-25,2025-04-27,2025-04-30,Completed
FU0000505,REF000560,2025-01-22,2025-01-24,2025-01-27,Completed
FU0000506,REF000562,2026-01-10,2026-01-12,2026-01-16,Completed
FU0000507,REF000563,2026-07-18,2026-07-20,2026-07-21,Completed
FU0000508,REF000564,2026-03-26,2026-03-28,2026-03-29,Completed
FU0000509,REF000565,2025-09-13,2025-09-15,2025-09-16,Completed
FU0000510,REF000567,2025-12-08,2025-12-10,2025-12-14,Completed
FU0000511,REF000569,2026-03-07,2026-03-09,2026-03-11,Completed
FU0000512,REF000570,2025-09-26,2025-09-28,2025-09-27,Completed
FU0000513,REF000571,2026-08-22,2026-08-24,2026-08-27,Completed
FU0000514,REF000571,2026-08-22,2026-08-24,,Open
FU0000515,REF000572,2026-03-10,2026-03-12,2026-03-11,Completed
FU0000516,REF000572,2026-08-21,2026-08-23,,Open
FU0000517,REF000573,2025-02-09,2025-02-11,2025-02-11,Completed
FU0000518,REF000574,2026-01-26,2026-01-28,2026-01-30,Completed
FU0000519,REF000575,2025-06-08,2025-06-10,2025-06-11,Completed
FU0000520,REF000577,2026-02-02,2026-02-04,2026-02-06,Completed
FU0000521,REF000578,2026-03-15,2026-03-17,2026-03-18,Completed
FU0000522,REF000579,2025-08-16,2025-08-18,2025-08-19,Completed
FU0000523,REF000580,2025-02-12,2025-02-14,2025-02-18,Completed
FU0000524,REF000582,2026-05-17,2026-05-19,2026-05-20,Completed
FU0000525,REF000583,2026-07-04,2026-07-06,2026-07-09,Completed
FU0000526,REF000584,2025-01-26,2025-01-28,2025-01-28,Completed
FU0000527,REF000585,2026-01-18,2026-01-20,2026-01-21,Completed
FU0000528,REF000587,2026-07-09,2026-07-11,2026-07-13,Completed
FU0000529,REF000588,2025-09-15,2025-09-17,2025-09-20,Completed
FU0000530,REF000589,2025-06-18,2025-06-20,2025-06-19,Completed
FU0000531,REF000590,2026-01-31,2026-02-02,2026-02-02,Completed
FU0000532,REF000591,2026-02-20,2026-02-22,2026-02-22,Completed
FU0000533,REF000592,2026-01-22,2026-01-24,2026-01-27,Completed
FU0000534,REF000593,2026-07-28,2026-07-30,2026-08-03,Completed
FU0000535,REF000594,2025-12-03,2025-12-05,2025-12-08,Completed
FU0000536,REF000595,2025-08-17,2025-08-19,2025-08-18,Completed
FU0000537,REF000596,2025-02-03,2025-02-05,2025-02-09,Completed
FU0000538,REF000597,2025-01-18,2025-01-20,2025-01-23,Completed
FU0000539,REF000598,2025-10-02,2025-10-04,2025-10-03,Completed
FU0000540,REF000599,2026-02-26,2026-02-28,2026-03-04,Completed
FU0000541,REF000600,2025-01-13,2025-01-15,2025-01-15,Completed
FU0000542,REF000601,2026-07-31,2026-08-02,2026-08-06,Completed
FU0000543,REF000602,2025-07-03,2025-07-05,2025-07-09,Completed
FU0000544,REF000603,2026-06-17,2026-06-19,2026-06-18,Completed
FU0000545,REF000604,2025-12-16,2025-12-18,2025-12-20,Completed
FU0000546,REF000605,2025-06-14,2025-06-16,2025-06-19,Completed
FU0000547,REF000606,2025-09-14,2025-09-16,2025-09-16,Completed
FU0000548,REF000607,2026-02-10,2026-02-12,2026-02-15,Completed
FU0000549,REF000610,2026-03-19,2026-03-21,2026-03-20,Completed
FU0000550,REF000611,2025-11-18,2025-11-20,2025-11-23,Completed
FU0000551,REF000612,2026-04-16,2026-04-18,2026-04-22,Completed
FU0000552,REF000613,2025-12-15,2025-12-17,2025-12-17,Completed
FU0000553,REF000614,2025-10-24,2025-10-26,2025-10-28,Completed
FU0000554,REF000615,2025-04-02,2025-04-04,2025-04-08,Completed
FU0000555,REF000616,2025-06-09,2025-06-11,2025-06-10,Completed
FU0000556,REF000617,2025-06-05,2025-06-07,2025-06-10,Completed
FU0000557,REF000618,2025-12-01,2025-12-03,2025-12-05,Completed
FU0000558,REF000620,2026-01-23,2026-01-25,2026-01-25,Completed
FU0000559,REF000621,2026-02-26,2026-02-28,2026-03-04,Completed
FU0000560,REF000622,2025-06-14,2025-06-16,2025-06-18,Completed
FU0000561,REF000623,2025-10-09,2025-10-11,2025-10-15,Completed
FU0000562,REF000624,2025-07-31,2025-08-02,2025-08-02,Completed
FU0000563,REF000625,2025-11-08,2025-11-10,2025-11-09,Completed
FU0000564,REF000626,2025-07-16,2025-07-18,2025-07-21,Completed
FU0000565,REF000627,2025-04-19,2025-04-21,2025-04-23,Completed
FU0000566,REF000628,2026-04-09,2026-04-11,2026-04-14,Completed
FU0000567,REF000628,2026-08-27,2026-08-29,,Open
FU0000568,REF000629,2026-03-14,2026-03-16,2026-03-20,Completed
FU0000569,REF000630,2026-08-01,2026-08-03,2026-08-03,Completed
FU0000570,REF000631,2026-01-08,2026-01-10,2026-01-09,Completed
FU0000571,REF000632,2025-08-24,2025-08-26,2025-08-29,Completed
FU0000572,REF000633,2026-06-26,2026-06-28,2026-06-30,Completed
FU0000573,REF000633,2026-08-29,2026-08-31,,Open
FU0000574,REF000634,2026-04-13,2026-04-15,2026-04-14,Completed
FU0000575,REF000635,2025-12-13,2025-12-15,2025-12-19,Completed
FU0000576,REF000636,2025-06-01,2025-06-03,2025-06-04,Completed
FU0000577,REF000637,2025-12-09,2025-12-11,2025-12-14,Completed
FU0000578,REF000638,2025-09-25,2025-09-27,2025-09-30,Completed
FU0000579,REF000639,2025-04-07,2025-04-09,2025-04-09,Completed
FU0000580,REF000640,2025-03-20,2025-03-22,2025-03-25,Completed
FU0000581,REF000641,2026-03-03,2026-03-05,2026-03-06,Completed
FU0000582,REF000642,2026-04-05,2026-04-07,2026-04-09,Completed
FU0000583,REF000643,2026-04-28,2026-04-30,2026-05-02,Completed
FU0000584,REF000643,2026-08-27,2026-08-29,,Open
FU0000585,REF000644,2026-08-31,2026-09-02,,Open
FU0000586,REF000647,2025-02-01,2025-02-03,2025-02-06,Completed
FU0000587,REF000648,2025-01-20,2025-01-22,2025-01-24,Completed
FU0000588,REF000649,2025-02-23,2025-02-25,2025-02-27,Completed
FU0000589,REF000650,2025-01-26,2025-01-28,2025-01-30,Completed
FU0000590,REF000650,2026-08-26,2026-08-28,,Open
FU0000591,REF000651,2026-02-07,2026-02-09,2026-02-11,Completed
FU0000592,REF000651,2026-08-18,2026-08-20,,Open
FU0000593,REF000652,2025-01-19,2025-01-21,2025-01-21,Completed
FU0000594,REF000653,2026-04-30,2026-05-02,2026-05-04,Completed
FU0000595,REF000654,2025-01-21,2025-01-23,2025-01-24,Completed
FU0000596,REF000655,2026-06-08,2026-06-10,2026-06-13,Completed
FU0000597,REF000658,2025-11-04,2025-11-06,2025-11-06,Completed
FU0000598,REF000659,2025-05-19,2025-05-21,2025-05-20,Completed
FU0000599,REF000660,2025-11-25,2025-11-27,2025-11-29,Completed
FU0000600,REF000661,2025-08-03,2025-08-05,2025-08-05,Completed
FU0000601,REF000662,2025-05-21,2025-05-23,2025-05-26,Completed
FU0000602,REF000663,2025-01-13,2025-01-15,2025-01-18,Completed
FU0000603,REF000665,2026-06-12,2026-06-14,2026-06-17,Completed
FU0000604,REF000666,2026-05-26,2026-05-28,2026-05-29,Completed
FU0000605,REF000667,2026-01-10,2026-01-12,2026-01-13,Completed
FU0000606,REF000668,2026-01-11,2026-01-13,2026-01-13,Completed
FU0000607,REF000669,2026-01-03,2026-01-05,2026-01-06,Completed
FU0000608,REF000670,2025-07-06,2025-07-08,2025-07-12,Completed
FU0000609,REF000671,2026-08-14,2026-08-16,2026-08-20,Completed
FU0000610,REF000671,2026-08-18,2026-08-20,,Open
FU0000611,REF000672,2025-03-03,2025-03-05,2025-03-05,Completed
FU0000612,REF000673,2025-06-27,2025-06-29,2025-06-28,Completed
FU0000613,REF000674,2026-01-20,2026-01-22,2026-01-22,Completed
FU0000614,REF000675,2026-07-23,2026-07-25,2026-07-25,Completed
FU0000615,REF000676,2025-01-25,2025-01-27,2025-01-28,Completed
FU0000616,REF000677,2026-03-11,2026-03-13,2026-03-17,Completed
FU0000617,REF000678,2026-08-30,2026-09-01,2026-08-31,Completed
FU0000618,REF000679,2025-02-17,2025-02-19,2025-02-23,Completed
FU0000619,REF000680,2025-09-11,2025-09-13,2025-09-13,Completed
FU0000620,REF000680,2026-08-28,2026-08-30,,Open
FU0000621,REF000681,2026-06-12,2026-06-14,2026-06-13,Completed
FU0000622,REF000683,2025-05-30,2025-06-01,2025-05-31,Completed
FU0000623,REF000684,2025-05-19,2025-05-21,2025-05-23,Completed
FU0000624,REF000685,2025-12-23,2025-12-25,2025-12-27,Completed
FU0000625,REF000686,2026-03-06,2026-03-08,2026-03-12,Completed
FU0000626,REF000687,2025-07-05,2025-07-07,2025-07-07,Completed
FU0000627,REF000689,2025-10-08,2025-10-10,2025-10-10,Completed
FU0000628,REF000691,2025-01-02,2025-01-04,2025-01-08,Completed
FU0000629,REF000692,2025-01-14,2025-01-16,2025-01-18,Completed
FU0000630,REF000694,2025-09-26,2025-09-28,2025-10-01,Completed
FU0000631,REF000696,2026-07-23,2026-07-25,2026-07-24,Completed
FU0000632,REF000697,2025-12-19,2025-12-21,2025-12-22,Completed
FU0000633,REF000698,2026-04-26,2026-04-28,2026-04-27,Completed
FU0000634,REF000699,2026-01-06,2026-01-08,2026-01-10,Completed
FU0000635,REF000700,2025-04-30,2025-05-02,2025-05-04,Completed
FU0000636,REF000701,2025-06-14,2025-06-16,2025-06-16,Completed
FU0000637,REF000702,2025-12-24,2025-12-26,2025-12-25,Completed
FU0000638,REF000703,2025-04-21,2025-04-23,2025-04-27,Completed
FU0000639,REF000705,2025-11-17,2025-11-19,2025-11-20,Completed
FU0000640,REF000706,2026-03-13,2026-03-15,2026-03-15,Completed
FU0000641,REF000707,2026-06-15,2026-06-17,2026-06-21,Completed
FU0000642,REF000708,2025-09-17,2025-09-19,2025-09-21,Completed
FU0000643,REF000709,2025-06-29,2025-07-01,2025-07-02,Completed
FU0000644,REF000710,2025-07-02,2025-07-04,2025-07-07,Completed
FU0000645,REF000712,2026-06-29,2026-07-01,2026-07-04,Completed
FU0000646,REF000713,2025-03-29,2025-03-31,2025-04-02,Completed
FU0000647,REF000714,2025-03-22,2025-03-24,2025-03-28,Completed
FU0000648,REF000716,2026-06-06,2026-06-08,2026-06-09,Completed
FU0000649,REF000717,2025-02-19,2025-02-21,2025-02-20,Completed
FU0000650,REF000718,2025-12-11,2025-12-13,2025-12-17,Completed
FU0000651,REF000719,2026-07-08,2026-07-10,2026-07-12,Completed
FU0000652,REF000720,2025-05-18,2025-05-20,2025-05-24,Completed
FU0000653,REF000721,2025-06-25,2025-06-27,2025-07-01,Completed
FU0000654,REF000722,2025-01-02,2025-01-04,2025-01-04,Completed
FU0000655,REF000723,2026-06-05,2026-06-07,2026-06-08,Completed
FU0000656,REF000724,2026-06-12,2026-06-14,2026-06-16,Completed
FU0000657,REF000725,2025-08-20,2025-08-22,2025-08-21,Completed
FU0000658,REF000726,2026-07-17,2026-07-19,2026-07-21,Completed
FU0000659,REF000727,2025-10-22,2025-10-24,2025-10-26,Completed
FU0000660,REF000729,2025-07-23,2025-07-25,2025-07-27,Completed
FU0000661,REF000730,2026-02-19,2026-02-21,2026-02-23,Completed
FU0000662,REF000731,2025-05-02,2025-05-04,2025-05-04,Completed
FU0000663,REF000732,2025-06-18,2025-06-20,2025-06-21,Completed
FU0000664,REF000733,2026-01-08,2026-01-10,2026-01-11,Completed
FU0000665,REF000734,2025-12-09,2025-12-11,2025-12-14,Completed
FU0000666,REF000735,2026-07-29,2026-07-31,2026-08-03,Completed
FU0000667,REF000736,2025-07-17,2025-07-19,2025-07-19,Completed
FU0000668,REF000737,2026-03-26,2026-03-28,2026-04-01,Completed
FU0000669,REF000738,2026-01-30,2026-02-01,2026-01-31,Completed
FU0000670,REF000739,2026-03-01,2026-03-03,2026-03-05,Completed
FU0000671,REF000740,2026-02-25,2026-02-27,2026-02-27,Completed
FU0000672,REF000740,2026-08-30,2026-09-01,,Open
FU0000673,REF000741,2025-08-24,2025-08-26,2025-08-27,Completed
FU0000674,REF000742,2025-07-11,2025-07-13,2025-07-17,Completed
FU0000675,REF000744,2026-08-24,2026-08-26,,Open
FU0000676,REF000745,2025-12-27,2025-12-29,2025-12-30,Completed
FU0000677,REF000746,2025-11-28,2025-11-30,2025-12-01,Completed
FU0000678,REF000747,2025-09-23,2025-09-25,2025-09-24,Completed
FU0000679,REF000749,2026-07-05,2026-07-07,2026-07-09,Completed
FU0000680,REF000750,2025-07-12,2025-07-14,2025-07-18,Completed
FU0000681,REF000751,2026-08-19,2026-08-21,,Open
FU0000682,REF000753,2026-08-25,2026-08-27,,Open
FU0000683,REF000754,2026-05-20,2026-05-22,2026-05-21,Completed
FU0000684,REF000755,2025-09-14,2025-09-16,2025-09-18,Completed
FU0000685,REF000755,2026-08-24,2026-08-26,,Open
FU0000686,REF000757,2025-11-28,2025-11-30,2025-12-04,Completed
FU0000687,REF000758,2026-04-11,2026-04-13,2026-04-12,Completed
FU0000688,REF000759,2025-09-03,2025-09-05,2025-09-04,Completed
FU0000689,REF000760,2025-12-22,2025-12-24,2025-12-28,Completed
FU0000690,REF000761,2025-05-05,2025-05-07,2025-05-07,Completed
FU0000691,REF000762,2025-12-07,2025-12-09,2025-12-11,Completed
FU0000692,REF000763,2025-06-30,2025-07-02,2025-07-05,Completed
FU0000693,REF000764,2025-03-04,2025-03-06,2025-03-09,Completed
FU0000694,REF000765,2025-03-05,2025-03-07,2025-03-10,Completed
FU0000695,REF000766,2025-10-25,2025-10-27,2025-10-30,Completed
FU0000696,REF000767,2026-07-15,2026-07-17,2026-07-18,Completed
FU0000697,REF000768,2025-01-06,2025-01-08,2025-01-12,Completed
FU0000698,REF000769,2025-06-27,2025-06-29,2025-06-29,Completed
FU0000699,REF000770,2025-10-17,2025-10-19,2025-10-21,Completed
FU0000700,REF000771,2026-03-16,2026-03-18,2026-03-19,Completed
FU0000701,REF000772,2026-01-13,2026-01-15,2026-01-15,Completed
FU0000702,REF000773,2026-01-14,2026-01-16,2026-01-16,Completed
FU0000703,REF000774,2025-05-08,2025-05-10,2025-05-14,Completed
FU0000704,REF000776,2025-12-15,2025-12-17,2025-12-21,Completed
FU0000705,REF000777,2025-12-15,2025-12-17,2025-12-17,Completed
FU0000706,REF000778,2026-04-22,2026-04-24,2026-04-24,Completed
FU0000707,REF000780,2025-02-12,2025-02-14,2025-02-17,Completed
FU0000708,REF000781,2025-10-15,2025-10-17,2025-10-16,Completed
FU0000709,REF000782,2026-08-14,2026-08-16,2026-08-18,Completed
FU0000710,REF000785,2025-07-05,2025-07-07,2025-07-10,Completed
FU0000711,REF000786,2025-11-06,2025-11-08,2025-11-12,Completed
FU0000712,REF000788,2025-03-13,2025-03-15,2025-03-15,Completed
FU0000713,REF000789,2025-11-10,2025-11-12,2025-11-12,Completed
FU0000714,REF000790,2025-05-05,2025-05-07,2025-05-07,Completed
FU0000715,REF000791,2026-02-20,2026-02-22,2026-02-22,Completed
FU0000716,REF000792,2025-06-14,2025-06-16,2025-06-18,Completed
FU0000717,REF000793,2025-01-31,2025-02-02,2025-02-04,Completed
FU0000718,REF000794,2026-06-18,2026-06-20,2026-06-21,Completed
FU0000719,REF000796,2025-10-04,2025-10-06,2025-10-07,Completed
FU0000720,REF000797,2026-05-19,2026-05-21,2026-05-22,Completed
FU0000721,REF000798,2025-11-08,2025-11-10,2025-11-09,Completed
FU0000722,REF000799,2025-05-28,2025-05-30,2025-05-31,Completed
FU0000723,REF000800,2025-12-19,2025-12-21,2025-12-22,Completed
FU0000724,REF000801,2026-08-14,2026-08-16,2026-08-17,Completed
FU0000725,REF000802,2026-02-16,2026-02-18,2026-02-20,Completed
FU0000726,REF000804,2025-07-27,2025-07-29,2025-07-29,Completed
FU0000727,REF000805,2025-12-07,2025-12-09,2025-12-09,Completed
FU0000728,REF000806,2026-07-14,2026-07-16,2026-07-15,Completed
FU0000729,REF000807,2026-04-12,2026-04-14,2026-04-16,Completed
FU0000730,REF000809,2026-07-30,2026-08-01,2026-07-31,Completed
FU0000731,REF000809,2026-08-18,,,Open
FU0000732,REF000810,2026-06-10,2026-06-12,2026-06-13,Completed
FU0000733,REF000811,2025-01-16,2025-01-18,2025-01-19,Completed
FU0000734,REF000812,2026-05-21,2026-05-23,2026-05-26,Completed
FU0000735,REF000813,2025-06-18,2025-06-20,2025-06-19,Completed
FU0000736,REF000814,2025-11-28,2025-11-30,2025-12-01,Completed
FU0000737,REF000815,2026-03-10,2026-03-12,2026-03-12,Completed
FU0000738,REF000816,2025-02-02,2025-02-04,2025-02-04,Completed
FU0000739,REF000817,2025-08-07,2025-08-09,2025-08-08,Completed
FU0000740,REF000818,2025-10-17,2025-10-19,2025-10-18,Completed
FU0000741,REF000819,2026-03-19,2026-03-21,2026-03-24,Completed
FU0000742,REF000820,2025-10-05,2025-10-07,2025-10-10,Completed
FU0000743,REF000822,2026-06-18,2026-06-20,2026-06-21,Completed
FU0000744,REF000823,2025-07-18,2025-07-20,2025-07-20,Completed
FU0000745,REF000824,2025-02-07,2025-02-09,2025-02-09,Completed
FU0000746,REF000826,2025-12-18,2025-12-20,2025-12-21,Completed
FU0000747,REF000826,2026-08-19,,,Open
FU0000748,REF000827,2026-07-30,2026-08-01,2026-08-04,Completed
FU0000749,REF000828,2025-04-21,2025-04-23,2025-04-22,Completed
FU0000750,REF000828,2026-08-21,,,Open
FU0000751,REF000830,2025-05-24,2025-05-26,2025-05-29,Completed
FU0000752,REF000832,2025-05-01,2025-05-03,2025-05-02,Completed
FU0000753,REF000833,2026-06-25,2026-06-27,2026-06-29,Completed
FU0000754,REF000834,2026-08-23,2026-08-25,,Open
FU0000755,REF000836,2026-08-22,2026-08-24,2026-08-24,Completed
FU0000756,REF000837,2025-02-27,2025-03-01,2025-03-05,Completed
FU0000757,REF000838,2025-10-14,2025-10-16,2025-10-19,Completed
FU0000758,REF000839,2025-07-14,2025-07-16,2025-07-18,Completed
FU0000759,REF000840,2026-02-24,2026-02-26,2026-03-02,Completed
FU0000760,REF000841,2026-03-24,2026-03-26,2026-03-27,Completed
FU0000761,REF000842,2025-12-23,2025-12-25,2025-12-28,Completed
FU0000762,REF000844,2026-03-06,2026-03-08,2026-03-10,Completed
FU0000763,REF000845,2026-06-22,2026-06-24,2026-06-24,Completed
FU0000764,REF000848,2025-10-26,2025-10-28,2025-10-27,Completed
FU0000765,REF000849,2026-04-29,2026-05-01,2026-05-01,Completed
FU0000766,REF000849,2026-08-18,2026-08-20,,Open
FU0000767,REF000851,2025-07-15,2025-07-17,2025-07-20,Completed
FU0000768,REF000852,2026-07-18,2026-07-20,2026-07-20,Completed
FU0000769,REF000855,2026-05-06,2026-05-08,2026-05-07,Completed
FU0000770,REF000856,2026-02-10,2026-02-12,2026-02-16,Completed
FU0000771,REF000857,2025-05-27,2025-05-29,2025-05-31,Completed
FU0000772,REF000858,2026-02-03,2026-02-05,2026-02-07,Completed
FU0000773,REF000859,2025-09-10,2025-09-12,2025-09-11,Completed
FU0000774,REF000859,2026-08-26,2026-08-28,,Open
FU0000775,REF000860,2026-03-30,2026-04-01,2026-04-03,Completed
FU0000776,REF000861,2025-12-31,2026-01-02,2026-01-04,Completed
FU0000777,REF000862,2025-07-01,2025-07-03,2025-07-07,Completed
FU0000778,REF000863,2025-10-03,2025-10-05,2025-10-06,Completed
FU0000779,REF000865,2026-07-31,2026-08-02,2026-08-02,Completed
FU0000780,REF000866,2026-08-14,2026-08-16,2026-08-19,Completed
FU0000781,REF000867,2025-06-07,2025-06-09,2025-06-10,Completed
FU0000782,REF000869,2025-04-17,2025-04-19,2025-04-21,Completed
FU0000783,REF000871,2026-05-03,2026-05-05,2026-05-09,Completed
FU0000784,REF000872,2025-07-11,2025-07-13,2025-07-13,Completed
FU0000785,REF000873,2026-07-08,2026-07-10,2026-07-13,Completed
FU0000786,REF000874,2026-07-16,2026-07-18,2026-07-21,Completed
FU0000787,REF000875,2026-08-28,2026-08-30,,Open
FU0000788,REF000876,2025-08-21,2025-08-23,2025-08-26,Completed
FU0000789,REF000877,2025-07-16,2025-07-18,2025-07-19,Completed
FU0000790,REF000877,2026-08-26,2026-08-28,,Open
FU0000791,REF000878,2025-11-18,2025-11-20,2025-11-22,Completed
FU0000792,REF000879,2025-01-10,2025-01-12,2025-01-11,Completed
FU0000793,REF000882,2026-03-03,2026-03-05,2026-03-05,Completed
FU0000794,REF000883,2025-12-01,2025-12-03,2025-12-05,Completed
FU0000795,REF000884,2025-10-24,2025-10-26,2025-10-28,Completed
FU0000796,REF000885,2026-03-04,2026-03-06,2026-03-06,Completed
FU0000797,REF000886,2026-07-31,2026-08-02,2026-08-05,Completed
FU0000798,REF000886,2026-08-19,2026-08-21,,Open
FU0000799,REF000887,2025-11-03,2025-11-05,2025-11-04,Completed
FU0000800,REF000888,2026-01-09,2026-01-11,2026-01-14,Completed
FU0000801,REF000889,2026-02-05,2026-02-07,2026-02-10,Completed
FU0000802,REF000891,2025-12-20,2025-12-22,2025-12-22,Completed
FU0000803,REF000892,2025-09-26,2025-09-28,2025-10-02,Completed
FU0000804,REF000893,2025-09-30,2025-10-02,2025-10-06,Completed
FU0000805,REF000894,2025-11-22,2025-11-24,2025-11-27,Completed
FU0000806,REF000896,2025-01-13,2025-01-15,2025-01-19,Completed
FU0000807,REF000898,2026-06-21,2026-06-23,2026-06-23,Completed
FU0000808,REF000899,2026-02-28,2026-03-02,2026-03-01,Completed
FU0000809,REF000900,2025-09-16,2025-09-18,2025-09-21,Completed
FU0000810,REF000901,2025-01-28,2025-01-30,2025-01-29,Completed
FU0000811,REF000902,2025-06-30,2025-07-02,2025-07-05,Completed
FU0000812,REF000903,2025-08-15,2025-08-17,2025-08-20,Completed
FU0000813,REF000904,2026-08-13,2026-08-15,2026-08-19,Completed
FU0000814,REF000905,2025-07-18,2025-07-20,2025-07-23,Completed
FU0000815,REF000906,2026-03-08,2026-03-10,2026-03-09,Completed
FU0000816,REF000907,2026-08-17,2026-08-19,,Open
FU0000817,REF000908,2025-03-28,2025-03-30,2025-04-02,Completed
FU0000818,REF000909,2025-11-27,2025-11-29,2025-11-30,Completed
FU0000819,REF000910,2025-03-17,2025-03-19,2025-03-20,Completed
FU0000820,REF000911,2025-06-26,2025-06-28,2025-06-28,Completed
FU0000821,REF000912,2026-03-14,2026-03-16,2026-03-16,Completed
FU0000822,REF000913,2026-08-13,2026-08-15,2026-08-17,Completed
FU0000823,REF000914,2026-01-29,2026-01-31,2026-02-02,Completed
FU0000824,REF000915,2025-10-15,2025-10-17,2025-10-21,Completed
FU0000825,REF000916,2026-03-31,2026-04-02,2026-04-06,Completed
FU0000826,REF000917,2025-06-29,2025-07-01,2025-07-02,Completed
FU0000827,REF000918,2025-09-23,2025-09-25,2025-09-27,Completed
FU0000828,REF000919,2026-04-02,2026-04-04,2026-04-05,Completed
FU0000829,REF000920,2026-03-15,2026-03-17,2026-03-16,Completed
FU0000830,REF000921,2026-03-23,2026-03-25,2026-03-25,Completed
FU0000831,REF000923,2025-05-19,2025-05-21,2025-05-20,Completed
FU0000832,REF000924,2026-02-11,2026-02-13,2026-02-16,Completed
FU0000833,REF000925,2026-06-26,2026-06-28,2026-06-29,Completed
FU0000834,REF000926,2025-09-11,2025-09-13,2025-09-15,Completed
FU0000835,REF000927,2025-06-09,2025-06-11,2025-06-11,Completed
FU0000836,REF000928,2025-03-05,2025-03-07,2025-03-10,Completed
FU0000837,REF000929,2025-11-05,2025-11-07,2025-11-08,Completed
FU0000838,REF000933,2025-08-06,2025-08-08,2025-08-07,Completed
FU0000839,REF000934,2026-05-29,2026-05-31,2026-06-03,Completed
FU0000840,REF000935,2025-12-04,2025-12-06,2025-12-07,Completed
FU0000841,REF000936,2025-10-04,2025-10-06,2025-10-07,Completed
FU0000842,REF000937,2026-06-02,2026-06-04,2026-06-07,Completed
FU0000843,REF000938,2026-08-01,2026-08-03,2026-08-07,Completed
FU0000844,REF000939,2026-01-13,2026-01-15,2026-01-15,Completed
FU0000845,REF000940,2026-01-23,2026-01-25,2026-01-25,Completed
FU0000846,REF000941,2025-07-29,2025-07-31,2025-08-01,Completed
FU0000847,REF000942,2026-08-02,2026-08-04,2026-08-07,Completed
FU0000848,REF000944,2025-12-01,2025-12-03,2025-12-03,Completed
FU0000849,REF000945,2025-11-23,2025-11-25,2025-11-27,Completed
FU0000850,REF000946,2026-07-10,2026-07-12,2026-07-11,Completed
FU0000851,REF000947,2026-02-15,2026-02-17,2026-02-16,Completed
FU0000852,REF000948,2026-02-19,2026-02-21,2026-02-21,Completed
FU0000853,REF000952,2025-12-11,2025-12-13,2025-12-17,Completed
FU0000854,REF000953,2026-04-05,2026-04-07,2026-04-08,Completed
FU0000855,REF000954,2026-07-27,2026-07-29,2026-07-28,Completed
FU0000856,REF000955,2026-03-08,2026-03-10,2026-03-12,Completed
FU0000857,REF000956,2026-07-04,2026-07-06,2026-07-08,Completed
FU0000858,REF000957,2025-04-23,2025-04-25,2025-04-27,Completed
FU0000859,REF000958,2025-08-06,2025-08-08,2025-08-11,Completed
FU0000860,REF000958,2026-08-19,2026-08-21,,Open
FU0000861,REF000959,2026-08-13,2026-08-15,2026-08-14,Completed
FU0000862,REF000960,2025-06-18,2025-06-20,2025-06-19,Completed
FU0000863,REF000961,2026-04-26,2026-04-28,2026-05-01,Completed
FU0000864,REF000963,2025-01-07,2025-01-09,2025-01-08,Completed
FU0000865,REF000966,2025-07-10,2025-07-12,2025-07-16,Completed
FU0000866,REF000967,2026-03-29,2026-03-31,2026-03-31,Completed
FU0000867,REF000968,2026-01-29,2026-01-31,2026-02-01,Completed
FU0000868,REF000969,2026-05-07,2026-05-09,2026-05-09,Completed
FU0000869,REF000970,2025-06-27,2025-06-29,2025-06-30,Completed
FU0000870,REF000971,2025-09-10,2025-09-12,2025-09-12,Completed
FU0000871,REF000975,2026-08-19,2026-08-21,2026-08-22,Completed
FU0000872,REF000975,2026-08-30,2026-09-01,,Open
FU0000873,REF000977,2026-03-27,2026-03-29,2026-04-02,Completed
FU0000874,REF000978,2026-06-23,2026-06-25,2026-06-29,Completed
FU0000875,REF000979,2025-08-05,2025-08-07,2025-08-06,Completed
FU0000876,REF000982,2026-06-15,2026-06-17,2026-06-19,Completed
FU0000877,REF000983,2026-07-17,2026-07-19,2026-07-19,Completed
FU0000878,REF000984,2025-09-05,2025-09-07,2025-09-08,Completed
FU0000879,REF000986,2025-08-26,2025-08-28,2025-09-01,Completed
FU0000880,REF000987,2025-01-09,2025-01-11,2025-01-14,Completed
FU0000881,REF000988,2025-05-25,2025-05-27,2025-05-31,Completed
FU0000882,REF000989,2026-03-31,2026-04-02,2026-04-05,Completed
FU0000883,REF000990,2025-05-14,2025-05-16,2025-05-16,Completed
FU0000884,REF000991,2025-07-28,2025-07-30,2025-07-29,Completed
FU0000885,REF000992,2025-04-28,2025-04-30,2025-05-01,Completed
FU0000886,REF000993,2025-12-26,2025-12-28,2025-12-27,Completed
FU0000887,REF000994,2026-01-03,2026-01-05,2026-01-09,Completed
FU0000888,REF000995,2026-06-21,2026-06-23,2026-06-25,Completed
FU0000889,REF000997,2025-12-31,2026-01-02,2026-01-03,Completed
FU0000890,REF000998,2026-05-26,2026-05-28,2026-05-27,Completed
FU0000891,REF000999,2026-07-24,2026-07-26,2026-07-27,Completed
FU0000892,REF000999,2026-08-29,2026-08-31,,Open
FU0000893,REF001001,2025-09-08,2025-09-10,2025-09-11,Completed
FU0000894,REF001001,2026-08-26,2026-08-28,,Open
FU0000895,REF001002,2025-01-12,2025-01-14,2025-01-13,Completed
FU0000896,REF001003,2026-08-11,2026-08-13,2026-08-16,Completed
FU0000897,REF001004,2025-12-08,2025-12-10,2025-12-12,Completed
FU0000898,REF001005,2026-08-06,2026-08-08,2026-08-07,Completed
FU0000899,REF001005,2026-08-24,2026-08-26,,Open
FU0000900,REF001006,2026-04-05,2026-04-07,2026-04-09,Completed
FU0000901,REF001007,2025-06-27,2025-06-29,2025-07-01,Completed
FU0000902,REF001008,2025-02-11,2025-02-13,2025-02-14,Completed
FU0000903,REF001009,2026-02-26,2026-02-28,2026-02-28,Completed
FU0000904,REF001010,2025-06-05,2025-06-07,2025-06-08,Completed
FU0000905,REF001010,2026-08-21,2026-08-23,,Open
FU0000906,REF001011,2026-01-05,2026-01-07,2026-01-10,Completed
FU0000907,REF001013,2025-11-13,2025-11-15,2025-11-17,Completed
FU0000908,REF001014,2025-04-06,2025-04-08,2025-04-09,Completed
FU0000909,REF001015,2025-11-06,2025-11-08,2025-11-09,Completed
FU0000910,REF001016,2025-07-03,2025-07-05,2025-07-09,Completed
FU0000911,REF001017,2026-08-19,2026-08-21,,Open
FU0000912,REF001019,2026-02-05,2026-02-07,2026-02-07,Completed
FU0000913,REF001020,2025-07-19,2025-07-21,2025-07-20,Completed
FU0000914,REF001021,2026-06-29,2026-07-01,2026-06-30,Completed
FU0000915,REF001022,2026-07-22,2026-07-24,2026-07-24,Completed
FU0000916,REF001023,2025-06-26,2025-06-28,2025-06-30,Completed
FU0000917,REF001024,2026-03-29,2026-03-31,2026-03-30,Completed
FU0000918,REF001024,2026-08-23,2026-08-25,,Open
FU0000919,REF001025,2025-02-18,2025-02-20,2025-02-19,Completed
FU0000920,REF001026,2025-12-11,2025-12-13,2025-12-16,Completed
FU0000921,REF001027,2026-06-19,2026-06-21,2026-06-21,Completed
FU0000922,REF001027,2026-08-30,2026-09-01,,Open
FU0000923,REF001028,2025-06-17,2025-06-19,2025-06-20,Completed
FU0000924,REF001029,2025-09-03,2025-09-05,2025-09-06,Completed
FU0000925,REF001030,2026-08-20,2026-08-22,2026-08-22,Completed
FU0000926,REF001030,2026-08-20,2026-08-22,,Open
FU0000927,REF001031,2026-03-18,2026-03-20,2026-03-21,Completed
FU0000928,REF001032,2026-06-02,2026-06-04,2026-06-08,Completed
FU0000929,REF001033,2025-04-01,2025-04-03,2025-04-03,Completed
FU0000930,REF001033,2026-08-18,2026-08-20,,Open
FU0000931,REF001034,2025-07-17,2025-07-19,2025-07-23,Completed
FU0000932,REF001035,2025-01-10,2025-01-12,2025-01-16,Completed
FU0000933,REF001036,2025-03-02,2025-03-04,2025-03-03,Completed
FU0000934,REF001037,2026-07-19,2026-07-21,2026-07-20,Completed
FU0000935,REF001038,2025-10-14,2025-10-16,2025-10-16,Completed
FU0000936,REF001039,2026-05-09,2026-05-11,2026-05-11,Completed
FU0000937,REF001040,2026-07-05,2026-07-07,2026-07-08,Completed
FU0000938,REF001043,2026-06-22,2026-06-24,2026-06-27,Completed
FU0000939,REF001046,2026-08-30,2026-09-01,2026-08-31,Completed
FU0000940,REF001047,2026-06-08,2026-06-10,2026-06-14,Completed
FU0000941,REF001048,2025-04-04,2025-04-06,2025-04-07,Completed
FU0000942,REF001049,2026-01-27,2026-01-29,2026-01-30,Completed
FU0000943,REF001050,2026-07-06,2026-07-08,2026-07-11,Completed
FU0000944,REF001051,2026-06-11,2026-06-13,2026-06-13,Completed
FU0000945,REF001052,2025-11-30,2025-12-02,2025-12-06,Completed
FU0000946,REF001053,2025-10-21,2025-10-23,2025-10-27,Completed
FU0000947,REF001053,2026-08-17,2026-08-19,,Open
FU0000948,REF001054,2025-10-11,2025-10-13,2025-10-15,Completed
FU0000949,REF001055,2026-08-08,2026-08-10,2026-08-09,Completed
FU0000950,REF001056,2026-01-22,2026-01-24,2026-01-26,Completed
FU0000951,REF001057,2025-06-06,2025-06-08,2025-06-07,Completed
FU0000952,REF001060,2025-01-17,2025-01-19,2025-01-19,Completed
FU0000953,REF001061,2025-08-23,2025-08-25,2025-08-25,Completed
FU0000954,REF001061,2026-08-18,2026-08-20,,Open
FU0000955,REF001062,2025-12-28,2025-12-30,2026-01-01,Completed
FU0000956,REF001064,2026-01-21,2026-01-23,2026-01-26,Completed
FU0000957,REF001066,2025-02-20,2025-02-22,2025-02-25,Completed
FU0000958,REF001067,2025-01-29,2025-01-31,2025-02-03,Completed
FU0000959,REF001068,2026-02-07,2026-02-09,2026-02-10,Completed
FU0000960,REF001069,2025-07-09,2025-07-11,2025-07-10,Completed
FU0000961,REF001070,2025-02-20,2025-02-22,2025-02-22,Completed
FU0000962,REF001071,2026-03-15,2026-03-17,2026-03-20,Completed
FU0000963,REF001072,2026-07-29,2026-07-31,2026-07-30,Completed
FU0000964,REF001073,2025-05-11,2025-05-13,2025-05-13,Completed
FU0000965,REF001074,2025-07-05,2025-07-07,2025-07-11,Completed
FU0000966,REF001075,2026-05-28,2026-05-30,2026-05-29,Completed
FU0000967,REF001078,2026-03-11,2026-03-13,2026-03-17,Completed
FU0000968,REF001079,2025-04-09,2025-04-11,2025-04-14,Completed
FU0000969,REF001080,2025-10-16,2025-10-18,2025-10-21,Completed
FU0000970,REF001081,2025-12-29,2025-12-31,2025-12-30,Completed
FU0000971,REF001083,2025-06-05,2025-06-07,2025-06-08,Completed
FU0000972,REF001084,2026-07-10,2026-07-12,2026-07-16,Completed
FU0000973,REF001086,2025-07-22,2025-07-24,2025-07-28,Completed
FU0000974,REF001087,2026-04-21,2026-04-23,2026-04-24,Completed
FU0000975,REF001087,2026-08-23,2026-08-25,,Open
FU0000976,REF001088,2025-06-23,2025-06-25,2025-06-29,Completed
FU0000977,REF001088,2026-08-19,,,Open
FU0000978,REF001089,2025-10-14,2025-10-16,2025-10-17,Completed
FU0000979,REF001091,2025-06-16,2025-06-18,2025-06-20,Completed
FU0000980,REF001092,2025-06-20,2025-06-22,2025-06-24,Completed
FU0000981,REF001095,2025-02-08,2025-02-10,2025-02-10,Completed
FU0000982,REF001096,2026-06-02,2026-06-04,2026-06-03,Completed
FU0000983,REF001097,2025-02-25,2025-02-27,2025-03-01,Completed
FU0000984,REF001098,2025-04-29,2025-05-01,2025-05-05,Completed
FU0000985,REF001099,2026-04-30,2026-05-02,2026-05-04,Completed
FU0000986,REF001100,2025-05-19,2025-05-21,2025-05-24,Completed
FU0000987,REF001101,2026-06-23,2026-06-25,2026-06-26,Completed
FU0000988,REF001102,2026-05-09,2026-05-11,2026-05-11,Completed
FU0000989,REF001103,2025-12-26,2025-12-28,2026-01-01,Completed
FU0000990,REF001105,2026-05-29,2026-05-31,2026-06-02,Completed
FU0000991,REF001107,2026-06-22,2026-06-24,2026-06-24,Completed
FU0000992,REF001108,2025-01-03,2025-01-05,2025-01-04,Completed
FU0000993,REF001110,2026-08-12,2026-08-14,2026-08-16,Completed
FU0000994,REF001110,2026-08-25,2026-08-27,,Open
FU0000995,REF001111,2025-09-11,2025-09-13,2025-09-14,Completed
FU0000996,REF001113,2025-11-09,2025-11-11,2025-11-15,Completed
FU0000997,REF001114,2025-12-30,2026-01-01,2026-01-01,Completed
FU0000998,REF001114,2026-08-22,,,Open
FU0000999,REF001115,2026-07-09,2026-07-11,2026-07-15,Completed
FU0001000,REF001116,2025-01-31,2025-02-02,2025-02-06,Completed
FU0001001,REF001117,2025-06-13,2025-06-15,2025-06-17,Completed
FU0001002,REF001118,2026-08-31,2026-09-02,,Open
FU0001003,REF001119,2026-02-02,2026-02-04,2026-02-05,Completed
FU0001004,REF001119,2026-08-24,2026-08-26,,Open
FU0001005,REF001120,2025-03-06,2025-03-08,2025-03-12,Completed
FU0001006,REF001121,2026-05-24,2026-05-26,2026-05-28,Completed
FU0001007,REF001122,2026-07-12,2026-07-14,2026-07-14,Completed
FU0001008,REF001123,2026-08-09,2026-08-11,2026-08-11,Completed
FU0001009,REF001123,2026-08-29,2026-08-31,,Open
FU0001010,REF001126,2026-01-18,2026-01-20,2026-01-21,Completed
FU0001011,REF001127,2025-12-17,2025-12-19,2025-12-18,Completed
FU0001012,REF001128,2025-04-13,2025-04-15,2025-04-18,Completed
FU0001013,REF001129,2026-08-21,2026-08-23,2026-08-23,Completed
FU0001014,REF001129,2026-08-29,2026-08-31,,Open
FU0001015,REF001130,2026-01-17,2026-01-19,2026-01-22,Completed
FU0001016,REF001131,2026-03-06,2026-03-08,2026-03-11,Completed
FU0001017,REF001132,2026-04-11,2026-04-13,2026-04-17,Completed
FU0001018,REF001133,2025-03-18,2025-03-20,2025-03-22,Completed
FU0001019,REF001135,2026-05-07,2026-05-09,2026-05-08,Completed
FU0001020,REF001136,2025-12-10,2025-12-12,2025-12-14,Completed
FU0001021,REF001137,2025-08-03,2025-08-05,2025-08-08,Completed
FU0001022,REF001137,2026-08-31,,,Open
FU0001023,REF001138,2025-06-30,2025-07-02,2025-07-01,Completed
FU0001024,REF001139,2025-03-01,2025-03-03,2025-03-03,Completed
FU0001025,REF001140,2026-02-20,2026-02-22,2026-02-22,Completed
FU0001026,REF001141,2025-06-12,2025-06-14,2025-06-17,Completed
FU0001027,REF001142,2026-02-07,2026-02-09,2026-02-09,Completed
FU0001028,REF001143,2026-04-21,2026-04-23,2026-04-22,Completed
FU0001029,REF001144,2025-07-25,2025-07-27,2025-07-31,Completed
FU0001030,REF001145,2025-05-02,2025-05-04,2025-05-07,Completed
FU0001031,REF001146,2025-06-04,2025-06-06,2025-06-05,Completed
FU0001032,REF001146,2026-08-18,2026-08-20,,Open
FU0001033,REF001147,2025-01-03,2025-01-05,2025-01-08,Completed
FU0001034,REF001148,2026-07-16,2026-07-18,2026-07-22,Completed
FU0001035,REF001149,2026-08-21,2026-08-23,2026-08-27,Completed
FU0001036,REF001149,2026-08-21,2026-08-23,,Open
FU0001037,REF001151,2025-12-31,2026-01-02,2026-01-06,Completed
FU0001038,REF001152,2026-08-12,2026-08-14,2026-08-14,Completed
FU0001039,REF001153,2025-10-02,2025-10-04,2025-10-08,Completed
FU0001040,REF001154,2026-03-07,2026-03-09,2026-03-11,Completed
FU0001041,REF001155,2026-01-14,2026-01-16,2026-01-19,Completed
FU0001042,REF001156,2026-08-24,2026-08-26,,Open
FU0001043,REF001157,2025-02-10,2025-02-12,2025-02-15,Completed
FU0001044,REF001157,2026-08-21,2026-08-23,,Open
FU0001045,REF001159,2026-06-07,2026-06-09,2026-06-08,Completed
FU0001046,REF001160,2026-02-11,2026-02-13,2026-02-16,Completed
FU0001047,REF001160,2026-08-22,2026-08-24,,Open
FU0001048,REF001162,2025-04-02,2025-04-04,2025-04-05,Completed
FU0001049,REF001163,2025-02-05,2025-02-07,2025-02-11,Completed
FU0001050,REF001164,2026-05-31,2026-06-02,2026-06-04,Completed
FU0001051,REF001165,2026-06-10,2026-06-12,2026-06-14,Completed
FU0001052,REF001166,2025-09-03,2025-09-05,2025-09-06,Completed
FU0001053,REF001168,2025-05-01,2025-05-03,2025-05-05,Completed
FU0001054,REF001169,2026-03-05,2026-03-07,2026-03-11,Completed
FU0001055,REF001170,2025-05-24,2025-05-26,2025-05-25,Completed
FU0001056,REF001170,2026-08-21,2026-08-23,,Open
FU0001057,REF001171,2025-12-03,2025-12-05,2025-12-05,Completed
FU0001058,REF001172,2026-04-19,2026-04-21,2026-04-25,Completed
FU0001059,REF001173,2026-06-08,2026-06-10,2026-06-09,Completed
FU0001060,REF001174,2025-03-16,2025-03-18,2025-03-18,Completed
FU0001061,REF001175,2025-07-23,2025-07-25,2025-07-26,Completed
FU0001062,REF001177,2026-07-22,2026-07-24,2026-07-24,Completed
FU0001063,REF001180,2025-12-27,2025-12-29,2026-01-01,Completed
FU0001064,REF001183,2025-11-07,2025-11-09,2025-11-12,Completed
FU0001065,REF001184,2025-05-12,2025-05-14,2025-05-18,Completed
FU0001066,REF001185,2025-04-30,2025-05-02,2025-05-01,Completed
FU0001067,REF001186,2026-06-14,2026-06-16,2026-06-19,Completed
FU0001068,REF001187,2026-06-22,2026-06-24,2026-06-25,Completed
FU0001069,REF001187,2026-08-31,2026-09-02,,Open
FU0001070,REF001188,2025-01-27,2025-01-29,2025-01-28,Completed
FU0001071,REF001189,2026-08-28,2026-08-30,,Open
FU0001072,REF001190,2026-03-11,2026-03-13,2026-03-16,Completed
FU0001073,REF001191,2026-05-24,2026-05-26,2026-05-25,Completed
FU0001074,REF001192,2025-05-17,2025-05-19,2025-05-20,Completed
FU0001075,REF001194,2026-03-23,2026-03-25,2026-03-28,Completed
FU0001076,REF001197,2025-02-05,2025-02-07,2025-02-06,Completed
FU0001077,REF001198,2026-01-27,2026-01-29,2026-02-01,Completed
FU0001078,REF001199,2026-03-12,2026-03-14,2026-03-16,Completed
FU0001079,REF001201,2025-02-20,2025-02-22,2025-02-21,Completed
FU0001080,REF001202,2026-04-07,2026-04-09,2026-04-12,Completed
FU0001081,REF001204,2026-04-21,2026-04-23,2026-04-24,Completed
FU0001082,REF001205,2025-05-26,2025-05-28,2025-05-27,Completed
FU0001083,REF001206,2025-05-11,2025-05-13,2025-05-15,Completed
FU0001084,REF001208,2026-07-19,2026-07-21,2026-07-24,Completed
FU0001085,REF001209,2025-09-02,2025-09-04,2025-09-03,Completed
FU0001086,REF001210,2025-12-12,2025-12-14,2025-12-18,Completed
FU0001087,REF001211,2025-07-30,2025-08-01,2025-08-03,Completed
FU0001088,REF001212,2025-03-27,2025-03-29,2025-03-29,Completed
FU0001089,REF001213,2026-07-19,2026-07-21,2026-07-23,Completed
FU0001090,REF001214,2026-03-09,2026-03-11,2026-03-12,Completed
FU0001091,REF001215,2026-08-19,2026-08-21,,Open
FU0001092,REF001216,2025-12-06,2025-12-08,2025-12-12,Completed
FU0001093,REF001217,2025-08-07,2025-08-09,2025-08-08,Completed
FU0001094,REF001219,2025-02-04,2025-02-06,2025-02-08,Completed
FU0001095,REF001220,2026-04-27,2026-04-29,2026-04-30,Completed
FU0001096,REF001221,2025-12-08,2025-12-10,2025-12-09,Completed
FU0001097,REF001222,2026-06-09,2026-06-11,2026-06-11,Completed
FU0001098,REF001224,2026-07-13,2026-07-15,2026-07-19,Completed
FU0001099,REF001225,2025-04-28,2025-04-30,2025-05-02,Completed
FU0001100,REF001226,2026-08-07,2026-08-09,2026-08-08,Completed
FU0001101,REF001229,2026-03-06,2026-03-08,2026-03-10,Completed
FU0001102,REF001230,2025-03-08,2025-03-10,2025-03-11,Completed
FU0001103,REF001231,2026-04-14,2026-04-16,2026-04-19,Completed
FU0001104,REF001232,2025-08-23,2025-08-25,2025-08-26,Completed
FU0001105,REF001232,2026-08-27,2026-08-29,,Open
FU0001106,REF001234,2025-09-10,2025-09-12,2025-09-16,Completed
FU0001107,REF001235,2026-01-10,2026-01-12,2026-01-12,Completed
FU0001108,REF001236,2025-10-04,2025-10-06,2025-10-09,Completed
FU0001109,REF001236,2026-08-29,2026-08-31,,Open
FU0001110,REF001238,2025-01-10,2025-01-12,2025-01-12,Completed
FU0001111,REF001239,2026-02-28,2026-03-02,2026-03-01,Completed
FU0001112,REF001240,2025-04-23,2025-04-25,2025-04-24,Completed
FU0001113,REF001242,2026-07-13,2026-07-15,2026-07-14,Completed
FU0001114,REF001244,2025-06-05,2025-06-07,2025-06-09,Completed
FU0001115,REF001244,2026-08-22,2026-08-24,,Open
FU0001116,REF001245,2026-07-02,2026-07-04,2026-07-08,Completed
FU0001117,REF001246,2025-11-11,2025-11-13,2025-11-12,Completed
FU0001118,REF001247,2025-09-25,2025-09-27,2025-09-30,Completed
FU0001119,REF001248,2025-08-20,2025-08-22,2025-08-24,Completed
FU0001120,REF001249,2026-07-26,2026-07-28,2026-08-01,Completed
FU0001121,REF001250,2025-02-01,2025-02-03,2025-02-02,Completed
FU0001122,REF001251,2026-03-27,2026-03-29,2026-03-30,Completed
FU0001123,REF001253,2025-09-15,2025-09-17,2025-09-20,Completed
FU0001124,REF001254,2025-06-24,2025-06-26,2025-06-27,Completed
FU0001125,REF001255,2026-08-02,2026-08-04,2026-08-04,Completed
FU0001126,REF001256,2025-03-14,2025-03-16,2025-03-20,Completed
FU0001127,REF001257,2025-08-07,2025-08-09,2025-08-08,Completed
FU0001128,REF001258,2025-03-27,2025-03-29,2025-04-02,Completed
FU0001129,REF001258,2026-08-20,2026-08-22,,Open
FU0001130,REF001259,2026-05-15,2026-05-17,2026-05-20,Completed
FU0001131,REF001260,2025-05-26,2025-05-28,2025-06-01,Completed
FU0001132,REF001261,2026-06-13,2026-06-15,2026-06-18,Completed
FU0001133,REF001262,2025-12-28,2025-12-30,2025-12-30,Completed
FU0001134,REF001263,2025-07-02,2025-07-04,2025-07-04,Completed
FU0001135,REF001264,2026-03-29,2026-03-31,2026-04-03,Completed
FU0001136,REF001265,2026-07-23,2026-07-25,2026-07-28,Completed
FU0001137,REF001268,2025-08-07,2025-08-09,2025-08-08,Completed
FU0001138,REF001269,2025-11-16,2025-11-18,2025-11-20,Completed
FU0001139,REF001269,2026-08-18,2026-08-20,,Open
FU0001140,REF001271,2026-03-12,2026-03-14,2026-03-17,Completed
FU0001141,REF001273,2025-01-16,2025-01-18,2025-01-21,Completed
FU0001142,REF001274,2025-04-07,2025-04-09,2025-04-08,Completed
FU0001143,REF001277,2026-06-18,2026-06-20,2026-06-21,Completed
FU0001144,REF001279,2025-07-03,2025-07-05,2025-07-09,Completed
FU0001145,REF001282,2025-10-03,2025-10-05,2025-10-07,Completed
FU0001146,REF001284,2025-02-18,2025-02-20,2025-02-21,Completed
FU0001147,REF001285,2025-02-26,2025-02-28,2025-03-02,Completed
FU0001148,REF001286,2026-08-15,2026-08-17,2026-08-20,Completed
FU0001149,REF001286,2026-08-24,2026-08-26,,Open
FU0001150,REF001287,2025-04-26,2025-04-28,2025-04-30,Completed
FU0001151,REF001287,2026-08-19,2026-08-21,,Open
FU0001152,REF001288,2025-12-20,2025-12-22,2025-12-22,Completed
FU0001153,REF001289,2026-07-16,2026-07-18,2026-07-22,Completed
FU0001154,REF001290,2025-01-26,2025-01-28,2025-01-30,Completed
FU0001155,REF001291,2025-03-15,2025-03-17,2025-03-18,Completed
FU0001156,REF001292,2025-03-13,2025-03-15,2025-03-17,Completed
FU0001157,REF001293,2025-06-16,2025-06-18,2025-06-17,Completed
FU0001158,REF001294,2025-09-18,2025-09-20,2025-09-21,Completed
FU0001159,REF001295,2025-01-07,2025-01-09,2025-01-08,Completed
FU0001160,REF001296,2025-05-30,2025-06-01,2025-05-31,Completed
FU0001161,REF001297,2026-06-07,2026-06-09,2026-06-08,Completed
FU0001162,REF001298,2026-05-02,2026-05-04,2026-05-06,Completed
FU0001163,REF001299,2025-01-19,2025-01-21,2025-01-23,Completed
FU0001164,REF001301,2025-06-16,2025-06-18,2025-06-19,Completed
FU0001165,REF001302,2025-09-19,2025-09-21,2025-09-23,Completed
FU0001166,REF001302,2026-08-16,2026-08-18,,Open
FU0001167,REF001303,2026-01-21,2026-01-23,2026-01-22,Completed
FU0001168,REF001304,2026-01-11,2026-01-13,2026-01-15,Completed
FU0001169,REF001305,2025-10-06,2025-10-08,2025-10-10,Completed
FU0001170,REF001306,2025-02-13,2025-02-15,2025-02-18,Completed
FU0001171,REF001307,2025-09-29,2025-10-01,2025-10-01,Completed
FU0001172,REF001308,2025-02-07,2025-02-09,2025-02-11,Completed
FU0001173,REF001310,2025-12-27,2025-12-29,2025-12-30,Completed
FU0001174,REF001311,2026-01-21,2026-01-23,2026-01-26,Completed
FU0001175,REF001312,2025-11-26,2025-11-28,2025-11-28,Completed
FU0001176,REF001313,2026-01-03,2026-01-05,2026-01-07,Completed
FU0001177,REF001314,2025-06-17,2025-06-19,2025-06-21,Completed
FU0001178,REF001316,2025-09-07,2025-09-09,2025-09-11,Completed
FU0001179,REF001317,2025-11-19,2025-11-21,2025-11-25,Completed
FU0001180,REF001318,2025-07-31,2025-08-02,2025-08-06,Completed
FU0001181,REF001319,2025-06-16,2025-06-18,2025-06-22,Completed
FU0001182,REF001320,2025-12-31,2026-01-02,2026-01-04,Completed
FU0001183,REF001322,2025-11-22,2025-11-24,2025-11-23,Completed
FU0001184,REF001323,2025-03-25,2025-03-27,2025-03-30,Completed
FU0001185,REF001324,2026-02-27,2026-03-01,2026-03-02,Completed
FU0001186,REF001325,2025-03-06,2025-03-08,2025-03-07,Completed
FU0001187,REF001325,2026-08-23,2026-08-25,,Open
FU0001188,REF001326,2026-06-05,2026-06-07,2026-06-10,Completed
FU0001189,REF001327,2026-05-13,2026-05-15,2026-05-15,Completed
FU0001190,REF001329,2026-04-16,2026-04-18,2026-04-22,Completed
FU0001191,REF001330,2025-09-04,2025-09-06,2025-09-10,Completed
FU0001192,REF001332,2026-02-02,2026-02-04,2026-02-04,Completed
FU0001193,REF001335,2026-01-31,2026-02-02,2026-02-02,Completed
FU0001194,REF001337,2026-05-22,2026-05-24,2026-05-23,Completed
FU0001195,REF001338,2026-08-23,2026-08-25,2026-08-24,Completed
FU0001196,REF001338,2026-08-23,2026-08-25,,Open
FU0001197,REF001340,2025-11-17,2025-11-19,2025-11-23,Completed
FU0001198,REF001341,2026-08-10,2026-08-12,2026-08-13,Completed
FU0001199,REF001341,2026-08-21,2026-08-23,,Open
FU0001200,REF001342,2026-05-15,2026-05-17,2026-05-19,Completed
FU0001201,REF001343,2025-09-09,2025-09-11,2025-09-12,Completed
FU0001202,REF001345,2026-02-13,2026-02-15,2026-02-17,Completed
FU0001203,REF001346,2026-08-30,2026-09-01,,Open
FU0001204,REF001348,2025-06-26,2025-06-28,2025-07-01,Completed
FU0001205,REF001349,2026-06-21,2026-06-23,2026-06-24,Completed
FU0001206,REF001351,2026-07-27,2026-07-29,2026-07-29,Completed
FU0001207,REF001352,2025-12-24,2025-12-26,2025-12-28,Completed
FU0001208,REF001354,2025-07-09,2025-07-11,2025-07-13,Completed
FU0001209,REF001355,2026-08-30,2026-09-01,,Open
FU0001210,REF001356,2026-08-14,2026-08-16,2026-08-19,Completed
FU0001211,REF001359,2025-06-24,2025-06-26,2025-06-29,Completed
FU0001212,REF001359,2026-08-31,2026-09-02,,Open
FU0001213,REF001360,2026-05-24,2026-05-26,2026-05-29,Completed
FU0001214,REF001361,2025-02-21,2025-02-23,2025-02-27,Completed
FU0001215,REF001362,2026-08-16,2026-08-18,2026-08-20,Completed
FU0001216,REF001362,2026-08-17,2026-08-19,,Open
FU0001217,REF001363,2026-08-30,2026-09-01,,Open
FU0001218,REF001365,2026-01-01,2026-01-03,2026-01-07,Completed
FU0001219,REF001366,2025-05-12,2025-05-14,2025-05-16,Completed
FU0001220,REF001367,2025-05-10,2025-05-12,2025-05-15,Completed
FU0001221,REF001368,2026-05-23,2026-05-25,2026-05-28,Completed
FU0001222,REF001369,2025-10-15,2025-10-17,2025-10-20,Completed
FU0001223,REF001370,2026-03-01,2026-03-03,2026-03-03,Completed
FU0001224,REF001371,2025-04-19,2025-04-21,2025-04-21,Completed
FU0001225,REF001372,2025-12-06,2025-12-08,2025-12-12,Completed
FU0001226,REF001372,2026-08-24,2026-08-26,,Open
FU0001227,REF001373,2026-02-22,2026-02-24,2026-02-24,Completed
FU0001228,REF001374,2025-11-09,2025-11-11,2025-11-15,Completed
FU0001229,REF001375,2025-04-27,2025-04-29,2025-05-03,Completed
FU0001230,REF001375,2026-08-23,2026-08-25,,Open
FU0001231,REF001376,2025-10-31,2025-11-02,2025-11-02,Completed
FU0001232,REF001377,2025-07-24,2025-07-26,2025-07-27,Completed
FU0001233,REF001378,2025-01-27,2025-01-29,2025-01-28,Completed
FU0001234,REF001379,2026-05-06,2026-05-08,2026-05-10,Completed
FU0001235,REF001380,2025-01-11,2025-01-13,2025-01-15,Completed
FU0001236,REF001382,2025-06-10,2025-06-12,2025-06-16,Completed
FU0001237,REF001382,2026-08-21,,,Open
FU0001238,REF001383,2026-06-10,2026-06-12,2026-06-12,Completed
FU0001239,REF001384,2026-07-23,2026-07-25,2026-07-25,Completed
FU0001240,REF001386,2026-04-14,2026-04-16,2026-04-15,Completed
FU0001241,REF001387,2025-07-16,2025-07-18,2025-07-17,Completed
FU0001242,REF001388,2025-09-18,2025-09-20,2025-09-19,Completed
FU0001243,REF001389,2026-07-21,2026-07-23,2026-07-27,Completed
FU0001244,REF001390,2025-04-07,2025-04-09,2025-04-10,Completed
FU0001245,REF001391,2026-02-23,2026-02-25,2026-02-26,Completed
FU0001246,REF001392,2026-05-17,2026-05-19,2026-05-21,Completed
FU0001247,REF001395,2026-06-03,2026-06-05,2026-06-04,Completed
FU0001248,REF001398,2026-04-11,2026-04-13,2026-04-13,Completed
FU0001249,REF001399,2025-10-13,2025-10-15,2025-10-16,Completed
FU0001250,REF001400,2025-03-05,2025-03-07,2025-03-11,Completed
FU0001251,REF001401,2026-06-25,2026-06-27,2026-07-01,Completed
FU0001252,REF001402,2026-03-04,2026-03-06,2026-03-07,Completed
FU0001253,REF001403,2026-03-15,2026-03-17,2026-03-21,Completed
FU0001254,REF001404,2025-05-30,2025-06-01,2025-05-31,Completed
FU0001255,REF001404,2026-08-24,2026-08-26,,Open
FU0001256,REF001405,2025-06-03,2025-06-05,2025-06-07,Completed
FU0001257,REF001408,2026-04-07,2026-04-09,2026-04-08,Completed
FU0001258,REF001409,2026-04-29,2026-05-01,2026-05-01,Completed
FU0001259,REF001410,2025-06-19,2025-06-21,2025-06-20,Completed
FU0001260,REF001411,2026-05-29,2026-05-31,2026-06-03,Completed
FU0001261,REF001412,2026-06-11,2026-06-13,2026-06-13,Completed
FU0001262,REF001413,2026-01-12,2026-01-14,2026-01-13,Completed
FU0001263,REF001414,2025-09-20,2025-09-22,2025-09-21,Completed
FU0001264,REF001415,2026-07-26,2026-07-28,2026-07-27,Completed
FU0001265,REF001416,2026-08-31,2026-09-02,,Open
FU0001266,REF001417,2026-01-06,2026-01-08,2026-01-09,Completed
FU0001267,REF001418,2026-07-30,2026-08-01,2026-07-31,Completed
FU0001268,REF001418,2026-08-22,2026-08-24,,Open
FU0001269,REF001419,2025-08-14,2025-08-16,2025-08-17,Completed
FU0001270,REF001420,2025-07-19,2025-07-21,2025-07-22,Completed
FU0001271,REF001421,2026-08-24,2026-08-26,,Open
FU0001272,REF001422,2025-02-15,2025-02-17,2025-02-19,Completed
FU0001273,REF001423,2026-05-15,2026-05-17,2026-05-19,Completed
FU0001274,REF001425,2026-02-21,2026-02-23,2026-02-24,Completed
FU0001275,REF001428,2026-04-10,2026-04-12,2026-04-11,Completed
FU0001276,REF001431,2025-06-03,2025-06-05,2025-06-09,Completed
FU0001277,REF001433,2025-06-26,2025-06-28,2025-06-27,Completed
FU0001278,REF001434,2026-03-09,2026-03-11,2026-03-14,Completed
FU0001279,REF001435,2025-01-20,2025-01-22,2025-01-24,Completed
FU0001280,REF001436,2025-10-24,2025-10-26,2025-10-30,Completed
FU0001281,REF001437,2025-07-30,2025-08-01,2025-08-01,Completed
FU0001282,REF001438,2025-08-04,2025-08-06,2025-08-08,Completed
FU0001283,REF001439,2025-09-29,2025-10-01,2025-10-04,Completed
FU0001284,REF001440,2026-07-20,2026-07-22,2026-07-26,Completed
FU0001285,REF001441,2025-06-10,2025-06-12,2025-06-12,Completed
FU0001286,REF001442,2025-10-21,2025-10-23,2025-10-23,Completed
FU0001287,REF001444,2025-03-19,2025-03-21,2025-03-23,Completed
FU0001288,REF001447,2026-05-29,2026-05-31,2026-06-01,Completed
FU0001289,REF001448,2025-10-10,2025-10-12,2025-10-11,Completed
FU0001290,REF001449,2026-03-27,2026-03-29,2026-03-29,Completed
FU0001291,REF001450,2026-03-20,2026-03-22,2026-03-24,Completed
FU0001292,REF001451,2025-06-07,2025-06-09,2025-06-08,Completed
FU0001293,REF001452,2025-03-14,2025-03-16,2025-03-20,Completed
FU0001294,REF001453,2025-11-27,2025-11-29,2025-12-02,Completed
FU0001295,REF001454,2025-05-17,2025-05-19,2025-05-18,Completed
FU0001296,REF001458,2025-11-22,2025-11-24,2025-11-25,Completed
FU0001297,REF001459,2026-03-06,2026-03-08,2026-03-09,Completed
FU0001298,REF001460,2025-08-27,2025-08-29,2025-08-28,Completed
FU0001299,REF001461,2026-02-06,2026-02-08,2026-02-09,Completed
FU0001300,REF001464,2026-05-01,2026-05-03,2026-05-03,Completed
FU0001301,REF001465,2026-03-17,2026-03-19,2026-03-21,Completed
FU0001302,REF001465,2026-08-22,2026-08-24,,Open
FU0001303,REF001466,2025-06-24,2025-06-26,2025-06-29,Completed
FU0001304,REF001467,2025-11-12,2025-11-14,2025-11-18,Completed
FU0001305,REF001468,2026-02-03,2026-02-05,2026-02-07,Completed
FU0001306,REF001469,2026-02-09,2026-02-11,2026-02-13,Completed
FU0001307,REF001471,2025-11-11,2025-11-13,2025-11-15,Completed
FU0001308,REF001472,2026-03-22,2026-03-24,2026-03-26,Completed
FU0001309,REF001474,2026-06-11,2026-06-13,2026-06-15,Completed
FU0001310,REF001476,2026-07-06,2026-07-08,2026-07-08,Completed
FU0001311,REF001476,2026-08-31,2026-09-02,,Open
FU0001312,REF001477,2025-12-13,2025-12-15,2025-12-18,Completed
FU0001313,REF001478,2025-03-28,2025-03-30,2025-03-30,Completed
FU0001314,REF001479,2026-03-22,2026-03-24,2026-03-23,Completed
FU0001315,REF001480,2026-08-16,2026-08-18,2026-08-22,Completed
FU0001316,REF001481,2025-06-23,2025-06-25,2025-06-26,Completed
FU0001317,REF001482,2025-09-07,2025-09-09,2025-09-10,Completed
FU0001318,REF001483,2026-06-27,2026-06-29,2026-06-28,Completed
FU0001319,REF001484,2026-06-07,2026-06-09,2026-06-12,Completed
FU0001320,REF001485,2026-07-28,2026-07-30,2026-08-03,Completed
FU0001321,REF001487,2025-07-22,2025-07-24,2025-07-23,Completed
FU0001322,REF001488,2025-12-09,2025-12-11,2025-12-14,Completed
FU0001323,REF001491,2026-05-31,2026-06-02,2026-06-05,Completed
FU0001324,REF001492,2025-07-09,2025-07-11,2025-07-10,Completed
FU0001325,REF001493,2025-01-30,2025-02-01,2025-02-01,Completed
FU0001326,REF001496,2025-01-13,2025-01-15,2025-01-16,Completed
FU0001327,REF001497,2025-01-29,2025-01-31,2025-02-02,Completed
FU0001328,REF001498,2025-03-01,2025-03-03,2025-03-02,Completed
FU0001329,REF001499,2026-02-28,2026-03-02,2026-03-04,Completed
FU0001330,REF001500,2026-05-29,2026-05-31,2026-05-31,Completed
FU0001331,REF001501,2025-02-10,2025-02-12,2025-02-13,Completed
FU0001332,REF001502,2026-04-14,2026-04-16,2026-04-18,Completed
FU0001333,REF001503,2025-04-26,2025-04-28,2025-04-27,Completed
FU0001334,REF001504,2025-06-10,2025-06-12,2025-06-11,Completed
FU0001335,REF001505,2026-06-05,2026-06-07,2026-06-07,Completed
FU0001336,REF001506,2025-06-11,2025-06-13,2025-06-17,Completed
FU0001337,REF001507,2025-07-04,2025-07-06,2025-07-07,Completed
FU0001338,REF001508,2025-09-24,2025-09-26,2025-09-25,Completed
FU0001339,REF001509,2025-05-27,2025-05-29,2025-05-28,Completed
FU0001340,REF001510,2026-04-05,2026-04-07,2026-04-10,Completed
FU0001341,REF001511,2026-03-27,2026-03-29,2026-04-01,Completed
FU0001342,REF001513,2026-05-24,2026-05-26,2026-05-29,Completed
FU0001343,REF001514,2026-02-19,2026-02-21,2026-02-20,Completed
FU0001344,REF001515,2025-03-26,2025-03-28,2025-03-31,Completed
FU0001345,REF001515,2026-08-28,,,Open
FU0001346,REF001516,2026-04-09,2026-04-11,2026-04-10,Completed
FU0001347,REF001517,2025-03-08,2025-03-10,2025-03-13,Completed
FU0001348,REF001518,2025-06-07,2025-06-09,2025-06-13,Completed
FU0001349,REF001519,2025-11-22,2025-11-24,2025-11-25,Completed
FU0001350,REF001520,2025-10-09,2025-10-11,2025-10-14,Completed
FU0001351,REF001521,2025-09-26,2025-09-28,2025-10-02,Completed
FU0001352,REF001522,2025-10-26,2025-10-28,2025-10-30,Completed
FU0001353,REF001523,2025-05-25,2025-05-27,2025-05-29,Completed
FU0001354,REF001524,2025-11-30,2025-12-02,2025-12-01,Completed
FU0001355,REF001526,2026-06-10,2026-06-12,2026-06-11,Completed
FU0001356,REF001528,2026-07-12,2026-07-14,2026-07-18,Completed
FU0001357,REF001529,2026-06-20,2026-06-22,2026-06-23,Completed
FU0001358,REF001530,2025-04-04,2025-04-06,2025-04-07,Completed
FU0001359,REF001531,2026-08-26,2026-08-28,2026-08-28,Completed
FU0001360,REF001532,2026-04-02,2026-04-04,2026-04-04,Completed
FU0001361,REF001533,2026-08-12,2026-08-14,2026-08-14,Completed
FU0001362,REF001534,2025-01-29,2025-01-31,2025-02-03,Completed
FU0001363,REF001535,2025-04-17,2025-04-19,2025-04-20,Completed
FU0001364,REF001536,2025-08-16,2025-08-18,2025-08-17,Completed
FU0001365,REF001538,2025-05-21,2025-05-23,2025-05-26,Completed
FU0001366,REF001539,2025-09-20,2025-09-22,2025-09-25,Completed
FU0001367,REF001540,2025-03-13,2025-03-15,2025-03-17,Completed
FU0001368,REF001541,2025-01-06,2025-01-08,2025-01-07,Completed
FU0001369,REF001542,2026-04-28,2026-04-30,2026-05-04,Completed
FU0001370,REF001543,2026-08-16,2026-08-18,2026-08-18,Completed
FU0001371,REF001543,2026-08-23,,,Open
FU0001372,REF001545,2025-01-07,2025-01-09,2025-01-11,Completed
FU0001373,REF001546,2025-11-17,2025-11-19,2025-11-18,Completed
FU0001374,REF001547,2026-03-25,2026-03-27,2026-03-31,Completed
FU0001375,REF001548,2026-06-27,2026-06-29,2026-07-01,Completed
FU0001376,REF001549,2025-03-01,2025-03-03,2025-03-05,Completed
FU0001377,REF001550,2026-06-05,2026-06-07,2026-06-10,Completed
FU0001378,REF001551,2025-11-13,2025-11-15,2025-11-14,Completed
FU0001379,REF001553,2025-11-30,2025-12-02,2025-12-04,Completed
FU0001380,REF001554,2025-12-28,2025-12-30,2025-12-29,Completed
FU0001381,REF001555,2025-04-25,2025-04-27,2025-04-30,Completed
FU0001382,REF001558,2026-07-24,2026-07-26,2026-07-28,Completed
FU0001383,REF001559,2025-05-23,2025-05-25,2025-05-25,Completed
FU0001384,REF001560,2025-04-23,2025-04-25,2025-04-29,Completed
FU0001385,REF001561,2026-04-01,2026-04-03,2026-04-05,Completed
FU0001386,REF001562,2025-06-15,2025-06-17,2025-06-21,Completed
FU0001387,REF001564,2026-08-06,2026-08-08,2026-08-07,Completed
FU0001388,REF001565,2026-04-06,2026-04-08,2026-04-09,Completed
FU0001389,REF001565,2026-08-17,2026-08-19,,Open
FU0001390,REF001566,2026-01-13,2026-01-15,2026-01-17,Completed
FU0001391,REF001567,2025-05-06,2025-05-08,2025-05-08,Completed
FU0001392,REF001568,2026-05-28,2026-05-30,2026-05-29,Completed
FU0001393,REF001569,2025-10-04,2025-10-06,2025-10-09,Completed
FU0001394,REF001570,2026-05-24,2026-05-26,2026-05-27,Completed
FU0001395,REF001571,2025-10-10,2025-10-12,2025-10-14,Completed
FU0001396,REF001572,2026-08-07,2026-08-09,2026-08-12,Completed
FU0001397,REF001573,2026-02-13,2026-02-15,2026-02-18,Completed
FU0001398,REF001573,2026-08-22,2026-08-24,,Open
FU0001399,REF001574,2025-08-07,2025-08-09,2025-08-09,Completed
FU0001400,REF001575,2025-08-30,2025-09-01,2025-08-31,Completed
FU0001401,REF001576,2025-05-04,2025-05-06,2025-05-07,Completed
FU0001402,REF001578,2026-06-23,2026-06-25,2026-06-28,Completed
FU0001403,REF001579,2025-05-24,2025-05-26,2025-05-25,Completed
FU0001404,REF001580,2025-01-26,2025-01-28,2025-01-27,Completed
FU0001405,REF001581,2025-06-01,2025-06-03,2025-06-06,Completed
FU0001406,REF001582,2026-08-03,2026-08-05,2026-08-08,Completed
FU0001407,REF001583,2025-05-18,2025-05-20,2025-05-23,Completed
FU0001408,REF001583,2026-08-20,2026-08-22,,Open
FU0001409,REF001584,2026-07-22,2026-07-24,2026-07-27,Completed
FU0001410,REF001586,2025-03-06,2025-03-08,2025-03-10,Completed
FU0001411,REF001587,2026-02-20,2026-02-22,2026-02-26,Completed
FU0001412,REF001588,2026-04-11,2026-04-13,2026-04-16,Completed
FU0001413,REF001590,2025-03-04,2025-03-06,2025-03-09,Completed
FU0001414,REF001591,2025-03-10,2025-03-12,2025-03-11,Completed
FU0001415,REF001592,2025-01-01,2025-01-03,2025-01-02,Completed
FU0001416,REF001593,2025-10-18,2025-10-20,2025-10-20,Completed
FU0001417,REF001594,2026-08-02,2026-08-04,2026-08-05,Completed
FU0001418,REF001595,2025-06-29,2025-07-01,2025-07-03,Completed
FU0001419,REF001596,2025-08-27,2025-08-29,2025-09-02,Completed
FU0001420,REF001597,2025-12-18,2025-12-20,2025-12-21,Completed
FU0001421,REF001598,2025-11-07,2025-11-09,2025-11-08,Completed
FU0001422,REF001599,2025-08-30,2025-09-01,2025-09-03,Completed
FU0001423,REF001600,2026-07-02,2026-07-04,2026-07-04,Completed
FU0001424,REF001601,2026-02-19,2026-02-21,2026-02-24,Completed
FU0001425,REF001603,2025-02-18,2025-02-20,2025-02-19,Completed
FU0001426,REF001604,2025-11-18,2025-11-20,2025-11-24,Completed
FU0001427,REF001605,2026-08-08,2026-08-10,2026-08-14,Completed
FU0001428,REF001606,2025-04-25,2025-04-27,2025-05-01,Completed
FU0001429,REF001607,2025-04-09,2025-04-11,2025-04-11,Completed
FU0001430,REF001608,2025-12-07,2025-12-09,2025-12-10,Completed
FU0001431,REF001609,2025-06-15,2025-06-17,2025-06-17,Completed
FU0001432,REF001609,2026-08-17,2026-08-19,,Open
FU0001433,REF001611,2025-04-12,2025-04-14,2025-04-17,Completed
FU0001434,REF001612,2026-02-19,2026-02-21,2026-02-20,Completed
FU0001435,REF001613,2026-02-24,2026-02-26,2026-03-01,Completed
FU0001436,REF001614,2026-05-26,2026-05-28,2026-05-30,Completed
FU0001437,REF001615,2025-09-16,2025-09-18,2025-09-17,Completed
FU0001438,REF001617,2026-04-17,2026-04-19,2026-04-23,Completed
FU0001439,REF001618,2026-08-28,,,Open
FU0001440,REF001620,2025-08-11,2025-08-13,2025-08-14,Completed
FU0001441,REF001621,2026-05-16,2026-05-18,2026-05-17,Completed
FU0001442,REF001622,2026-02-05,2026-02-07,2026-02-09,Completed
FU0001443,REF001622,2026-08-18,2026-08-20,,Open
FU0001444,REF001623,2026-07-30,2026-08-01,2026-08-05,Completed
FU0001445,REF001624,2025-05-16,2025-05-18,2025-05-20,Completed
FU0001446,REF001625,2025-08-11,2025-08-13,2025-08-14,Completed
FU0001447,REF001626,2026-06-10,2026-06-12,2026-06-16,Completed
FU0001448,REF001626,2026-08-25,2026-08-27,,Open
FU0001449,REF001627,2025-04-14,2025-04-16,2025-04-18,Completed
FU0001450,REF001628,2026-03-03,2026-03-05,2026-03-07,Completed
FU0001451,REF001629,2026-02-03,2026-02-05,2026-02-07,Completed
FU0001452,REF001630,2025-04-22,2025-04-24,2025-04-26,Completed
FU0001453,REF001631,2025-07-19,2025-07-21,2025-07-21,Completed
FU0001454,REF001632,2025-07-01,2025-07-03,2025-07-03,Completed
FU0001455,REF001633,2026-02-08,2026-02-10,2026-02-13,Completed
FU0001456,REF001634,2025-11-11,2025-11-13,2025-11-16,Completed
FU0001457,REF001636,2025-11-04,2025-11-06,2025-11-06,Completed
FU0001458,REF001637,2026-01-11,2026-01-13,2026-01-15,Completed
FU0001459,REF001639,2026-06-05,2026-06-07,2026-06-11,Completed
FU0001460,REF001640,2026-07-21,2026-07-23,2026-07-26,Completed
FU0001461,REF001641,2026-02-10,2026-02-12,2026-02-12,Completed
FU0001462,REF001644,2026-04-08,2026-04-10,2026-04-13,Completed
FU0001463,REF001646,2025-03-15,2025-03-17,2025-03-20,Completed
FU0001464,REF001647,2025-11-09,2025-11-11,2025-11-15,Completed
FU0001465,REF001648,2026-01-21,2026-01-23,2026-01-23,Completed
FU0001466,REF001649,2026-08-14,2026-08-16,2026-08-15,Completed
FU0001467,REF001650,2026-02-07,2026-02-09,2026-02-11,Completed
FU0001468,REF001651,2025-11-07,2025-11-09,2025-11-08,Completed
FU0001469,REF001652,2026-04-15,2026-04-17,2026-04-19,Completed
FU0001470,REF001653,2026-01-28,2026-01-30,2026-02-01,Completed
FU0001471,REF001654,2025-06-02,2025-06-04,2025-06-06,Completed
FU0001472,REF001655,2026-01-27,2026-01-29,2026-01-31,Completed
FU0001473,REF001656,2025-01-21,2025-01-23,2025-01-25,Completed
FU0001474,REF001656,2026-08-28,2026-08-30,,Open
FU0001475,REF001657,2026-04-27,2026-04-29,2026-05-03,Completed
FU0001476,REF001658,2026-05-13,2026-05-15,2026-05-14,Completed
FU0001477,REF001659,2025-01-11,2025-01-13,2025-01-16,Completed
FU0001478,REF001660,2025-02-18,2025-02-20,2025-02-23,Completed
FU0001479,REF001661,2026-06-15,2026-06-17,2026-06-18,Completed
FU0001480,REF001662,2025-02-03,2025-02-05,2025-02-06,Completed
FU0001481,REF001663,2026-08-10,2026-08-12,2026-08-11,Completed
FU0001482,REF001663,2026-08-29,2026-08-31,,Open
FU0001483,REF001664,2026-02-20,2026-02-22,2026-02-24,Completed
FU0001484,REF001665,2026-05-29,2026-05-31,2026-06-01,Completed
FU0001485,REF001666,2026-01-14,2026-01-16,2026-01-17,Completed
FU0001486,REF001667,2026-05-24,2026-05-26,2026-05-30,Completed
FU0001487,REF001668,2026-03-12,2026-03-14,2026-03-18,Completed
FU0001488,REF001670,2026-03-23,2026-03-25,2026-03-26,Completed
FU0001489,REF001670,2026-08-28,2026-08-30,,Open
FU0001490,REF001671,2025-05-12,2025-05-14,2025-05-15,Completed
FU0001491,REF001672,2025-12-15,2025-12-17,2025-12-19,Completed
FU0001492,REF001673,2025-06-13,2025-06-15,2025-06-18,Completed
FU0001493,REF001674,2026-07-06,2026-07-08,2026-07-08,Completed
FU0001494,REF001675,2026-03-03,2026-03-05,2026-03-07,Completed
FU0001495,REF001676,2026-04-14,2026-04-16,2026-04-16,Completed
FU0001496,REF001677,2025-01-22,2025-01-24,2025-01-26,Completed
FU0001497,REF001677,2026-08-24,2026-08-26,,Open
FU0001498,REF001678,2026-06-18,2026-06-20,2026-06-22,Completed
FU0001499,REF001679,2025-02-06,2025-02-08,2025-02-11,Completed
FU0001500,REF001680,2025-10-23,2025-10-25,2025-10-25,Completed
FU0001501,REF001682,2025-10-07,2025-10-09,2025-10-13,Completed
FU0001502,REF001683,2026-03-14,2026-03-16,2026-03-18,Completed
FU0001503,REF001684,2025-12-27,2025-12-29,2026-01-02,Completed
FU0001504,REF001685,2026-01-10,2026-01-12,2026-01-16,Completed
FU0001505,REF001686,2026-02-22,2026-02-24,2026-02-28,Completed
FU0001506,REF001687,2026-05-14,2026-05-16,2026-05-17,Completed
FU0001507,REF001688,2026-06-18,2026-06-20,2026-06-20,Completed
FU0001508,REF001689,2025-12-31,2026-01-02,2026-01-01,Completed
FU0001509,REF001689,2026-08-16,2026-08-18,,Open
FU0001510,REF001690,2025-09-19,2025-09-21,2025-09-22,Completed
FU0001511,REF001691,2025-03-27,2025-03-29,2025-03-31,Completed
FU0001512,REF001692,2025-02-26,2025-02-28,2025-03-02,Completed
FU0001513,REF001693,2025-02-23,2025-02-25,2025-03-01,Completed
FU0001514,REF001694,2026-07-27,2026-07-29,2026-07-29,Completed
FU0001515,REF001695,2025-04-23,2025-04-25,2025-04-27,Completed
FU0001516,REF001696,2026-04-13,2026-04-15,2026-04-19,Completed
FU0001517,REF001696,2026-08-26,2026-08-28,,Open
FU0001518,REF001697,2026-02-25,2026-02-27,2026-02-27,Completed
FU0001519,REF001698,2026-08-02,2026-08-04,2026-08-05,Completed
FU0001520,REF001699,2026-01-15,2026-01-17,2026-01-18,Completed
FU0001521,REF001700,2025-03-21,2025-03-23,2025-03-25,Completed
FU0001522,REF001702,2026-08-24,2026-08-26,,Open
FU0001523,REF001703,2025-12-24,2025-12-26,2025-12-26,Completed
FU0001524,REF001705,2026-01-29,2026-01-31,2026-01-30,Completed
FU0001525,REF001706,2026-05-01,2026-05-03,2026-05-03,Completed
FU0001526,REF001706,2026-08-18,2026-08-20,,Open
FU0001527,REF001707,2026-01-26,2026-01-28,2026-01-27,Completed
FU0001528,REF001708,2026-02-28,2026-03-02,2026-03-04,Completed
FU0001529,REF001710,2026-03-08,2026-03-10,2026-03-11,Completed
FU0001530,REF001711,2026-04-12,2026-04-14,2026-04-17,Completed
FU0001531,REF001712,2026-01-28,2026-01-30,2026-01-31,Completed
FU0001532,REF001713,2026-06-14,2026-06-16,2026-06-18,Completed
FU0001533,REF001714,2026-06-30,2026-07-02,2026-07-03,Completed
FU0001534,REF001715,2025-12-19,2025-12-21,2025-12-25,Completed
FU0001535,REF001716,2025-08-20,2025-08-22,2025-08-21,Completed
FU0001536,REF001717,2025-06-19,2025-06-21,2025-06-22,Completed
FU0001537,REF001718,2025-10-02,2025-10-04,2025-10-06,Completed
FU0001538,REF001719,2025-06-30,2025-07-02,2025-07-03,Completed
FU0001539,REF001720,2026-02-15,2026-02-17,2026-02-18,Completed
FU0001540,REF001722,2026-08-02,2026-08-04,2026-08-06,Completed
FU0001541,REF001723,2025-12-09,2025-12-11,2025-12-15,Completed
FU0001542,REF001725,2025-05-09,2025-05-11,2025-05-13,Completed
FU0001543,REF001726,2026-08-27,2026-08-29,,Open
FU0001544,REF001728,2025-10-08,2025-10-10,2025-10-12,Completed
FU0001545,REF001729,2026-08-23,2026-08-25,,Open
FU0001546,REF001730,2025-09-07,2025-09-09,2025-09-12,Completed
FU0001547,REF001731,2026-08-02,2026-08-04,2026-08-04,Completed
FU0001548,REF001732,2025-11-23,2025-11-25,2025-11-26,Completed
FU0001549,REF001733,2025-05-28,2025-05-30,2025-06-01,Completed
FU0001550,REF001734,2025-03-24,2025-03-26,2025-03-26,Completed
FU0001551,REF001735,2026-03-16,2026-03-18,2026-03-19,Completed
FU0001552,REF001737,2025-09-13,2025-09-15,2025-09-14,Completed
FU0001553,REF001738,2026-04-20,2026-04-22,2026-04-23,Completed
FU0001554,REF001739,2026-01-05,2026-01-07,2026-01-11,Completed
FU0001555,REF001740,2025-06-12,2025-06-14,2025-06-17,Completed
FU0001556,REF001742,2025-06-29,2025-07-01,2025-07-05,Completed
FU0001557,REF001743,2025-02-12,2025-02-14,2025-02-18,Completed
FU0001558,REF001745,2025-06-27,2025-06-29,2025-06-28,Completed
FU0001559,REF001746,2026-04-18,2026-04-20,2026-04-21,Completed
FU0001560,REF001747,2025-09-29,2025-10-01,2025-10-01,Completed
FU0001561,REF001748,2025-07-22,2025-07-24,2025-07-26,Completed
FU0001562,REF001749,2025-09-20,2025-09-22,2025-09-24,Completed
FU0001563,REF001750,2026-08-23,2026-08-25,2026-08-24,Completed
FU0001564,REF001750,2026-08-23,2026-08-25,,Open
FU0001565,REF001751,2026-05-23,2026-05-25,2026-05-27,Completed
FU0001566,REF001753,2026-03-19,2026-03-21,2026-03-21,Completed
FU0001567,REF001753,2026-08-22,2026-08-24,,Open
FU0001568,REF001754,2026-08-25,2026-08-27,2026-08-28,Completed
FU0001569,REF001754,2026-08-25,2026-08-27,,Open
FU0001570,REF001755,2026-02-18,2026-02-20,2026-02-22,Completed
FU0001571,REF001758,2025-04-08,2025-04-10,2025-04-12,Completed
FU0001572,REF001758,2026-08-29,2026-08-31,,Open
FU0001573,REF001759,2025-06-03,2025-06-05,2025-06-08,Completed
FU0001574,REF001760,2026-06-28,2026-06-30,2026-07-03,Completed
FU0001575,REF001760,2026-08-26,2026-08-28,,Open
FU0001576,REF001761,2026-07-14,2026-07-16,2026-07-16,Completed
FU0001577,REF001763,2026-02-10,2026-02-12,2026-02-12,Completed
FU0001578,REF001764,2026-02-27,2026-03-01,2026-02-28,Completed
FU0001579,REF001765,2025-09-02,2025-09-04,2025-09-05,Completed
FU0001580,REF001766,2026-01-11,2026-01-13,2026-01-16,Completed
FU0001581,REF001769,2025-05-31,2025-06-02,2025-06-01,Completed
FU0001582,REF001770,2025-10-11,2025-10-13,2025-10-13,Completed
FU0001583,REF001772,2025-06-20,2025-06-22,2025-06-21,Completed
FU0001584,REF001773,2026-05-26,2026-05-28,2026-05-31,Completed
FU0001585,REF001775,2025-11-11,2025-11-13,2025-11-12,Completed
FU0001586,REF001776,2025-06-10,2025-06-12,2025-06-14,Completed
FU0001587,REF001776,2026-08-31,2026-09-02,,Open
FU0001588,REF001777,2026-02-18,2026-02-20,2026-02-23,Completed
FU0001589,REF001778,2026-05-23,2026-05-25,2026-05-29,Completed
FU0001590,REF001780,2026-05-06,2026-05-08,2026-05-09,Completed
FU0001591,REF001780,2026-08-29,2026-08-31,,Open
FU0001592,REF001781,2026-06-25,2026-06-27,2026-06-29,Completed
FU0001593,REF001782,2026-08-29,2026-08-31,2026-08-30,Completed
FU0001594,REF001782,2026-08-29,2026-08-31,,Open
FU0001595,REF001783,2025-01-11,2025-01-13,2025-01-12,Completed
FU0001596,REF001784,2026-08-12,2026-08-14,2026-08-14,Completed
FU0001597,REF001785,2025-04-19,2025-04-21,2025-04-20,Completed
FU0001598,REF001786,2025-08-09,2025-08-11,2025-08-10,Completed
FU0001599,REF001787,2026-06-12,2026-06-14,2026-06-18,Completed
FU0001600,REF001790,2025-07-11,2025-07-13,2025-07-12,Completed
FU0001601,REF001791,2026-01-30,2026-02-01,2026-02-05,Completed
FU0001602,REF001792,2025-12-08,2025-12-10,2025-12-14,Completed
FU0001603,REF001793,2026-03-03,2026-03-05,2026-03-09,Completed
FU0001604,REF001794,2026-05-09,2026-05-11,2026-05-11,Completed
FU0001605,REF001796,2025-07-23,2025-07-25,2025-07-26,Completed
FU0001606,REF001797,2026-04-08,2026-04-10,2026-04-11,Completed
FU0001607,REF001798,2026-01-15,2026-01-17,2026-01-21,Completed
FU0001608,REF001799,2026-05-06,2026-05-08,2026-05-12,Completed
FU0001609,REF001800,2025-02-15,2025-02-17,2025-02-18,Completed
FU0001610,REF001801,2025-08-22,2025-08-24,2025-08-23,Completed
FU0001611,REF001802,2026-04-02,2026-04-04,2026-04-04,Completed
FU0001612,REF001803,2025-03-12,2025-03-14,2025-03-18,Completed
FU0001613,REF001804,2025-04-28,2025-04-30,2025-05-01,Completed
FU0001614,REF001805,2026-01-21,2026-01-23,2026-01-26,Completed
FU0001615,REF001806,2026-08-09,2026-08-11,2026-08-10,Completed
FU0001616,REF001807,2026-03-15,2026-03-17,2026-03-20,Completed
FU0001617,REF001809,2026-03-02,2026-03-04,2026-03-03,Completed
FU0001618,REF001810,2025-01-31,2025-02-02,2025-02-01,Completed
FU0001619,REF001810,2026-08-23,2026-08-25,,Open
FU0001620,REF001812,2026-02-19,2026-02-21,2026-02-21,Completed
FU0001621,REF001813,2026-06-19,2026-06-21,2026-06-24,Completed
FU0001622,REF001814,2026-01-13,2026-01-15,2026-01-18,Completed
FU0001623,REF001816,2026-05-28,2026-05-30,2026-06-03,Completed
FU0001624,REF001817,2026-04-09,2026-04-11,2026-04-11,Completed
FU0001625,REF001818,2025-03-02,2025-03-04,2025-03-05,Completed
FU0001626,REF001818,2026-08-19,2026-08-21,,Open
FU0001627,REF001819,2025-01-21,2025-01-23,2025-01-27,Completed
FU0001628,REF001820,2026-01-03,2026-01-05,2026-01-06,Completed
FU0001629,REF001821,2025-10-04,2025-10-06,2025-10-05,Completed
FU0001630,REF001822,2025-05-03,2025-05-05,2025-05-06,Completed
FU0001631,REF001823,2025-03-25,2025-03-27,2025-03-27,Completed
FU0001632,REF001824,2025-03-06,2025-03-08,2025-03-08,Completed
FU0001633,REF001825,2025-10-22,2025-10-24,2025-10-28,Completed
FU0001634,REF001826,2025-02-22,2025-02-24,2025-02-28,Completed
FU0001635,REF001827,2026-08-01,2026-08-03,2026-08-06,Completed
FU0001636,REF001828,2025-10-16,2025-10-18,2025-10-18,Completed
FU0001637,REF001830,2026-04-24,2026-04-26,2026-04-29,Completed
FU0001638,REF001831,2026-07-18,2026-07-20,2026-07-23,Completed
FU0001639,REF001832,2026-06-24,2026-06-26,2026-06-25,Completed
FU0001640,REF001833,2025-07-22,2025-07-24,2025-07-23,Completed
FU0001641,REF001835,2026-08-31,,,Open
FU0001642,REF001836,2025-12-23,2025-12-25,2025-12-25,Completed
FU0001643,REF001837,2025-02-13,2025-02-15,2025-02-19,Completed
FU0001644,REF001838,2026-03-03,2026-03-05,2026-03-06,Completed
FU0001645,REF001839,2026-05-22,2026-05-24,2026-05-25,Completed
FU0001646,REF001840,2026-06-15,2026-06-17,2026-06-16,Completed
FU0001647,REF001841,2025-04-24,2025-04-26,2025-04-27,Completed
FU0001648,REF001842,2025-05-04,2025-05-06,2025-05-07,Completed
FU0001649,REF001844,2025-10-05,2025-10-07,2025-10-06,Completed
FU0001650,REF001845,2026-01-25,2026-01-27,2026-01-30,Completed
FU0001651,REF001846,2025-07-28,2025-07-30,2025-07-29,Completed
FU0001652,REF001847,2026-08-15,2026-08-17,2026-08-16,Completed
FU0001653,REF001847,2026-08-28,2026-08-30,,Open
FU0001654,REF001848,2026-05-25,2026-05-27,2026-05-28,Completed
FU0001655,REF001850,2025-05-04,2025-05-06,2025-05-06,Completed
FU0001656,REF001851,2026-08-30,2026-09-01,2026-08-31,Completed
FU0001657,REF001852,2025-04-24,2025-04-26,2025-04-25,Completed
FU0001658,REF001854,2025-03-05,2025-03-07,2025-03-10,Completed
FU0001659,REF001855,2026-07-05,2026-07-07,2026-07-10,Completed
FU0001660,REF001856,2026-08-28,2026-08-30,2026-08-31,Completed
FU0001661,REF001856,2026-08-28,,,Open
FU0001662,REF001857,2025-07-04,2025-07-06,2025-07-08,Completed
FU0001663,REF001858,2025-05-15,2025-05-17,2025-05-17,Completed
FU0001664,REF001860,2025-03-03,2025-03-05,2025-03-05,Completed
FU0001665,REF001860,2026-08-31,,,Open
FU0001666,REF001861,2025-12-06,2025-12-08,2025-12-10,Completed
FU0001667,REF001862,2026-07-21,2026-07-23,2026-07-27,Completed
FU0001668,REF001863,2026-02-19,2026-02-21,2026-02-25,Completed
FU0001669,REF001864,2025-12-27,2025-12-29,2025-12-30,Completed
FU0001670,REF001866,2026-03-13,2026-03-15,2026-03-14,Completed
FU0001671,REF001866,2026-08-16,2026-08-18,,Open
FU0001672,REF001867,2026-02-06,2026-02-08,2026-02-10,Completed
FU0001673,REF001871,2025-09-29,2025-10-01,2025-10-02,Completed
FU0001674,REF001872,2026-06-22,2026-06-24,2026-06-27,Completed
FU0001675,REF001873,2026-04-28,2026-04-30,2026-05-04,Completed
FU0001676,REF001875,2025-07-09,2025-07-11,2025-07-10,Completed
FU0001677,REF001876,2025-06-16,2025-06-18,2025-06-18,Completed
FU0001678,REF001877,2025-08-05,2025-08-07,2025-08-11,Completed
FU0001679,REF001877,2026-08-23,2026-08-25,,Open
FU0001680,REF001878,2026-01-08,2026-01-10,2026-01-09,Completed
FU0001681,REF001879,2026-05-07,2026-05-09,2026-05-08,Completed
FU0001682,REF001881,2025-06-20,2025-06-22,2025-06-23,Completed
FU0001683,REF001882,2025-10-09,2025-10-11,2025-10-13,Completed
FU0001684,REF001883,2025-12-17,2025-12-19,2025-12-19,Completed
FU0001685,REF001884,2025-12-25,2025-12-27,2025-12-29,Completed
FU0001686,REF001885,2026-03-03,2026-03-05,2026-03-04,Completed
FU0001687,REF001886,2025-05-02,2025-05-04,2025-05-08,Completed
FU0001688,REF001886,2026-08-29,2026-08-31,,Open
FU0001689,REF001887,2025-09-29,2025-10-01,2025-10-01,Completed
FU0001690,REF001888,2025-04-05,2025-04-07,2025-04-07,Completed
FU0001691,REF001889,2025-03-12,2025-03-14,2025-03-14,Completed
FU0001692,REF001890,2026-04-14,2026-04-16,2026-04-16,Completed
FU0001693,REF001890,2026-08-20,2026-08-22,,Open
FU0001694,REF001891,2025-10-23,2025-10-25,2025-10-28,Completed
FU0001695,REF001892,2026-08-11,2026-08-13,2026-08-14,Completed
FU0001696,REF001892,2026-08-17,2026-08-19,,Open
FU0001697,REF001893,2026-04-18,2026-04-20,2026-04-19,Completed
FU0001698,REF001894,2025-07-11,2025-07-13,2025-07-13,Completed
FU0001699,REF001895,2026-02-24,2026-02-26,2026-03-02,Completed
FU0001700,REF001896,2026-07-22,2026-07-24,2026-07-28,Completed
FU0001701,REF001897,2026-02-20,2026-02-22,2026-02-26,Completed
FU0001702,REF001898,2026-04-14,2026-04-16,2026-04-17,Completed
FU0001703,REF001899,2025-06-28,2025-06-30,2025-07-04,Completed
FU0001704,REF001900,2026-02-04,2026-02-06,2026-02-10,Completed
FU0001705,REF001901,2025-07-08,2025-07-10,2025-07-14,Completed
FU0001706,REF001902,2026-06-21,2026-06-23,2026-06-27,Completed
FU0001707,REF001903,2025-12-10,2025-12-12,2025-12-14,Completed
FU0001708,REF001904,2026-04-22,2026-04-24,2026-04-24,Completed
FU0001709,REF001905,2025-03-29,2025-03-31,2025-03-30,Completed
FU0001710,REF001906,2026-01-25,2026-01-27,2026-01-27,Completed
FU0001711,REF001907,2025-08-02,2025-08-04,2025-08-06,Completed
FU0001712,REF001908,2025-07-13,2025-07-15,2025-07-16,Completed
FU0001713,REF001909,2025-08-24,2025-08-26,2025-08-29,Completed
FU0001714,REF001910,2026-02-21,2026-02-23,2026-02-24,Completed
FU0001715,REF001911,2025-10-30,2025-11-01,2025-10-31,Completed
FU0001716,REF001913,2025-05-31,2025-06-02,2025-06-02,Completed
FU0001717,REF001914,2025-07-23,2025-07-25,2025-07-28,Completed
FU0001718,REF001916,2025-08-15,2025-08-17,2025-08-21,Completed
FU0001719,REF001917,2026-05-27,2026-05-29,2026-06-01,Completed
FU0001720,REF001918,2025-05-11,2025-05-13,2025-05-16,Completed
FU0001721,REF001919,2026-02-10,2026-02-12,2026-02-16,Completed
FU0001722,REF001920,2026-01-03,2026-01-05,2026-01-04,Completed
FU0001723,REF001923,2026-08-25,2026-08-27,,Open
FU0001724,REF001924,2025-03-09,2025-03-11,2025-03-10,Completed
FU0001725,REF001925,2025-07-12,2025-07-14,2025-07-17,Completed
FU0001726,REF001927,2026-04-04,2026-04-06,2026-04-08,Completed
FU0001727,REF001927,2026-08-22,2026-08-24,,Open
FU0001728,REF001928,2025-01-07,2025-01-09,2025-01-08,Completed
FU0001729,REF001930,2025-05-08,2025-05-10,2025-05-14,Completed
FU0001730,REF001931,2025-07-18,2025-07-20,2025-07-19,Completed
FU0001731,REF001932,2025-02-17,2025-02-19,2025-02-19,Completed
FU0001732,REF001933,2026-05-03,2026-05-05,2026-05-07,Completed
FU0001733,REF001934,2026-07-18,2026-07-20,2026-07-24,Completed
FU0001734,REF001935,2025-04-16,2025-04-18,2025-04-17,Completed
FU0001735,REF001937,2026-07-29,2026-07-31,2026-07-31,Completed
FU0001736,REF001938,2025-05-30,2025-06-01,2025-06-05,Completed
FU0001737,REF001939,2025-06-04,2025-06-06,2025-06-06,Completed
FU0001738,REF001940,2026-06-16,2026-06-18,2026-06-19,Completed
FU0001739,REF001941,2025-06-04,2025-06-06,2025-06-08,Completed
FU0001740,REF001942,2025-09-02,2025-09-04,2025-09-08,Completed
FU0001741,REF001943,2026-04-21,2026-04-23,2026-04-26,Completed
FU0001742,REF001944,2025-10-20,2025-10-22,2025-10-22,Completed
FU0001743,REF001945,2026-07-01,2026-07-03,2026-07-06,Completed
FU0001744,REF001946,2025-07-07,2025-07-09,2025-07-09,Completed
FU0001745,REF001947,2025-10-29,2025-10-31,2025-11-03,Completed
FU0001746,REF001948,2025-01-12,2025-01-14,2025-01-18,Completed
FU0001747,REF001950,2025-11-22,2025-11-24,2025-11-28,Completed
FU0001748,REF001951,2025-09-02,2025-09-04,2025-09-06,Completed
FU0001749,REF001953,2026-02-19,2026-02-21,2026-02-23,Completed
FU0001750,REF001954,2026-08-20,2026-08-22,,Open
FU0001751,REF001955,2026-05-12,2026-05-14,2026-05-15,Completed
FU0001752,REF001956,2025-07-17,2025-07-19,2025-07-20,Completed
FU0001753,REF001957,2026-03-10,2026-03-12,2026-03-14,Completed
FU0001754,REF001958,2025-01-19,2025-01-21,2025-01-25,Completed
FU0001755,REF001959,2025-02-08,2025-02-10,2025-02-12,Completed
FU0001756,REF001960,2026-06-23,2026-06-25,2026-06-28,Completed
FU0001757,REF001961,2025-09-18,2025-09-20,2025-09-20,Completed
FU0001758,REF001962,2025-09-21,2025-09-23,2025-09-22,Completed
FU0001759,REF001963,2026-03-05,2026-03-07,2026-03-07,Completed
FU0001760,REF001964,2025-10-15,2025-10-17,2025-10-17,Completed
FU0001761,REF001965,2025-02-07,2025-02-09,2025-02-11,Completed
FU0001762,REF001966,2025-12-27,2025-12-29,2026-01-02,Completed
FU0001763,REF001968,2026-07-21,2026-07-23,2026-07-24,Completed
FU0001764,REF001968,2026-08-20,2026-08-22,,Open
FU0001765,REF001969,2026-03-24,2026-03-26,2026-03-28,Completed
FU0001766,REF001971,2026-01-11,2026-01-13,2026-01-16,Completed
FU0001767,REF001972,2026-08-31,2026-09-02,,Open
FU0001768,REF001973,2025-11-09,2025-11-11,2025-11-10,Completed
FU0001769,REF001974,2025-04-04,2025-04-06,2025-04-08,Completed
FU0001770,REF001975,2025-12-11,2025-12-13,2025-12-14,Completed
FU0001771,REF001975,2026-08-18,2026-08-20,,Open
FU0001772,REF001976,2025-10-25,2025-10-27,2025-10-30,Completed
FU0001773,REF001977,2026-04-14,2026-04-16,2026-04-18,Completed
FU0001774,REF001978,2026-05-13,2026-05-15,2026-05-14,Completed
FU0001775,REF001979,2026-04-16,2026-04-18,2026-04-21,Completed
FU0001776,REF001980,2025-10-11,2025-10-13,2025-10-14,Completed
FU0001777,REF001981,2026-08-26,2026-08-28,2026-08-28,Completed
FU0001778,REF001981,2026-08-28,2026-08-30,,Open
FU0001779,REF001983,2025-04-23,2025-04-25,2025-04-28,Completed
FU0001780,REF001984,2026-01-08,2026-01-10,2026-01-12,Completed
FU0001781,REF001985,2026-06-25,2026-06-27,2026-06-26,Completed
FU0001782,REF001986,2026-03-10,2026-03-12,2026-03-13,Completed
FU0001783,REF001988,2025-10-25,2025-10-27,2025-10-27,Completed
FU0001784,REF001989,2025-04-30,2025-05-02,2025-05-05,Completed
FU0001785,REF001989,2026-08-22,2026-08-24,,Open
FU0001786,REF001990,2025-04-11,2025-04-13,2025-04-15,Completed
FU0001787,REF001991,2026-07-14,2026-07-16,2026-07-15,Completed
FU0001788,REF001993,2026-03-28,2026-03-30,2026-04-01,Completed
FU0001789,REF001994,2025-07-09,2025-07-11,2025-07-15,Completed
FU0001790,REF001995,2025-12-03,2025-12-05,2025-12-06,Completed
FU0001791,REF001995,2026-08-28,2026-08-30,,Open
FU0001792,REF001996,2026-04-21,2026-04-23,2026-04-25,Completed
FU0001793,REF001999,2026-03-28,2026-03-30,2026-03-29,Completed
FU0001794,REF002000,2026-01-07,2026-01-09,2026-01-11,Completed
FU0001795,REF002001,2026-07-17,2026-07-19,2026-07-19,Completed
FU0001796,REF002003,2025-05-23,2025-05-25,2025-05-24,Completed
FU0001797,REF002006,2025-12-23,2025-12-25,2025-12-29,Completed
FU0001798,REF002008,2026-03-14,2026-03-16,2026-03-17,Completed
FU0001799,REF002009,2025-12-13,2025-12-15,2025-12-15,Completed
FU0001800,REF002010,2026-07-26,2026-07-28,2026-07-31,Completed
FU0001801,REF002011,2025-11-02,2025-11-04,2025-11-07,Completed
FU0001802,REF002013,2025-12-06,2025-12-08,2025-12-11,Completed
FU0001803,REF002014,2025-06-12,2025-06-14,2025-06-13,Completed
FU0001804,REF002015,2026-07-15,2026-07-17,2026-07-18,Completed
FU0001805,REF002016,2025-01-24,2025-01-26,2025-01-29,Completed
FU0001806,REF002017,2025-02-17,2025-02-19,2025-02-18,Completed
FU0001807,REF002018,2026-08-29,2026-08-31,2026-08-31,Completed
FU0001808,REF002018,2026-08-29,2026-08-31,,Open
FU0001809,REF002019,2025-03-06,2025-03-08,2025-03-09,Completed
FU0001810,REF002020,2025-06-27,2025-06-29,2025-06-28,Completed
FU0001811,REF002021,2025-11-20,2025-11-22,2025-11-22,Completed
FU0001812,REF002022,2025-09-28,2025-09-30,2025-09-29,Completed
FU0001813,REF002023,2025-04-27,2025-04-29,2025-05-02,Completed
FU0001814,REF002024,2025-03-28,2025-03-30,2025-03-31,Completed
FU0001815,REF002025,2025-11-08,2025-11-10,2025-11-12,Completed
FU0001816,REF002026,2025-08-30,2025-09-01,2025-08-31,Completed
FU0001817,REF002027,2026-05-01,2026-05-03,2026-05-02,Completed
FU0001818,REF002028,2026-08-15,2026-08-17,2026-08-20,Completed
FU0001819,REF002029,2026-05-12,2026-05-14,2026-05-18,Completed
FU0001820,REF002029,2026-08-21,2026-08-23,,Open
FU0001821,REF002030,2025-02-21,2025-02-23,2025-02-23,Completed
FU0001822,REF002031,2025-03-22,2025-03-24,2025-03-24,Completed
FU0001823,REF002033,2025-10-09,2025-10-11,2025-10-13,Completed
FU0001824,REF002034,2026-03-22,2026-03-24,2026-03-23,Completed
FU0001825,REF002036,2026-08-06,2026-08-08,2026-08-12,Completed
FU0001826,REF002037,2025-03-04,2025-03-06,2025-03-05,Completed
FU0001827,REF002038,2026-02-23,2026-02-25,2026-02-28,Completed
FU0001828,REF002039,2026-05-20,2026-05-22,2026-05-25,Completed
FU0001829,REF002040,2025-12-30,2026-01-01,2026-01-01,Completed
FU0001830,REF002041,2025-12-16,2025-12-18,2025-12-19,Completed
FU0001831,REF002042,2026-06-13,2026-06-15,2026-06-15,Completed
FU0001832,REF002043,2026-05-11,2026-05-13,2026-05-17,Completed
FU0001833,REF002044,2025-07-18,2025-07-20,2025-07-19,Completed
FU0001834,REF002044,2026-08-25,2026-08-27,,Open
FU0001835,REF002045,2025-04-10,2025-04-12,2025-04-11,Completed
FU0001836,REF002046,2025-01-28,2025-01-30,2025-01-30,Completed
FU0001837,REF002046,2026-08-17,2026-08-19,,Open
FU0001838,REF002047,2025-07-27,2025-07-29,2025-08-01,Completed
FU0001839,REF002048,2026-02-14,2026-02-16,2026-02-20,Completed
FU0001840,REF002049,2026-06-13,2026-06-15,2026-06-19,Completed
FU0001841,REF002052,2026-06-08,2026-06-10,2026-06-12,Completed
FU0001842,REF002053,2025-05-14,2025-05-16,2025-05-19,Completed
FU0001843,REF002054,2025-05-28,2025-05-30,2025-05-29,Completed
FU0001844,REF002055,2026-08-18,2026-08-20,,Open
FU0001845,REF002056,2026-07-11,2026-07-13,2026-07-12,Completed
FU0001846,REF002057,2025-05-05,2025-05-07,2025-05-10,Completed
FU0001847,REF002058,2025-06-27,2025-06-29,2025-06-28,Completed
FU0001848,REF002059,2025-09-25,2025-09-27,2025-10-01,Completed
FU0001849,REF002060,2026-03-02,2026-03-04,2026-03-03,Completed
FU0001850,REF002061,2026-04-24,2026-04-26,2026-04-27,Completed
FU0001851,REF002063,2025-02-06,2025-02-08,2025-02-11,Completed
FU0001852,REF002064,2025-09-28,2025-09-30,2025-10-03,Completed
FU0001853,REF002065,2025-04-07,2025-04-09,2025-04-12,Completed
FU0001854,REF002066,2025-06-28,2025-06-30,2025-06-29,Completed
FU0001855,REF002066,2026-08-24,2026-08-26,,Open
FU0001856,REF002067,2025-08-31,2025-09-02,2025-09-01,Completed
FU0001857,REF002068,2025-11-27,2025-11-29,2025-12-01,Completed
FU0001858,REF002069,2025-02-20,2025-02-22,2025-02-22,Completed
FU0001859,REF002070,2025-09-05,2025-09-07,2025-09-06,Completed
FU0001860,REF002073,2025-05-07,2025-05-09,2025-05-12,Completed
FU0001861,REF002074,2026-07-15,2026-07-17,2026-07-20,Completed
FU0001862,REF002077,2026-06-29,2026-07-01,2026-07-01,Completed
FU0001863,REF002078,2026-07-31,2026-08-02,2026-08-02,Completed
FU0001864,REF002079,2026-03-16,2026-03-18,2026-03-20,Completed
FU0001865,REF002080,2025-07-29,2025-07-31,2025-08-03,Completed
FU0001866,REF002081,2026-03-29,2026-03-31,2026-03-30,Completed
FU0001867,REF002082,2025-12-18,2025-12-20,2025-12-22,Completed
FU0001868,REF002083,2026-08-27,2026-08-29,,Open
FU0001869,REF002084,2025-09-15,2025-09-17,2025-09-17,Completed
FU0001870,REF002085,2026-04-26,2026-04-28,2026-05-02,Completed
FU0001871,REF002086,2025-08-26,2025-08-28,2025-09-01,Completed
FU0001872,REF002088,2026-06-25,2026-06-27,2026-06-28,Completed
FU0001873,REF002089,2025-08-28,2025-08-30,2025-09-02,Completed
FU0001874,REF002090,2025-06-07,2025-06-09,2025-06-11,Completed
FU0001875,REF002091,2025-08-10,2025-08-12,2025-08-12,Completed
FU0001876,REF002091,2026-08-27,2026-08-29,,Open
FU0001877,REF002092,2026-05-26,2026-05-28,2026-05-27,Completed
FU0001878,REF002093,2026-03-03,2026-03-05,2026-03-06,Completed
FU0001879,REF002093,2026-08-27,2026-08-29,,Open
FU0001880,REF002094,2025-09-26,2025-09-28,2025-10-01,Completed
FU0001881,REF002097,2026-01-26,2026-01-28,2026-01-27,Completed
FU0001882,REF002098,2025-04-30,2025-05-02,2025-05-04,Completed
FU0001883,REF002099,2025-06-10,2025-06-12,2025-06-11,Completed
FU0001884,REF002100,2026-02-18,2026-02-20,2026-02-24,Completed
FU0001885,REF002101,2026-04-08,2026-04-10,2026-04-13,Completed
FU0001886,REF002102,2026-05-28,2026-05-30,2026-05-30,Completed
FU0001887,REF002103,2025-09-03,2025-09-05,2025-09-06,Completed
FU0001888,REF002104,2026-06-01,2026-06-03,2026-06-04,Completed
FU0001889,REF002105,2025-02-05,2025-02-07,2025-02-08,Completed
FU0001890,REF002106,2026-01-18,2026-01-20,2026-01-22,Completed
FU0001891,REF002110,2025-02-05,2025-02-07,2025-02-07,Completed
FU0001892,REF002111,2025-12-04,2025-12-06,2025-12-09,Completed
FU0001893,REF002113,2025-01-23,2025-01-25,2025-01-25,Completed
FU0001894,REF002114,2026-03-04,2026-03-06,2026-03-08,Completed
FU0001895,REF002115,2025-10-18,2025-10-20,2025-10-23,Completed
FU0001896,REF002116,2026-08-27,2026-08-29,2026-08-29,Completed
FU0001897,REF002116,2026-08-27,2026-08-29,,Open
FU0001898,REF002117,2025-03-11,2025-03-13,2025-03-16,Completed
FU0001899,REF002117,2026-08-25,2026-08-27,,Open
FU0001900,REF002118,2026-01-06,2026-01-08,2026-01-08,Completed
FU0001901,REF002119,2026-04-21,2026-04-23,2026-04-27,Completed
FU0001902,REF002120,2025-07-28,2025-07-30,2025-08-03,Completed
FU0001903,REF002120,2026-08-19,2026-08-21,,Open
FU0001904,REF002121,2026-03-15,2026-03-17,2026-03-21,Completed
FU0001905,REF002122,2025-12-13,2025-12-15,2025-12-19,Completed
FU0001906,REF002123,2026-06-24,2026-06-26,2026-06-30,Completed
FU0001907,REF002123,2026-08-31,2026-09-02,,Open
FU0001908,REF002126,2025-12-14,2025-12-16,2025-12-15,Completed
FU0001909,REF002127,2026-06-20,2026-06-22,2026-06-26,Completed
FU0001910,REF002128,2025-07-29,2025-07-31,2025-07-30,Completed
FU0001911,REF002129,2025-02-16,2025-02-18,2025-02-17,Completed
FU0001912,REF002129,2026-08-31,2026-09-02,,Open
FU0001913,REF002130,2026-05-04,2026-05-06,2026-05-08,Completed
FU0001914,REF002131,2026-06-27,2026-06-29,2026-06-28,Completed
FU0001915,REF002132,2026-08-13,2026-08-15,2026-08-14,Completed
FU0001916,REF002132,2026-08-22,2026-08-24,,Open
FU0001917,REF002134,2025-12-20,2025-12-22,2025-12-25,Completed
FU0001918,REF002135,2026-06-16,2026-06-18,2026-06-19,Completed
FU0001919,REF002137,2025-03-16,2025-03-18,2025-03-19,Completed
FU0001920,REF002139,2026-04-06,2026-04-08,2026-04-08,Completed
FU0001921,REF002140,2026-07-10,2026-07-12,2026-07-15,Completed
FU0001922,REF002141,2025-09-16,2025-09-18,2025-09-19,Completed
FU0001923,REF002143,2025-04-20,2025-04-22,2025-04-24,Completed
FU0001924,REF002144,2026-03-30,2026-04-01,2026-04-01,Completed
FU0001925,REF002145,2025-12-13,2025-12-15,2025-12-14,Completed
FU0001926,REF002146,2025-11-30,2025-12-02,2025-12-01,Completed
FU0001927,REF002148,2025-03-31,2025-04-02,2025-04-04,Completed
FU0001928,REF002148,2026-08-21,2026-08-23,,Open
FU0001929,REF002149,2026-08-26,2026-08-28,,Open
FU0001930,REF002151,2025-06-21,2025-06-23,2025-06-27,Completed
FU0001931,REF002152,2025-11-15,2025-11-17,2025-11-19,Completed
FU0001932,REF002154,2026-05-29,2026-05-31,2026-05-30,Completed
FU0001933,REF002154,2026-08-29,2026-08-31,,Open
FU0001934,REF002155,2026-04-13,2026-04-15,2026-04-17,Completed
FU0001935,REF002156,2025-09-21,2025-09-23,2025-09-25,Completed
FU0001936,REF002157,2025-07-04,2025-07-06,2025-07-06,Completed
FU0001937,REF002158,2026-08-28,2026-08-30,,Open
FU0001938,REF002159,2025-05-06,2025-05-08,2025-05-11,Completed
FU0001939,REF002159,2026-08-25,2026-08-27,,Open
FU0001940,REF002160,2025-10-11,2025-10-13,2025-10-17,Completed
FU0001941,REF002161,2026-02-22,2026-02-24,2026-02-23,Completed
FU0001942,REF002162,2026-07-07,2026-07-09,2026-07-08,Completed
FU0001943,REF002163,2026-08-21,2026-08-23,2026-08-22,Completed
FU0001944,REF002164,2025-02-27,2025-03-01,2025-03-05,Completed
FU0001945,REF002165,2026-04-26,2026-04-28,2026-04-29,Completed
FU0001946,REF002166,2025-07-25,2025-07-27,2025-07-28,Completed
FU0001947,REF002168,2026-06-09,2026-06-11,2026-06-14,Completed
FU0001948,REF002169,2026-07-12,2026-07-14,2026-07-13,Completed
FU0001949,REF002170,2025-02-26,2025-02-28,2025-03-03,Completed
FU0001950,REF002171,2026-07-22,2026-07-24,2026-07-27,Completed
FU0001951,REF002174,2025-03-05,2025-03-07,2025-03-11,Completed
FU0001952,REF002176,2026-07-23,2026-07-25,2026-07-25,Completed
FU0001953,REF002176,2026-08-16,2026-08-18,,Open
FU0001954,REF002177,2026-03-05,2026-03-07,2026-03-08,Completed
FU0001955,REF002178,2025-03-14,2025-03-16,2025-03-19,Completed
FU0001956,REF002179,2025-12-14,2025-12-16,2025-12-20,Completed
FU0001957,REF002180,2026-05-25,2026-05-27,2026-05-26,Completed
FU0001958,REF002181,2026-03-25,2026-03-27,2026-03-29,Completed
FU0001959,REF002182,2026-04-03,2026-04-05,2026-04-07,Completed
FU0001960,REF002183,2025-11-29,2025-12-01,2025-12-05,Completed
FU0001961,REF002184,2026-04-05,2026-04-07,2026-04-07,Completed
FU0001962,REF002184,2026-08-25,2026-08-27,,Open
FU0001963,REF002186,2025-10-10,2025-10-12,2025-10-11,Completed
FU0001964,REF002189,2026-02-04,2026-02-06,2026-02-06,Completed
FU0001965,REF002190,2025-08-10,2025-08-12,2025-08-12,Completed
FU0001966,REF002191,2025-09-14,2025-09-16,2025-09-16,Completed
FU0001967,REF002194,2026-07-25,2026-07-27,2026-07-27,Completed
FU0001968,REF002195,2025-10-05,2025-10-07,2025-10-11,Completed
FU0001969,REF002195,2026-08-22,2026-08-24,,Open
FU0001970,REF002196,2026-02-02,2026-02-04,2026-02-06,Completed
FU0001971,REF002197,2026-01-02,2026-01-04,2026-01-06,Completed
FU0001972,REF002198,2025-12-04,2025-12-06,2025-12-09,Completed
FU0001973,REF002199,2026-02-22,2026-02-24,2026-02-27,Completed
FU0001974,REF002200,2026-07-14,2026-07-16,2026-07-19,Completed
FU0001975,REF002201,2026-01-01,2026-01-03,2026-01-07,Completed
FU0001976,REF002202,2025-07-06,2025-07-08,2025-07-09,Completed
FU0001977,REF002203,2025-11-19,2025-11-21,2025-11-20,Completed
FU0001978,REF002203,2026-08-26,2026-08-28,,Open
FU0001979,REF002204,2026-04-10,2026-04-12,2026-04-16,Completed
FU0001980,REF002205,2025-09-25,2025-09-27,2025-10-01,Completed
FU0001981,REF002206,2025-09-06,2025-09-08,2025-09-07,Completed
FU0001982,REF002207,2026-06-15,2026-06-17,2026-06-17,Completed
FU0001983,REF002208,2025-09-11,2025-09-13,2025-09-12,Completed
FU0001984,REF002209,2025-08-06,2025-08-08,2025-08-07,Completed
FU0001985,REF002209,2026-08-29,2026-08-31,,Open
FU0001986,REF002210,2026-03-29,2026-03-31,2026-03-30,Completed
FU0001987,REF002211,2025-08-01,2025-08-03,2025-08-03,Completed
FU0001988,REF002212,2026-06-14,2026-06-16,2026-06-15,Completed
FU0001989,REF002213,2025-05-25,2025-05-27,2025-05-30,Completed
FU0001990,REF002214,2025-09-30,2025-10-02,2025-10-01,Completed
FU0001991,REF002215,2025-07-03,2025-07-05,2025-07-06,Completed
FU0001992,REF002216,2026-03-02,2026-03-04,2026-03-04,Completed
FU0001993,REF002217,2026-08-19,2026-08-21,,Open
FU0001994,REF002218,2025-04-16,2025-04-18,2025-04-18,Completed
FU0001995,REF002220,2026-05-21,2026-05-23,2026-05-26,Completed
FU0001996,REF002221,2026-03-17,2026-03-19,2026-03-23,Completed
FU0001997,REF002222,2026-03-11,2026-03-13,2026-03-17,Completed
FU0001998,REF002223,2025-06-19,2025-06-21,2025-06-23,Completed
FU0001999,REF002224,2025-02-05,2025-02-07,2025-02-08,Completed
FU0002000,REF002225,2025-08-17,2025-08-19,2025-08-20,Completed
FU0002001,REF002226,2025-05-18,2025-05-20,2025-05-21,Completed
FU0002002,REF002227,2025-08-26,2025-08-28,2025-08-28,Completed
FU0002003,REF002228,2025-10-27,2025-10-29,2025-10-29,Completed
FU0002004,REF002229,2026-08-29,2026-08-31,,Open
FU0002005,REF002230,2025-04-20,2025-04-22,2025-04-23,Completed
FU0002006,REF002231,2026-07-13,2026-07-15,2026-07-14,Completed
FU0002007,REF002232,2025-01-05,2025-01-07,2025-01-09,Completed
FU0002008,REF002233,2025-05-01,2025-05-03,2025-05-04,Completed
FU0002009,REF002234,2026-03-21,2026-03-23,2026-03-23,Completed
FU0002010,REF002235,2026-06-02,2026-06-04,2026-06-08,Completed
FU0002011,REF002236,2025-01-05,2025-01-07,2025-01-09,Completed
FU0002012,REF002237,2025-04-02,2025-04-04,2025-04-06,Completed
FU0002013,REF002238,2026-05-14,2026-05-16,2026-05-18,Completed
FU0002014,REF002239,2026-04-02,2026-04-04,2026-04-06,Completed
FU0002015,REF002240,2026-06-11,2026-06-13,2026-06-14,Completed
FU0002016,REF002241,2026-02-27,2026-03-01,2026-03-01,Completed
FU0002017,REF002242,2025-11-19,2025-11-21,2025-11-21,Completed
FU0002018,REF002243,2025-07-22,2025-07-24,2025-07-25,Completed
FU0002019,REF002243,2026-08-21,2026-08-23,,Open
FU0002020,REF002244,2025-02-25,2025-02-27,2025-03-03,Completed
FU0002021,REF002245,2026-06-06,2026-06-08,2026-06-10,Completed
FU0002022,REF002245,2026-08-18,2026-08-20,,Open
FU0002023,REF002246,2025-09-01,2025-09-03,2025-09-02,Completed
FU0002024,REF002247,2026-02-24,2026-02-26,2026-02-26,Completed
FU0002025,REF002249,2026-05-23,2026-05-25,2026-05-25,Completed
FU0002026,REF002252,2025-02-01,2025-02-03,2025-02-05,Completed
FU0002027,REF002253,2025-01-21,2025-01-23,2025-01-23,Completed
FU0002028,REF002254,2026-07-16,2026-07-18,2026-07-19,Completed
FU0002029,REF002255,2025-11-15,2025-11-17,2025-11-18,Completed
FU0002030,REF002256,2026-01-29,2026-01-31,2026-02-04,Completed
FU0002031,REF002257,2025-12-07,2025-12-09,2025-12-11,Completed
FU0002032,REF002258,2026-06-05,2026-06-07,2026-06-07,Completed
FU0002033,REF002259,2025-02-02,2025-02-04,2025-02-06,Completed
FU0002034,REF002260,2026-03-29,2026-03-31,2026-03-31,Completed
FU0002035,REF002261,2025-12-09,2025-12-11,2025-12-10,Completed
FU0002036,REF002261,2026-08-23,2026-08-25,,Open
FU0002037,REF002262,2026-05-30,2026-06-01,2026-05-31,Completed
FU0002038,REF002263,2025-04-14,2025-04-16,2025-04-15,Completed
FU0002039,REF002264,2026-03-13,2026-03-15,2026-03-19,Completed
FU0002040,REF002265,2025-08-29,2025-08-31,2025-09-03,Completed
FU0002041,REF002266,2026-01-09,2026-01-11,2026-01-14,Completed
FU0002042,REF002266,2026-08-27,2026-08-29,,Open
FU0002043,REF002267,2025-10-12,2025-10-14,2025-10-15,Completed
FU0002044,REF002268,2025-09-08,2025-09-10,2025-09-10,Completed
FU0002045,REF002269,2025-12-02,2025-12-04,2025-12-08,Completed
FU0002046,REF002271,2025-01-24,2025-01-26,2025-01-26,Completed
FU0002047,REF002272,2025-06-26,2025-06-28,2025-07-02,Completed
FU0002048,REF002273,2026-02-01,2026-02-03,2026-02-06,Completed
FU0002049,REF002274,2026-04-04,2026-04-06,2026-04-06,Completed
FU0002050,REF002275,2025-07-05,2025-07-07,2025-07-06,Completed
FU0002051,REF002276,2025-12-17,2025-12-19,2025-12-19,Completed
FU0002052,REF002278,2025-05-22,2025-05-24,2025-05-23,Completed
FU0002053,REF002279,2026-03-14,2026-03-16,2026-03-18,Completed
FU0002054,REF002280,2026-08-03,2026-08-05,2026-08-05,Completed
FU0002055,REF002281,2026-01-07,2026-01-09,2026-01-09,Completed
FU0002056,REF002282,2026-02-27,2026-03-01,2026-03-05,Completed
FU0002057,REF002283,2025-10-31,2025-11-02,2025-11-04,Completed
FU0002058,REF002284,2025-07-31,2025-08-02,2025-08-05,Completed
FU0002059,REF002285,2025-09-15,2025-09-17,2025-09-17,Completed
FU0002060,REF002286,2025-09-11,2025-09-13,2025-09-17,Completed
FU0002061,REF002287,2026-05-07,2026-05-09,2026-05-11,Completed
FU0002062,REF002288,2026-08-04,2026-08-06,2026-08-10,Completed
FU0002063,REF002289,2026-05-08,2026-05-10,2026-05-09,Completed
FU0002064,REF002290,2025-11-08,2025-11-10,2025-11-13,Completed
FU0002065,REF002291,2026-08-25,2026-08-27,,Open
FU0002066,REF002292,2026-04-13,2026-04-15,2026-04-18,Completed
FU0002067,REF002292,2026-08-29,2026-08-31,,Open
FU0002068,REF002293,2025-08-10,2025-08-12,2025-08-13,Completed
FU0002069,REF002294,2025-05-08,2025-05-10,2025-05-11,Completed
FU0002070,REF002295,2026-08-12,2026-08-14,2026-08-14,Completed
FU0002071,REF002295,2026-08-25,2026-08-27,,Open
FU0002072,REF002296,2025-11-14,2025-11-16,2025-11-17,Completed
FU0002073,REF002299,2026-03-19,2026-03-21,2026-03-23,Completed
FU0002074,REF002300,2025-12-23,2025-12-25,2025-12-24,Completed
FU0002075,REF002301,2025-10-14,2025-10-16,2025-10-20,Completed
FU0002076,REF002302,2026-06-10,2026-06-12,2026-06-14,Completed
FU0002077,REF002303,2025-06-16,2025-06-18,2025-06-19,Completed
FU0002078,REF002304,2026-03-24,2026-03-26,2026-03-27,Completed
FU0002079,REF002305,2026-02-13,2026-02-15,2026-02-15,Completed
FU0002080,REF002305,2026-08-22,2026-08-24,,Open
FU0002081,REF002306,2025-04-21,2025-04-23,2025-04-22,Completed
FU0002082,REF002307,2025-01-18,2025-01-20,2025-01-21,Completed
FU0002083,REF002309,2026-03-01,2026-03-03,2026-03-03,Completed
FU0002084,REF002310,2025-10-17,2025-10-19,2025-10-21,Completed
FU0002085,REF002311,2026-04-16,2026-04-18,2026-04-18,Completed
FU0002086,REF002313,2026-07-15,2026-07-17,2026-07-16,Completed
FU0002087,REF002314,2025-01-16,2025-01-18,2025-01-21,Completed
FU0002088,REF002315,2026-06-10,2026-06-12,2026-06-14,Completed
FU0002089,REF002316,2025-12-17,2025-12-19,2025-12-22,Completed
FU0002090,REF002317,2025-04-27,2025-04-29,2025-05-02,Completed
FU0002091,REF002318,2026-02-22,2026-02-24,2026-02-28,Completed
FU0002092,REF002319,2025-12-20,2025-12-22,2025-12-22,Completed
FU0002093,REF002320,2026-06-04,2026-06-06,2026-06-10,Completed
FU0002094,REF002321,2026-04-12,2026-04-14,2026-04-15,Completed
FU0002095,REF002322,2026-03-01,2026-03-03,2026-03-03,Completed
FU0002096,REF002324,2025-08-07,2025-08-09,2025-08-10,Completed
FU0002097,REF002325,2025-02-08,2025-02-10,2025-02-10,Completed
FU0002098,REF002326,2025-11-19,2025-11-21,2025-11-24,Completed
FU0002099,REF002327,2025-01-16,2025-01-18,2025-01-22,Completed
FU0002100,REF002329,2025-12-27,2025-12-29,2025-12-28,Completed
FU0002101,REF002330,2026-07-09,2026-07-11,2026-07-10,Completed
FU0002102,REF002330,2026-08-22,2026-08-24,,Open
FU0002103,REF002331,2026-08-22,2026-08-24,2026-08-28,Completed
FU0002104,REF002331,2026-08-25,2026-08-27,,Open
FU0002105,REF002332,2026-08-14,2026-08-16,2026-08-18,Completed
FU0002106,REF002335,2025-08-30,2025-09-01,2025-09-05,Completed
FU0002107,REF002336,2025-07-19,2025-07-21,2025-07-20,Completed
FU0002108,REF002336,2026-08-22,2026-08-24,,Open
FU0002109,REF002337,2025-12-07,2025-12-09,2025-12-08,Completed
FU0002110,REF002338,2025-06-28,2025-06-30,2025-06-29,Completed
FU0002111,REF002340,2025-02-27,2025-03-01,2025-03-05,Completed
FU0002112,REF002341,2025-04-20,2025-04-22,2025-04-25,Completed
FU0002113,REF002342,2026-01-01,2026-01-03,2026-01-07,Completed
FU0002114,REF002344,2025-04-22,2025-04-24,2025-04-25,Completed
FU0002115,REF002345,2025-06-17,2025-06-19,2025-06-18,Completed
FU0002116,REF002346,2026-07-26,2026-07-28,2026-07-30,Completed
FU0002117,REF002347,2026-08-30,2026-09-01,,Open
FU0002118,REF002348,2025-08-09,2025-08-11,2025-08-14,Completed
FU0002119,REF002349,2025-03-26,2025-03-28,2025-03-27,Completed
FU0002120,REF002350,2026-05-28,2026-05-30,2026-05-29,Completed
FU0002121,REF002351,2026-08-15,2026-08-17,2026-08-21,Completed
FU0002122,REF002352,2026-03-20,2026-03-22,2026-03-22,Completed
FU0002123,REF002354,2026-01-30,2026-02-01,2026-02-01,Completed
FU0002124,REF002355,2025-10-20,2025-10-22,2025-10-25,Completed
FU0002125,REF002356,2026-01-13,2026-01-15,2026-01-18,Completed
FU0002126,REF002357,2026-07-01,2026-07-03,2026-07-06,Completed
FU0002127,REF002358,2026-03-12,2026-03-14,2026-03-14,Completed
FU0002128,REF002359,2026-08-21,2026-08-23,,Open
FU0002129,REF002360,2026-01-08,2026-01-10,2026-01-09,Completed
FU0002130,REF002360,2026-08-23,2026-08-25,,Open
FU0002131,REF002361,2025-09-07,2025-09-09,2025-09-13,Completed
FU0002132,REF002362,2026-06-29,2026-07-01,2026-07-01,Completed
FU0002133,REF002363,2026-06-23,2026-06-25,2026-06-26,Completed
FU0002134,REF002365,2025-03-18,2025-03-20,2025-03-23,Completed
FU0002135,REF002366,2025-06-07,2025-06-09,2025-06-09,Completed
FU0002136,REF002368,2026-04-26,2026-04-28,2026-05-02,Completed
FU0002137,REF002369,2025-07-01,2025-07-03,2025-07-02,Completed
FU0002138,REF002370,2025-05-18,2025-05-20,2025-05-24,Completed
FU0002139,REF002371,2025-07-25,2025-07-27,2025-07-26,Completed
FU0002140,REF002371,2026-08-23,2026-08-25,,Open
FU0002141,REF002372,2026-03-25,2026-03-27,2026-03-29,Completed
FU0002142,REF002373,2025-04-04,2025-04-06,2025-04-07,Completed
FU0002143,REF002373,2026-08-28,2026-08-30,,Open
FU0002144,REF002375,2025-05-20,2025-05-22,2025-05-24,Completed
FU0002145,REF002378,2025-10-29,2025-10-31,2025-11-02,Completed
FU0002146,REF002380,2026-08-27,2026-08-29,2026-08-30,Completed
FU0002147,REF002380,2026-08-31,2026-09-02,,Open
FU0002148,REF002381,2025-04-13,2025-04-15,2025-04-17,Completed
FU0002149,REF002383,2026-08-29,2026-08-31,2026-08-31,Completed
FU0002150,REF002383,2026-08-29,2026-08-31,,Open
FU0002151,REF002384,2025-07-09,2025-07-11,2025-07-10,Completed
FU0002152,REF002385,2025-06-20,2025-06-22,2025-06-21,Completed
FU0002153,REF002386,2025-02-10,2025-02-12,2025-02-14,Completed
FU0002154,REF002389,2025-08-29,2025-08-31,2025-09-02,Completed
FU0002155,REF002390,2025-03-17,2025-03-19,2025-03-21,Completed
FU0002156,REF002391,2026-02-28,2026-03-02,2026-03-05,Completed
FU0002157,REF002392,2026-03-10,2026-03-12,2026-03-13,Completed
FU0002158,REF002393,2026-07-20,2026-07-22,2026-07-23,Completed
FU0002159,REF002394,2025-01-26,2025-01-28,2025-01-30,Completed
FU0002160,REF002395,2025-11-18,2025-11-20,2025-11-21,Completed
FU0002161,REF002396,2025-11-25,2025-11-27,2025-11-29,Completed
FU0002162,REF002398,2025-01-17,2025-01-19,2025-01-23,Completed
FU0002163,REF002399,2025-12-11,2025-12-13,2025-12-12,Completed
FU0002164,REF002402,2025-11-01,2025-11-03,2025-11-04,Completed
FU0002165,REF002403,2025-05-30,2025-06-01,2025-06-04,Completed
FU0002166,REF002403,2026-08-25,2026-08-27,,Open
FU0002167,REF002404,2026-03-22,2026-03-24,2026-03-23,Completed
FU0002168,REF002405,2025-12-08,2025-12-10,2025-12-10,Completed
FU0002169,REF002407,2026-04-29,2026-05-01,2026-05-02,Completed
FU0002170,REF002408,2025-12-20,2025-12-22,2025-12-22,Completed
FU0002171,REF002409,2026-08-31,2026-09-02,,Open
FU0002172,REF002410,2026-06-11,2026-06-13,2026-06-16,Completed
FU0002173,REF002411,2025-10-28,2025-10-30,2025-11-02,Completed
FU0002174,REF002412,2026-04-27,2026-04-29,2026-04-29,Completed
FU0002175,REF002414,2025-09-01,2025-09-03,2025-09-07,Completed
FU0002176,REF002415,2025-03-06,2025-03-08,2025-03-12,Completed
FU0002177,REF002416,2025-01-10,2025-01-12,2025-01-15,Completed
FU0002178,REF002417,2025-11-30,2025-12-02,2025-12-04,Completed
FU0002179,REF002418,2026-05-04,2026-05-06,2026-05-08,Completed
FU0002180,REF002419,2026-04-26,2026-04-28,2026-05-02,Completed
FU0002181,REF002420,2026-05-04,2026-05-06,2026-05-05,Completed
FU0002182,REF002420,2026-08-19,2026-08-21,,Open
FU0002183,REF002421,2025-04-08,2025-04-10,2025-04-09,Completed
FU0002184,REF002422,2025-06-28,2025-06-30,2025-07-01,Completed
FU0002185,REF002423,2026-07-11,2026-07-13,2026-07-14,Completed
FU0002186,REF002424,2025-03-09,2025-03-11,2025-03-13,Completed
FU0002187,REF002425,2025-06-16,2025-06-18,2025-06-19,Completed
FU0002188,REF002426,2026-08-03,2026-08-05,2026-08-07,Completed
FU0002189,REF002428,2025-09-20,2025-09-22,2025-09-24,Completed
FU0002190,REF002429,2025-07-16,2025-07-18,2025-07-17,Completed
FU0002191,REF002430,2025-04-26,2025-04-28,2025-04-29,Completed
FU0002192,REF002431,2025-05-04,2025-05-06,2025-05-06,Completed
FU0002193,REF002432,2025-02-22,2025-02-24,2025-02-28,Completed
FU0002194,REF002433,2025-10-12,2025-10-14,2025-10-17,Completed
FU0002195,REF002434,2026-03-12,2026-03-14,2026-03-15,Completed
FU0002196,REF002436,2026-08-17,2026-08-19,2026-08-23,Completed
FU0002197,REF002437,2025-05-08,2025-05-10,2025-05-13,Completed
FU0002198,REF002438,2025-08-28,2025-08-30,2025-08-30,Completed
FU0002199,REF002440,2025-12-14,2025-12-16,2025-12-19,Completed
FU0002200,REF002441,2025-10-13,2025-10-15,2025-10-16,Completed
FU0002201,REF002442,2025-03-18,2025-03-20,2025-03-22,Completed
FU0002202,REF002442,2026-08-28,2026-08-30,,Open
FU0002203,REF002444,2026-02-23,2026-02-25,2026-02-26,Completed
FU0002204,REF002445,2025-10-02,2025-10-04,2025-10-07,Completed
FU0002205,REF002446,2026-06-19,2026-06-21,2026-06-21,Completed
FU0002206,REF002446,2026-08-31,2026-09-02,,Open
FU0002207,REF002447,2025-10-04,2025-10-06,2025-10-06,Completed
FU0002208,REF002448,2026-03-17,2026-03-19,2026-03-18,Completed
FU0002209,REF002449,2025-05-04,2025-05-06,2025-05-08,Completed
FU0002210,REF002450,2026-01-19,2026-01-21,2026-01-23,Completed
FU0002211,REF002451,2025-05-25,2025-05-27,2025-05-27,Completed
FU0002212,REF002453,2025-04-21,2025-04-23,2025-04-24,Completed
FU0002213,REF002454,2025-03-08,2025-03-10,2025-03-10,Completed
FU0002214,REF002454,2026-08-23,,,Open
FU0002215,REF002455,2025-08-08,2025-08-10,2025-08-11,Completed
FU0002216,REF002456,2026-04-23,2026-04-25,2026-04-27,Completed
FU0002217,REF002458,2025-06-03,2025-06-05,2025-06-05,Completed
FU0002218,REF002459,2025-10-13,2025-10-15,2025-10-17,Completed
FU0002219,REF002460,2026-07-11,2026-07-13,2026-07-13,Completed
FU0002220,REF002462,2025-09-24,2025-09-26,2025-09-30,Completed
FU0002221,REF002463,2025-06-24,2025-06-26,2025-06-25,Completed
FU0002222,REF002464,2025-09-05,2025-09-07,2025-09-08,Completed
FU0002223,REF002465,2025-12-28,2025-12-30,2025-12-30,Completed
FU0002224,REF002466,2026-07-28,2026-07-30,2026-08-02,Completed
FU0002225,REF002467,2026-06-06,2026-06-08,2026-06-12,Completed
FU0002226,REF002468,2026-07-19,2026-07-21,2026-07-22,Completed
FU0002227,REF002469,2025-06-02,2025-06-04,2025-06-06,Completed
FU0002228,REF002470,2026-08-04,2026-08-06,2026-08-05,Completed
FU0002229,REF002471,2026-03-03,2026-03-05,2026-03-05,Completed
FU0002230,REF002472,2025-10-13,2025-10-15,2025-10-16,Completed
FU0002231,REF002473,2025-12-01,2025-12-03,2025-12-03,Completed
FU0002232,REF002474,2025-12-30,2026-01-01,2026-01-02,Completed
FU0002233,REF002475,2025-05-11,2025-05-13,2025-05-13,Completed
FU0002234,REF002476,2025-12-13,2025-12-15,2025-12-15,Completed
FU0002235,REF002477,2025-09-20,2025-09-22,2025-09-23,Completed
FU0002236,REF002478,2025-06-02,2025-06-04,2025-06-05,Completed
FU0002237,REF002479,2026-06-13,2026-06-15,2026-06-15,Completed
FU0002238,REF002480,2025-10-22,2025-10-24,2025-10-25,Completed
FU0002239,REF002481,2025-05-07,2025-05-09,2025-05-09,Completed
FU0002240,REF002482,2026-02-06,2026-02-08,2026-02-09,Completed
FU0002241,REF002483,2025-01-22,2025-01-24,2025-01-23,Completed
FU0002242,REF002485,2025-09-06,2025-09-08,2025-09-09,Completed
FU0002243,REF002486,2025-09-13,2025-09-15,2025-09-19,Completed
FU0002244,REF002486,2026-08-31,2026-09-02,,Open
FU0002245,REF002487,2025-11-22,2025-11-24,2025-11-28,Completed
FU0002246,REF002488,2025-10-07,2025-10-09,2025-10-13,Completed
FU0002247,REF002489,2026-03-18,2026-03-20,2026-03-23,Completed
FU0002248,REF002490,2026-07-25,2026-07-27,2026-07-26,Completed
FU0002249,REF002491,2025-11-06,2025-11-08,2025-11-09,Completed
FU0002250,REF002492,2026-03-31,2026-04-02,2026-04-04,Completed
FU0002251,REF002493,2025-02-28,2025-03-02,2025-03-03,Completed
FU0002252,REF002494,2026-02-18,2026-02-20,2026-02-23,Completed
FU0002253,REF002495,2026-03-11,2026-03-13,2026-03-15,Completed
FU0002254,REF002496,2025-11-23,2025-11-25,2025-11-25,Completed
FU0002255,REF002497,2025-01-30,2025-02-01,2025-02-04,Completed
FU0002256,REF002499,2026-07-24,2026-07-26,2026-07-29,Completed
FU0002257,REF002500,2025-12-31,2026-01-02,2026-01-01,Completed
FU0002258,REF002501,2026-06-15,2026-06-17,2026-06-18,Completed
FU0002259,REF002502,2025-09-25,2025-09-27,2025-09-28,Completed
FU0002260,REF002503,2026-02-17,2026-02-19,2026-02-21,Completed
FU0002261,REF002504,2026-04-12,2026-04-14,2026-04-14,Completed
FU0002262,REF002505,2025-09-25,2025-09-27,2025-09-30,Completed
FU0002263,REF002506,2025-12-14,2025-12-16,2025-12-18,Completed
FU0002264,REF002507,2026-03-16,2026-03-18,2026-03-21,Completed
FU0002265,REF002508,2025-10-20,2025-10-22,2025-10-26,Completed
FU0002266,REF002509,2025-12-04,2025-12-06,2025-12-06,Completed
FU0002267,REF002510,2026-04-11,2026-04-13,2026-04-13,Completed
FU0002268,REF002511,2025-10-10,2025-10-12,2025-10-13,Completed
FU0002269,REF002514,2025-02-13,2025-02-15,2025-02-17,Completed
FU0002270,REF002515,2025-05-25,2025-05-27,2025-05-27,Completed
FU0002271,REF002516,2026-05-17,2026-05-19,2026-05-19,Completed
FU0002272,REF002517,2025-09-08,2025-09-10,2025-09-10,Completed
FU0002273,REF002519,2025-01-03,2025-01-05,2025-01-07,Completed
FU0002274,REF002520,2025-12-23,2025-12-25,2025-12-26,Completed
FU0002275,REF002521,2025-06-27,2025-06-29,2025-07-01,Completed
FU0002276,REF002522,2026-04-24,2026-04-26,2026-04-28,Completed
FU0002277,REF002523,2026-04-04,2026-04-06,2026-04-05,Completed
FU0002278,REF002524,2026-03-26,2026-03-28,2026-03-28,Completed
FU0002279,REF002525,2025-07-29,2025-07-31,2025-08-01,Completed
FU0002280,REF002526,2025-07-31,2025-08-02,2025-08-05,Completed
FU0002281,REF002527,2026-08-04,2026-08-06,2026-08-05,Completed
FU0002282,REF002529,2025-06-17,2025-06-19,2025-06-20,Completed
FU0002283,REF002530,2026-08-22,2026-08-24,,Open
FU0002284,REF002531,2026-01-17,2026-01-19,2026-01-23,Completed
FU0002285,REF002532,2025-10-15,2025-10-17,2025-10-17,Completed
FU0002286,REF002533,2026-07-25,2026-07-27,2026-07-27,Completed
FU0002287,REF002534,2025-07-25,2025-07-27,2025-07-26,Completed
FU0002288,REF002535,2025-07-28,2025-07-30,2025-07-29,Completed
FU0002289,REF002536,2026-05-28,2026-05-30,2026-06-03,Completed
FU0002290,REF002537,2026-02-27,2026-03-01,2026-02-28,Completed
FU0002291,REF002538,2025-01-19,2025-01-21,2025-01-21,Completed
FU0002292,REF002539,2025-04-25,2025-04-27,2025-04-26,Completed
FU0002293,REF002540,2025-05-05,2025-05-07,2025-05-07,Completed
FU0002294,REF002541,2026-08-26,2026-08-28,2026-08-31,Completed
FU0002295,REF002541,2026-08-26,2026-08-28,,Open
FU0002296,REF002542,2025-08-10,2025-08-12,2025-08-16,Completed
FU0002297,REF002543,2026-08-23,2026-08-25,,Open
FU0002298,REF002544,2025-05-12,2025-05-14,2025-05-15,Completed
FU0002299,REF002546,2025-11-24,2025-11-26,2025-11-27,Completed
FU0002300,REF002547,2026-05-07,2026-05-09,2026-05-09,Completed
FU0002301,REF002549,2026-08-03,2026-08-05,2026-08-04,Completed
FU0002302,REF002550,2025-12-14,2025-12-16,2025-12-19,Completed
FU0002303,REF002552,2025-09-19,2025-09-21,2025-09-23,Completed
FU0002304,REF002553,2025-09-14,2025-09-16,2025-09-16,Completed
FU0002305,REF002554,2025-11-30,2025-12-02,2025-12-05,Completed
FU0002306,REF002555,2026-04-25,2026-04-27,2026-04-29,Completed
FU0002307,REF002555,2026-08-22,2026-08-24,,Open
FU0002308,REF002556,2026-01-04,2026-01-06,2026-01-09,Completed
FU0002309,REF002557,2025-05-10,2025-05-12,2025-05-13,Completed
FU0002310,REF002557,2026-08-24,2026-08-26,,Open
FU0002311,REF002558,2025-06-16,2025-06-18,2025-06-17,Completed
FU0002312,REF002559,2025-03-11,2025-03-13,2025-03-16,Completed
FU0002313,REF002560,2026-05-16,2026-05-18,2026-05-21,Completed
FU0002314,REF002561,2025-05-26,2025-05-28,2025-05-28,Completed
FU0002315,REF002561,2026-08-19,2026-08-21,,Open
FU0002316,REF002562,2025-06-23,2025-06-25,2025-06-27,Completed
FU0002317,REF002563,2025-01-22,2025-01-24,2025-01-27,Completed
FU0002318,REF002564,2025-08-27,2025-08-29,2025-09-01,Completed
FU0002319,REF002565,2025-07-11,2025-07-13,2025-07-14,Completed
FU0002320,REF002566,2026-07-10,2026-07-12,2026-07-11,Completed
FU0002321,REF002567,2026-08-25,2026-08-27,,Open
FU0002322,REF002569,2025-07-09,2025-07-11,2025-07-10,Completed
FU0002323,REF002571,2026-06-11,2026-06-13,2026-06-13,Completed
FU0002324,REF002573,2025-11-07,2025-11-09,2025-11-11,Completed
FU0002325,REF002574,2025-02-02,2025-02-04,2025-02-03,Completed
FU0002326,REF002576,2026-08-21,2026-08-23,2026-08-22,Completed
FU0002327,REF002577,2026-04-29,2026-05-01,2026-05-01,Completed
FU0002328,REF002578,2025-06-07,2025-06-09,2025-06-11,Completed
FU0002329,REF002579,2026-01-13,2026-01-15,2026-01-15,Completed
FU0002330,REF002579,2026-08-21,2026-08-23,,Open
FU0002331,REF002580,2025-10-16,2025-10-18,2025-10-17,Completed
FU0002332,REF002582,2026-01-30,2026-02-01,2026-02-05,Completed
FU0002333,REF002583,2025-04-26,2025-04-28,2025-04-30,Completed
FU0002334,REF002585,2026-06-24,2026-06-26,2026-06-28,Completed
FU0002335,REF002586,2025-09-28,2025-09-30,2025-10-03,Completed
FU0002336,REF002587,2026-03-04,2026-03-06,2026-03-08,Completed
FU0002337,REF002588,2026-06-30,2026-07-02,2026-07-01,Completed
FU0002338,REF002589,2025-02-20,2025-02-22,2025-02-23,Completed
FU0002339,REF002590,2026-01-02,2026-01-04,2026-01-07,Completed
FU0002340,REF002591,2025-07-29,2025-07-31,2025-07-30,Completed
FU0002341,REF002592,2025-10-31,2025-11-02,2025-11-06,Completed
FU0002342,REF002593,2026-02-15,2026-02-17,2026-02-19,Completed
FU0002343,REF002595,2026-01-27,2026-01-29,2026-01-28,Completed
FU0002344,REF002596,2025-02-15,2025-02-17,2025-02-18,Completed
FU0002345,REF002597,2026-08-22,,,Open
FU0002346,REF002598,2025-09-29,2025-10-01,2025-09-30,Completed
FU0002347,REF002599,2025-01-20,2025-01-22,2025-01-26,Completed
FU0002348,REF002599,2026-08-29,2026-08-31,,Open
FU0002349,REF002600,2026-06-05,2026-06-07,2026-06-06,Completed
FU0002350,REF002601,2025-08-25,2025-08-27,2025-08-26,Completed
FU0002351,REF002602,2025-10-22,2025-10-24,2025-10-27,Completed
FU0002352,REF002603,2025-04-24,2025-04-26,2025-04-30,Completed
FU0002353,REF002604,2025-12-27,2025-12-29,2026-01-01,Completed
FU0002354,REF002605,2026-03-13,2026-03-15,2026-03-17,Completed
FU0002355,REF002606,2026-08-18,2026-08-20,2026-08-24,Completed
FU0002356,REF002606,2026-08-18,,,Open
FU0002357,REF002607,2025-04-25,2025-04-27,2025-04-28,Completed
FU0002358,REF002608,2025-11-15,2025-11-17,2025-11-20,Completed
FU0002359,REF002609,2025-09-21,2025-09-23,2025-09-23,Completed
FU0002360,REF002612,2025-05-12,2025-05-14,2025-05-15,Completed
FU0002361,REF002613,2026-02-07,2026-02-09,2026-02-13,Completed
FU0002362,REF002614,2026-02-27,2026-03-01,2026-03-03,Completed
FU0002363,REF002615,2025-09-11,2025-09-13,2025-09-13,Completed
FU0002364,REF002616,2026-06-30,2026-07-02,2026-07-06,Completed
FU0002365,REF002617,2025-05-03,2025-05-05,2025-05-04,Completed
FU0002366,REF002618,2025-11-14,2025-11-16,2025-11-19,Completed
FU0002367,REF002619,2026-08-31,2026-09-02,,Open
FU0002368,REF002620,2025-12-07,2025-12-09,2025-12-10,Completed
FU0002369,REF002621,2026-02-20,2026-02-22,2026-02-25,Completed
FU0002370,REF002622,2025-01-07,2025-01-09,2025-01-08,Completed
FU0002371,REF002622,2026-08-16,,,Open
FU0002372,REF002624,2025-11-05,2025-11-07,2025-11-11,Completed
FU0002373,REF002626,2025-10-01,2025-10-03,2025-10-06,Completed
FU0002374,REF002628,2026-08-10,2026-08-12,2026-08-15,Completed
FU0002375,REF002629,2026-06-05,2026-06-07,2026-06-09,Completed
FU0002376,REF002630,2026-06-27,2026-06-29,2026-07-01,Completed
FU0002377,REF002632,2025-04-24,2025-04-26,2025-04-27,Completed
FU0002378,REF002634,2025-06-04,2025-06-06,2025-06-08,Completed
FU0002379,REF002635,2026-01-29,2026-01-31,2026-02-01,Completed
FU0002380,REF002636,2025-03-12,2025-03-14,2025-03-18,Completed
FU0002381,REF002637,2026-05-13,2026-05-15,2026-05-19,Completed
FU0002382,REF002638,2026-07-21,2026-07-23,2026-07-23,Completed
FU0002383,REF002639,2026-06-07,2026-06-09,2026-06-10,Completed
FU0002384,REF002640,2026-05-02,2026-05-04,2026-05-06,Completed
FU0002385,REF002641,2026-03-27,2026-03-29,2026-04-01,Completed
FU0002386,REF002642,2026-01-31,2026-02-02,2026-02-04,Completed
FU0002387,REF002643,2025-03-17,2025-03-19,2025-03-20,Completed
FU0002388,REF002644,2026-05-25,2026-05-27,2026-05-26,Completed
FU0002389,REF002645,2025-01-25,2025-01-27,2025-01-31,Completed
FU0002390,REF002646,2026-05-05,2026-05-07,2026-05-11,Completed
FU0002391,REF002647,2026-03-23,2026-03-25,2026-03-26,Completed
FU0002392,REF002648,2025-06-05,2025-06-07,2025-06-09,Completed
FU0002393,REF002650,2025-01-25,2025-01-27,2025-01-29,Completed
FU0002394,REF002651,2025-03-19,2025-03-21,2025-03-21,Completed
FU0002395,REF002652,2025-10-13,2025-10-15,2025-10-14,Completed
FU0002396,REF002653,2026-07-07,2026-07-09,2026-07-13,Completed
FU0002397,REF002654,2025-05-07,2025-05-09,2025-05-08,Completed
FU0002398,REF002655,2026-02-13,2026-02-15,2026-02-16,Completed
FU0002399,REF002656,2026-06-02,2026-06-04,2026-06-04,Completed
FU0002400,REF002656,2026-08-25,,,Open
FU0002401,REF002657,2025-12-29,2025-12-31,2026-01-02,Completed
FU0002402,REF002658,2026-02-10,2026-02-12,2026-02-12,Completed
FU0002403,REF002659,2025-06-11,2025-06-13,2025-06-17,Completed
FU0002404,REF002660,2025-08-05,2025-08-07,2025-08-08,Completed
FU0002405,REF002661,2025-04-19,2025-04-21,2025-04-25,Completed
FU0002406,REF002663,2025-06-09,2025-06-11,2025-06-11,Completed
FU0002407,REF002664,2026-02-07,2026-02-09,2026-02-10,Completed
FU0002408,REF002665,2025-10-16,2025-10-18,2025-10-19,Completed
FU0002409,REF002666,2025-05-01,2025-05-03,2025-05-05,Completed
FU0002410,REF002666,2026-08-29,2026-08-31,,Open
FU0002411,REF002667,2025-07-16,2025-07-18,2025-07-18,Completed
FU0002412,REF002669,2025-05-26,2025-05-28,2025-05-31,Completed
FU0002413,REF002670,2025-07-06,2025-07-08,2025-07-12,Completed
FU0002414,REF002671,2025-03-03,2025-03-05,2025-03-07,Completed
FU0002415,REF002672,2026-02-03,2026-02-05,2026-02-05,Completed
FU0002416,REF002674,2026-08-14,2026-08-16,2026-08-19,Completed
FU0002417,REF002674,2026-08-25,2026-08-27,,Open
FU0002418,REF002675,2026-05-21,2026-05-23,2026-05-22,Completed
FU0002419,REF002676,2026-06-29,2026-07-01,2026-07-02,Completed
FU0002420,REF002677,2025-12-11,2025-12-13,2025-12-16,Completed
FU0002421,REF002678,2025-02-15,2025-02-17,2025-02-16,Completed
FU0002422,REF002679,2026-08-28,2026-08-30,,Open
FU0002423,REF002681,2025-07-04,2025-07-06,2025-07-10,Completed
FU0002424,REF002682,2026-05-27,2026-05-29,2026-06-02,Completed
FU0002425,REF002683,2026-07-01,2026-07-03,2026-07-04,Completed
FU0002426,REF002684,2026-01-06,2026-01-08,2026-01-07,Completed
FU0002427,REF002685,2025-07-23,2025-07-25,2025-07-26,Completed
FU0002428,REF002686,2025-03-28,2025-03-30,2025-04-03,Completed
FU0002429,REF002687,2025-01-18,2025-01-20,2025-01-20,Completed
FU0002430,REF002688,2025-07-07,2025-07-09,2025-07-12,Completed
FU0002431,REF002689,2025-03-22,2025-03-24,2025-03-25,Completed
FU0002432,REF002690,2025-04-28,2025-04-30,2025-04-30,Completed
FU0002433,REF002691,2025-11-27,2025-11-29,2025-12-02,Completed
FU0002434,REF002692,2025-06-23,2025-06-25,2025-06-27,Completed
FU0002435,REF002694,2026-07-11,2026-07-13,2026-07-12,Completed
FU0002436,REF002697,2026-04-01,2026-04-03,2026-04-05,Completed
FU0002437,REF002699,2025-03-03,2025-03-05,2025-03-06,Completed
FU0002438,REF002700,2026-02-09,2026-02-11,2026-02-13,Completed
FU0002439,REF002701,2025-07-08,2025-07-10,2025-07-09,Completed
FU0002440,REF002702,2026-05-23,2026-05-25,2026-05-26,Completed
FU0002441,REF002704,2025-10-18,2025-10-20,2025-10-19,Completed
FU0002442,REF002704,2026-08-30,2026-09-01,,Open
FU0002443,REF002705,2025-01-04,2025-01-06,2025-01-07,Completed
FU0002444,REF002706,2025-04-23,2025-04-25,2025-04-29,Completed
FU0002445,REF002707,2025-07-29,2025-07-31,2025-07-30,Completed
FU0002446,REF002708,2025-06-04,2025-06-06,2025-06-06,Completed
FU0002447,REF002710,2025-07-14,2025-07-16,2025-07-17,Completed
FU0002448,REF002711,2025-07-31,2025-08-02,2025-08-05,Completed
FU0002449,REF002712,2025-04-23,2025-04-25,2025-04-27,Completed
FU0002450,REF002714,2025-08-21,2025-08-23,2025-08-27,Completed
FU0002451,REF002714,2026-08-30,,,Open
FU0002452,REF002715,2025-08-01,2025-08-03,2025-08-02,Completed
FU0002453,REF002716,2025-12-24,2025-12-26,2025-12-27,Completed
FU0002454,REF002716,2026-08-19,2026-08-21,,Open
FU0002455,REF002717,2026-07-12,2026-07-14,2026-07-14,Completed
FU0002456,REF002718,2025-07-15,2025-07-17,2025-07-20,Completed
FU0002457,REF002720,2026-05-19,2026-05-21,2026-05-21,Completed
FU0002458,REF002721,2026-06-03,2026-06-05,2026-06-08,Completed
FU0002459,REF002722,2026-03-08,2026-03-10,2026-03-12,Completed
FU0002460,REF002723,2025-03-08,2025-03-10,2025-03-11,Completed
FU0002461,REF002723,2026-08-22,2026-08-24,,Open
FU0002462,REF002724,2026-02-05,2026-02-07,2026-02-09,Completed
FU0002463,REF002725,2026-05-15,2026-05-17,2026-05-19,Completed
FU0002464,REF002726,2025-03-17,2025-03-19,2025-03-22,Completed
FU0002465,REF002728,2025-10-14,2025-10-16,2025-10-15,Completed
FU0002466,REF002730,2026-01-18,2026-01-20,2026-01-20,Completed
FU0002467,REF002731,2026-08-27,2026-08-29,,Open
FU0002468,REF002732,2025-12-31,2026-01-02,2026-01-04,Completed
FU0002469,REF002733,2025-11-11,2025-11-13,2025-11-12,Completed
FU0002470,REF002734,2025-08-12,2025-08-14,2025-08-14,Completed
FU0002471,REF002734,2026-08-25,2026-08-27,,Open
FU0002472,REF002735,2025-09-27,2025-09-29,2025-10-02,Completed
FU0002473,REF002736,2025-01-26,2025-01-28,2025-01-30,Completed
FU0002474,REF002737,2025-02-22,2025-02-24,2025-02-28,Completed
FU0002475,REF002739,2026-03-06,2026-03-08,2026-03-09,Completed
FU0002476,REF002739,2026-08-27,2026-08-29,,Open
FU0002477,REF002740,2026-08-03,2026-08-05,2026-08-08,Completed
FU0002478,REF002741,2026-01-23,2026-01-25,2026-01-24,Completed
FU0002479,REF002741,2026-08-19,2026-08-21,,Open
FU0002480,REF002742,2025-10-13,2025-10-15,2025-10-15,Completed
FU0002481,REF002743,2026-08-02,2026-08-04,2026-08-04,Completed
FU0002482,REF002745,2025-01-17,2025-01-19,2025-01-23,Completed
FU0002483,REF002746,2026-04-07,2026-04-09,2026-04-11,Completed
FU0002484,REF002747,2026-06-16,2026-06-18,2026-06-17,Completed
FU0002485,REF002748,2026-01-29,2026-01-31,2026-02-04,Completed
FU0002486,REF002749,2026-03-20,2026-03-22,2026-03-21,Completed
FU0002487,REF002750,2026-07-18,2026-07-20,2026-07-21,Completed
FU0002488,REF002752,2026-05-21,2026-05-23,2026-05-24,Completed
FU0002489,REF002753,2025-04-23,2025-04-25,2025-04-29,Completed
FU0002490,REF002754,2025-10-03,2025-10-05,2025-10-08,Completed
FU0002491,REF002755,2025-04-28,2025-04-30,2025-05-02,Completed
FU0002492,REF002756,2025-04-11,2025-04-13,2025-04-15,Completed
FU0002493,REF002757,2025-09-01,2025-09-03,2025-09-04,Completed
FU0002494,REF002758,2025-05-24,2025-05-26,2025-05-29,Completed
FU0002495,REF002759,2025-08-01,2025-08-03,2025-08-04,Completed
FU0002496,REF002760,2025-06-07,2025-06-09,2025-06-10,Completed
FU0002497,REF002761,2026-04-20,2026-04-22,2026-04-21,Completed
FU0002498,REF002762,2025-12-05,2025-12-07,2025-12-11,Completed
FU0002499,REF002763,2025-02-26,2025-02-28,2025-02-28,Completed
FU0002500,REF002764,2026-08-26,2026-08-28,,Open
FU0002501,REF002765,2025-03-20,2025-03-22,2025-03-21,Completed
FU0002502,REF002766,2026-04-24,2026-04-26,2026-04-28,Completed
FU0002503,REF002767,2026-02-13,2026-02-15,2026-02-19,Completed
FU0002504,REF002768,2026-03-06,2026-03-08,2026-03-07,Completed
FU0002505,REF002770,2025-02-06,2025-02-08,2025-02-08,Completed
FU0002506,REF002771,2025-12-17,2025-12-19,2025-12-22,Completed
FU0002507,REF002772,2026-07-29,2026-07-31,2026-08-01,Completed
FU0002508,REF002773,2026-02-03,2026-02-05,2026-02-07,Completed
FU0002509,REF002774,2025-01-07,2025-01-09,2025-01-11,Completed
FU0002510,REF002775,2026-06-11,2026-06-13,2026-06-12,Completed
FU0002511,REF002776,2026-08-27,2026-08-29,2026-08-31,Completed
FU0002512,REF002776,2026-08-29,2026-08-31,,Open
FU0002513,REF002778,2026-02-22,2026-02-24,2026-02-23,Completed
FU0002514,REF002780,2025-03-04,2025-03-06,2025-03-07,Completed
FU0002515,REF002781,2026-02-05,2026-02-07,2026-02-09,Completed
FU0002516,REF002782,2025-01-14,2025-01-16,2025-01-20,Completed
FU0002517,REF002783,2025-05-28,2025-05-30,2025-06-03,Completed
FU0002518,REF002783,2026-08-21,2026-08-23,,Open
FU0002519,REF002784,2025-11-10,2025-11-12,2025-11-14,Completed
FU0002520,REF002785,2025-04-03,2025-04-05,2025-04-05,Completed
FU0002521,REF002786,2025-12-06,2025-12-08,2025-12-12,Completed
FU0002522,REF002787,2026-04-06,2026-04-08,2026-04-10,Completed
FU0002523,REF002789,2026-05-19,2026-05-21,2026-05-20,Completed
FU0002524,REF002790,2025-07-30,2025-08-01,2025-08-01,Completed
FU0002525,REF002790,2026-08-18,2026-08-20,,Open
FU0002526,REF002793,2025-05-22,2025-05-24,2025-05-26,Completed
FU0002527,REF002794,2025-07-28,2025-07-30,2025-08-03,Completed
FU0002528,REF002794,2026-08-18,2026-08-20,,Open
FU0002529,REF002795,2026-03-08,2026-03-10,2026-03-13,Completed
FU0002530,REF002796,2026-01-20,2026-01-22,2026-01-22,Completed
FU0002531,REF002797,2026-04-28,2026-04-30,2026-05-02,Completed
FU0002532,REF002798,2026-07-30,2026-08-01,2026-07-31,Completed
FU0002533,REF002800,2025-12-16,2025-12-18,2025-12-20,Completed
FU0002534,REF002801,2025-01-09,2025-01-11,2025-01-11,Completed
FU0002535,REF002802,2025-06-17,2025-06-19,2025-06-21,Completed
FU0002536,REF002803,2026-04-22,2026-04-24,2026-04-28,Completed
FU0002537,REF002805,2025-11-27,2025-11-29,2025-11-29,Completed
FU0002538,REF002807,2026-08-06,2026-08-08,2026-08-10,Completed
FU0002539,REF002808,2026-07-02,2026-07-04,2026-07-06,Completed
FU0002540,REF002809,2026-02-03,2026-02-05,2026-02-07,Completed
FU0002541,REF002811,2025-05-08,2025-05-10,2025-05-10,Completed
FU0002542,REF002812,2025-09-04,2025-09-06,2025-09-10,Completed
FU0002543,REF002813,2025-05-16,2025-05-18,2025-05-19,Completed
FU0002544,REF002813,2026-08-20,2026-08-22,,Open
FU0002545,REF002814,2025-09-16,2025-09-18,2025-09-21,Completed
FU0002546,REF002816,2026-03-06,2026-03-08,2026-03-11,Completed
FU0002547,REF002817,2025-05-25,2025-05-27,2025-05-31,Completed
FU0002548,REF002818,2025-02-19,2025-02-21,2025-02-22,Completed
FU0002549,REF002820,2025-06-18,2025-06-20,2025-06-20,Completed
FU0002550,REF002821,2026-07-17,2026-07-19,2026-07-18,Completed
FU0002551,REF002823,2025-07-15,2025-07-17,2025-07-17,Completed
FU0002552,REF002824,2026-08-23,2026-08-25,,Open
FU0002553,REF002825,2025-05-15,2025-05-17,2025-05-19,Completed
FU0002554,REF002826,2025-03-17,2025-03-19,2025-03-22,Completed
FU0002555,REF002827,2026-06-20,2026-06-22,2026-06-21,Completed
FU0002556,REF002828,2026-03-04,2026-03-06,2026-03-07,Completed
FU0002557,REF002830,2026-01-21,2026-01-23,2026-01-26,Completed
FU0002558,REF002830,2026-08-20,2026-08-22,,Open
FU0002559,REF002832,2026-05-08,2026-05-10,2026-05-12,Completed
FU0002560,REF002833,2026-05-23,2026-05-25,2026-05-25,Completed
FU0002561,REF002834,2025-06-12,2025-06-14,2025-06-15,Completed
FU0002562,REF002835,2025-12-02,2025-12-04,2025-12-04,Completed
FU0002563,REF002836,2025-07-07,2025-07-09,2025-07-11,Completed
FU0002564,REF002838,2025-11-17,2025-11-19,2025-11-23,Completed
FU0002565,REF002839,2026-04-13,2026-04-15,2026-04-15,Completed
FU0002566,REF002842,2025-12-06,2025-12-08,2025-12-12,Completed
FU0002567,REF002843,2025-02-04,2025-02-06,2025-02-08,Completed
FU0002568,REF002844,2025-06-03,2025-06-05,2025-06-09,Completed
FU0002569,REF002845,2025-04-16,2025-04-18,2025-04-21,Completed
FU0002570,REF002846,2026-02-28,2026-03-02,2026-03-04,Completed
FU0002571,REF002847,2025-09-27,2025-09-29,2025-09-29,Completed
FU0002572,REF002848,2026-03-29,2026-03-31,2026-04-04,Completed
FU0002573,REF002849,2026-01-04,2026-01-06,2026-01-10,Completed
FU0002574,REF002850,2025-12-16,2025-12-18,2025-12-17,Completed
FU0002575,REF002851,2025-12-05,2025-12-07,2025-12-06,Completed
FU0002576,REF002852,2026-04-01,2026-04-03,2026-04-04,Completed
FU0002577,REF002854,2025-11-11,2025-11-13,2025-11-12,Completed
FU0002578,REF002855,2025-03-05,2025-03-07,2025-03-08,Completed
FU0002579,REF002857,2026-02-23,2026-02-25,2026-03-01,Completed
FU0002580,REF002857,2026-08-31,2026-09-02,,Open
FU0002581,REF002858,2025-11-07,2025-11-09,2025-11-09,Completed
FU0002582,REF002859,2025-12-21,2025-12-23,2025-12-24,Completed
FU0002583,REF002860,2025-06-25,2025-06-27,2025-07-01,Completed
FU0002584,REF002863,2025-09-17,2025-09-19,2025-09-18,Completed
FU0002585,REF002864,2026-03-18,2026-03-20,2026-03-21,Completed
FU0002586,REF002865,2025-12-24,2025-12-26,2025-12-28,Completed
FU0002587,REF002865,2026-08-17,2026-08-19,,Open
FU0002588,REF002866,2026-05-05,2026-05-07,2026-05-10,Completed
FU0002589,REF002867,2026-05-14,2026-05-16,2026-05-17,Completed
FU0002590,REF002868,2025-05-18,2025-05-20,2025-05-20,Completed
FU0002591,REF002869,2025-09-05,2025-09-07,2025-09-11,Completed
FU0002592,REF002869,2026-08-18,,,Open
FU0002593,REF002870,2025-09-21,2025-09-23,2025-09-24,Completed
FU0002594,REF002871,2026-01-19,2026-01-21,2026-01-23,Completed
FU0002595,REF002872,2026-06-04,2026-06-06,2026-06-09,Completed
FU0002596,REF002874,2025-01-12,2025-01-14,2025-01-15,Completed
FU0002597,REF002875,2025-12-03,2025-12-05,2025-12-05,Completed
FU0002598,REF002876,2025-02-26,2025-02-28,2025-03-03,Completed
FU0002599,REF002877,2025-06-07,2025-06-09,2025-06-11,Completed
FU0002600,REF002878,2026-08-22,2026-08-24,,Open
FU0002601,REF002879,2025-04-01,2025-04-03,2025-04-04,Completed
FU0002602,REF002880,2025-12-24,2025-12-26,2025-12-25,Completed
FU0002603,REF002881,2026-07-19,2026-07-21,2026-07-20,Completed
FU0002604,REF002882,2026-05-13,2026-05-15,2026-05-17,Completed
FU0002605,REF002883,2025-06-25,2025-06-27,2025-07-01,Completed
FU0002606,REF002884,2026-08-16,2026-08-18,,Open
FU0002607,REF002885,2025-02-16,2025-02-18,2025-02-21,Completed
FU0002608,REF002886,2026-07-21,2026-07-23,2026-07-24,Completed
FU0002609,REF002887,2025-12-15,2025-12-17,2025-12-21,Completed
FU0002610,REF002888,2025-06-17,2025-06-19,2025-06-23,Completed
FU0002611,REF002889,2025-11-23,2025-11-25,2025-11-27,Completed
FU0002612,REF002890,2025-05-14,2025-05-16,2025-05-17,Completed
FU0002613,REF002891,2026-08-03,2026-08-05,2026-08-05,Completed
FU0002614,REF002892,2026-01-29,2026-01-31,2026-02-03,Completed
FU0002615,REF002893,2026-08-18,2026-08-20,,Open
FU0002616,REF002895,2026-01-14,2026-01-16,2026-01-16,Completed
FU0002617,REF002896,2026-04-15,2026-04-17,2026-04-18,Completed
FU0002618,REF002897,2025-03-16,2025-03-18,2025-03-17,Completed
FU0002619,REF002898,2026-06-25,2026-06-27,2026-07-01,Completed
FU0002620,REF002899,2025-05-26,2025-05-28,2025-05-28,Completed
FU0002621,REF002900,2026-06-15,2026-06-17,2026-06-16,Completed
FU0002622,REF002901,2026-05-28,2026-05-30,2026-05-30,Completed
FU0002623,REF002902,2025-07-05,2025-07-07,2025-07-08,Completed
FU0002624,REF002902,2026-08-23,2026-08-25,,Open
FU0002625,REF002903,2026-05-27,2026-05-29,2026-05-29,Completed
FU0002626,REF002904,2026-08-16,2026-08-18,2026-08-17,Completed
FU0002627,REF002904,2026-08-16,2026-08-18,,Open
FU0002628,REF002906,2025-08-07,2025-08-09,2025-08-11,Completed
FU0002629,REF002908,2026-06-26,2026-06-28,2026-07-01,Completed
FU0002630,REF002908,2026-08-23,2026-08-25,,Open
FU0002631,REF002909,2026-08-06,2026-08-08,2026-08-08,Completed
FU0002632,REF002910,2025-08-05,2025-08-07,2025-08-06,Completed
FU0002633,REF002912,2025-07-24,2025-07-26,2025-07-27,Completed
FU0002634,REF002913,2025-04-16,2025-04-18,2025-04-17,Completed
FU0002635,REF002914,2026-07-30,2026-08-01,2026-08-05,Completed
FU0002636,REF002916,2025-02-17,2025-02-19,2025-02-20,Completed
FU0002637,REF002917,2026-01-28,2026-01-30,2026-01-29,Completed
FU0002638,REF002918,2025-12-14,2025-12-16,2025-12-15,Completed
FU0002639,REF002919,2025-10-06,2025-10-08,2025-10-11,Completed
FU0002640,REF002920,2025-10-08,2025-10-10,2025-10-10,Completed
FU0002641,REF002921,2025-09-20,2025-09-22,2025-09-23,Completed
FU0002642,REF002923,2025-10-09,2025-10-11,2025-10-14,Completed
FU0002643,REF002923,2026-08-25,2026-08-27,,Open
FU0002644,REF002926,2025-10-19,2025-10-21,2025-10-21,Completed
FU0002645,REF002927,2025-11-03,2025-11-05,2025-11-07,Completed
FU0002646,REF002928,2025-04-11,2025-04-13,2025-04-17,Completed
FU0002647,REF002929,2026-06-10,2026-06-12,2026-06-14,Completed
FU0002648,REF002929,2026-08-16,2026-08-18,,Open
FU0002649,REF002930,2026-03-07,2026-03-09,2026-03-12,Completed
FU0002650,REF002931,2025-09-18,2025-09-20,2025-09-23,Completed
FU0002651,REF002933,2025-06-26,2025-06-28,2025-06-30,Completed
FU0002652,REF002933,2026-08-21,2026-08-23,,Open
FU0002653,REF002934,2026-05-20,2026-05-22,2026-05-22,Completed
FU0002654,REF002935,2025-08-25,2025-08-27,2025-08-28,Completed
FU0002655,REF002936,2026-05-16,2026-05-18,2026-05-19,Completed
FU0002656,REF002937,2025-11-30,2025-12-02,2025-12-01,Completed
FU0002657,REF002938,2025-06-16,2025-06-18,2025-06-19,Completed
FU0002658,REF002939,2026-04-21,2026-04-23,2026-04-22,Completed
FU0002659,REF002939,2026-08-29,2026-08-31,,Open
FU0002660,REF002940,2026-05-12,2026-05-14,2026-05-14,Completed
FU0002661,REF002941,2025-07-13,2025-07-15,2025-07-16,Completed
FU0002662,REF002942,2025-04-29,2025-05-01,2025-05-05,Completed
FU0002663,REF002943,2026-04-03,2026-04-05,2026-04-07,Completed
FU0002664,REF002944,2026-06-18,2026-06-20,2026-06-20,Completed
FU0002665,REF002945,2026-08-17,2026-08-19,,Open
FU0002666,REF002946,2026-03-19,2026-03-21,2026-03-23,Completed
FU0002667,REF002947,2026-08-28,2026-08-30,,Open
FU0002668,REF002948,2025-03-19,2025-03-21,2025-03-24,Completed
FU0002669,REF002949,2026-07-03,2026-07-05,2026-07-07,Completed
FU0002670,REF002950,2026-07-09,2026-07-11,2026-07-15,Completed
FU0002671,REF002950,2026-08-27,2026-08-29,,Open
FU0002672,REF002951,2026-04-27,2026-04-29,2026-04-30,Completed
FU0002673,REF002953,2026-01-05,2026-01-07,2026-01-09,Completed
FU0002674,REF002954,2026-01-29,2026-01-31,2026-01-30,Completed
FU0002675,REF002956,2026-04-10,2026-04-12,2026-04-14,Completed
FU0002676,REF002957,2025-10-19,2025-10-21,2025-10-25,Completed
FU0002677,REF002958,2025-03-24,2025-03-26,2025-03-29,Completed
FU0002678,REF002960,2025-03-24,2025-03-26,2025-03-27,Completed
FU0002679,REF002962,2025-10-22,2025-10-24,2025-10-26,Completed
FU0002680,REF002963,2025-06-03,2025-06-05,2025-06-06,Completed
FU0002681,REF002964,2026-06-18,2026-06-20,2026-06-21,Completed
FU0002682,REF002965,2025-09-24,2025-09-26,2025-09-29,Completed
FU0002683,REF002965,2026-08-20,2026-08-22,,Open
FU0002684,REF002966,2025-08-15,2025-08-17,2025-08-21,Completed
FU0002685,REF002967,2025-05-18,2025-05-20,2025-05-21,Completed
FU0002686,REF002968,2026-04-17,2026-04-19,2026-04-21,Completed
FU0002687,REF002969,2026-05-03,2026-05-05,2026-05-09,Completed
FU0002688,REF002970,2025-08-31,2025-09-02,2025-09-04,Completed
FU0002689,REF002971,2025-06-19,2025-06-21,2025-06-22,Completed
FU0002690,REF002971,2026-08-22,,,Open
FU0002691,REF002972,2026-06-25,2026-06-27,2026-06-30,Completed
FU0002692,REF002973,2025-08-17,2025-08-19,2025-08-19,Completed
FU0002693,REF002974,2026-03-01,2026-03-03,2026-03-03,Completed
FU0002694,REF002975,2025-08-17,2025-08-19,2025-08-23,Completed
FU0002695,REF002976,2025-01-29,2025-01-31,2025-01-30,Completed
FU0002696,REF002977,2026-03-26,2026-03-28,2026-03-29,Completed
FU0002697,REF002978,2025-05-18,2025-05-20,2025-05-19,Completed
FU0002698,REF002979,2025-03-20,2025-03-22,2025-03-25,Completed
FU0002699,REF002979,2026-08-25,2026-08-27,,Open
FU0002700,REF002981,2026-03-13,2026-03-15,2026-03-15,Completed
FU0002701,REF002982,2025-03-09,2025-03-11,2025-03-14,Completed
FU0002702,REF002983,2026-04-07,2026-04-09,2026-04-11,Completed
FU0002703,REF002984,2025-11-11,2025-11-13,2025-11-14,Completed
FU0002704,REF002985,2025-12-14,2025-12-16,2025-12-20,Completed
FU0002705,REF002986,2026-08-25,2026-08-27,,Open
FU0002706,REF002987,2026-02-25,2026-02-27,2026-02-27,Completed
FU0002707,REF002989,2025-08-20,2025-08-22,2025-08-24,Completed
FU0002708,REF002990,2025-07-26,2025-07-28,2025-07-29,Completed
FU0002709,REF002991,2025-07-08,2025-07-10,2025-07-14,Completed
FU0002710,REF002992,2026-06-06,2026-06-08,2026-06-11,Completed
FU0002711,REF002994,2025-08-02,2025-08-04,2025-08-05,Completed
FU0002712,REF002995,2025-08-09,2025-08-11,2025-08-11,Completed
FU0002713,REF002996,2026-03-09,2026-03-11,2026-03-15,Completed
FU0002714,REF002998,2025-10-20,2025-10-22,2025-10-26,Completed
FU0002715,REF002999,2026-05-31,2026-06-02,2026-06-03,Completed
FU0002716,REF003000,2025-09-14,2025-09-16,2025-09-16,Completed
FU0002717,REF003001,2026-02-12,2026-02-14,2026-02-15,Completed
FU0002718,REF003002,2025-09-14,2025-09-16,2025-09-19,Completed
FU0002719,REF003003,2026-07-03,2026-07-05,2026-07-08,Completed
FU0002720,REF003004,2025-10-07,2025-10-09,2025-10-08,Completed
FU0002721,REF003005,2025-06-02,2025-06-04,2025-06-05,Completed
FU0002722,REF003006,2025-04-12,2025-04-14,2025-04-18,Completed
FU0002723,REF003007,2026-03-17,2026-03-19,2026-03-20,Completed
FU0002724,REF003008,2026-07-12,2026-07-14,2026-07-13,Completed
FU0002725,REF003010,2025-12-19,2025-12-21,2025-12-21,Completed
FU0002726,REF003011,2026-05-10,2026-05-12,2026-05-13,Completed
FU0002727,REF003013,2025-10-09,2025-10-11,2025-10-15,Completed
FU0002728,REF003013,2026-08-30,2026-09-01,,Open
FU0002729,REF003016,2025-09-19,2025-09-21,2025-09-25,Completed
FU0002730,REF003017,2026-01-08,2026-01-10,2026-01-13,Completed
FU0002731,REF003018,2026-05-29,2026-05-31,2026-06-03,Completed
FU0002732,REF003019,2025-01-23,2025-01-25,2025-01-28,Completed
FU0002733,REF003020,2025-04-04,2025-04-06,2025-04-06,Completed
FU0002734,REF003021,2026-01-07,2026-01-09,2026-01-13,Completed
FU0002735,REF003022,2025-09-16,2025-09-18,2025-09-18,Completed
FU0002736,REF003023,2026-08-09,2026-08-11,2026-08-12,Completed
FU0002737,REF003024,2025-03-23,2025-03-25,2025-03-24,Completed
FU0002738,REF003025,2025-10-12,2025-10-14,2025-10-15,Completed
FU0002739,REF003026,2025-09-15,2025-09-17,2025-09-20,Completed
FU0002740,REF003027,2026-07-22,2026-07-24,2026-07-23,Completed
FU0002741,REF003028,2025-12-29,2025-12-31,2025-12-30,Completed
FU0002742,REF003029,2026-05-17,2026-05-19,2026-05-18,Completed
FU0002743,REF003030,2026-03-25,2026-03-27,2026-03-29,Completed
FU0002744,REF003032,2025-09-27,2025-09-29,2025-10-01,Completed
FU0002745,REF003032,2026-08-31,2026-09-02,,Open
FU0002746,REF003033,2025-01-22,2025-01-24,2025-01-25,Completed
FU0002747,REF003035,2025-04-18,2025-04-20,2025-04-23,Completed
FU0002748,REF003037,2025-07-26,2025-07-28,2025-07-29,Completed
FU0002749,REF003038,2025-09-02,2025-09-04,2025-09-06,Completed
FU0002750,REF003039,2026-05-10,2026-05-12,2026-05-13,Completed
FU0002751,REF003039,2026-08-23,2026-08-25,,Open
FU0002752,REF003040,2026-02-14,2026-02-16,2026-02-20,Completed
FU0002753,REF003042,2025-09-09,2025-09-11,2025-09-10,Completed
FU0002754,REF003042,2026-08-20,2026-08-22,,Open
FU0002755,REF003043,2025-06-21,2025-06-23,2025-06-23,Completed
FU0002756,REF003043,2026-08-23,2026-08-25,,Open
FU0002757,REF003044,2025-07-27,2025-07-29,2025-08-02,Completed
FU0002758,REF003046,2025-09-23,2025-09-25,2025-09-27,Completed
FU0002759,REF003047,2025-11-26,2025-11-28,2025-11-27,Completed
FU0002760,REF003048,2026-04-09,2026-04-11,2026-04-11,Completed
FU0002761,REF003049,2026-06-15,2026-06-17,2026-06-18,Completed
FU0002762,REF003050,2025-03-13,2025-03-15,2025-03-16,Completed
FU0002763,REF003051,2026-03-31,2026-04-02,2026-04-06,Completed
FU0002764,REF003052,2026-07-02,2026-07-04,2026-07-05,Completed
FU0002765,REF003053,2025-10-03,2025-10-05,2025-10-09,Completed
FU0002766,REF003054,2025-06-18,2025-06-20,2025-06-22,Completed
FU0002767,REF003055,2025-03-22,2025-03-24,2025-03-25,Completed
FU0002768,REF003056,2025-01-22,2025-01-24,2025-01-23,Completed
FU0002769,REF003057,2025-01-30,2025-02-01,2025-01-31,Completed
FU0002770,REF003058,2025-07-31,2025-08-02,2025-08-04,Completed
FU0002771,REF003060,2026-01-03,2026-01-05,2026-01-07,Completed
FU0002772,REF003061,2026-02-15,2026-02-17,2026-02-16,Completed
FU0002773,REF003062,2026-05-18,2026-05-20,2026-05-22,Completed
FU0002774,REF003065,2026-08-28,2026-08-30,2026-08-31,Completed
FU0002775,REF003065,2026-08-30,2026-09-01,,Open
FU0002776,REF003067,2025-10-18,2025-10-20,2025-10-19,Completed
FU0002777,REF003069,2026-03-19,2026-03-21,2026-03-25,Completed
FU0002778,REF003070,2026-06-23,2026-06-25,2026-06-26,Completed
FU0002779,REF003071,2025-10-21,2025-10-23,2025-10-25,Completed
FU0002780,REF003072,2026-06-13,2026-06-15,2026-06-17,Completed
FU0002781,REF003073,2025-01-28,2025-01-30,2025-02-01,Completed
FU0002782,REF003074,2026-03-13,2026-03-15,2026-03-14,Completed
FU0002783,REF003075,2026-07-15,2026-07-17,2026-07-17,Completed
FU0002784,REF003076,2025-03-03,2025-03-05,2025-03-09,Completed
FU0002785,REF003077,2025-10-22,2025-10-24,2025-10-28,Completed
FU0002786,REF003080,2026-01-23,2026-01-25,2026-01-26,Completed
FU0002787,REF003081,2025-03-19,2025-03-21,2025-03-24,Completed
FU0002788,REF003082,2025-02-18,2025-02-20,2025-02-19,Completed
FU0002789,REF003084,2025-11-03,2025-11-05,2025-11-05,Completed
FU0002790,REF003085,2026-01-29,2026-01-31,2026-02-03,Completed
FU0002791,REF003086,2026-04-27,2026-04-29,2026-05-02,Completed
FU0002792,REF003087,2025-11-15,2025-11-17,2025-11-20,Completed
FU0002793,REF003088,2026-04-08,2026-04-10,2026-04-09,Completed
FU0002794,REF003089,2026-04-25,2026-04-27,2026-05-01,Completed
FU0002795,REF003090,2025-10-30,2025-11-01,2025-11-04,Completed
FU0002796,REF003092,2025-02-15,2025-02-17,2025-02-17,Completed
FU0002797,REF003093,2026-06-10,2026-06-12,2026-06-15,Completed
FU0002798,REF003094,2026-03-30,2026-04-01,2026-04-01,Completed
FU0002799,REF003096,2025-02-01,2025-02-03,2025-02-05,Completed
FU0002800,REF003097,2025-03-18,2025-03-20,2025-03-21,Completed
FU0002801,REF003099,2026-06-19,2026-06-21,2026-06-25,Completed
FU0002802,REF003100,2026-07-02,2026-07-04,2026-07-04,Completed
FU0002803,REF003101,2025-10-16,2025-10-18,2025-10-22,Completed
FU0002804,REF003103,2026-08-29,2026-08-31,2026-08-31,Completed
FU0002805,REF003103,2026-08-30,2026-09-01,,Open
FU0002806,REF003104,2025-07-07,2025-07-09,2025-07-10,Completed
FU0002807,REF003105,2025-01-10,2025-01-12,2025-01-15,Completed
FU0002808,REF003106,2025-07-23,2025-07-25,2025-07-29,Completed
FU0002809,REF003107,2025-06-04,2025-06-06,2025-06-10,Completed
FU0002810,REF003108,2026-05-15,2026-05-17,2026-05-19,Completed
FU0002811,REF003110,2025-04-08,2025-04-10,2025-04-09,Completed
FU0002812,REF003111,2026-06-19,2026-06-21,2026-06-21,Completed
FU0002813,REF003112,2026-04-11,2026-04-13,2026-04-12,Completed
FU0002814,REF003113,2025-12-15,2025-12-17,2025-12-16,Completed
FU0002815,REF003114,2025-09-02,2025-09-04,2025-09-04,Completed
FU0002816,REF003117,2025-07-31,2025-08-02,2025-08-01,Completed
FU0002817,REF003118,2026-05-14,2026-05-16,2026-05-18,Completed
FU0002818,REF003120,2025-11-05,2025-11-07,2025-11-10,Completed
FU0002819,REF003121,2026-08-19,2026-08-21,2026-08-24,Completed
FU0002820,REF003121,2026-08-31,2026-09-02,,Open
FU0002821,REF003122,2025-10-08,2025-10-10,2025-10-13,Completed
FU0002822,REF003123,2026-04-13,2026-04-15,2026-04-19,Completed
FU0002823,REF003124,2025-06-05,2025-06-07,2025-06-11,Completed
FU0002824,REF003125,2026-03-27,2026-03-29,2026-03-29,Completed
FU0002825,REF003127,2026-08-22,2026-08-24,2026-08-28,Completed
FU0002826,REF003127,2026-08-28,2026-08-30,,Open
FU0002827,REF003128,2025-02-20,2025-02-22,2025-02-24,Completed
FU0002828,REF003129,2025-07-22,2025-07-24,2025-07-25,Completed
FU0002829,REF003130,2025-08-09,2025-08-11,2025-08-12,Completed
FU0002830,REF003131,2025-08-20,2025-08-22,2025-08-25,Completed
FU0002831,REF003132,2026-05-06,2026-05-08,2026-05-10,Completed
FU0002832,REF003133,2025-09-10,2025-09-12,2025-09-11,Completed
FU0002833,REF003134,2026-05-15,2026-05-17,2026-05-17,Completed
FU0002834,REF003137,2025-09-10,2025-09-12,2025-09-11,Completed
FU0002835,REF003138,2026-08-03,2026-08-05,2026-08-05,Completed
FU0002836,REF003139,2025-01-14,2025-01-16,2025-01-19,Completed
FU0002837,REF003140,2026-07-11,2026-07-13,2026-07-13,Completed
FU0002838,REF003141,2025-12-31,2026-01-02,2026-01-01,Completed
FU0002839,REF003142,2026-08-31,2026-09-02,,Open
FU0002840,REF003143,2026-01-12,2026-01-14,2026-01-14,Completed
FU0002841,REF003145,2026-03-28,2026-03-30,2026-03-31,Completed
FU0002842,REF003146,2026-05-29,2026-05-31,2026-05-31,Completed
FU0002843,REF003147,2026-06-17,2026-06-19,2026-06-23,Completed
FU0002844,REF003149,2025-09-08,2025-09-10,2025-09-09,Completed
FU0002845,REF003150,2026-04-30,2026-05-02,2026-05-06,Completed
FU0002846,REF003151,2025-04-06,2025-04-08,2025-04-11,Completed
FU0002847,REF003152,2025-09-28,2025-09-30,2025-10-01,Completed
FU0002848,REF003153,2026-01-23,2026-01-25,2026-01-25,Completed
FU0002849,REF003154,2025-09-23,2025-09-25,2025-09-27,Completed
FU0002850,REF003156,2026-05-14,2026-05-16,2026-05-15,Completed
FU0002851,REF003158,2026-07-11,2026-07-13,2026-07-12,Completed
FU0002852,REF003159,2026-02-28,2026-03-02,2026-03-05,Completed
FU0002853,REF003161,2025-06-01,2025-06-03,2025-06-05,Completed
FU0002854,REF003162,2026-07-16,2026-07-18,2026-07-19,Completed
FU0002855,REF003163,2025-06-16,2025-06-18,2025-06-20,Completed
FU0002856,REF003164,2026-03-12,2026-03-14,2026-03-14,Completed
FU0002857,REF003165,2026-02-12,2026-02-14,2026-02-14,Completed
FU0002858,REF003167,2025-06-13,2025-06-15,2025-06-15,Completed
FU0002859,REF003168,2026-02-17,2026-02-19,2026-02-19,Completed
FU0002860,REF003169,2025-09-30,2025-10-02,2025-10-02,Completed
FU0002861,REF003170,2026-01-12,2026-01-14,2026-01-15,Completed
FU0002862,REF003171,2026-02-19,2026-02-21,2026-02-22,Completed
FU0002863,REF003172,2026-03-25,2026-03-27,2026-03-29,Completed
FU0002864,REF003173,2025-03-31,2025-04-02,2025-04-01,Completed
FU0002865,REF003174,2025-03-31,2025-04-02,2025-04-03,Completed
FU0002866,REF003175,2026-07-27,2026-07-29,2026-07-30,Completed
FU0002867,REF003176,2025-08-04,2025-08-06,2025-08-05,Completed
FU0002868,REF003176,2026-08-24,2026-08-26,,Open
FU0002869,REF003177,2025-08-08,2025-08-10,2025-08-14,Completed
FU0002870,REF003178,2026-04-16,2026-04-18,2026-04-22,Completed
FU0002871,REF003179,2026-05-23,2026-05-25,2026-05-25,Completed
FU0002872,REF003180,2026-07-31,2026-08-02,2026-08-02,Completed
FU0002873,REF003181,2025-12-09,2025-12-11,2025-12-14,Completed
FU0002874,REF003182,2025-08-12,2025-08-14,2025-08-15,Completed
FU0002875,REF003183,2026-04-26,2026-04-28,2026-04-29,Completed
FU0002876,REF003184,2026-01-30,2026-02-01,2026-01-31,Completed
FU0002877,REF003185,2026-01-15,2026-01-17,2026-01-18,Completed
FU0002878,REF003186,2025-02-03,2025-02-05,2025-02-05,Completed
FU0002879,REF003187,2026-08-23,2026-08-25,2026-08-24,Completed
FU0002880,REF003187,2026-08-31,2026-09-02,,Open
FU0002881,REF003188,2025-11-10,2025-11-12,2025-11-13,Completed
FU0002882,REF003189,2026-07-13,2026-07-15,2026-07-14,Completed
FU0002883,REF003190,2025-01-27,2025-01-29,2025-01-28,Completed
FU0002884,REF003191,2026-05-02,2026-05-04,2026-05-03,Completed
FU0002885,REF003192,2026-08-17,2026-08-19,,Open
FU0002886,REF003193,2026-08-03,2026-08-05,2026-08-08,Completed
FU0002887,REF003193,2026-08-30,2026-09-01,,Open
FU0002888,REF003194,2026-05-03,2026-05-05,2026-05-07,Completed
FU0002889,REF003195,2026-05-26,2026-05-28,2026-05-29,Completed
FU0002890,REF003196,2026-04-10,2026-04-12,2026-04-11,Completed
FU0002891,REF003197,2025-12-15,2025-12-17,2025-12-18,Completed
FU0002892,REF003198,2025-09-18,2025-09-20,2025-09-22,Completed
FU0002893,REF003199,2025-08-14,2025-08-16,2025-08-18,Completed
FU0002894,REF003199,2026-08-27,2026-08-29,,Open
FU0002895,REF003200,2026-02-18,2026-02-20,2026-02-23,Completed
FU0002896,REF003201,2025-03-22,2025-03-24,2025-03-27,Completed
FU0002897,REF003202,2025-03-30,2025-04-01,2025-04-03,Completed
FU0002898,REF003203,2025-05-17,2025-05-19,2025-05-23,Completed
FU0002899,REF003204,2025-08-19,2025-08-21,2025-08-20,Completed
FU0002900,REF003205,2026-05-25,2026-05-27,2026-05-27,Completed
FU0002901,REF003206,2026-08-14,2026-08-16,2026-08-19,Completed
FU0002902,REF003207,2025-10-03,2025-10-05,2025-10-06,Completed
FU0002903,REF003208,2026-08-20,2026-08-22,2026-08-25,Completed
FU0002904,REF003208,2026-08-20,2026-08-22,,Open
FU0002905,REF003210,2025-11-25,2025-11-27,2025-11-29,Completed
FU0002906,REF003211,2025-01-12,2025-01-14,2025-01-13,Completed
FU0002907,REF003212,2025-10-11,2025-10-13,2025-10-15,Completed
FU0002908,REF003213,2025-12-29,2025-12-31,2026-01-02,Completed
FU0002909,REF003214,2025-06-01,2025-06-03,2025-06-02,Completed
FU0002910,REF003216,2025-11-30,2025-12-02,2025-12-04,Completed
FU0002911,REF003217,2026-05-17,2026-05-19,2026-05-20,Completed
FU0002912,REF003218,2025-12-04,2025-12-06,2025-12-05,Completed
FU0002913,REF003218,2026-08-18,2026-08-20,,Open
FU0002914,REF003219,2025-06-07,2025-06-09,2025-06-12,Completed
FU0002915,REF003220,2026-03-13,2026-03-15,2026-03-14,Completed
FU0002916,REF003221,2026-02-09,2026-02-11,2026-02-14,Completed
FU0002917,REF003222,2025-08-07,2025-08-09,2025-08-11,Completed
FU0002918,REF003223,2026-02-05,2026-02-07,2026-02-10,Completed
FU0002919,REF003224,2025-02-21,2025-02-23,2025-02-22,Completed
FU0002920,REF003225,2026-01-11,2026-01-13,2026-01-14,Completed
FU0002921,REF003226,2026-03-06,2026-03-08,2026-03-09,Completed
FU0002922,REF003227,2025-03-23,2025-03-25,2025-03-25,Completed
FU0002923,REF003229,2025-11-12,2025-11-14,2025-11-15,Completed
FU0002924,REF003230,2025-04-26,2025-04-28,2025-05-02,Completed
FU0002925,REF003231,2026-06-08,2026-06-10,2026-06-13,Completed
FU0002926,REF003232,2025-10-20,2025-10-22,2025-10-26,Completed
FU0002927,REF003233,2026-03-06,2026-03-08,2026-03-11,Completed
FU0002928,REF003234,2025-12-15,2025-12-17,2025-12-20,Completed
FU0002929,REF003235,2026-04-21,2026-04-23,2026-04-26,Completed
FU0002930,REF003237,2025-05-11,2025-05-13,2025-05-15,Completed
FU0002931,REF003238,2026-04-25,2026-04-27,2026-04-29,Completed
FU0002932,REF003239,2026-07-04,2026-07-06,2026-07-10,Completed
FU0002933,REF003240,2026-03-23,2026-03-25,2026-03-28,Completed
FU0002934,REF003241,2026-06-17,2026-06-19,2026-06-21,Completed
FU0002935,REF003243,2026-04-24,2026-04-26,2026-04-25,Completed
FU0002936,REF003244,2026-03-25,2026-03-27,2026-03-26,Completed
FU0002937,REF003245,2026-07-14,2026-07-16,2026-07-15,Completed
FU0002938,REF003246,2026-01-02,2026-01-04,2026-01-04,Completed
FU0002939,REF003247,2025-08-05,2025-08-07,2025-08-06,Completed
FU0002940,REF003248,2025-01-05,2025-01-07,2025-01-10,Completed
FU0002941,REF003249,2025-05-11,2025-05-13,2025-05-13,Completed
FU0002942,REF003250,2025-06-04,2025-06-06,2025-06-07,Completed
FU0002943,REF003253,2026-08-05,2026-08-07,2026-08-06,Completed
FU0002944,REF003254,2026-01-07,2026-01-09,2026-01-12,Completed
FU0002945,REF003256,2025-03-17,2025-03-19,2025-03-19,Completed
FU0002946,REF003257,2025-12-25,2025-12-27,2025-12-29,Completed
FU0002947,REF003258,2025-09-12,2025-09-14,2025-09-13,Completed
FU0002948,REF003260,2026-04-14,2026-04-16,2026-04-15,Completed
FU0002949,REF003262,2025-12-08,2025-12-10,2025-12-10,Completed
FU0002950,REF003262,2026-08-28,2026-08-30,,Open
FU0002951,REF003263,2026-03-10,2026-03-12,2026-03-15,Completed
FU0002952,REF003264,2025-08-01,2025-08-03,2025-08-02,Completed
FU0002953,REF003265,2026-04-10,2026-04-12,2026-04-15,Completed
FU0002954,REF003266,2025-12-16,2025-12-18,2025-12-18,Completed
FU0002955,REF003266,2026-08-26,2026-08-28,,Open
FU0002956,REF003267,2025-12-12,2025-12-14,2025-12-17,Completed
FU0002957,REF003268,2025-04-23,2025-04-25,2025-04-29,Completed
FU0002958,REF003269,2026-01-21,2026-01-23,2026-01-22,Completed
FU0002959,REF003270,2025-06-02,2025-06-04,2025-06-06,Completed
FU0002960,REF003271,2026-04-30,2026-05-02,2026-05-03,Completed
FU0002961,REF003272,2026-02-25,2026-02-27,2026-03-03,Completed
FU0002962,REF003274,2025-01-10,2025-01-12,2025-01-12,Completed
FU0002963,REF003275,2025-12-25,2025-12-27,2025-12-30,Completed
FU0002964,REF003276,2025-03-07,2025-03-09,2025-03-12,Completed
FU0002965,REF003279,2026-07-21,2026-07-23,2026-07-25,Completed
FU0002966,REF003279,2026-08-18,2026-08-20,,Open
FU0002967,REF003280,2026-08-28,2026-08-30,2026-08-31,Completed
FU0002968,REF003280,2026-08-28,2026-08-30,,Open
FU0002969,REF003281,2026-06-28,2026-06-30,2026-06-29,Completed
FU0002970,REF003283,2025-11-21,2025-11-23,2025-11-23,Completed
FU0002971,REF003284,2025-06-21,2025-06-23,2025-06-23,Completed
FU0002972,REF003285,2026-02-20,2026-02-22,2026-02-23,Completed
FU0002973,REF003286,2025-10-10,2025-10-12,2025-10-16,Completed
FU0002974,REF003287,2025-02-02,2025-02-04,2025-02-08,Completed
FU0002975,REF003290,2026-04-11,2026-04-13,2026-04-14,Completed
FU0002976,REF003291,2025-05-30,2025-06-01,2025-06-01,Completed
FU0002977,REF003292,2026-06-28,2026-06-30,2026-07-01,Completed
FU0002978,REF003292,2026-08-17,2026-08-19,,Open
FU0002979,REF003294,2025-09-17,2025-09-19,2025-09-19,Completed
FU0002980,REF003295,2025-12-04,2025-12-06,2025-12-06,Completed
FU0002981,REF003296,2026-03-21,2026-03-23,2026-03-23,Completed
FU0002982,REF003297,2025-05-05,2025-05-07,2025-05-06,Completed
FU0002983,REF003298,2026-08-21,2026-08-23,2026-08-27,Completed
FU0002984,REF003298,2026-08-21,2026-08-23,,Open
FU0002985,REF003299,2026-06-22,2026-06-24,2026-06-25,Completed
FU0002986,REF003300,2026-06-23,2026-06-25,2026-06-24,Completed
FU0002987,REF003301,2026-01-06,2026-01-08,2026-01-07,Completed
FU0002988,REF003302,2025-10-17,2025-10-19,2025-10-18,Completed
FU0002989,REF003303,2025-07-27,2025-07-29,2025-07-28,Completed
FU0002990,REF003305,2026-04-09,2026-04-11,2026-04-14,Completed
FU0002991,REF003306,2026-06-14,2026-06-16,2026-06-17,Completed
FU0002992,REF003307,2026-05-19,2026-05-21,2026-05-22,Completed
FU0002993,REF003309,2026-08-25,2026-08-27,2026-08-28,Completed
FU0002994,REF003309,2026-08-29,2026-08-31,,Open
FU0002995,REF003310,2026-05-29,2026-05-31,2026-06-02,Completed
FU0002996,REF003312,2026-05-22,2026-05-24,2026-05-26,Completed
FU0002997,REF003313,2025-01-20,2025-01-22,2025-01-21,Completed
FU0002998,REF003314,2026-04-01,2026-04-03,2026-04-04,Completed
FU0002999,REF003315,2025-10-07,2025-10-09,2025-10-09,Completed
FU0003000,REF003316,2026-02-22,2026-02-24,2026-02-27,Completed
FU0003001,REF003317,2026-03-13,2026-03-15,2026-03-16,Completed
FU0003002,REF003318,2026-04-04,2026-04-06,2026-04-10,Completed
FU0003003,REF003319,2026-04-19,2026-04-21,2026-04-25,Completed
FU0003004,REF003321,2026-07-21,2026-07-23,2026-07-27,Completed
FU0003005,REF003322,2025-04-18,2025-04-20,2025-04-20,Completed
FU0003006,REF003323,2025-04-11,2025-04-13,2025-04-17,Completed
FU0003007,REF003324,2025-09-25,2025-09-27,2025-10-01,Completed
FU0003008,REF003325,2025-04-08,2025-04-10,2025-04-13,Completed
FU0003009,REF003326,2026-06-12,2026-06-14,2026-06-18,Completed
FU0003010,REF003327,2025-04-24,2025-04-26,2025-04-27,Completed
FU0003011,REF003328,2026-04-03,2026-04-05,2026-04-08,Completed
FU0003012,REF003330,2026-06-28,2026-06-30,2026-07-02,Completed
FU0003013,REF003331,2026-04-15,2026-04-17,2026-04-20,Completed
FU0003014,REF003333,2025-12-04,2025-12-06,2025-12-06,Completed
FU0003015,REF003334,2025-07-31,2025-08-02,2025-08-01,Completed
FU0003016,REF003335,2025-11-26,2025-11-28,2025-11-27,Completed
FU0003017,REF003336,2026-06-07,2026-06-09,2026-06-13,Completed
FU0003018,REF003337,2026-02-19,2026-02-21,2026-02-20,Completed
FU0003019,REF003339,2026-08-02,2026-08-04,2026-08-06,Completed
FU0003020,REF003340,2026-08-06,2026-08-08,2026-08-11,Completed
FU0003021,REF003341,2025-11-11,2025-11-13,2025-11-13,Completed
FU0003022,REF003343,2026-07-24,2026-07-26,2026-07-29,Completed
FU0003023,REF003344,2026-04-21,2026-04-23,2026-04-25,Completed
FU0003024,REF003345,2026-06-06,2026-06-08,2026-06-08,Completed
FU0003025,REF003347,2025-05-28,2025-05-30,2025-06-03,Completed
FU0003026,REF003348,2026-08-30,,,Open
FU0003027,REF003350,2025-03-15,2025-03-17,2025-03-16,Completed
FU0003028,REF003351,2025-02-22,2025-02-24,2025-02-26,Completed
FU0003029,REF003352,2025-01-16,2025-01-18,2025-01-22,Completed
FU0003030,REF003353,2026-08-10,2026-08-12,2026-08-12,Completed
FU0003031,REF003353,2026-08-23,2026-08-25,,Open
FU0003032,REF003354,2025-01-11,2025-01-13,2025-01-15,Completed
FU0003033,REF003355,2026-04-18,2026-04-20,2026-04-20,Completed
FU0003034,REF003356,2025-08-31,2025-09-02,2025-09-03,Completed
FU0003035,REF003358,2026-03-31,2026-04-02,2026-04-03,Completed
FU0003036,REF003358,2026-08-18,2026-08-20,,Open
FU0003037,REF003359,2025-10-19,2025-10-21,2025-10-24,Completed
FU0003038,REF003360,2026-06-24,2026-06-26,2026-06-29,Completed
FU0003039,REF003361,2025-07-13,2025-07-15,2025-07-19,Completed
FU0003040,REF003362,2026-03-02,2026-03-04,2026-03-05,Completed
FU0003041,REF003364,2025-02-05,2025-02-07,2025-02-06,Completed
FU0003042,REF003365,2025-07-03,2025-07-05,2025-07-06,Completed
FU0003043,REF003366,2025-07-16,2025-07-18,2025-07-17,Completed
FU0003044,REF003367,2026-01-21,2026-01-23,2026-01-25,Completed
FU0003045,REF003368,2025-04-28,2025-04-30,2025-05-01,Completed
FU0003046,REF003370,2025-12-27,2025-12-29,2025-12-30,Completed
FU0003047,REF003371,2026-08-16,2026-08-18,2026-08-17,Completed
FU0003048,REF003371,2026-08-23,2026-08-25,,Open
FU0003049,REF003373,2026-05-14,2026-05-16,2026-05-18,Completed
FU0003050,REF003374,2026-03-16,2026-03-18,2026-03-20,Completed
FU0003051,REF003375,2026-06-16,2026-06-18,2026-06-22,Completed
FU0003052,REF003376,2025-12-17,2025-12-19,2025-12-19,Completed
FU0003053,REF003377,2025-06-27,2025-06-29,2025-07-01,Completed
FU0003054,REF003378,2025-08-27,2025-08-29,2025-08-29,Completed
FU0003055,REF003379,2026-01-19,2026-01-21,2026-01-20,Completed
FU0003056,REF003382,2026-08-30,2026-09-01,,Open
FU0003057,REF003383,2026-06-13,2026-06-15,2026-06-16,Completed
FU0003058,REF003383,2026-08-23,2026-08-25,,Open
FU0003059,REF003384,2026-05-28,2026-05-30,2026-05-30,Completed
FU0003060,REF003386,2025-06-16,2025-06-18,2025-06-21,Completed
FU0003061,REF003387,2025-10-26,2025-10-28,2025-10-29,Completed
FU0003062,REF003390,2025-10-07,2025-10-09,2025-10-09,Completed
FU0003063,REF003391,2025-06-26,2025-06-28,2025-06-28,Completed
FU0003064,REF003392,2026-06-12,2026-06-14,2026-06-15,Completed
FU0003065,REF003393,2026-06-03,2026-06-05,2026-06-07,Completed
FU0003066,REF003395,2025-03-21,2025-03-23,2025-03-23,Completed
FU0003067,REF003397,2025-08-26,2025-08-28,2025-08-31,Completed
FU0003068,REF003397,2026-08-25,,,Open
FU0003069,REF003398,2025-06-02,2025-06-04,2025-06-08,Completed
FU0003070,REF003399,2025-06-18,2025-06-20,2025-06-19,Completed
FU0003071,REF003400,2026-05-28,2026-05-30,2026-05-29,Completed
FU0003072,REF003401,2025-05-07,2025-05-09,2025-05-13,Completed
FU0003073,REF003401,2026-08-16,2026-08-18,,Open
FU0003074,REF003402,2026-08-12,2026-08-14,2026-08-14,Completed
FU0003075,REF003402,2026-08-23,2026-08-25,,Open
FU0003076,REF003403,2026-05-19,2026-05-21,2026-05-22,Completed
FU0003077,REF003404,2025-08-08,2025-08-10,2025-08-09,Completed
FU0003078,REF003406,2026-02-12,2026-02-14,2026-02-18,Completed
FU0003079,REF003407,2026-05-10,2026-05-12,2026-05-14,Completed
FU0003080,REF003408,2025-02-16,2025-02-18,2025-02-22,Completed
FU0003081,REF003410,2026-03-07,2026-03-09,2026-03-11,Completed
FU0003082,REF003411,2026-08-17,2026-08-19,,Open
FU0003083,REF003412,2026-08-11,2026-08-13,2026-08-12,Completed
FU0003084,REF003412,2026-08-27,,,Open
FU0003085,REF003413,2025-11-18,2025-11-20,2025-11-20,Completed
FU0003086,REF003414,2026-04-17,2026-04-19,2026-04-21,Completed
FU0003087,REF003415,2025-04-04,2025-04-06,2025-04-05,Completed
FU0003088,REF003416,2025-09-18,2025-09-20,2025-09-21,Completed
FU0003089,REF003417,2026-08-23,2026-08-25,,Open
FU0003090,REF003418,2025-03-20,2025-03-22,2025-03-24,Completed
FU0003091,REF003418,2026-08-18,2026-08-20,,Open
FU0003092,REF003419,2025-10-30,2025-11-01,2025-11-05,Completed
FU0003093,REF003420,2025-10-11,2025-10-13,2025-10-14,Completed
FU0003094,REF003421,2026-07-08,2026-07-10,2026-07-11,Completed
FU0003095,REF003422,2025-09-16,2025-09-18,2025-09-20,Completed
FU0003096,REF003423,2025-07-28,2025-07-30,2025-08-03,Completed
FU0003097,REF003424,2026-04-06,2026-04-08,2026-04-08,Completed
FU0003098,REF003425,2026-04-24,2026-04-26,2026-04-28,Completed
FU0003099,REF003426,2025-04-30,2025-05-02,2025-05-05,Completed
FU0003100,REF003427,2026-06-09,2026-06-11,2026-06-13,Completed
FU0003101,REF003428,2025-02-16,2025-02-18,2025-02-20,Completed
FU0003102,REF003429,2025-07-08,2025-07-10,2025-07-13,Completed
FU0003103,REF003430,2026-02-13,2026-02-15,2026-02-15,Completed
FU0003104,REF003431,2025-12-26,2025-12-28,2025-12-29,Completed
FU0003105,REF003432,2026-08-03,2026-08-05,2026-08-05,Completed
FU0003106,REF003433,2025-12-28,2025-12-30,2025-12-29,Completed
FU0003107,REF003433,2026-08-20,2026-08-22,,Open
FU0003108,REF003434,2025-11-16,2025-11-18,2025-11-19,Completed
FU0003109,REF003435,2025-12-13,2025-12-15,2025-12-14,Completed
FU0003110,REF003436,2025-05-14,2025-05-16,2025-05-16,Completed
FU0003111,REF003437,2025-07-31,2025-08-02,2025-08-06,Completed
FU0003112,REF003438,2026-04-30,2026-05-02,2026-05-01,Completed
FU0003113,REF003439,2025-09-28,2025-09-30,2025-10-04,Completed
FU0003114,REF003440,2025-10-26,2025-10-28,2025-10-30,Completed
FU0003115,REF003440,2026-08-31,2026-09-02,,Open
FU0003116,REF003441,2025-03-06,2025-03-08,2025-03-07,Completed
FU0003117,REF003442,2026-02-08,2026-02-10,2026-02-12,Completed
FU0003118,REF003444,2026-04-11,2026-04-13,2026-04-13,Completed
FU0003119,REF003445,2026-05-15,2026-05-17,2026-05-17,Completed
FU0003120,REF003446,2026-08-23,2026-08-25,2026-08-29,Completed
FU0003121,REF003446,2026-08-23,2026-08-25,,Open
FU0003122,REF003447,2025-09-26,2025-09-28,2025-09-28,Completed
FU0003123,REF003448,2025-11-25,2025-11-27,2025-11-28,Completed
FU0003124,REF003450,2026-05-01,2026-05-03,2026-05-05,Completed
FU0003125,REF003451,2026-05-05,2026-05-07,2026-05-08,Completed
FU0003126,REF003453,2026-04-28,2026-04-30,2026-04-30,Completed
FU0003127,REF003454,2026-06-27,2026-06-29,2026-06-30,Completed
FU0003128,REF003455,2026-06-12,2026-06-14,2026-06-18,Completed
FU0003129,REF003456,2026-07-28,2026-07-30,2026-07-31,Completed
FU0003130,REF003457,2025-08-24,2025-08-26,2025-08-28,Completed
FU0003131,REF003458,2025-01-13,2025-01-15,2025-01-14,Completed
FU0003132,REF003459,2026-07-03,2026-07-05,2026-07-05,Completed
FU0003133,REF003461,2025-11-24,2025-11-26,2025-11-30,Completed
FU0003134,REF003463,2026-08-18,2026-08-20,2026-08-19,Completed
FU0003135,REF003464,2026-03-17,2026-03-19,2026-03-22,Completed
FU0003136,REF003465,2025-06-16,2025-06-18,2025-06-21,Completed
FU0003137,REF003466,2025-10-21,2025-10-23,2025-10-27,Completed
FU0003138,REF003466,2026-08-30,2026-09-01,,Open
FU0003139,REF003467,2025-02-18,2025-02-20,2025-02-22,Completed
FU0003140,REF003468,2026-06-28,2026-06-30,2026-06-30,Completed
FU0003141,REF003469,2026-01-12,2026-01-14,2026-01-14,Completed
FU0003142,REF003470,2026-06-03,2026-06-05,2026-06-07,Completed
FU0003143,REF003471,2026-06-28,2026-06-30,2026-07-02,Completed
FU0003144,REF003473,2025-09-09,2025-09-11,2025-09-11,Completed
FU0003145,REF003474,2026-08-11,2026-08-13,2026-08-17,Completed
FU0003146,REF003475,2025-12-10,2025-12-12,2025-12-11,Completed
FU0003147,REF003477,2025-06-09,2025-06-11,2025-06-12,Completed
FU0003148,REF003478,2025-04-01,2025-04-03,2025-04-03,Completed
FU0003149,REF003479,2026-07-13,2026-07-15,2026-07-19,Completed
FU0003150,REF003480,2025-09-01,2025-09-03,2025-09-04,Completed
FU0003151,REF003481,2026-01-19,2026-01-21,2026-01-20,Completed
FU0003152,REF003483,2025-02-23,2025-02-25,2025-02-26,Completed
FU0003153,REF003484,2025-03-30,2025-04-01,2025-04-03,Completed
FU0003154,REF003484,2026-08-31,2026-09-02,,Open
FU0003155,REF003485,2026-03-03,2026-03-05,2026-03-04,Completed
FU0003156,REF003487,2025-10-27,2025-10-29,2025-11-02,Completed
FU0003157,REF003489,2026-04-19,2026-04-21,2026-04-20,Completed
FU0003158,REF003491,2026-03-30,2026-04-01,2026-04-03,Completed
FU0003159,REF003492,2026-08-30,2026-09-01,2026-08-31,Completed
FU0003160,REF003492,2026-08-30,2026-09-01,,Open
FU0003161,REF003493,2025-02-22,2025-02-24,2025-02-26,Completed
FU0003162,REF003494,2025-12-20,2025-12-22,2025-12-23,Completed
FU0003163,REF003495,2025-03-11,2025-03-13,2025-03-12,Completed
FU0003164,REF003496,2026-05-30,2026-06-01,2026-06-02,Completed
FU0003165,REF003499,2026-05-06,2026-05-08,2026-05-10,Completed
FU0003166,REF003500,2025-07-25,2025-07-27,2025-07-29,Completed
FU0003167,REF003501,2025-07-10,2025-07-12,2025-07-13,Completed
FU0003168,REF003502,2025-03-01,2025-03-03,2025-03-05,Completed
FU0003169,REF003503,2025-12-07,2025-12-09,2025-12-08,Completed
FU0003170,REF003503,2026-08-30,,,Open
FU0003171,REF003504,2026-07-21,2026-07-23,2026-07-26,Completed
FU0003172,REF003505,2025-01-12,2025-01-14,2025-01-16,Completed
FU0003173,REF003505,2026-08-21,2026-08-23,,Open
FU0003174,REF003506,2025-04-08,2025-04-10,2025-04-11,Completed
FU0003175,REF003507,2026-02-25,2026-02-27,2026-03-02,Completed
FU0003176,REF003507,2026-08-27,,,Open
FU0003177,REF003508,2026-08-08,2026-08-10,2026-08-14,Completed
FU0003178,REF003509,2025-09-02,2025-09-04,2025-09-04,Completed
FU0003179,REF003510,2025-11-15,2025-11-17,2025-11-19,Completed
FU0003180,REF003511,2025-11-27,2025-11-29,2025-12-03,Completed
FU0003181,REF003512,2026-01-15,2026-01-17,2026-01-18,Completed
FU0003182,REF003513,2025-05-26,2025-05-28,2025-05-30,Completed
FU0003183,REF003514,2026-01-09,2026-01-11,2026-01-14,Completed
FU0003184,REF003515,2026-06-14,2026-06-16,2026-06-18,Completed
FU0003185,REF003516,2025-04-26,2025-04-28,2025-04-27,Completed
FU0003186,REF003517,2025-03-11,2025-03-13,2025-03-17,Completed
FU0003187,REF003518,2026-04-03,2026-04-05,2026-04-09,Completed
FU0003188,REF003520,2025-06-01,2025-06-03,2025-06-04,Completed
FU0003189,REF003521,2026-07-12,2026-07-14,2026-07-15,Completed
FU0003190,REF003522,2025-05-31,2025-06-02,2025-06-01,Completed
FU0003191,REF003523,2026-02-11,2026-02-13,2026-02-16,Completed
FU0003192,REF003524,2025-08-21,2025-08-23,2025-08-22,Completed
FU0003193,REF003525,2026-07-25,2026-07-27,2026-07-29,Completed
FU0003194,REF003526,2025-01-08,2025-01-10,2025-01-12,Completed
FU0003195,REF003527,2025-06-22,2025-06-24,2025-06-24,Completed
FU0003196,REF003528,2025-12-08,2025-12-10,2025-12-12,Completed
FU0003197,REF003529,2026-02-14,2026-02-16,2026-02-17,Completed
FU0003198,REF003530,2025-05-24,2025-05-26,2025-05-30,Completed
FU0003199,REF003531,2025-08-26,2025-08-28,2025-08-31,Completed
FU0003200,REF003532,2026-08-27,2026-08-29,,Open
FU0003201,REF003534,2026-08-08,2026-08-10,2026-08-14,Completed
FU0003202,REF003535,2026-04-10,2026-04-12,2026-04-16,Completed
FU0003203,REF003536,2025-10-13,2025-10-15,2025-10-17,Completed
FU0003204,REF003537,2025-01-16,2025-01-18,2025-01-22,Completed
FU0003205,REF003537,2026-08-28,2026-08-30,,Open
FU0003206,REF003538,2026-07-27,2026-07-29,2026-07-30,Completed
FU0003207,REF003539,2025-04-21,2025-04-23,2025-04-23,Completed
FU0003208,REF003540,2026-03-13,2026-03-15,2026-03-19,Completed
FU0003209,REF003540,2026-08-25,2026-08-27,,Open
FU0003210,REF003541,2026-03-24,2026-03-26,2026-03-25,Completed
FU0003211,REF003542,2025-11-02,2025-11-04,2025-11-07,Completed
FU0003212,REF003543,2026-07-22,2026-07-24,2026-07-24,Completed
FU0003213,REF003544,2026-08-22,2026-08-24,,Open
FU0003214,REF003545,2026-04-27,2026-04-29,2026-04-30,Completed
FU0003215,REF003546,2025-07-29,2025-07-31,2025-08-03,Completed
FU0003216,REF003547,2026-04-05,2026-04-07,2026-04-09,Completed
FU0003217,REF003548,2026-06-04,2026-06-06,2026-06-07,Completed
FU0003218,REF003549,2025-07-07,2025-07-09,2025-07-10,Completed
FU0003219,REF003550,2026-08-15,2026-08-17,2026-08-19,Completed
FU0003220,REF003551,2025-05-26,2025-05-28,2025-06-01,Completed
FU0003221,REF003552,2025-06-29,2025-07-01,2025-07-03,Completed
FU0003222,REF003553,2026-01-01,2026-01-03,2026-01-02,Completed
FU0003223,REF003554,2025-09-13,2025-09-15,2025-09-14,Completed
FU0003224,REF003555,2025-05-30,2025-06-01,2025-06-03,Completed
FU0003225,REF003556,2025-06-26,2025-06-28,2025-06-27,Completed
FU0003226,REF003557,2026-05-18,2026-05-20,2026-05-22,Completed
FU0003227,REF003560,2026-06-25,2026-06-27,2026-06-30,Completed
FU0003228,REF003561,2025-09-27,2025-09-29,2025-10-03,Completed
FU0003229,REF003562,2025-09-13,2025-09-15,2025-09-14,Completed
FU0003230,REF003563,2026-07-05,2026-07-07,2026-07-09,Completed
FU0003231,REF003566,2025-11-07,2025-11-09,2025-11-12,Completed
FU0003232,REF003568,2026-07-03,2026-07-05,2026-07-04,Completed
FU0003233,REF003569,2026-04-04,2026-04-06,2026-04-05,Completed
FU0003234,REF003570,2025-06-17,2025-06-19,2025-06-18,Completed
FU0003235,REF003572,2025-07-22,2025-07-24,2025-07-27,Completed
FU0003236,REF003572,2026-08-24,2026-08-26,,Open
FU0003237,REF003574,2026-08-31,2026-09-02,,Open
FU0003238,REF003575,2025-06-27,2025-06-29,2025-06-28,Completed
FU0003239,REF003576,2025-05-30,2025-06-01,2025-06-02,Completed
FU0003240,REF003578,2025-04-02,2025-04-04,2025-04-04,Completed
FU0003241,REF003579,2025-01-16,2025-01-18,2025-01-20,Completed
FU0003242,REF003580,2026-02-27,2026-03-01,2026-03-01,Completed
FU0003243,REF003581,2026-01-26,2026-01-28,2026-01-27,Completed
FU0003244,REF003582,2025-07-10,2025-07-12,2025-07-11,Completed
FU0003245,REF003583,2025-01-17,2025-01-19,2025-01-21,Completed
FU0003246,REF003585,2026-08-20,2026-08-22,,Open
FU0003247,REF003586,2026-08-19,2026-08-21,2026-08-20,Completed
FU0003248,REF003587,2025-05-31,2025-06-02,2025-06-03,Completed
FU0003249,REF003588,2026-05-09,2026-05-11,2026-05-12,Completed
FU0003250,REF003589,2026-08-18,2026-08-20,2026-08-23,Completed
FU0003251,REF003589,2026-08-18,2026-08-20,,Open
FU0003252,REF003591,2025-01-20,2025-01-22,2025-01-23,Completed
FU0003253,REF003593,2026-07-31,2026-08-02,2026-08-02,Completed
FU0003254,REF003594,2025-10-29,2025-10-31,2025-11-03,Completed
FU0003255,REF003595,2025-10-04,2025-10-06,2025-10-10,Completed
FU0003256,REF003597,2025-11-18,2025-11-20,2025-11-21,Completed
FU0003257,REF003599,2025-07-08,2025-07-10,2025-07-10,Completed
FU0003258,REF003600,2026-07-14,2026-07-16,2026-07-16,Completed
FU0003259,REF003601,2025-02-03,2025-02-05,2025-02-09,Completed
FU0003260,REF003602,2026-01-13,2026-01-15,2026-01-19,Completed
FU0003261,REF003603,2025-04-11,2025-04-13,2025-04-12,Completed
FU0003262,REF003604,2025-04-15,2025-04-17,2025-04-16,Completed
FU0003263,REF003605,2025-05-18,2025-05-20,2025-05-24,Completed
FU0003264,REF003607,2025-02-03,2025-02-05,2025-02-05,Completed
FU0003265,REF003608,2025-01-05,2025-01-07,2025-01-06,Completed
FU0003266,REF003609,2025-08-11,2025-08-13,2025-08-15,Completed
FU0003267,REF003610,2026-08-11,2026-08-13,2026-08-16,Completed
FU0003268,REF003611,2025-05-27,2025-05-29,2025-05-28,Completed
FU0003269,REF003612,2025-06-14,2025-06-16,2025-06-15,Completed
FU0003270,REF003613,2025-06-02,2025-06-04,2025-06-03,Completed
FU0003271,REF003614,2025-09-25,2025-09-27,2025-09-28,Completed
FU0003272,REF003615,2026-02-09,2026-02-11,2026-02-15,Completed
FU0003273,REF003616,2026-01-09,2026-01-11,2026-01-15,Completed
FU0003274,REF003617,2026-04-26,2026-04-28,2026-05-02,Completed
FU0003275,REF003618,2026-03-14,2026-03-16,2026-03-15,Completed
FU0003276,REF003619,2025-08-27,2025-08-29,2025-08-28,Completed
FU0003277,REF003620,2026-08-03,2026-08-05,2026-08-04,Completed
FU0003278,REF003620,2026-08-19,2026-08-21,,Open
FU0003279,REF003621,2026-06-07,2026-06-09,2026-06-09,Completed
FU0003280,REF003621,2026-08-24,2026-08-26,,Open
FU0003281,REF003622,2025-01-02,2025-01-04,2025-01-04,Completed
FU0003282,REF003622,2026-08-18,2026-08-20,,Open
FU0003283,REF003624,2026-08-30,2026-09-01,2026-08-31,Completed
FU0003284,REF003624,2026-08-30,,,Open
FU0003285,REF003625,2025-01-10,2025-01-12,2025-01-12,Completed
FU0003286,REF003625,2026-08-25,,,Open
FU0003287,REF003626,2026-08-23,2026-08-25,2026-08-26,Completed
FU0003288,REF003626,2026-08-27,2026-08-29,,Open
FU0003289,REF003627,2026-08-07,2026-08-09,2026-08-12,Completed
FU0003290,REF003628,2026-06-22,2026-06-24,2026-06-24,Completed
FU0003291,REF003629,2026-01-13,2026-01-15,2026-01-18,Completed
FU0003292,REF003630,2025-09-29,2025-10-01,2025-10-04,Completed
FU0003293,REF003632,2025-05-29,2025-05-31,2025-05-31,Completed
FU0003294,REF003632,2026-08-16,2026-08-18,,Open
FU0003295,REF003635,2026-05-05,2026-05-07,2026-05-11,Completed
FU0003296,REF003639,2025-04-04,2025-04-06,2025-04-08,Completed
FU0003297,REF003640,2026-01-10,2026-01-12,2026-01-15,Completed
FU0003298,REF003641,2025-05-30,2025-06-01,2025-06-03,Completed
FU0003299,REF003642,2026-08-21,2026-08-23,2026-08-22,Completed
FU0003300,REF003642,2026-08-28,2026-08-30,,Open
FU0003301,REF003643,2025-11-06,2025-11-08,2025-11-07,Completed
FU0003302,REF003644,2026-06-04,2026-06-06,2026-06-06,Completed
FU0003303,REF003645,2025-05-01,2025-05-03,2025-05-03,Completed
FU0003304,REF003646,2025-01-23,2025-01-25,2025-01-28,Completed
FU0003305,REF003647,2025-07-15,2025-07-17,2025-07-20,Completed
FU0003306,REF003647,2026-08-22,,,Open
FU0003307,REF003648,2025-09-09,2025-09-11,2025-09-13,Completed
FU0003308,REF003650,2026-03-17,2026-03-19,2026-03-21,Completed
FU0003309,REF003650,2026-08-22,2026-08-24,,Open
FU0003310,REF003651,2026-03-21,2026-03-23,2026-03-24,Completed
FU0003311,REF003652,2025-05-02,2025-05-04,2025-05-05,Completed
FU0003312,REF003653,2025-08-06,2025-08-08,2025-08-07,Completed
FU0003313,REF003655,2026-03-07,2026-03-09,2026-03-09,Completed
FU0003314,REF003656,2025-08-20,2025-08-22,2025-08-26,Completed
FU0003315,REF003657,2025-07-18,2025-07-20,2025-07-23,Completed
FU0003316,REF003658,2026-07-19,2026-07-21,2026-07-25,Completed
FU0003317,REF003659,2026-02-17,2026-02-19,2026-02-21,Completed
FU0003318,REF003660,2026-03-01,2026-03-03,2026-03-05,Completed
FU0003319,REF003663,2025-08-09,2025-08-11,2025-08-12,Completed
FU0003320,REF003664,2025-09-17,2025-09-19,2025-09-20,Completed
FU0003321,REF003665,2025-11-05,2025-11-07,2025-11-09,Completed
FU0003322,REF003667,2026-07-16,2026-07-18,2026-07-21,Completed
FU0003323,REF003668,2025-04-16,2025-04-18,2025-04-20,Completed
FU0003324,REF003669,2025-01-16,2025-01-18,2025-01-17,Completed
FU0003325,REF003669,2026-08-20,2026-08-22,,Open
FU0003326,REF003670,2025-04-24,2025-04-26,2025-04-27,Completed
FU0003327,REF003671,2026-02-19,2026-02-21,2026-02-20,Completed
FU0003328,REF003672,2025-04-13,2025-04-15,2025-04-18,Completed
FU0003329,REF003673,2026-02-08,2026-02-10,2026-02-13,Completed
FU0003330,REF003674,2026-06-18,2026-06-20,2026-06-19,Completed
FU0003331,REF003675,2026-08-16,2026-08-18,,Open
FU0003332,REF003676,2025-05-09,2025-05-11,2025-05-14,Completed
FU0003333,REF003677,2026-01-11,2026-01-13,2026-01-12,Completed
FU0003334,REF003677,2026-08-18,2026-08-20,,Open
FU0003335,REF003679,2025-12-19,2025-12-21,2025-12-22,Completed
FU0003336,REF003680,2026-02-24,2026-02-26,2026-02-28,Completed
FU0003337,REF003681,2025-03-19,2025-03-21,2025-03-23,Completed
FU0003338,REF003682,2025-08-12,2025-08-14,2025-08-16,Completed
FU0003339,REF003683,2025-07-05,2025-07-07,2025-07-08,Completed
FU0003340,REF003684,2025-01-03,2025-01-05,2025-01-08,Completed
FU0003341,REF003685,2025-03-22,2025-03-24,2025-03-25,Completed
FU0003342,REF003686,2025-11-17,2025-11-19,2025-11-22,Completed
FU0003343,REF003686,2026-08-30,,,Open
FU0003344,REF003687,2025-08-17,2025-08-19,2025-08-19,Completed
FU0003345,REF003688,2026-03-18,2026-03-20,2026-03-23,Completed
FU0003346,REF003689,2025-10-29,2025-10-31,2025-11-02,Completed
FU0003347,REF003690,2025-08-25,2025-08-27,2025-08-27,Completed
FU0003348,REF003691,2025-02-03,2025-02-05,2025-02-04,Completed
FU0003349,REF003692,2026-01-16,2026-01-18,2026-01-18,Completed
FU0003350,REF003693,2026-05-07,2026-05-09,2026-05-09,Completed
FU0003351,REF003694,2026-01-05,2026-01-07,2026-01-06,Completed
FU0003352,REF003695,2025-10-27,2025-10-29,2025-11-01,Completed
FU0003353,REF003696,2026-07-14,2026-07-16,2026-07-16,Completed
FU0003354,REF003696,2026-08-17,2026-08-19,,Open
FU0003355,REF003697,2025-05-19,2025-05-21,2025-05-20,Completed
FU0003356,REF003697,2026-08-22,2026-08-24,,Open
FU0003357,REF003698,2025-01-29,2025-01-31,2025-02-04,Completed
FU0003358,REF003699,2026-08-24,2026-08-26,2026-08-27,Completed
FU0003359,REF003699,2026-08-28,2026-08-30,,Open
FU0003360,REF003700,2025-04-06,2025-04-08,2025-04-10,Completed
FU0003361,REF003701,2026-03-13,2026-03-15,2026-03-18,Completed
FU0003362,REF003703,2026-08-06,2026-08-08,2026-08-07,Completed
FU0003363,REF003704,2026-08-17,2026-08-19,2026-08-21,Completed
FU0003364,REF003705,2025-12-08,2025-12-10,2025-12-13,Completed
FU0003365,REF003707,2025-08-14,2025-08-16,2025-08-17,Completed
FU0003366,REF003708,2025-12-20,2025-12-22,2025-12-22,Completed
FU0003367,REF003709,2026-06-20,2026-06-22,2026-06-26,Completed
FU0003368,REF003710,2025-10-07,2025-10-09,2025-10-13,Completed
FU0003369,REF003711,2025-09-06,2025-09-08,2025-09-08,Completed
FU0003370,REF003712,2026-08-08,2026-08-10,2026-08-14,Completed
FU0003371,REF003714,2026-02-02,2026-02-04,2026-02-06,Completed
FU0003372,REF003715,2025-06-22,2025-06-24,2025-06-24,Completed
FU0003373,REF003717,2026-05-01,2026-05-03,2026-05-07,Completed
FU0003374,REF003718,2025-03-01,2025-03-03,2025-03-07,Completed
FU0003375,REF003719,2025-07-08,2025-07-10,2025-07-10,Completed
FU0003376,REF003721,2025-04-18,2025-04-20,2025-04-19,Completed
FU0003377,REF003722,2026-06-11,2026-06-13,2026-06-13,Completed
FU0003378,REF003724,2026-08-30,2026-09-01,2026-08-31,Completed
FU0003379,REF003724,2026-08-30,2026-09-01,,Open
FU0003380,REF003725,2025-07-07,2025-07-09,2025-07-09,Completed
FU0003381,REF003726,2025-12-04,2025-12-06,2025-12-08,Completed
FU0003382,REF003727,2026-03-24,2026-03-26,2026-03-29,Completed
FU0003383,REF003728,2025-07-13,2025-07-15,2025-07-15,Completed
FU0003384,REF003729,2025-05-19,2025-05-21,2025-05-22,Completed
FU0003385,REF003730,2026-02-20,2026-02-22,2026-02-23,Completed
FU0003386,REF003730,2026-08-18,,,Open
FU0003387,REF003732,2025-09-30,2025-10-02,2025-10-05,Completed
FU0003388,REF003733,2025-02-11,2025-02-13,2025-02-17,Completed
FU0003389,REF003734,2026-01-09,2026-01-11,2026-01-12,Completed
FU0003390,REF003735,2025-03-06,2025-03-08,2025-03-10,Completed
FU0003391,REF003737,2026-05-31,2026-06-02,2026-06-03,Completed
FU0003392,REF003740,2025-06-25,2025-06-27,2025-06-26,Completed
FU0003393,REF003741,2025-01-08,2025-01-10,2025-01-09,Completed
FU0003394,REF003742,2025-09-03,2025-09-05,2025-09-05,Completed
FU0003395,REF003743,2026-08-19,2026-08-21,,Open
FU0003396,REF003744,2026-04-16,2026-04-18,2026-04-20,Completed
FU0003397,REF003745,2026-01-17,2026-01-19,2026-01-19,Completed
FU0003398,REF003746,2026-07-08,2026-07-10,2026-07-14,Completed
FU0003399,REF003747,2026-08-29,2026-08-31,,Open
FU0003400,REF003748,2026-04-17,2026-04-19,2026-04-18,Completed
FU0003401,REF003749,2026-08-28,2026-08-30,2026-08-31,Completed
FU0003402,REF003749,2026-08-28,2026-08-30,,Open
FU0003403,REF003751,2025-12-11,2025-12-13,2025-12-13,Completed
FU0003404,REF003751,2026-08-30,2026-09-01,,Open
FU0003405,REF003752,2025-04-01,2025-04-03,2025-04-03,Completed
FU0003406,REF003753,2026-06-29,2026-07-01,2026-07-04,Completed
FU0003407,REF003754,2025-09-26,2025-09-28,2025-09-29,Completed
FU0003408,REF003755,2025-06-29,2025-07-01,2025-07-04,Completed
FU0003409,REF003756,2026-06-13,2026-06-15,2026-06-15,Completed
FU0003410,REF003757,2025-12-30,2026-01-01,2026-01-02,Completed
FU0003411,REF003757,2026-08-28,2026-08-30,,Open
FU0003412,REF003758,2026-08-20,2026-08-22,2026-08-22,Completed
FU0003413,REF003760,2026-04-24,2026-04-26,2026-04-25,Completed
FU0003414,REF003761,2026-04-02,2026-04-04,2026-04-07,Completed
FU0003415,REF003762,2025-09-10,2025-09-12,2025-09-13,Completed
FU0003416,REF003764,2026-03-23,2026-03-25,2026-03-27,Completed
FU0003417,REF003765,2025-07-29,2025-07-31,2025-07-31,Completed
FU0003418,REF003766,2026-08-09,2026-08-11,2026-08-11,Completed
FU0003419,REF003766,2026-08-16,,,Open
FU0003420,REF003767,2026-01-07,2026-01-09,2026-01-10,Completed
FU0003421,REF003768,2025-01-12,2025-01-14,2025-01-16,Completed
FU0003422,REF003769,2026-04-17,2026-04-19,2026-04-23,Completed
FU0003423,REF003770,2025-07-03,2025-07-05,2025-07-04,Completed
FU0003424,REF003771,2025-05-07,2025-05-09,2025-05-08,Completed
FU0003425,REF003772,2025-03-13,2025-03-15,2025-03-19,Completed
FU0003426,REF003773,2026-03-15,2026-03-17,2026-03-17,Completed
FU0003427,REF003775,2026-06-07,2026-06-09,2026-06-08,Completed
FU0003428,REF003776,2026-02-14,2026-02-16,2026-02-17,Completed
FU0003429,REF003776,2026-08-19,,,Open
FU0003430,REF003777,2025-11-05,2025-11-07,2025-11-06,Completed
FU0003431,REF003778,2026-08-15,2026-08-17,2026-08-17,Completed
FU0003432,REF003778,2026-08-19,2026-08-21,,Open
FU0003433,REF003779,2026-06-22,2026-06-24,2026-06-25,Completed
FU0003434,REF003780,2026-05-08,2026-05-10,2026-05-10,Completed
FU0003435,REF003781,2026-02-24,2026-02-26,2026-03-02,Completed
FU0003436,REF003782,2025-10-25,2025-10-27,2025-10-27,Completed
FU0003437,REF003783,2025-03-10,2025-03-12,2025-03-13,Completed
FU0003438,REF003784,2026-02-12,2026-02-14,2026-02-15,Completed
FU0003439,REF003785,2026-06-05,2026-06-07,2026-06-08,Completed
FU0003440,REF003786,2026-08-14,2026-08-16,2026-08-17,Completed
FU0003441,REF003786,2026-08-16,2026-08-18,,Open
FU0003442,REF003787,2025-06-23,2025-06-25,2025-06-26,Completed
FU0003443,REF003788,2025-02-18,2025-02-20,2025-02-20,Completed
FU0003444,REF003790,2025-09-23,2025-09-25,2025-09-29,Completed
FU0003445,REF003792,2026-02-02,2026-02-04,2026-02-06,Completed
FU0003446,REF003793,2026-03-28,2026-03-30,2026-04-03,Completed
FU0003447,REF003794,2025-01-02,2025-01-04,2025-01-05,Completed
FU0003448,REF003795,2026-06-13,2026-06-15,2026-06-16,Completed
FU0003449,REF003796,2025-04-09,2025-04-11,2025-04-12,Completed
FU0003450,REF003797,2025-06-01,2025-06-03,2025-06-07,Completed
FU0003451,REF003798,2026-08-21,2026-08-23,2026-08-27,Completed
FU0003452,REF003799,2026-07-21,2026-07-23,2026-07-26,Completed
FU0003453,REF003800,2026-01-11,2026-01-13,2026-01-16,Completed
FU0003454,REF003801,2025-02-23,2025-02-25,2025-02-26,Completed
FU0003455,REF003802,2026-03-27,2026-03-29,2026-03-28,Completed
FU0003456,REF003803,2026-03-02,2026-03-04,2026-03-07,Completed
FU0003457,REF003804,2026-02-14,2026-02-16,2026-02-18,Completed
FU0003458,REF003805,2025-09-01,2025-09-03,2025-09-02,Completed
FU0003459,REF003805,2026-08-28,2026-08-30,,Open
FU0003460,REF003806,2025-03-06,2025-03-08,2025-03-12,Completed
FU0003461,REF003807,2026-05-10,2026-05-12,2026-05-12,Completed
FU0003462,REF003808,2025-04-22,2025-04-24,2025-04-24,Completed
FU0003463,REF003809,2026-08-19,2026-08-21,,Open
FU0003464,REF003810,2025-12-03,2025-12-05,2025-12-09,Completed
FU0003465,REF003811,2026-08-14,2026-08-16,2026-08-16,Completed
FU0003466,REF003811,2026-08-27,2026-08-29,,Open
FU0003467,REF003812,2025-11-13,2025-11-15,2025-11-18,Completed
FU0003468,REF003813,2025-09-25,2025-09-27,2025-10-01,Completed
FU0003469,REF003814,2026-08-02,2026-08-04,2026-08-07,Completed
FU0003470,REF003815,2026-07-06,2026-07-08,2026-07-09,Completed
FU0003471,REF003816,2025-04-16,2025-04-18,2025-04-20,Completed
FU0003472,REF003816,2026-08-19,2026-08-21,,Open
FU0003473,REF003817,2025-04-27,2025-04-29,2025-04-28,Completed
FU0003474,REF003818,2025-02-05,2025-02-07,2025-02-08,Completed
FU0003475,REF003819,2026-04-27,2026-04-29,2026-04-28,Completed
FU0003476,REF003820,2025-05-29,2025-05-31,2025-06-04,Completed
FU0003477,REF003821,2025-05-17,2025-05-19,2025-05-20,Completed
FU0003478,REF003822,2025-07-03,2025-07-05,2025-07-04,Completed
FU0003479,REF003823,2026-07-05,2026-07-07,2026-07-08,Completed
FU0003480,REF003824,2026-08-16,2026-08-18,2026-08-18,Completed
FU0003481,REF003825,2025-12-20,2025-12-22,2025-12-25,Completed
FU0003482,REF003826,2025-12-28,2025-12-30,2026-01-03,Completed
FU0003483,REF003827,2026-08-05,2026-08-07,2026-08-07,Completed
FU0003484,REF003827,2026-08-17,2026-08-19,,Open
FU0003485,REF003828,2026-07-05,2026-07-07,2026-07-07,Completed
FU0003486,REF003832,2025-09-02,2025-09-04,2025-09-08,Completed
FU0003487,REF003833,2026-01-30,2026-02-01,2026-02-05,Completed
FU0003488,REF003834,2026-07-27,2026-07-29,2026-07-30,Completed
FU0003489,REF003835,2025-01-05,2025-01-07,2025-01-09,Completed
FU0003490,REF003838,2025-08-08,2025-08-10,2025-08-13,Completed
FU0003491,REF003839,2026-02-21,2026-02-23,2026-02-27,Completed
FU0003492,REF003840,2026-01-16,2026-01-18,2026-01-22,Completed
FU0003493,REF003841,2025-10-23,2025-10-25,2025-10-29,Completed
FU0003494,REF003842,2026-02-18,2026-02-20,2026-02-19,Completed
FU0003495,REF003843,2025-04-28,2025-04-30,2025-05-02,Completed
FU0003496,REF003844,2025-07-06,2025-07-08,2025-07-07,Completed
FU0003497,REF003846,2025-05-03,2025-05-05,2025-05-05,Completed
FU0003498,REF003848,2026-02-26,2026-02-28,2026-03-03,Completed
FU0003499,REF003849,2026-05-31,2026-06-02,2026-06-03,Completed
FU0003500,REF003850,2025-06-09,2025-06-11,2025-06-15,Completed
FU0003501,REF003851,2026-02-16,2026-02-18,2026-02-17,Completed
FU0003502,REF003852,2025-10-28,2025-10-30,2025-10-30,Completed
FU0003503,REF003853,2025-12-11,2025-12-13,2025-12-16,Completed
FU0003504,REF003854,2025-09-27,2025-09-29,2025-10-01,Completed
FU0003505,REF003855,2026-06-08,2026-06-10,2026-06-14,Completed
FU0003506,REF003856,2025-11-27,2025-11-29,2025-12-03,Completed
FU0003507,REF003857,2026-03-20,2026-03-22,2026-03-24,Completed
FU0003508,REF003859,2025-03-06,2025-03-08,2025-03-08,Completed
FU0003509,REF003860,2026-04-21,2026-04-23,2026-04-22,Completed
FU0003510,REF003861,2026-02-14,2026-02-16,2026-02-16,Completed
FU0003511,REF003863,2026-05-17,2026-05-19,2026-05-21,Completed
FU0003512,REF003864,2026-07-26,2026-07-28,2026-07-27,Completed
FU0003513,REF003865,2026-02-07,2026-02-09,2026-02-11,Completed
FU0003514,REF003866,2026-08-27,2026-08-29,2026-08-31,Completed
FU0003515,REF003866,2026-08-27,2026-08-29,,Open
FU0003516,REF003867,2025-11-23,2025-11-25,2025-11-26,Completed
FU0003517,REF003868,2025-03-18,2025-03-20,2025-03-23,Completed
FU0003518,REF003869,2026-07-17,2026-07-19,2026-07-20,Completed
FU0003519,REF003871,2025-12-08,2025-12-10,2025-12-10,Completed
FU0003520,REF003871,2026-08-16,2026-08-18,,Open
FU0003521,REF003872,2025-04-28,2025-04-30,2025-05-01,Completed
FU0003522,REF003873,2025-09-25,2025-09-27,2025-09-27,Completed
FU0003523,REF003874,2026-08-07,2026-08-09,2026-08-08,Completed
FU0003524,REF003875,2025-09-10,2025-09-12,2025-09-14,Completed
FU0003525,REF003876,2026-08-16,2026-08-18,2026-08-19,Completed
FU0003526,REF003877,2026-07-03,2026-07-05,2026-07-09,Completed
FU0003527,REF003878,2026-01-28,2026-01-30,2026-01-29,Completed
FU0003528,REF003879,2025-07-29,2025-07-31,2025-07-31,Completed
FU0003529,REF003880,2026-06-26,2026-06-28,2026-06-27,Completed
FU0003530,REF003882,2025-09-16,2025-09-18,2025-09-21,Completed
FU0003531,REF003883,2026-05-17,2026-05-19,2026-05-21,Completed
FU0003532,REF003884,2025-01-12,2025-01-14,2025-01-15,Completed
FU0003533,REF003885,2026-06-22,2026-06-24,2026-06-26,Completed
FU0003534,REF003886,2025-09-15,2025-09-17,2025-09-21,Completed
FU0003535,REF003889,2026-07-18,2026-07-20,2026-07-23,Completed
FU0003536,REF003889,2026-08-31,2026-09-02,,Open
FU0003537,REF003890,2026-07-30,2026-08-01,2026-08-05,Completed
FU0003538,REF003891,2025-09-09,2025-09-11,2025-09-14,Completed
FU0003539,REF003892,2025-04-02,2025-04-04,2025-04-04,Completed
FU0003540,REF003893,2025-06-29,2025-07-01,2025-07-03,Completed
FU0003541,REF003894,2025-11-03,2025-11-05,2025-11-04,Completed
FU0003542,REF003895,2025-03-01,2025-03-03,2025-03-07,Completed
FU0003543,REF003896,2025-09-09,2025-09-11,2025-09-14,Completed
FU0003544,REF003897,2026-03-18,2026-03-20,2026-03-19,Completed
FU0003545,REF003898,2026-03-22,2026-03-24,2026-03-26,Completed
FU0003546,REF003898,2026-08-20,2026-08-22,,Open
FU0003547,REF003899,2025-09-25,2025-09-27,2025-09-30,Completed
FU0003548,REF003900,2025-02-14,2025-02-16,2025-02-20,Completed
FU0003549,REF003901,2026-02-28,2026-03-02,2026-03-01,Completed
FU0003550,REF003902,2025-12-31,2026-01-02,2026-01-02,Completed
FU0003551,REF003904,2025-04-03,2025-04-05,2025-04-06,Completed
FU0003552,REF003905,2026-01-06,2026-01-08,2026-01-12,Completed
FU0003553,REF003905,2026-08-25,2026-08-27,,Open
FU0003554,REF003907,2026-02-05,2026-02-07,2026-02-10,Completed
FU0003555,REF003908,2025-01-11,2025-01-13,2025-01-14,Completed
FU0003556,REF003909,2025-02-27,2025-03-01,2025-03-04,Completed
FU0003557,REF003910,2025-11-25,2025-11-27,2025-12-01,Completed
FU0003558,REF003912,2025-02-11,2025-02-13,2025-02-14,Completed
FU0003559,REF003913,2025-05-14,2025-05-16,2025-05-20,Completed
FU0003560,REF003915,2026-06-01,2026-06-03,2026-06-03,Completed
FU0003561,REF003916,2026-07-18,2026-07-20,2026-07-22,Completed
FU0003562,REF003917,2025-09-13,2025-09-15,2025-09-16,Completed
FU0003563,REF003918,2025-09-07,2025-09-09,2025-09-08,Completed
FU0003564,REF003919,2025-01-15,2025-01-17,2025-01-20,Completed
FU0003565,REF003920,2025-09-07,2025-09-09,2025-09-09,Completed
FU0003566,REF003921,2025-12-09,2025-12-11,2025-12-12,Completed
FU0003567,REF003922,2025-10-26,2025-10-28,2025-10-30,Completed
FU0003568,REF003923,2025-04-12,2025-04-14,2025-04-13,Completed
FU0003569,REF003924,2025-01-23,2025-01-25,2025-01-25,Completed
FU0003570,REF003925,2026-06-16,2026-06-18,2026-06-19,Completed
FU0003571,REF003926,2025-12-10,2025-12-12,2025-12-13,Completed
FU0003572,REF003927,2025-11-01,2025-11-03,2025-11-04,Completed
FU0003573,REF003929,2025-06-14,2025-06-16,2025-06-19,Completed
FU0003574,REF003930,2025-07-14,2025-07-16,2025-07-20,Completed
FU0003575,REF003931,2026-06-06,2026-06-08,2026-06-12,Completed
FU0003576,REF003932,2026-05-24,2026-05-26,2026-05-29,Completed
FU0003577,REF003933,2026-07-02,2026-07-04,2026-07-04,Completed
FU0003578,REF003934,2026-03-02,2026-03-04,2026-03-08,Completed
FU0003579,REF003935,2026-02-08,2026-02-10,2026-02-10,Completed
FU0003580,REF003936,2026-08-30,2026-09-01,2026-08-31,Completed
FU0003581,REF003936,2026-08-30,2026-09-01,,Open
FU0003582,REF003937,2025-06-15,2025-06-17,2025-06-16,Completed
FU0003583,REF003940,2026-04-16,2026-04-18,2026-04-20,Completed
FU0003584,REF003941,2026-02-06,2026-02-08,2026-02-08,Completed
FU0003585,REF003942,2026-05-01,2026-05-03,2026-05-02,Completed
FU0003586,REF003943,2025-08-10,2025-08-12,2025-08-12,Completed
FU0003587,REF003944,2026-04-08,2026-04-10,2026-04-10,Completed
FU0003588,REF003945,2025-08-07,2025-08-09,2025-08-08,Completed
FU0003589,REF003946,2025-09-07,2025-09-09,2025-09-09,Completed
FU0003590,REF003948,2025-12-22,2025-12-24,2025-12-26,Completed
FU0003591,REF003949,2025-08-03,2025-08-05,2025-08-09,Completed
FU0003592,REF003950,2026-07-02,2026-07-04,2026-07-04,Completed
FU0003593,REF003953,2025-01-21,2025-01-23,2025-01-27,Completed
FU0003594,REF003954,2026-04-05,2026-04-07,2026-04-07,Completed
FU0003595,REF003955,2026-08-06,2026-08-08,2026-08-08,Completed
FU0003596,REF003956,2026-07-26,2026-07-28,2026-07-27,Completed
FU0003597,REF003958,2025-09-24,2025-09-26,2025-09-25,Completed
FU0003598,REF003959,2025-08-05,2025-08-07,2025-08-08,Completed
FU0003599,REF003960,2025-06-17,2025-06-19,2025-06-21,Completed
FU0003600,REF003961,2026-05-26,2026-05-28,2026-05-30,Completed
FU0003601,REF003962,2026-07-28,2026-07-30,2026-08-02,Completed
FU0003602,REF003963,2026-03-13,2026-03-15,2026-03-14,Completed
FU0003603,REF003964,2026-02-24,2026-02-26,2026-03-02,Completed
FU0003604,REF003965,2025-10-02,2025-10-04,2025-10-07,Completed
FU0003605,REF003966,2025-10-04,2025-10-06,2025-10-10,Completed
FU0003606,REF003967,2026-05-30,2026-06-01,2026-06-05,Completed
FU0003607,REF003968,2026-08-18,2026-08-20,2026-08-20,Completed
FU0003608,REF003968,2026-08-27,2026-08-29,,Open
FU0003609,REF003969,2026-05-08,2026-05-10,2026-05-12,Completed
FU0003610,REF003970,2025-10-27,2025-10-29,2025-10-28,Completed
FU0003611,REF003971,2025-12-27,2025-12-29,2026-01-01,Completed
FU0003612,REF003972,2026-04-28,2026-04-30,2026-04-30,Completed
FU0003613,REF003973,2026-08-23,2026-08-25,,Open
FU0003614,REF003974,2026-06-17,2026-06-19,2026-06-18,Completed
FU0003615,REF003975,2026-03-24,2026-03-26,2026-03-26,Completed
FU0003616,REF003976,2025-07-25,2025-07-27,2025-07-26,Completed
FU0003617,REF003977,2025-11-14,2025-11-16,2025-11-19,Completed
FU0003618,REF003978,2025-12-23,2025-12-25,2025-12-26,Completed
FU0003619,REF003983,2025-11-26,2025-11-28,2025-11-30,Completed
FU0003620,REF003984,2025-03-12,2025-03-14,2025-03-16,Completed
FU0003621,REF003985,2025-03-18,2025-03-20,2025-03-21,Completed
FU0003622,REF003986,2026-03-23,2026-03-25,2026-03-29,Completed
FU0003623,REF003987,2025-06-01,2025-06-03,2025-06-02,Completed
FU0003624,REF003988,2025-06-01,2025-06-03,2025-06-02,Completed
FU0003625,REF003989,2025-08-05,2025-08-07,2025-08-07,Completed
FU0003626,REF003990,2026-08-19,2026-08-21,2026-08-23,Completed
FU0003627,REF003991,2025-07-11,2025-07-13,2025-07-17,Completed
FU0003628,REF003992,2025-02-20,2025-02-22,2025-02-21,Completed
FU0003629,REF003993,2025-03-10,2025-03-12,2025-03-16,Completed
FU0003630,REF003994,2025-01-03,2025-01-05,2025-01-06,Completed
FU0003631,REF003995,2026-02-04,2026-02-06,2026-02-08,Completed
FU0003632,REF003996,2025-11-12,2025-11-14,2025-11-18,Completed
FU0003633,REF003997,2025-07-16,2025-07-18,2025-07-18,Completed
FU0003634,REF003998,2026-02-14,2026-02-16,2026-02-17,Completed
FU0003635,REF003999,2025-08-03,2025-08-05,2025-08-05,Completed
FU0003636,REF003999,2026-08-29,2026-08-31,,Open
FU0003637,REF004001,2026-05-17,2026-05-19,2026-05-23,Completed
FU0003638,REF004002,2026-03-04,2026-03-06,2026-03-08,Completed
FU0003639,REF004003,2026-08-02,2026-08-04,2026-08-07,Completed
FU0003640,REF004004,2025-11-22,2025-11-24,2025-11-27,Completed
FU0003641,REF004005,2026-02-17,2026-02-19,2026-02-23,Completed
FU0003642,REF004006,2025-03-22,2025-03-24,2025-03-28,Completed
FU0003643,REF004007,2026-03-08,2026-03-10,2026-03-11,Completed
FU0003644,REF004008,2026-04-22,2026-04-24,2026-04-28,Completed
FU0003645,REF004009,2026-07-14,2026-07-16,2026-07-18,Completed
FU0003646,REF004010,2026-03-04,2026-03-06,2026-03-10,Completed
FU0003647,REF004011,2026-03-10,2026-03-12,2026-03-13,Completed
FU0003648,REF004012,2025-10-21,2025-10-23,2025-10-25,Completed
FU0003649,REF004013,2026-08-27,2026-08-29,2026-08-28,Completed
FU0003650,REF004013,2026-08-27,2026-08-29,,Open
FU0003651,REF004014,2025-04-03,2025-04-05,2025-04-07,Completed
FU0003652,REF004015,2025-07-12,2025-07-14,2025-07-16,Completed
FU0003653,REF004016,2026-02-19,2026-02-21,2026-02-21,Completed
FU0003654,REF004017,2025-04-08,2025-04-10,2025-04-13,Completed
FU0003655,REF004017,2026-08-17,2026-08-19,,Open
FU0003656,REF004018,2025-09-30,2025-10-02,2025-10-05,Completed
FU0003657,REF004020,2025-09-29,2025-10-01,2025-10-02,Completed
FU0003658,REF004021,2025-03-16,2025-03-18,2025-03-19,Completed
FU0003659,REF004022,2026-06-30,2026-07-02,2026-07-03,Completed
FU0003660,REF004023,2026-04-21,2026-04-23,2026-04-24,Completed
FU0003661,REF004024,2026-04-17,2026-04-19,2026-04-21,Completed
FU0003662,REF004025,2026-06-26,2026-06-28,2026-06-30,Completed
FU0003663,REF004026,2026-02-24,2026-02-26,2026-02-28,Completed
FU0003664,REF004027,2026-08-28,2026-08-30,2026-08-30,Completed
FU0003665,REF004027,2026-08-28,2026-08-30,,Open
FU0003666,REF004029,2025-11-27,2025-11-29,2025-12-02,Completed
FU0003667,REF004030,2025-05-30,2025-06-01,2025-06-02,Completed
FU0003668,REF004030,2026-08-22,2026-08-24,,Open
FU0003669,REF004031,2025-08-01,2025-08-03,2025-08-07,Completed
FU0003670,REF004032,2026-08-12,2026-08-14,2026-08-15,Completed
FU0003671,REF004032,2026-08-22,2026-08-24,,Open
FU0003672,REF004033,2025-04-21,2025-04-23,2025-04-25,Completed
FU0003673,REF004034,2026-06-27,2026-06-29,2026-06-29,Completed
FU0003674,REF004035,2026-08-16,2026-08-18,2026-08-21,Completed
FU0003675,REF004037,2026-08-14,2026-08-16,2026-08-16,Completed
FU0003676,REF004037,2026-08-23,2026-08-25,,Open
FU0003677,REF004038,2026-01-23,2026-01-25,2026-01-26,Completed
FU0003678,REF004040,2026-02-01,2026-02-03,2026-02-05,Completed
FU0003679,REF004041,2026-07-01,2026-07-03,2026-07-03,Completed
FU0003680,REF004042,2026-06-12,2026-06-14,2026-06-13,Completed
FU0003681,REF004043,2026-01-06,2026-01-08,2026-01-07,Completed
FU0003682,REF004045,2025-07-03,2025-07-05,2025-07-06,Completed
FU0003683,REF004045,2026-08-26,2026-08-28,,Open
FU0003684,REF004046,2026-04-16,2026-04-18,2026-04-19,Completed
FU0003685,REF004047,2025-12-31,2026-01-02,2026-01-01,Completed
FU0003686,REF004048,2026-08-21,2026-08-23,,Open
FU0003687,REF004050,2026-04-29,2026-05-01,2026-05-04,Completed
FU0003688,REF004052,2026-03-22,2026-03-24,2026-03-23,Completed
FU0003689,REF004054,2026-04-17,2026-04-19,2026-04-22,Completed
FU0003690,REF004055,2025-08-10,2025-08-12,2025-08-15,Completed
FU0003691,REF004055,2026-08-16,2026-08-18,,Open
FU0003692,REF004056,2025-11-26,2025-11-28,2025-11-30,Completed
FU0003693,REF004057,2025-02-01,2025-02-03,2025-02-05,Completed
FU0003694,REF004057,2026-08-29,,,Open
FU0003695,REF004058,2025-11-18,2025-11-20,2025-11-24,Completed
FU0003696,REF004059,2026-07-21,2026-07-23,2026-07-27,Completed
FU0003697,REF004059,2026-08-18,2026-08-20,,Open
FU0003698,REF004060,2025-08-19,2025-08-21,2025-08-21,Completed
FU0003699,REF004061,2026-02-17,2026-02-19,2026-02-20,Completed
FU0003700,REF004062,2025-02-09,2025-02-11,2025-02-10,Completed
FU0003701,REF004063,2025-10-04,2025-10-06,2025-10-05,Completed
FU0003702,REF004064,2025-04-25,2025-04-27,2025-04-28,Completed
FU0003703,REF004065,2026-03-15,2026-03-17,2026-03-17,Completed
FU0003704,REF004066,2026-08-16,2026-08-18,2026-08-17,Completed
FU0003705,REF004066,2026-08-22,2026-08-24,,Open
FU0003706,REF004068,2026-03-31,2026-04-02,2026-04-04,Completed
FU0003707,REF004069,2025-06-28,2025-06-30,2025-07-02,Completed
FU0003708,REF004070,2025-12-12,2025-12-14,2025-12-17,Completed
FU0003709,REF004071,2025-12-20,2025-12-22,2025-12-26,Completed
FU0003710,REF004072,2026-03-10,2026-03-12,2026-03-15,Completed
FU0003711,REF004073,2025-10-10,2025-10-12,2025-10-11,Completed
FU0003712,REF004074,2025-01-16,2025-01-18,2025-01-19,Completed
FU0003713,REF004074,2026-08-25,2026-08-27,,Open
FU0003714,REF004075,2025-09-10,2025-09-12,2025-09-13,Completed
FU0003715,REF004076,2026-06-06,2026-06-08,2026-06-07,Completed
FU0003716,REF004076,2026-08-18,2026-08-20,,Open
FU0003717,REF004077,2025-07-01,2025-07-03,2025-07-06,Completed
FU0003718,REF004078,2026-01-18,2026-01-20,2026-01-24,Completed
FU0003719,REF004079,2026-01-18,2026-01-20,2026-01-22,Completed
FU0003720,REF004080,2026-08-29,2026-08-31,2026-08-31,Completed
FU0003721,REF004081,2025-09-05,2025-09-07,2025-09-06,Completed
FU0003722,REF004082,2025-07-05,2025-07-07,2025-07-06,Completed
FU0003723,REF004083,2025-01-15,2025-01-17,2025-01-21,Completed
FU0003724,REF004085,2026-07-21,2026-07-23,2026-07-27,Completed
FU0003725,REF004086,2026-05-08,2026-05-10,2026-05-12,Completed
FU0003726,REF004087,2025-05-11,2025-05-13,2025-05-13,Completed
FU0003727,REF004088,2026-06-04,2026-06-06,2026-06-05,Completed
FU0003728,REF004089,2026-02-03,2026-02-05,2026-02-05,Completed
FU0003729,REF004090,2026-04-03,2026-04-05,2026-04-05,Completed
FU0003730,REF004092,2025-11-02,2025-11-04,2025-11-08,Completed
FU0003731,REF004093,2026-04-17,2026-04-19,2026-04-18,Completed
FU0003732,REF004094,2025-03-29,2025-03-31,2025-04-02,Completed
FU0003733,REF004095,2025-06-05,2025-06-07,2025-06-06,Completed
FU0003734,REF004096,2025-10-26,2025-10-28,2025-10-31,Completed
FU0003735,REF004097,2025-08-01,2025-08-03,2025-08-03,Completed
FU0003736,REF004098,2026-03-07,2026-03-09,2026-03-13,Completed
FU0003737,REF004099,2026-03-16,2026-03-18,2026-03-20,Completed
FU0003738,REF004100,2026-01-25,2026-01-27,2026-01-30,Completed
FU0003739,REF004102,2026-06-12,2026-06-14,2026-06-17,Completed
FU0003740,REF004103,2025-05-09,2025-05-11,2025-05-15,Completed
FU0003741,REF004104,2025-10-21,2025-10-23,2025-10-24,Completed
FU0003742,REF004105,2025-06-10,2025-06-12,2025-06-14,Completed
FU0003743,REF004106,2025-10-28,2025-10-30,2025-10-30,Completed
FU0003744,REF004108,2025-03-23,2025-03-25,2025-03-25,Completed
FU0003745,REF004109,2025-12-13,2025-12-15,2025-12-15,Completed
FU0003746,REF004110,2026-04-18,2026-04-20,2026-04-19,Completed
FU0003747,REF004111,2026-03-28,2026-03-30,2026-03-29,Completed
FU0003748,REF004113,2026-05-03,2026-05-05,2026-05-06,Completed
FU0003749,REF004114,2025-07-12,2025-07-14,2025-07-18,Completed
FU0003750,REF004115,2026-05-16,2026-05-18,2026-05-18,Completed
FU0003751,REF004116,2025-05-29,2025-05-31,2025-06-02,Completed
FU0003752,REF004117,2025-08-08,2025-08-10,2025-08-13,Completed
FU0003753,REF004118,2025-06-22,2025-06-24,2025-06-27,Completed
FU0003754,REF004120,2025-12-07,2025-12-09,2025-12-10,Completed
FU0003755,REF004121,2026-03-24,2026-03-26,2026-03-25,Completed
FU0003756,REF004122,2026-08-25,2026-08-27,2026-08-27,Completed
FU0003757,REF004124,2026-06-05,2026-06-07,2026-06-09,Completed
FU0003758,REF004125,2025-07-23,2025-07-25,2025-07-28,Completed
FU0003759,REF004126,2025-08-18,2025-08-20,2025-08-24,Completed
FU0003760,REF004127,2026-05-18,2026-05-20,2026-05-20,Completed
FU0003761,REF004128,2025-02-04,2025-02-06,2025-02-05,Completed
FU0003762,REF004129,2025-06-05,2025-06-07,2025-06-11,Completed
FU0003763,REF004129,2026-08-28,2026-08-30,,Open
FU0003764,REF004130,2025-04-20,2025-04-22,2025-04-21,Completed
FU0003765,REF004131,2025-05-06,2025-05-08,2025-05-09,Completed
FU0003766,REF004132,2026-04-30,2026-05-02,2026-05-06,Completed
FU0003767,REF004132,2026-08-24,2026-08-26,,Open
FU0003768,REF004133,2025-05-12,2025-05-14,2025-05-18,Completed
FU0003769,REF004135,2025-06-06,2025-06-08,2025-06-10,Completed
FU0003770,REF004136,2026-08-05,2026-08-07,2026-08-09,Completed
FU0003771,REF004137,2026-02-01,2026-02-03,2026-02-07,Completed
FU0003772,REF004138,2026-06-09,2026-06-11,2026-06-12,Completed
FU0003773,REF004139,2025-07-09,2025-07-11,2025-07-11,Completed
FU0003774,REF004140,2026-05-24,2026-05-26,2026-05-28,Completed
FU0003775,REF004141,2026-06-09,2026-06-11,2026-06-13,Completed
FU0003776,REF004142,2025-05-24,2025-05-26,2025-05-29,Completed
FU0003777,REF004143,2025-05-04,2025-05-06,2025-05-09,Completed
FU0003778,REF004144,2026-02-23,2026-02-25,2026-02-25,Completed
FU0003779,REF004145,2026-08-25,2026-08-27,,Open
FU0003780,REF004146,2025-10-14,2025-10-16,2025-10-19,Completed
FU0003781,REF004147,2026-06-29,2026-07-01,2026-07-01,Completed
FU0003782,REF004148,2025-02-21,2025-02-23,2025-02-27,Completed
FU0003783,REF004149,2026-08-16,2026-08-18,2026-08-20,Completed
FU0003784,REF004150,2026-06-25,2026-06-27,2026-07-01,Completed
FU0003785,REF004151,2025-06-21,2025-06-23,2025-06-23,Completed
FU0003786,REF004153,2026-07-04,2026-07-06,2026-07-09,Completed
FU0003787,REF004154,2026-04-26,2026-04-28,2026-04-27,Completed
FU0003788,REF004155,2026-05-23,2026-05-25,2026-05-29,Completed
FU0003789,REF004155,2026-08-20,2026-08-22,,Open
FU0003790,REF004156,2025-01-11,2025-01-13,2025-01-15,Completed
FU0003791,REF004157,2026-06-10,2026-06-12,2026-06-11,Completed
FU0003792,REF004158,2025-01-23,2025-01-25,2025-01-28,Completed
FU0003793,REF004159,2025-10-21,2025-10-23,2025-10-22,Completed
FU0003794,REF004160,2026-08-12,2026-08-14,2026-08-17,Completed
FU0003795,REF004160,2026-08-25,,,Open
FU0003796,REF004161,2026-05-13,2026-05-15,2026-05-17,Completed
FU0003797,REF004162,2026-06-06,2026-06-08,2026-06-11,Completed
FU0003798,REF004163,2026-06-19,2026-06-21,2026-06-23,Completed
FU0003799,REF004165,2025-03-18,2025-03-20,2025-03-24,Completed
FU0003800,REF004166,2026-04-06,2026-04-08,2026-04-11,Completed
FU0003801,REF004167,2025-12-22,2025-12-24,2025-12-26,Completed
FU0003802,REF004168,2025-05-12,2025-05-14,2025-05-14,Completed
FU0003803,REF004168,2026-08-24,2026-08-26,,Open
FU0003804,REF004171,2025-09-16,2025-09-18,2025-09-22,Completed
FU0003805,REF004172,2025-07-30,2025-08-01,2025-07-31,Completed
FU0003806,REF004173,2025-09-19,2025-09-21,2025-09-22,Completed
FU0003807,REF004174,2026-04-19,2026-04-21,2026-04-23,Completed
FU0003808,REF004175,2026-03-08,2026-03-10,2026-03-12,Completed
FU0003809,REF004177,2025-12-13,2025-12-15,2025-12-14,Completed
FU0003810,REF004178,2025-02-08,2025-02-10,2025-02-12,Completed
FU0003811,REF004179,2026-02-28,2026-03-02,2026-03-04,Completed
FU0003812,REF004181,2025-02-06,2025-02-08,2025-02-09,Completed
FU0003813,REF004181,2026-08-17,,,Open
FU0003814,REF004182,2026-02-09,2026-02-11,2026-02-15,Completed
FU0003815,REF004183,2025-04-10,2025-04-12,2025-04-14,Completed
FU0003816,REF004184,2025-06-12,2025-06-14,2025-06-17,Completed
FU0003817,REF004185,2025-07-22,2025-07-24,2025-07-23,Completed
FU0003818,REF004186,2025-03-03,2025-03-05,2025-03-04,Completed
FU0003819,REF004187,2026-06-26,2026-06-28,2026-06-27,Completed
FU0003820,REF004188,2025-08-13,2025-08-15,2025-08-15,Completed
FU0003821,REF004190,2026-03-10,2026-03-12,2026-03-11,Completed
FU0003822,REF004191,2026-07-08,2026-07-10,2026-07-10,Completed
FU0003823,REF004191,2026-08-25,2026-08-27,,Open
FU0003824,REF004192,2026-06-08,2026-06-10,2026-06-11,Completed
FU0003825,REF004193,2025-10-27,2025-10-29,2025-10-30,Completed
FU0003826,REF004194,2026-04-19,2026-04-21,2026-04-23,Completed
FU0003827,REF004196,2025-11-14,2025-11-16,2025-11-16,Completed
FU0003828,REF004197,2026-04-26,2026-04-28,2026-05-01,Completed
FU0003829,REF004198,2025-09-27,2025-09-29,2025-10-02,Completed
FU0003830,REF004199,2026-04-29,2026-05-01,2026-05-05,Completed
FU0003831,REF004200,2026-06-30,2026-07-02,2026-07-01,Completed
FU0003832,REF004200,2026-08-16,2026-08-18,,Open
FU0003833,REF004201,2026-03-07,2026-03-09,2026-03-10,Completed
FU0003834,REF004202,2026-06-24,2026-06-26,2026-06-28,Completed
FU0003835,REF004203,2026-03-24,2026-03-26,2026-03-28,Completed
FU0003836,REF004205,2025-02-14,2025-02-16,2025-02-20,Completed
FU0003837,REF004205,2026-08-31,,,Open
FU0003838,REF004206,2025-12-02,2025-12-04,2025-12-06,Completed
FU0003839,REF004207,2025-04-24,2025-04-26,2025-04-27,Completed
FU0003840,REF004209,2025-03-04,2025-03-06,2025-03-10,Completed
FU0003841,REF004210,2025-04-24,2025-04-26,2025-04-29,Completed
FU0003842,REF004211,2025-07-26,2025-07-28,2025-07-28,Completed
FU0003843,REF004212,2025-09-06,2025-09-08,2025-09-08,Completed
FU0003844,REF004215,2026-06-15,2026-06-17,2026-06-18,Completed
FU0003845,REF004216,2025-04-10,2025-04-12,2025-04-12,Completed
FU0003846,REF004217,2025-09-03,2025-09-05,2025-09-04,Completed
FU0003847,REF004218,2026-01-02,2026-01-04,2026-01-04,Completed
FU0003848,REF004220,2025-07-12,2025-07-14,2025-07-15,Completed
FU0003849,REF004221,2025-05-05,2025-05-07,2025-05-08,Completed
FU0003850,REF004222,2025-02-25,2025-02-27,2025-02-27,Completed
FU0003851,REF004223,2025-05-08,2025-05-10,2025-05-11,Completed
FU0003852,REF004224,2025-08-06,2025-08-08,2025-08-07,Completed
FU0003853,REF004225,2026-08-24,2026-08-26,2026-08-30,Completed
FU0003854,REF004225,2026-08-24,2026-08-26,,Open
FU0003855,REF004226,2025-05-05,2025-05-07,2025-05-06,Completed
FU0003856,REF004227,2026-04-02,2026-04-04,2026-04-08,Completed
FU0003857,REF004228,2025-12-26,2025-12-28,2025-12-30,Completed
FU0003858,REF004229,2026-05-08,2026-05-10,2026-05-12,Completed
FU0003859,REF004229,2026-08-21,2026-08-23,,Open
FU0003860,REF004230,2026-04-22,2026-04-24,2026-04-24,Completed
FU0003861,REF004231,2026-05-29,2026-05-31,2026-06-02,Completed
FU0003862,REF004233,2025-06-30,2025-07-02,2025-07-06,Completed
FU0003863,REF004234,2025-04-19,2025-04-21,2025-04-24,Completed
FU0003864,REF004236,2026-06-28,2026-06-30,2026-07-04,Completed
FU0003865,REF004237,2026-08-21,2026-08-23,2026-08-27,Completed
FU0003866,REF004237,2026-08-27,2026-08-29,,Open
FU0003867,REF004238,2026-04-13,2026-04-15,2026-04-16,Completed
FU0003868,REF004239,2025-06-24,2025-06-26,2025-06-27,Completed
FU0003869,REF004240,2025-06-08,2025-06-10,2025-06-12,Completed
FU0003870,REF004240,2026-08-20,2026-08-22,,Open
FU0003871,REF004241,2026-03-06,2026-03-08,2026-03-10,Completed
FU0003872,REF004242,2025-08-09,2025-08-11,2025-08-10,Completed
FU0003873,REF004244,2025-01-16,2025-01-18,2025-01-19,Completed
FU0003874,REF004247,2026-03-07,2026-03-09,2026-03-11,Completed
FU0003875,REF004249,2026-04-28,2026-04-30,2026-05-02,Completed
FU0003876,REF004250,2026-08-08,2026-08-10,2026-08-11,Completed
FU0003877,REF004252,2026-07-21,2026-07-23,2026-07-25,Completed
FU0003878,REF004253,2025-06-07,2025-06-09,2025-06-10,Completed
FU0003879,REF004254,2025-07-15,2025-07-17,2025-07-17,Completed
FU0003880,REF004255,2026-05-19,2026-05-21,2026-05-24,Completed
FU0003881,REF004256,2025-05-15,2025-05-17,2025-05-19,Completed
FU0003882,REF004257,2025-02-19,2025-02-21,2025-02-24,Completed
FU0003883,REF004258,2025-08-18,2025-08-20,2025-08-21,Completed
FU0003884,REF004259,2025-10-03,2025-10-05,2025-10-04,Completed
FU0003885,REF004260,2025-07-06,2025-07-08,2025-07-09,Completed
FU0003886,REF004261,2026-02-01,2026-02-03,2026-02-07,Completed
FU0003887,REF004263,2025-10-26,2025-10-28,2025-10-27,Completed
FU0003888,REF004266,2025-12-06,2025-12-08,2025-12-07,Completed
FU0003889,REF004267,2025-02-13,2025-02-15,2025-02-16,Completed
FU0003890,REF004268,2025-08-26,2025-08-28,2025-08-27,Completed
FU0003891,REF004269,2026-08-25,2026-08-27,,Open
FU0003892,REF004270,2026-03-19,2026-03-21,2026-03-24,Completed
FU0003893,REF004271,2025-04-03,2025-04-05,2025-04-06,Completed
FU0003894,REF004272,2026-05-24,2026-05-26,2026-05-25,Completed
FU0003895,REF004274,2026-01-27,2026-01-29,2026-02-01,Completed
FU0003896,REF004275,2025-02-18,2025-02-20,2025-02-21,Completed
FU0003897,REF004277,2025-09-12,2025-09-14,2025-09-14,Completed
FU0003898,REF004278,2025-11-24,2025-11-26,2025-11-25,Completed
FU0003899,REF004279,2025-11-28,2025-11-30,2025-12-03,Completed
FU0003900,REF004280,2026-05-07,2026-05-09,2026-05-11,Completed
FU0003901,REF004281,2025-10-08,2025-10-10,2025-10-11,Completed
FU0003902,REF004282,2025-07-13,2025-07-15,2025-07-15,Completed
FU0003903,REF004283,2025-09-27,2025-09-29,2025-10-02,Completed
FU0003904,REF004284,2026-02-28,2026-03-02,2026-03-02,Completed
FU0003905,REF004285,2026-06-21,2026-06-23,2026-06-27,Completed
FU0003906,REF004285,2026-08-30,2026-09-01,,Open
FU0003907,REF004287,2025-12-23,2025-12-25,2025-12-28,Completed
FU0003908,REF004289,2025-04-14,2025-04-16,2025-04-19,Completed
FU0003909,REF004292,2025-06-27,2025-06-29,2025-06-28,Completed
FU0003910,REF004293,2026-02-20,2026-02-22,2026-02-25,Completed
FU0003911,REF004294,2025-12-27,2025-12-29,2025-12-28,Completed
FU0003912,REF004295,2025-03-20,2025-03-22,2025-03-24,Completed
FU0003913,REF004296,2025-01-30,2025-02-01,2025-02-01,Completed
FU0003914,REF004296,2026-08-22,2026-08-24,,Open
FU0003915,REF004297,2025-12-09,2025-12-11,2025-12-12,Completed
FU0003916,REF004300,2025-12-25,2025-12-27,2025-12-27,Completed
FU0003917,REF004300,2026-08-29,,,Open
FU0003918,REF004303,2025-12-01,2025-12-03,2025-12-02,Completed
FU0003919,REF004304,2025-03-24,2025-03-26,2025-03-25,Completed
FU0003920,REF004305,2026-02-23,2026-02-25,2026-02-28,Completed
FU0003921,REF004305,2026-08-22,2026-08-24,,Open
FU0003922,REF004306,2025-11-11,2025-11-13,2025-11-14,Completed
FU0003923,REF004306,2026-08-24,2026-08-26,,Open
FU0003924,REF004307,2025-12-12,2025-12-14,2025-12-15,Completed
FU0003925,REF004308,2025-04-20,2025-04-22,2025-04-23,Completed
FU0003926,REF004309,2025-01-08,2025-01-10,2025-01-13,Completed
FU0003927,REF004309,2026-08-31,2026-09-02,,Open
FU0003928,REF004310,2025-06-19,2025-06-21,2025-06-24,Completed
FU0003929,REF004311,2025-11-23,2025-11-25,2025-11-27,Completed
FU0003930,REF004311,2026-08-19,2026-08-21,,Open
FU0003931,REF004312,2025-04-29,2025-05-01,2025-05-03,Completed
FU0003932,REF004313,2026-05-07,2026-05-09,2026-05-08,Completed
FU0003933,REF004315,2025-06-06,2025-06-08,2025-06-08,Completed
FU0003934,REF004317,2025-10-08,2025-10-10,2025-10-12,Completed
FU0003935,REF004318,2026-05-12,2026-05-14,2026-05-15,Completed
FU0003936,REF004319,2026-06-15,2026-06-17,2026-06-20,Completed
FU0003937,REF004320,2026-06-16,2026-06-18,2026-06-18,Completed
FU0003938,REF004321,2025-12-24,2025-12-26,2025-12-27,Completed
FU0003939,REF004323,2025-10-08,2025-10-10,2025-10-13,Completed
FU0003940,REF004324,2026-08-22,2026-08-24,2026-08-25,Completed
FU0003941,REF004324,2026-08-29,2026-08-31,,Open
FU0003942,REF004325,2026-08-19,2026-08-21,,Open
FU0003943,REF004326,2025-12-06,2025-12-08,2025-12-07,Completed
FU0003944,REF004327,2026-06-25,2026-06-27,2026-06-27,Completed
FU0003945,REF004328,2025-03-13,2025-03-15,2025-03-17,Completed
FU0003946,REF004328,2026-08-25,2026-08-27,,Open
FU0003947,REF004329,2026-08-22,2026-08-24,,Open
FU0003948,REF004332,2025-10-05,2025-10-07,2025-10-06,Completed
FU0003949,REF004333,2026-03-14,2026-03-16,2026-03-20,Completed
FU0003950,REF004334,2026-05-06,2026-05-08,2026-05-12,Completed
FU0003951,REF004336,2026-03-16,2026-03-18,2026-03-20,Completed
FU0003952,REF004337,2026-05-07,2026-05-09,2026-05-11,Completed
FU0003953,REF004338,2026-02-02,2026-02-04,2026-02-04,Completed
FU0003954,REF004339,2026-01-13,2026-01-15,2026-01-19,Completed
FU0003955,REF004340,2025-06-04,2025-06-06,2025-06-05,Completed
FU0003956,REF004342,2025-02-05,2025-02-07,2025-02-06,Completed
FU0003957,REF004343,2026-06-20,2026-06-22,2026-06-25,Completed
FU0003958,REF004344,2026-05-24,2026-05-26,2026-05-25,Completed
FU0003959,REF004345,2025-04-10,2025-04-12,2025-04-12,Completed
FU0003960,REF004346,2025-11-22,2025-11-24,2025-11-28,Completed
FU0003961,REF004346,2026-08-29,2026-08-31,,Open
FU0003962,REF004347,2025-08-10,2025-08-12,2025-08-12,Completed
FU0003963,REF004349,2026-06-23,2026-06-25,2026-06-27,Completed
FU0003964,REF004350,2026-08-03,2026-08-05,2026-08-06,Completed
FU0003965,REF004351,2026-01-28,2026-01-30,2026-02-01,Completed
FU0003966,REF004352,2026-05-06,2026-05-08,2026-05-08,Completed
FU0003967,REF004352,2026-08-24,2026-08-26,,Open
FU0003968,REF004353,2025-08-09,2025-08-11,2025-08-14,Completed
FU0003969,REF004354,2025-08-27,2025-08-29,2025-08-31,Completed
FU0003970,REF004355,2025-02-06,2025-02-08,2025-02-12,Completed
FU0003971,REF004356,2025-11-19,2025-11-21,2025-11-20,Completed
FU0003972,REF004357,2025-05-04,2025-05-06,2025-05-09,Completed
FU0003973,REF004358,2025-02-17,2025-02-19,2025-02-19,Completed
FU0003974,REF004360,2025-10-30,2025-11-01,2025-11-05,Completed
FU0003975,REF004361,2025-01-04,2025-01-06,2025-01-06,Completed
FU0003976,REF004363,2026-05-15,2026-05-17,2026-05-19,Completed
FU0003977,REF004364,2026-08-18,2026-08-20,2026-08-19,Completed
FU0003978,REF004364,2026-08-26,2026-08-28,,Open
FU0003979,REF004365,2025-02-03,2025-02-05,2025-02-07,Completed
FU0003980,REF004366,2025-04-28,2025-04-30,2025-05-04,Completed
FU0003981,REF004367,2026-08-05,2026-08-07,2026-08-06,Completed
FU0003982,REF004368,2025-09-11,2025-09-13,2025-09-17,Completed
FU0003983,REF004369,2025-03-24,2025-03-26,2025-03-27,Completed
FU0003984,REF004370,2026-07-19,2026-07-21,2026-07-22,Completed
FU0003985,REF004371,2026-08-25,2026-08-27,2026-08-27,Completed
FU0003986,REF004371,2026-08-29,2026-08-31,,Open
FU0003987,REF004372,2025-08-27,2025-08-29,2025-08-29,Completed
FU0003988,REF004373,2025-04-27,2025-04-29,2025-04-29,Completed
FU0003989,REF004375,2025-06-14,2025-06-16,2025-06-20,Completed
FU0003990,REF004376,2025-02-12,2025-02-14,2025-02-13,Completed
FU0003991,REF004377,2026-05-29,2026-05-31,2026-06-02,Completed
FU0003992,REF004378,2026-03-07,2026-03-09,2026-03-11,Completed
FU0003993,REF004380,2025-12-04,2025-12-06,2025-12-07,Completed
FU0003994,REF004382,2025-06-23,2025-06-25,2025-06-28,Completed
FU0003995,REF004383,2025-09-08,2025-09-10,2025-09-11,Completed
FU0003996,REF004384,2026-08-27,2026-08-29,2026-08-31,Completed
FU0003997,REF004384,2026-08-27,2026-08-29,,Open
FU0003998,REF004385,2025-01-27,2025-01-29,2025-01-30,Completed
FU0003999,REF004386,2025-05-10,2025-05-12,2025-05-12,Completed
FU0004000,REF004387,2026-05-07,2026-05-09,2026-05-08,Completed
FU0004001,REF004388,2026-08-26,2026-08-28,,Open
FU0004002,REF004389,2025-12-25,2025-12-27,2025-12-28,Completed
FU0004003,REF004389,2026-08-29,2026-08-31,,Open
FU0004004,REF004390,2025-03-20,2025-03-22,2025-03-24,Completed
FU0004005,REF004390,2026-08-21,2026-08-23,,Open
FU0004006,REF004391,2025-06-07,2025-06-09,2025-06-08,Completed
FU0004007,REF004392,2025-04-13,2025-04-15,2025-04-15,Completed
FU0004008,REF004392,2026-08-30,2026-09-01,,Open
FU0004009,REF004393,2026-05-09,2026-05-11,2026-05-13,Completed
FU0004010,REF004394,2025-02-16,2025-02-18,2025-02-19,Completed
FU0004011,REF004395,2026-04-10,2026-04-12,2026-04-15,Completed
FU0004012,REF004396,2025-06-26,2025-06-28,2025-07-01,Completed
FU0004013,REF004397,2025-11-08,2025-11-10,2025-11-10,Completed
FU0004014,REF004398,2025-10-05,2025-10-07,2025-10-06,Completed
FU0004015,REF004399,2025-07-23,2025-07-25,2025-07-26,Completed
FU0004016,REF004401,2025-10-10,2025-10-12,2025-10-13,Completed
FU0004017,REF004402,2026-07-09,2026-07-11,2026-07-10,Completed
FU0004018,REF004403,2025-03-31,2025-04-02,2025-04-01,Completed
FU0004019,REF004404,2026-07-29,2026-07-31,2026-08-01,Completed
FU0004020,REF004406,2026-04-29,2026-05-01,2026-05-03,Completed
FU0004021,REF004408,2025-05-23,2025-05-25,2025-05-28,Completed
FU0004022,REF004409,2026-06-08,2026-06-10,2026-06-11,Completed
FU0004023,REF004410,2025-03-02,2025-03-04,2025-03-03,Completed
FU0004024,REF004411,2026-08-11,2026-08-13,2026-08-13,Completed
FU0004025,REF004412,2026-06-20,2026-06-22,2026-06-21,Completed
FU0004026,REF004413,2025-11-08,2025-11-10,2025-11-13,Completed
FU0004027,REF004416,2025-01-08,2025-01-10,2025-01-12,Completed
FU0004028,REF004417,2025-04-26,2025-04-28,2025-05-01,Completed
FU0004029,REF004418,2025-05-03,2025-05-05,2025-05-05,Completed
FU0004030,REF004419,2026-06-21,2026-06-23,2026-06-26,Completed
FU0004031,REF004422,2025-09-10,2025-09-12,2025-09-13,Completed
FU0004032,REF004422,2026-08-27,2026-08-29,,Open
FU0004033,REF004424,2026-04-12,2026-04-14,2026-04-16,Completed
FU0004034,REF004425,2026-06-16,2026-06-18,2026-06-22,Completed
FU0004035,REF004426,2025-03-19,2025-03-21,2025-03-25,Completed
FU0004036,REF004427,2025-12-14,2025-12-16,2025-12-20,Completed
FU0004037,REF004428,2026-04-03,2026-04-05,2026-04-08,Completed
FU0004038,REF004431,2026-07-17,2026-07-19,2026-07-19,Completed
FU0004039,REF004432,2025-06-06,2025-06-08,2025-06-09,Completed
FU0004040,REF004433,2025-02-07,2025-02-09,2025-02-09,Completed
FU0004041,REF004436,2026-01-17,2026-01-19,2026-01-22,Completed
FU0004042,REF004437,2026-03-19,2026-03-21,2026-03-21,Completed
FU0004043,REF004438,2025-01-05,2025-01-07,2025-01-08,Completed
FU0004044,REF004438,2026-08-26,2026-08-28,,Open
FU0004045,REF004439,2025-05-09,2025-05-11,2025-05-13,Completed
FU0004046,REF004440,2025-12-19,2025-12-21,2025-12-24,Completed
FU0004047,REF004441,2025-06-15,2025-06-17,2025-06-16,Completed
FU0004048,REF004441,2026-08-28,2026-08-30,,Open
FU0004049,REF004442,2026-04-20,2026-04-22,2026-04-21,Completed
FU0004050,REF004443,2025-05-15,2025-05-17,2025-05-16,Completed
FU0004051,REF004444,2025-04-19,2025-04-21,2025-04-22,Completed
FU0004052,REF004445,2026-02-23,2026-02-25,2026-02-28,Completed
FU0004053,REF004446,2026-02-16,2026-02-18,2026-02-17,Completed
FU0004054,REF004447,2025-09-19,2025-09-21,2025-09-20,Completed
FU0004055,REF004448,2026-01-08,2026-01-10,2026-01-13,Completed
FU0004056,REF004449,2026-06-08,2026-06-10,2026-06-09,Completed
FU0004057,REF004450,2025-11-03,2025-11-05,2025-11-04,Completed
FU0004058,REF004452,2025-12-28,2025-12-30,2025-12-30,Completed
FU0004059,REF004453,2026-08-15,2026-08-17,2026-08-17,Completed
FU0004060,REF004453,2026-08-24,2026-08-26,,Open
FU0004061,REF004454,2026-03-27,2026-03-29,2026-03-28,Completed
FU0004062,REF004455,2025-08-20,2025-08-22,2025-08-24,Completed
FU0004063,REF004456,2026-03-11,2026-03-13,2026-03-12,Completed
FU0004064,REF004457,2026-02-27,2026-03-01,2026-03-03,Completed
FU0004065,REF004458,2026-01-12,2026-01-14,2026-01-15,Completed
FU0004066,REF004459,2026-08-07,2026-08-09,2026-08-11,Completed
FU0004067,REF004460,2026-01-23,2026-01-25,2026-01-28,Completed
FU0004068,REF004461,2025-10-02,2025-10-04,2025-10-07,Completed
FU0004069,REF004462,2025-12-25,2025-12-27,2025-12-27,Completed
FU0004070,REF004465,2025-07-01,2025-07-03,2025-07-04,Completed
FU0004071,REF004466,2025-05-20,2025-05-22,2025-05-22,Completed
FU0004072,REF004468,2026-03-04,2026-03-06,2026-03-07,Completed
FU0004073,REF004469,2026-08-16,2026-08-18,2026-08-22,Completed
FU0004074,REF004470,2025-05-28,2025-05-30,2025-06-01,Completed
FU0004075,REF004471,2025-09-27,2025-09-29,2025-09-30,Completed
FU0004076,REF004472,2026-08-27,2026-08-29,2026-08-31,Completed
FU0004077,REF004474,2026-04-06,2026-04-08,2026-04-07,Completed
FU0004078,REF004476,2025-04-25,2025-04-27,2025-04-29,Completed
FU0004079,REF004477,2025-09-07,2025-09-09,2025-09-12,Completed
FU0004080,REF004477,2026-08-18,2026-08-20,,Open
FU0004081,REF004478,2026-07-30,2026-08-01,2026-08-04,Completed
FU0004082,REF004479,2026-03-30,2026-04-01,2026-04-02,Completed
FU0004083,REF004480,2025-11-15,2025-11-17,2025-11-19,Completed
FU0004084,REF004481,2026-01-11,2026-01-13,2026-01-14,Completed
FU0004085,REF004481,2026-08-26,,,Open
FU0004086,REF004482,2026-03-09,2026-03-11,2026-03-14,Completed
FU0004087,REF004483,2025-05-11,2025-05-13,2025-05-14,Completed
FU0004088,REF004484,2026-01-20,2026-01-22,2026-01-24,Completed
FU0004089,REF004485,2026-03-21,2026-03-23,2026-03-22,Completed
FU0004090,REF004486,2026-06-08,2026-06-10,2026-06-14,Completed
FU0004091,REF004487,2025-03-02,2025-03-04,2025-03-05,Completed
FU0004092,REF004487,2026-08-30,2026-09-01,,Open
FU0004093,REF004488,2026-02-14,2026-02-16,2026-02-17,Completed
FU0004094,REF004489,2025-01-08,2025-01-10,2025-01-10,Completed
FU0004095,REF004491,2025-06-30,2025-07-02,2025-07-01,Completed
FU0004096,REF004492,2026-06-25,2026-06-27,2026-06-27,Completed
FU0004097,REF004493,2025-07-19,2025-07-21,2025-07-23,Completed
FU0004098,REF004495,2026-06-28,2026-06-30,2026-07-01,Completed
FU0004099,REF004496,2025-10-20,2025-10-22,2025-10-23,Completed
FU0004100,REF004497,2026-03-29,2026-03-31,2026-03-30,Completed
FU0004101,REF004498,2025-09-09,2025-09-11,2025-09-10,Completed
FU0004102,REF004499,2025-05-05,2025-05-07,2025-05-10,Completed
FU0004103,REF004500,2026-05-31,2026-06-02,2026-06-06,Completed
FU0004104,REF004502,2025-02-26,2025-02-28,2025-02-28,Completed
FU0004105,REF004503,2025-08-26,2025-08-28,2025-08-27,Completed
FU0004106,REF004504,2025-08-29,2025-08-31,2025-08-31,Completed
FU0004107,REF004505,2025-03-12,2025-03-14,2025-03-15,Completed
FU0004108,REF004506,2026-08-01,2026-08-03,2026-08-05,Completed
FU0004109,REF004507,2025-06-28,2025-06-30,2025-06-29,Completed
FU0004110,REF004507,2026-08-27,2026-08-29,,Open
FU0004111,REF004509,2026-01-04,2026-01-06,2026-01-10,Completed
FU0004112,REF004510,2025-03-06,2025-03-08,2025-03-07,Completed
FU0004113,REF004511,2025-01-20,2025-01-22,2025-01-23,Completed
FU0004114,REF004512,2025-06-11,2025-06-13,2025-06-12,Completed
FU0004115,REF004514,2025-09-27,2025-09-29,2025-10-02,Completed
FU0004116,REF004515,2026-08-09,2026-08-11,2026-08-15,Completed
FU0004117,REF004516,2026-02-16,2026-02-18,2026-02-19,Completed
FU0004118,REF004517,2025-01-23,2025-01-25,2025-01-24,Completed
FU0004119,REF004518,2026-03-27,2026-03-29,2026-04-01,Completed
FU0004120,REF004518,2026-08-28,2026-08-30,,Open
FU0004121,REF004519,2025-08-23,2025-08-25,2025-08-27,Completed
FU0004122,REF004520,2025-10-08,2025-10-10,2025-10-14,Completed
FU0004123,REF004522,2025-11-20,2025-11-22,2025-11-25,Completed
FU0004124,REF004523,2026-03-03,2026-03-05,2026-03-07,Completed
FU0004125,REF004524,2026-02-01,2026-02-03,2026-02-06,Completed
FU0004126,REF004525,2026-01-02,2026-01-04,2026-01-05,Completed
FU0004127,REF004526,2026-05-25,2026-05-27,2026-05-28,Completed
FU0004128,REF004527,2026-01-28,2026-01-30,2026-01-30,Completed
FU0004129,REF004528,2026-05-06,2026-05-08,2026-05-09,Completed
FU0004130,REF004529,2026-01-31,2026-02-02,2026-02-03,Completed
FU0004131,REF004530,2026-04-23,2026-04-25,2026-04-29,Completed
FU0004132,REF004530,2026-08-26,2026-08-28,,Open
FU0004133,REF004532,2025-04-18,2025-04-20,2025-04-22,Completed
FU0004134,REF004533,2025-05-31,2025-06-02,2025-06-02,Completed
FU0004135,REF004534,2026-06-25,2026-06-27,2026-06-28,Completed
FU0004136,REF004535,2026-02-11,2026-02-13,2026-02-15,Completed
FU0004137,REF004536,2026-06-14,2026-06-16,2026-06-17,Completed
FU0004138,REF004537,2025-12-25,2025-12-27,2025-12-28,Completed
FU0004139,REF004538,2025-08-13,2025-08-15,2025-08-16,Completed
FU0004140,REF004539,2026-07-22,2026-07-24,2026-07-28,Completed
FU0004141,REF004540,2025-02-22,2025-02-24,2025-02-23,Completed
FU0004142,REF004541,2026-06-14,2026-06-16,2026-06-16,Completed
FU0004143,REF004542,2026-02-01,2026-02-03,2026-02-07,Completed
FU0004144,REF004543,2026-03-08,2026-03-10,2026-03-11,Completed
FU0004145,REF004544,2026-07-15,2026-07-17,2026-07-21,Completed
FU0004146,REF004545,2025-09-04,2025-09-06,2025-09-06,Completed
FU0004147,REF004545,2026-08-16,2026-08-18,,Open
FU0004148,REF004546,2026-04-20,2026-04-22,2026-04-23,Completed
FU0004149,REF004547,2025-08-11,2025-08-13,2025-08-13,Completed
FU0004150,REF004549,2025-06-18,2025-06-20,2025-06-23,Completed
FU0004151,REF004550,2025-01-04,2025-01-06,2025-01-05,Completed
FU0004152,REF004551,2025-08-24,2025-08-26,2025-08-28,Completed
FU0004153,REF004552,2025-05-11,2025-05-13,2025-05-13,Completed
FU0004154,REF004553,2025-07-31,2025-08-02,2025-08-05,Completed
FU0004155,REF004553,2026-08-24,2026-08-26,,Open
FU0004156,REF004554,2026-05-17,2026-05-19,2026-05-23,Completed
FU0004157,REF004555,2026-07-09,2026-07-11,2026-07-11,Completed
FU0004158,REF004556,2025-07-19,2025-07-21,2025-07-20,Completed
FU0004159,REF004557,2025-07-09,2025-07-11,2025-07-15,Completed
FU0004160,REF004558,2026-08-29,2026-08-31,2026-08-31,Completed
FU0004161,REF004558,2026-08-29,2026-08-31,,Open
FU0004162,REF004559,2026-08-31,2026-09-02,,Open
FU0004163,REF004560,2025-05-20,2025-05-22,2025-05-25,Completed
FU0004164,REF004561,2026-08-14,2026-08-16,2026-08-18,Completed
FU0004165,REF004562,2025-09-27,2025-09-29,2025-10-01,Completed
FU0004166,REF004564,2025-02-20,2025-02-22,2025-02-23,Completed
FU0004167,REF004565,2025-09-25,2025-09-27,2025-09-26,Completed
FU0004168,REF004566,2025-02-09,2025-02-11,2025-02-14,Completed
FU0004169,REF004567,2025-03-19,2025-03-21,2025-03-23,Completed
FU0004170,REF004568,2026-08-25,2026-08-27,2026-08-28,Completed
FU0004171,REF004568,2026-08-25,2026-08-27,,Open
FU0004172,REF004569,2026-04-02,2026-04-04,2026-04-06,Completed
FU0004173,REF004570,2025-08-29,2025-08-31,2025-09-02,Completed
FU0004174,REF004571,2026-07-18,2026-07-20,2026-07-21,Completed
FU0004175,REF004573,2026-01-06,2026-01-08,2026-01-11,Completed
FU0004176,REF004575,2025-09-27,2025-09-29,2025-10-02,Completed
FU0004177,REF004576,2025-10-09,2025-10-11,2025-10-11,Completed
FU0004178,REF004577,2026-08-09,2026-08-11,2026-08-10,Completed
FU0004179,REF004578,2026-08-24,2026-08-26,2026-08-27,Completed
FU0004180,REF004579,2025-02-27,2025-03-01,2025-03-03,Completed
FU0004181,REF004580,2026-02-28,2026-03-02,2026-03-02,Completed
FU0004182,REF004582,2025-05-09,2025-05-11,2025-05-14,Completed
FU0004183,REF004583,2025-10-18,2025-10-20,2025-10-21,Completed
FU0004184,REF004584,2025-09-07,2025-09-09,2025-09-12,Completed
FU0004185,REF004586,2026-04-20,2026-04-22,2026-04-25,Completed
FU0004186,REF004587,2026-05-29,2026-05-31,2026-06-03,Completed
FU0004187,REF004588,2025-11-01,2025-11-03,2025-11-06,Completed
FU0004188,REF004589,2026-06-13,2026-06-15,2026-06-14,Completed
FU0004189,REF004590,2025-09-14,2025-09-16,2025-09-18,Completed
FU0004190,REF004591,2026-08-18,2026-08-20,2026-08-22,Completed
FU0004191,REF004591,2026-08-25,2026-08-27,,Open
FU0004192,REF004592,2025-11-04,2025-11-06,2025-11-07,Completed
FU0004193,REF004593,2026-06-22,2026-06-24,2026-06-25,Completed
FU0004194,REF004594,2025-10-18,2025-10-20,2025-10-19,Completed
FU0004195,REF004595,2026-08-10,2026-08-12,2026-08-13,Completed
FU0004196,REF004596,2025-05-25,2025-05-27,2025-05-30,Completed
FU0004197,REF004597,2026-04-30,2026-05-02,2026-05-01,Completed
FU0004198,REF004598,2026-01-04,2026-01-06,2026-01-08,Completed
FU0004199,REF004600,2025-07-09,2025-07-11,2025-07-15,Completed
FU0004200,REF004602,2025-09-09,2025-09-11,2025-09-12,Completed
FU0004201,REF004603,2026-04-21,2026-04-23,2026-04-22,Completed
FU0004202,REF004604,2025-05-07,2025-05-09,2025-05-10,Completed
FU0004203,REF004607,2025-11-07,2025-11-09,2025-11-08,Completed
FU0004204,REF004608,2025-01-24,2025-01-26,2025-01-28,Completed
FU0004205,REF004610,2026-04-01,2026-04-03,2026-04-06,Completed
FU0004206,REF004611,2025-02-10,2025-02-12,2025-02-15,Completed
FU0004207,REF004612,2025-11-18,2025-11-20,2025-11-24,Completed
FU0004208,REF004613,2025-01-17,2025-01-19,2025-01-21,Completed
FU0004209,REF004614,2026-07-26,2026-07-28,2026-07-29,Completed
FU0004210,REF004615,2026-04-29,2026-05-01,2026-05-02,Completed
FU0004211,REF004616,2026-07-14,2026-07-16,2026-07-19,Completed
FU0004212,REF004618,2025-12-11,2025-12-13,2025-12-17,Completed
FU0004213,REF004620,2025-07-28,2025-07-30,2025-07-29,Completed
FU0004214,REF004621,2025-06-06,2025-06-08,2025-06-11,Completed
FU0004215,REF004622,2025-01-02,2025-01-04,2025-01-08,Completed
FU0004216,REF004623,2026-02-21,2026-02-23,2026-02-24,Completed
FU0004217,REF004624,2025-10-02,2025-10-04,2025-10-06,Completed
FU0004218,REF004625,2025-07-16,2025-07-18,2025-07-18,Completed
FU0004219,REF004626,2025-08-25,2025-08-27,2025-08-30,Completed
FU0004220,REF004627,2026-05-05,2026-05-07,2026-05-07,Completed
FU0004221,REF004628,2026-03-15,2026-03-17,2026-03-20,Completed
FU0004222,REF004629,2026-04-17,2026-04-19,2026-04-22,Completed
FU0004223,REF004630,2025-07-16,2025-07-18,2025-07-17,Completed
FU0004224,REF004631,2026-08-19,2026-08-21,2026-08-22,Completed
FU0004225,REF004632,2025-04-16,2025-04-18,2025-04-19,Completed
FU0004226,REF004633,2025-07-26,2025-07-28,2025-07-31,Completed
FU0004227,REF004634,2026-03-22,2026-03-24,2026-03-24,Completed
FU0004228,REF004635,2026-08-28,2026-08-30,2026-08-29,Completed
FU0004229,REF004635,2026-08-28,2026-08-30,,Open
FU0004230,REF004636,2026-01-17,2026-01-19,2026-01-20,Completed
FU0004231,REF004637,2026-06-10,2026-06-12,2026-06-13,Completed
FU0004232,REF004638,2026-04-24,2026-04-26,2026-04-30,Completed
FU0004233,REF004639,2026-02-25,2026-02-27,2026-02-28,Completed
FU0004234,REF004640,2026-06-13,2026-06-15,2026-06-18,Completed
FU0004235,REF004641,2025-10-11,2025-10-13,2025-10-15,Completed
FU0004236,REF004642,2025-01-11,2025-01-13,2025-01-12,Completed
FU0004237,REF004643,2026-04-18,2026-04-20,2026-04-22,Completed
FU0004238,REF004644,2025-02-22,2025-02-24,2025-02-28,Completed
FU0004239,REF004645,2026-05-27,2026-05-29,2026-06-01,Completed
FU0004240,REF004647,2025-11-06,2025-11-08,2025-11-09,Completed
FU0004241,REF004648,2026-01-15,2026-01-17,2026-01-21,Completed
FU0004242,REF004649,2025-07-02,2025-07-04,2025-07-07,Completed
FU0004243,REF004650,2026-06-01,2026-06-03,2026-06-04,Completed
FU0004244,REF004651,2025-10-15,2025-10-17,2025-10-18,Completed
FU0004245,REF004652,2025-07-20,2025-07-22,2025-07-23,Completed
FU0004246,REF004653,2026-08-16,2026-08-18,2026-08-22,Completed
FU0004247,REF004653,2026-08-17,2026-08-19,,Open
FU0004248,REF004654,2026-06-28,2026-06-30,2026-07-04,Completed
FU0004249,REF004655,2026-01-14,2026-01-16,2026-01-17,Completed
FU0004250,REF004656,2026-02-21,2026-02-23,2026-02-25,Completed
FU0004251,REF004657,2025-07-25,2025-07-27,2025-07-30,Completed
FU0004252,REF004658,2026-07-17,2026-07-19,2026-07-22,Completed
FU0004253,REF004659,2026-04-13,2026-04-15,2026-04-17,Completed
FU0004254,REF004661,2025-05-27,2025-05-29,2025-05-31,Completed
FU0004255,REF004662,2026-07-29,2026-07-31,2026-08-04,Completed
FU0004256,REF004663,2026-01-02,2026-01-04,2026-01-08,Completed
FU0004257,REF004663,2026-08-25,,,Open
FU0004258,REF004664,2026-08-30,2026-09-01,2026-08-31,Completed
FU0004259,REF004665,2026-04-02,2026-04-04,2026-04-05,Completed
FU0004260,REF004666,2025-10-05,2025-10-07,2025-10-09,Completed
FU0004261,REF004667,2026-04-25,2026-04-27,2026-05-01,Completed
FU0004262,REF004668,2026-07-02,2026-07-04,2026-07-03,Completed
FU0004263,REF004670,2026-04-02,2026-04-04,2026-04-05,Completed
FU0004264,REF004670,2026-08-19,2026-08-21,,Open
FU0004265,REF004671,2025-06-12,2025-06-14,2025-06-17,Completed
FU0004266,REF004672,2025-11-12,2025-11-14,2025-11-17,Completed
FU0004267,REF004673,2026-01-31,2026-02-02,2026-02-06,Completed
FU0004268,REF004674,2026-04-08,2026-04-10,2026-04-10,Completed
FU0004269,REF004675,2026-08-19,2026-08-21,2026-08-24,Completed
FU0004270,REF004675,2026-08-29,2026-08-31,,Open
FU0004271,REF004676,2025-10-20,2025-10-22,2025-10-25,Completed
FU0004272,REF004677,2026-07-22,2026-07-24,2026-07-27,Completed
FU0004273,REF004678,2026-01-25,2026-01-27,2026-01-26,Completed
FU0004274,REF004679,2025-06-27,2025-06-29,2025-07-02,Completed
FU0004275,REF004683,2026-02-26,2026-02-28,2026-02-27,Completed
FU0004276,REF004684,2025-09-02,2025-09-04,2025-09-07,Completed
FU0004277,REF004685,2025-10-08,2025-10-10,2025-10-11,Completed
FU0004278,REF004685,2026-08-23,2026-08-25,,Open
FU0004279,REF004686,2025-09-13,2025-09-15,2025-09-18,Completed
FU0004280,REF004687,2025-03-06,2025-03-08,2025-03-12,Completed
FU0004281,REF004688,2026-07-02,2026-07-04,2026-07-07,Completed
FU0004282,REF004690,2025-05-19,2025-05-21,2025-05-24,Completed
FU0004283,REF004691,2026-02-22,2026-02-24,2026-02-24,Completed
FU0004284,REF004692,2026-06-07,2026-06-09,2026-06-10,Completed
FU0004285,REF004693,2026-08-02,2026-08-04,2026-08-05,Completed
FU0004286,REF004694,2026-05-23,2026-05-25,2026-05-29,Completed
FU0004287,REF004695,2025-07-05,2025-07-07,2025-07-11,Completed
FU0004288,REF004696,2025-02-02,2025-02-04,2025-02-04,Completed
FU0004289,REF004696,2026-08-22,2026-08-24,,Open
FU0004290,REF004697,2025-01-10,2025-01-12,2025-01-12,Completed
FU0004291,REF004698,2026-05-13,2026-05-15,2026-05-18,Completed
FU0004292,REF004699,2025-07-19,2025-07-21,2025-07-25,Completed
FU0004293,REF004700,2026-03-06,2026-03-08,2026-03-10,Completed
FU0004294,REF004701,2025-11-18,2025-11-20,2025-11-20,Completed
FU0004295,REF004701,2026-08-18,,,Open
FU0004296,REF004702,2026-03-28,2026-03-30,2026-04-01,Completed
FU0004297,REF004703,2025-09-11,2025-09-13,2025-09-15,Completed
FU0004298,REF004704,2026-01-16,2026-01-18,2026-01-19,Completed
FU0004299,REF004705,2025-09-14,2025-09-16,2025-09-18,Completed
FU0004300,REF004707,2025-11-08,2025-11-10,2025-11-10,Completed
FU0004301,REF004708,2026-01-03,2026-01-05,2026-01-06,Completed
FU0004302,REF004711,2026-06-03,2026-06-05,2026-06-08,Completed
FU0004303,REF004712,2025-09-15,2025-09-17,2025-09-20,Completed
FU0004304,REF004713,2026-06-12,2026-06-14,2026-06-13,Completed
FU0004305,REF004715,2025-03-13,2025-03-15,2025-03-16,Completed
FU0004306,REF004716,2026-02-25,2026-02-27,2026-02-26,Completed
FU0004307,REF004717,2025-08-29,2025-08-31,2025-09-04,Completed
FU0004308,REF004718,2025-02-06,2025-02-08,2025-02-10,Completed
FU0004309,REF004719,2026-04-12,2026-04-14,2026-04-14,Completed
FU0004310,REF004720,2025-06-01,2025-06-03,2025-06-05,Completed
FU0004311,REF004721,2026-03-02,2026-03-04,2026-03-08,Completed
FU0004312,REF004721,2026-08-24,2026-08-26,,Open
FU0004313,REF004722,2025-10-15,2025-10-17,2025-10-20,Completed
FU0004314,REF004723,2026-02-11,2026-02-13,2026-02-13,Completed
FU0004315,REF004725,2026-07-19,2026-07-21,2026-07-25,Completed
FU0004316,REF004726,2026-04-07,2026-04-09,2026-04-10,Completed
FU0004317,REF004727,2025-01-10,2025-01-12,2025-01-11,Completed
FU0004318,REF004728,2026-05-11,2026-05-13,2026-05-14,Completed
FU0004319,REF004729,2026-03-05,2026-03-07,2026-03-11,Completed
FU0004320,REF004731,2026-07-18,2026-07-20,2026-07-22,Completed
FU0004321,REF004732,2025-05-22,2025-05-24,2025-05-28,Completed
FU0004322,REF004733,2025-02-09,2025-02-11,2025-02-15,Completed
FU0004323,REF004734,2025-07-11,2025-07-13,2025-07-13,Completed
FU0004324,REF004734,2026-08-20,2026-08-22,,Open
FU0004325,REF004735,2025-05-20,2025-05-22,2025-05-22,Completed
FU0004326,REF004736,2026-02-04,2026-02-06,2026-02-10,Completed
FU0004327,REF004737,2025-05-17,2025-05-19,2025-05-21,Completed
FU0004328,REF004738,2025-07-28,2025-07-30,2025-07-29,Completed
FU0004329,REF004739,2025-07-12,2025-07-14,2025-07-14,Completed
FU0004330,REF004741,2025-04-01,2025-04-03,2025-04-03,Completed
FU0004331,REF004743,2026-02-14,2026-02-16,2026-02-19,Completed
FU0004332,REF004744,2025-04-23,2025-04-25,2025-04-29,Completed
FU0004333,REF004744,2026-08-23,2026-08-25,,Open
FU0004334,REF004745,2025-07-26,2025-07-28,2025-07-31,Completed
FU0004335,REF004746,2025-12-27,2025-12-29,2026-01-02,Completed
FU0004336,REF004747,2025-12-07,2025-12-09,2025-12-08,Completed
FU0004337,REF004748,2025-08-12,2025-08-14,2025-08-13,Completed
FU0004338,REF004749,2025-12-19,2025-12-21,2025-12-21,Completed
FU0004339,REF004750,2026-07-31,2026-08-02,2026-08-02,Completed
FU0004340,REF004751,2026-03-02,2026-03-04,2026-03-07,Completed
FU0004341,REF004753,2025-03-05,2025-03-07,2025-03-07,Completed
FU0004342,REF004754,2025-03-24,2025-03-26,2025-03-29,Completed
FU0004343,REF004755,2026-06-23,2026-06-25,2026-06-26,Completed
FU0004344,REF004756,2026-08-16,2026-08-18,2026-08-22,Completed
FU0004345,REF004758,2026-03-06,2026-03-08,2026-03-10,Completed
FU0004346,REF004760,2026-07-11,2026-07-13,2026-07-17,Completed
FU0004347,REF004761,2025-08-25,2025-08-27,2025-08-26,Completed
FU0004348,REF004762,2026-05-26,2026-05-28,2026-05-27,Completed
FU0004349,REF004764,2026-01-14,2026-01-16,2026-01-20,Completed
FU0004350,REF004765,2026-07-17,2026-07-19,2026-07-20,Completed
FU0004351,REF004766,2026-05-13,2026-05-15,2026-05-18,Completed
FU0004352,REF004767,2026-07-28,2026-07-30,2026-08-02,Completed
FU0004353,REF004769,2026-07-27,2026-07-29,2026-08-02,Completed
FU0004354,REF004771,2025-05-28,2025-05-30,2025-05-31,Completed
FU0004355,REF004772,2025-05-25,2025-05-27,2025-05-30,Completed
FU0004356,REF004773,2025-11-04,2025-11-06,2025-11-09,Completed
FU0004357,REF004774,2026-05-18,2026-05-20,2026-05-20,Completed
FU0004358,REF004776,2026-05-26,2026-05-28,2026-05-30,Completed
FU0004359,REF004777,2025-10-21,2025-10-23,2025-10-22,Completed
FU0004360,REF004778,2025-09-22,2025-09-24,2025-09-25,Completed
FU0004361,REF004780,2026-05-12,2026-05-14,2026-05-17,Completed
FU0004362,REF004781,2026-02-27,2026-03-01,2026-03-05,Completed
FU0004363,REF004782,2026-01-10,2026-01-12,2026-01-13,Completed
FU0004364,REF004784,2026-01-16,2026-01-18,2026-01-20,Completed
FU0004365,REF004785,2026-02-22,2026-02-24,2026-02-24,Completed
FU0004366,REF004786,2025-03-10,2025-03-12,2025-03-11,Completed
FU0004367,REF004787,2025-08-18,2025-08-20,2025-08-20,Completed
FU0004368,REF004787,2026-08-21,2026-08-23,,Open
FU0004369,REF004788,2026-01-13,2026-01-15,2026-01-15,Completed
FU0004370,REF004789,2025-10-26,2025-10-28,2025-10-29,Completed
FU0004371,REF004790,2026-04-17,2026-04-19,2026-04-21,Completed
FU0004372,REF004791,2026-07-10,2026-07-12,2026-07-13,Completed
FU0004373,REF004792,2026-04-25,2026-04-27,2026-04-28,Completed
FU0004374,REF004793,2026-08-22,2026-08-24,,Open
FU0004375,REF004794,2025-03-22,2025-03-24,2025-03-23,Completed
FU0004376,REF004795,2025-09-05,2025-09-07,2025-09-06,Completed
FU0004377,REF004797,2026-06-04,2026-06-06,2026-06-05,Completed
FU0004378,REF004798,2025-08-05,2025-08-07,2025-08-11,Completed
FU0004379,REF004799,2025-08-28,2025-08-30,2025-09-01,Completed
FU0004380,REF004800,2025-02-01,2025-02-03,2025-02-04,Completed
FU0004381,REF004801,2026-08-26,2026-08-28,2026-08-31,Completed
FU0004382,REF004801,2026-08-27,2026-08-29,,Open
FU0004383,REF004803,2025-10-08,2025-10-10,2025-10-10,Completed
FU0004384,REF004804,2026-06-22,2026-06-24,2026-06-23,Completed
FU0004385,REF004806,2025-10-09,2025-10-11,2025-10-11,Completed
FU0004386,REF004807,2025-11-16,2025-11-18,2025-11-21,Completed
FU0004387,REF004808,2026-08-01,2026-08-03,2026-08-04,Completed
FU0004388,REF004809,2026-06-15,2026-06-17,2026-06-16,Completed
FU0004389,REF004810,2026-05-03,2026-05-05,2026-05-07,Completed
FU0004390,REF004812,2026-04-27,2026-04-29,2026-04-30,Completed
FU0004391,REF004814,2025-10-06,2025-10-08,2025-10-09,Completed
FU0004392,REF004816,2026-05-27,2026-05-29,2026-06-02,Completed
FU0004393,REF004818,2025-04-24,2025-04-26,2025-04-25,Completed
FU0004394,REF004819,2025-08-07,2025-08-09,2025-08-12,Completed
FU0004395,REF004820,2026-01-15,2026-01-17,2026-01-17,Completed
FU0004396,REF004821,2026-01-06,2026-01-08,2026-01-07,Completed
FU0004397,REF004822,2025-12-17,2025-12-19,2025-12-19,Completed
FU0004398,REF004824,2026-03-25,2026-03-27,2026-03-31,Completed
FU0004399,REF004824,2026-08-18,2026-08-20,,Open
FU0004400,REF004825,2026-02-10,2026-02-12,2026-02-12,Completed
FU0004401,REF004826,2026-07-03,2026-07-05,2026-07-05,Completed
FU0004402,REF004826,2026-08-26,2026-08-28,,Open
FU0004403,REF004827,2025-06-21,2025-06-23,2025-06-22,Completed
FU0004404,REF004828,2025-05-29,2025-05-31,2025-05-30,Completed
FU0004405,REF004829,2026-02-26,2026-02-28,2026-02-28,Completed
FU0004406,REF004831,2026-06-28,2026-06-30,2026-06-30,Completed
FU0004407,REF004832,2026-04-04,2026-04-06,2026-04-07,Completed
FU0004408,REF004832,2026-08-31,2026-09-02,,Open
FU0004409,REF004833,2025-06-13,2025-06-15,2025-06-15,Completed
FU0004410,REF004835,2026-04-18,2026-04-20,2026-04-22,Completed
FU0004411,REF004836,2025-04-11,2025-04-13,2025-04-12,Completed
FU0004412,REF004837,2025-11-21,2025-11-23,2025-11-22,Completed
FU0004413,REF004838,2025-10-25,2025-10-27,2025-10-31,Completed
FU0004414,REF004839,2026-02-08,2026-02-10,2026-02-14,Completed
FU0004415,REF004840,2026-01-24,2026-01-26,2026-01-29,Completed
FU0004416,REF004841,2025-05-12,2025-05-14,2025-05-16,Completed
FU0004417,REF004843,2026-07-30,2026-08-01,2026-08-03,Completed
FU0004418,REF004844,2025-05-25,2025-05-27,2025-05-31,Completed
FU0004419,REF004846,2026-01-27,2026-01-29,2026-01-28,Completed
FU0004420,REF004848,2026-05-03,2026-05-05,2026-05-08,Completed
FU0004421,REF004850,2026-06-25,2026-06-27,2026-06-27,Completed
FU0004422,REF004850,2026-08-23,2026-08-25,,Open
FU0004423,REF004851,2026-08-29,2026-08-31,2026-08-31,Completed
FU0004424,REF004851,2026-08-29,2026-08-31,,Open
FU0004425,REF004852,2026-01-23,2026-01-25,2026-01-24,Completed
FU0004426,REF004853,2026-08-15,2026-08-17,2026-08-21,Completed
FU0004427,REF004855,2026-08-23,2026-08-25,,Open
FU0004428,REF004856,2026-04-08,2026-04-10,2026-04-10,Completed
FU0004429,REF004857,2025-03-11,2025-03-13,2025-03-15,Completed
FU0004430,REF004857,2026-08-25,2026-08-27,,Open
FU0004431,REF004859,2025-12-24,2025-12-26,2025-12-28,Completed
FU0004432,REF004860,2026-07-05,2026-07-07,2026-07-06,Completed
FU0004433,REF004862,2026-03-10,2026-03-12,2026-03-13,Completed
FU0004434,REF004863,2025-07-27,2025-07-29,2025-08-01,Completed
FU0004435,REF004864,2026-04-05,2026-04-07,2026-04-07,Completed
FU0004436,REF004865,2026-08-23,2026-08-25,2026-08-26,Completed
FU0004437,REF004865,2026-08-27,2026-08-29,,Open
FU0004438,REF004866,2025-05-11,2025-05-13,2025-05-17,Completed
FU0004439,REF004867,2025-11-06,2025-11-08,2025-11-08,Completed
FU0004440,REF004868,2026-05-15,2026-05-17,2026-05-16,Completed
FU0004441,REF004869,2025-12-26,2025-12-28,2025-12-30,Completed
FU0004442,REF004870,2025-06-08,2025-06-10,2025-06-10,Completed
FU0004443,REF004871,2026-02-08,2026-02-10,2026-02-12,Completed
FU0004444,REF004872,2025-06-18,2025-06-20,2025-06-21,Completed
FU0004445,REF004874,2025-06-08,2025-06-10,2025-06-14,Completed
FU0004446,REF004877,2025-04-21,2025-04-23,2025-04-27,Completed
FU0004447,REF004877,2026-08-29,2026-08-31,,Open
FU0004448,REF004879,2026-08-18,2026-08-20,2026-08-20,Completed
FU0004449,REF004879,2026-08-18,2026-08-20,,Open
FU0004450,REF004880,2025-09-21,2025-09-23,2025-09-26,Completed
FU0004451,REF004881,2026-07-01,2026-07-03,2026-07-06,Completed
FU0004452,REF004882,2025-03-25,2025-03-27,2025-03-31,Completed
FU0004453,REF004884,2025-05-04,2025-05-06,2025-05-07,Completed
FU0004454,REF004885,2025-05-28,2025-05-30,2025-05-31,Completed
FU0004455,REF004887,2025-11-16,2025-11-18,2025-11-18,Completed
FU0004456,REF004888,2025-02-01,2025-02-03,2025-02-03,Completed
FU0004457,REF004889,2026-01-22,2026-01-24,2026-01-23,Completed
FU0004458,REF004890,2026-06-02,2026-06-04,2026-06-07,Completed
FU0004459,REF004891,2025-08-15,2025-08-17,2025-08-20,Completed
FU0004460,REF004892,2025-10-25,2025-10-27,2025-10-26,Completed
FU0004461,REF004893,2025-12-17,2025-12-19,2025-12-20,Completed
FU0004462,REF004894,2026-07-27,2026-07-29,2026-07-28,Completed
FU0004463,REF004895,2025-11-28,2025-11-30,2025-12-03,Completed
FU0004464,REF004895,2026-08-28,2026-08-30,,Open
FU0004465,REF004896,2026-08-19,2026-08-21,,Open
FU0004466,REF004897,2026-08-14,2026-08-16,2026-08-20,Completed
FU0004467,REF004897,2026-08-29,2026-08-31,,Open
FU0004468,REF004898,2026-07-07,2026-07-09,2026-07-11,Completed
FU0004469,REF004899,2026-06-05,2026-06-07,2026-06-11,Completed
FU0004470,REF004900,2025-12-07,2025-12-09,2025-12-11,Completed
FU0004471,REF004901,2025-10-10,2025-10-12,2025-10-12,Completed
FU0004472,REF004901,2026-08-24,2026-08-26,,Open
FU0004473,REF004902,2026-01-09,2026-01-11,2026-01-15,Completed
FU0004474,REF004903,2026-06-03,2026-06-05,2026-06-07,Completed
FU0004475,REF004904,2025-08-23,2025-08-25,2025-08-26,Completed
FU0004476,REF004905,2025-05-22,2025-05-24,2025-05-27,Completed
FU0004477,REF004907,2026-07-01,2026-07-03,2026-07-03,Completed
FU0004478,REF004908,2025-05-24,2025-05-26,2025-05-30,Completed
FU0004479,REF004909,2026-01-30,2026-02-01,2026-02-05,Completed
FU0004480,REF004910,2025-03-21,2025-03-23,2025-03-26,Completed
FU0004481,REF004912,2025-09-27,2025-09-29,2025-09-28,Completed
FU0004482,REF004915,2025-06-02,2025-06-04,2025-06-04,Completed
FU0004483,REF004916,2026-07-12,2026-07-14,2026-07-16,Completed
FU0004484,REF004917,2026-05-06,2026-05-08,2026-05-10,Completed
FU0004485,REF004918,2025-12-05,2025-12-07,2025-12-06,Completed
FU0004486,REF004919,2025-03-16,2025-03-18,2025-03-20,Completed
FU0004487,REF004920,2025-09-13,2025-09-15,2025-09-15,Completed
FU0004488,REF004921,2025-10-08,2025-10-10,2025-10-14,Completed
FU0004489,REF004922,2025-06-25,2025-06-27,2025-06-28,Completed
FU0004490,REF004923,2025-08-31,2025-09-02,2025-09-02,Completed
FU0004491,REF004924,2026-01-09,2026-01-11,2026-01-10,Completed
FU0004492,REF004926,2025-09-24,2025-09-26,2025-09-27,Completed
FU0004493,REF004927,2025-04-17,2025-04-19,2025-04-22,Completed
FU0004494,REF004929,2026-05-19,2026-05-21,2026-05-24,Completed
FU0004495,REF004931,2026-03-08,2026-03-10,2026-03-14,Completed
FU0004496,REF004932,2025-02-26,2025-02-28,2025-03-04,Completed
FU0004497,REF004933,2025-01-01,2025-01-03,2025-01-04,Completed
FU0004498,REF004934,2026-02-07,2026-02-09,2026-02-10,Completed
FU0004499,REF004936,2025-09-21,2025-09-23,2025-09-26,Completed
FU0004500,REF004937,2026-04-18,2026-04-20,2026-04-20,Completed
FU0004501,REF004938,2025-09-05,2025-09-07,2025-09-06,Completed
FU0004502,REF004939,2026-07-31,2026-08-02,2026-08-04,Completed
FU0004503,REF004940,2025-08-15,2025-08-17,2025-08-16,Completed
FU0004504,REF004941,2025-01-24,2025-01-26,2025-01-28,Completed
FU0004505,REF004942,2026-06-10,2026-06-12,2026-06-14,Completed
FU0004506,REF004943,2026-03-17,2026-03-19,2026-03-21,Completed
FU0004507,REF004944,2025-03-19,2025-03-21,2025-03-22,Completed
FU0004508,REF004945,2026-01-24,2026-01-26,2026-01-29,Completed
FU0004509,REF004946,2025-02-11,2025-02-13,2025-02-13,Completed
FU0004510,REF004947,2025-11-27,2025-11-29,2025-12-02,Completed
FU0004511,REF004948,2025-06-28,2025-06-30,2025-07-02,Completed
FU0004512,REF004949,2025-06-13,2025-06-15,2025-06-17,Completed
FU0004513,REF004951,2025-07-26,2025-07-28,2025-08-01,Completed
FU0004514,REF004952,2025-08-02,2025-08-04,2025-08-08,Completed
FU0004515,REF004953,2026-01-26,2026-01-28,2026-01-28,Completed
FU0004516,REF004954,2025-10-22,2025-10-24,2025-10-26,Completed
FU0004517,REF004955,2025-02-03,2025-02-05,2025-02-04,Completed
FU0004518,REF004956,2026-07-17,2026-07-19,2026-07-23,Completed
FU0004519,REF004957,2025-01-27,2025-01-29,2025-01-28,Completed
FU0004520,REF004958,2025-01-21,2025-01-23,2025-01-26,Completed
FU0004521,REF004959,2026-01-13,2026-01-15,2026-01-14,Completed
FU0004522,REF004960,2025-05-13,2025-05-15,2025-05-17,Completed
FU0004523,REF004960,2026-08-22,2026-08-24,,Open
FU0004524,REF004961,2025-06-12,2025-06-14,2025-06-13,Completed
FU0004525,REF004962,2025-10-09,2025-10-11,2025-10-12,Completed
FU0004526,REF004963,2025-12-04,2025-12-06,2025-12-05,Completed
FU0004527,REF004964,2026-08-26,2026-08-28,2026-08-27,Completed
FU0004528,REF004964,2026-08-26,,,Open
FU0004529,REF004965,2025-08-26,2025-08-28,2025-08-30,Completed
FU0004530,REF004966,2025-04-05,2025-04-07,2025-04-11,Completed
FU0004531,REF004967,2025-07-21,2025-07-23,2025-07-22,Completed
FU0004532,REF004968,2026-06-24,2026-06-26,2026-06-29,Completed
FU0004533,REF004969,2026-07-18,2026-07-20,2026-07-19,Completed
FU0004534,REF004970,2026-07-08,2026-07-10,2026-07-12,Completed
FU0004535,REF004971,2025-03-06,2025-03-08,2025-03-12,Completed
FU0004536,REF004972,2025-05-13,2025-05-15,2025-05-19,Completed
FU0004537,REF004973,2026-08-01,2026-08-03,2026-08-04,Completed
FU0004538,REF004974,2025-12-01,2025-12-03,2025-12-03,Completed
FU0004539,REF004975,2025-05-10,2025-05-12,2025-05-12,Completed
FU0004540,REF004975,2026-08-16,2026-08-18,,Open
FU0004541,REF004976,2025-05-07,2025-05-09,2025-05-08,Completed
FU0004542,REF004977,2025-03-17,2025-03-19,2025-03-23,Completed
FU0004543,REF004979,2026-05-15,2026-05-17,2026-05-21,Completed
FU0004544,REF004980,2025-03-21,2025-03-23,2025-03-25,Completed
FU0004545,REF004981,2025-09-26,2025-09-28,2025-10-01,Completed
FU0004546,REF004983,2025-11-10,2025-11-12,2025-11-14,Completed
FU0004547,REF004984,2025-04-25,2025-04-27,2025-04-29,Completed
FU0004548,REF004985,2026-08-29,2026-08-31,2026-08-31,Completed
FU0004549,REF004985,2026-08-29,2026-08-31,,Open
FU0004550,REF004986,2025-01-20,2025-01-22,2025-01-22,Completed
FU0004551,REF004987,2025-01-08,2025-01-10,2025-01-12,Completed
FU0004552,REF004987,2026-08-21,2026-08-23,,Open
FU0004553,REF004989,2025-09-08,2025-09-10,2025-09-11,Completed
FU0004554,REF004990,2025-03-31,2025-04-02,2025-04-05,Completed
FU0004555,REF004991,2026-02-06,2026-02-08,2026-02-07,Completed
FU0004556,REF004992,2025-10-12,2025-10-14,2025-10-16,Completed
FU0004557,REF004993,2026-05-10,2026-05-12,2026-05-11,Completed
FU0004558,REF004994,2026-06-06,2026-06-08,2026-06-09,Completed
FU0004559,REF004994,2026-08-30,2026-09-01,,Open
FU0004560,REF004995,2026-06-08,2026-06-10,2026-06-12,Completed
FU0004561,REF004996,2025-11-21,2025-11-23,2025-11-26,Completed
FU0004562,REF004997,2025-12-21,2025-12-23,2025-12-27,Completed
FU0004563,REF004998,2026-06-18,2026-06-20,2026-06-21,Completed
FU0004564,REF004999,2026-05-17,2026-05-19,2026-05-18,Completed
FU0004565,REF004999,2026-08-17,2026-08-19,,Open
FU0004566,REF005001,2026-08-12,2026-08-14,2026-08-14,Completed
FU0004567,REF005001,2026-08-26,2026-08-28,,Open
FU0004568,REF005003,2025-10-31,2025-11-02,2025-11-04,Completed
FU0004569,REF005004,2025-10-20,2025-10-22,2025-10-26,Completed
FU0004570,REF005005,2025-09-03,2025-09-05,2025-09-08,Completed
FU0004571,REF005006,2025-10-03,2025-10-05,2025-10-09,Completed
FU0004572,REF005007,2026-05-11,2026-05-13,2026-05-16,Completed
FU0004573,REF005008,2026-06-20,2026-06-22,2026-06-23,Completed
FU0004574,REF005009,2026-01-24,2026-01-26,2026-01-28,Completed
FU0004575,REF005010,2026-06-08,2026-06-10,2026-06-09,Completed
FU0004576,REF005011,2025-09-16,2025-09-18,2025-09-19,Completed
FU0004577,REF005012,2025-12-05,2025-12-07,2025-12-10,Completed
FU0004578,REF005013,2026-04-18,2026-04-20,2026-04-23,Completed
FU0004579,REF005014,2025-08-08,2025-08-10,2025-08-11,Completed
FU0004580,REF005017,2025-09-20,2025-09-22,2025-09-25,Completed
FU0004581,REF005018,2026-01-21,2026-01-23,2026-01-27,Completed
FU0004582,REF005019,2025-06-01,2025-06-03,2025-06-05,Completed
FU0004583,REF005020,2025-05-06,2025-05-08,2025-05-11,Completed
FU0004584,REF005021,2026-08-29,2026-08-31,,Open
FU0004585,REF005022,2026-05-18,2026-05-20,2026-05-22,Completed
FU0004586,REF005023,2025-12-06,2025-12-08,2025-12-11,Completed
FU0004587,REF005024,2025-09-11,2025-09-13,2025-09-17,Completed
FU0004588,REF005025,2025-12-11,2025-12-13,2025-12-16,Completed
FU0004589,REF005026,2026-07-19,2026-07-21,2026-07-23,Completed
FU0004590,REF005027,2025-10-09,2025-10-11,2025-10-12,Completed
FU0004591,REF005028,2026-01-03,2026-01-05,2026-01-07,Completed
FU0004592,REF005029,2026-01-06,2026-01-08,2026-01-07,Completed
FU0004593,REF005030,2025-09-07,2025-09-09,2025-09-10,Completed
FU0004594,REF005031,2025-06-05,2025-06-07,2025-06-11,Completed
FU0004595,REF005032,2025-08-04,2025-08-06,2025-08-05,Completed
FU0004596,REF005033,2025-05-13,2025-05-15,2025-05-18,Completed
FU0004597,REF005034,2026-04-07,2026-04-09,2026-04-11,Completed
FU0004598,REF005035,2026-02-27,2026-03-01,2026-02-28,Completed
FU0004599,REF005036,2026-04-15,2026-04-17,2026-04-19,Completed
FU0004600,REF005037,2025-05-11,2025-05-13,2025-05-16,Completed
FU0004601,REF005038,2026-02-04,2026-02-06,2026-02-09,Completed
FU0004602,REF005039,2026-02-03,2026-02-05,2026-02-09,Completed
FU0004603,REF005040,2025-12-13,2025-12-15,2025-12-15,Completed
FU0004604,REF005042,2025-04-15,2025-04-17,2025-04-18,Completed
FU0004605,REF005043,2026-04-29,2026-05-01,2026-05-04,Completed
FU0004606,REF005044,2026-03-24,2026-03-26,2026-03-26,Completed
FU0004607,REF005045,2025-03-03,2025-03-05,2025-03-08,Completed
FU0004608,REF005046,2025-09-28,2025-09-30,2025-09-29,Completed
FU0004609,REF005048,2025-09-11,2025-09-13,2025-09-16,Completed
FU0004610,REF005049,2026-04-26,2026-04-28,2026-05-02,Completed
FU0004611,REF005050,2025-03-17,2025-03-19,2025-03-19,Completed
FU0004612,REF005051,2026-05-26,2026-05-28,2026-05-30,Completed
FU0004613,REF005052,2026-05-20,2026-05-22,2026-05-24,Completed
FU0004614,REF005053,2025-08-12,2025-08-14,2025-08-16,Completed
FU0004615,REF005054,2026-05-29,2026-05-31,2026-06-01,Completed
FU0004616,REF005055,2026-06-28,2026-06-30,2026-06-30,Completed
FU0004617,REF005056,2026-07-19,2026-07-21,2026-07-23,Completed
FU0004618,REF005057,2025-08-09,2025-08-11,2025-08-12,Completed
FU0004619,REF005058,2026-04-20,2026-04-22,2026-04-26,Completed
FU0004620,REF005059,2025-11-24,2025-11-26,2025-11-30,Completed
FU0004621,REF005061,2026-04-09,2026-04-11,2026-04-13,Completed
FU0004622,REF005062,2025-07-06,2025-07-08,2025-07-07,Completed
FU0004623,REF005063,2026-07-14,2026-07-16,2026-07-20,Completed
FU0004624,REF005063,2026-08-28,2026-08-30,,Open
FU0004625,REF005064,2026-08-26,2026-08-28,,Open
FU0004626,REF005065,2026-03-03,2026-03-05,2026-03-06,Completed
FU0004627,REF005066,2025-01-17,2025-01-19,2025-01-23,Completed
FU0004628,REF005067,2026-01-16,2026-01-18,2026-01-20,Completed
FU0004629,REF005068,2026-07-17,2026-07-19,2026-07-20,Completed
FU0004630,REF005069,2026-04-27,2026-04-29,2026-04-30,Completed
FU0004631,REF005071,2025-05-06,2025-05-08,2025-05-07,Completed
FU0004632,REF005072,2025-01-05,2025-01-07,2025-01-06,Completed
FU0004633,REF005073,2025-05-30,2025-06-01,2025-06-01,Completed
FU0004634,REF005074,2025-02-21,2025-02-23,2025-02-26,Completed
FU0004635,REF005076,2025-02-14,2025-02-16,2025-02-19,Completed
FU0004636,REF005077,2025-11-26,2025-11-28,2025-12-02,Completed
FU0004637,REF005078,2025-09-29,2025-10-01,2025-10-05,Completed
FU0004638,REF005079,2026-02-08,2026-02-10,2026-02-09,Completed
FU0004639,REF005080,2026-04-27,2026-04-29,2026-04-28,Completed
FU0004640,REF005081,2026-07-28,2026-07-30,2026-07-31,Completed
FU0004641,REF005082,2026-06-07,2026-06-09,2026-06-12,Completed
FU0004642,REF005083,2025-09-20,2025-09-22,2025-09-25,Completed
FU0004643,REF005084,2025-08-23,2025-08-25,2025-08-26,Completed
FU0004644,REF005085,2025-02-14,2025-02-16,2025-02-18,Completed
FU0004645,REF005087,2025-11-13,2025-11-15,2025-11-14,Completed
FU0004646,REF005088,2026-04-28,2026-04-30,2026-04-29,Completed
FU0004647,REF005089,2026-05-19,2026-05-21,2026-05-23,Completed
FU0004648,REF005090,2025-06-23,2025-06-25,2025-06-26,Completed
FU0004649,REF005091,2026-04-26,2026-04-28,2026-05-01,Completed
FU0004650,REF005092,2025-07-22,2025-07-24,2025-07-26,Completed
FU0004651,REF005093,2025-09-30,2025-10-02,2025-10-01,Completed
FU0004652,REF005094,2026-04-22,2026-04-24,2026-04-27,Completed
FU0004653,REF005095,2025-02-01,2025-02-03,2025-02-02,Completed
FU0004654,REF005096,2025-10-07,2025-10-09,2025-10-13,Completed
FU0004655,REF005097,2025-10-07,2025-10-09,2025-10-12,Completed
FU0004656,REF005097,2026-08-19,2026-08-21,,Open
FU0004657,REF005098,2026-01-27,2026-01-29,2026-02-02,Completed
FU0004658,REF005099,2026-06-08,2026-06-10,2026-06-09,Completed
FU0004659,REF005100,2025-07-04,2025-07-06,2025-07-06,Completed
FU0004660,REF005101,2026-02-11,2026-02-13,2026-02-12,Completed
FU0004661,REF005103,2026-04-09,2026-04-11,2026-04-15,Completed
FU0004662,REF005104,2025-02-18,2025-02-20,2025-02-20,Completed
FU0004663,REF005105,2025-01-19,2025-01-21,2025-01-20,Completed
FU0004664,REF005106,2025-03-11,2025-03-13,2025-03-15,Completed
FU0004665,REF005107,2025-09-04,2025-09-06,2025-09-10,Completed
FU0004666,REF005108,2026-06-16,2026-06-18,2026-06-21,Completed
FU0004667,REF005109,2026-07-25,2026-07-27,2026-07-31,Completed
FU0004668,REF005110,2025-05-21,2025-05-23,2025-05-25,Completed
FU0004669,REF005113,2026-04-29,2026-05-01,2026-05-01,Completed
FU0004670,REF005114,2025-12-09,2025-12-11,2025-12-11,Completed
FU0004671,REF005115,2025-03-30,2025-04-01,2025-04-02,Completed
FU0004672,REF005117,2026-08-04,2026-08-06,2026-08-10,Completed
FU0004673,REF005117,2026-08-28,,,Open
FU0004674,REF005118,2025-06-16,2025-06-18,2025-06-22,Completed
FU0004675,REF005119,2026-02-11,2026-02-13,2026-02-17,Completed
FU0004676,REF005120,2025-03-22,2025-03-24,2025-03-26,Completed
FU0004677,REF005121,2026-04-07,2026-04-09,2026-04-11,Completed
FU0004678,REF005122,2026-06-03,2026-06-05,2026-06-05,Completed
FU0004679,REF005123,2026-01-31,2026-02-02,2026-02-02,Completed
FU0004680,REF005124,2025-06-21,2025-06-23,2025-06-23,Completed
FU0004681,REF005125,2026-02-09,2026-02-11,2026-02-14,Completed
FU0004682,REF005126,2025-10-16,2025-10-18,2025-10-19,Completed
FU0004683,REF005127,2025-07-09,2025-07-11,2025-07-12,Completed
FU0004684,REF005128,2026-07-02,2026-07-04,2026-07-05,Completed
FU0004685,REF005129,2026-03-15,2026-03-17,2026-03-20,Completed
FU0004686,REF005130,2026-06-29,2026-07-01,2026-07-04,Completed
FU0004687,REF005131,2026-06-19,2026-06-21,2026-06-25,Completed
FU0004688,REF005132,2025-08-30,2025-09-01,2025-08-31,Completed
FU0004689,REF005133,2026-03-14,2026-03-16,2026-03-20,Completed
FU0004690,REF005134,2025-09-02,2025-09-04,2025-09-03,Completed
FU0004691,REF005135,2026-01-05,2026-01-07,2026-01-06,Completed
FU0004692,REF005135,2026-08-25,2026-08-27,,Open
FU0004693,REF005136,2025-08-22,2025-08-24,2025-08-25,Completed
FU0004694,REF005138,2026-08-07,2026-08-09,2026-08-10,Completed
FU0004695,REF005138,2026-08-17,2026-08-19,,Open
FU0004696,REF005139,2025-08-07,2025-08-09,2025-08-08,Completed
FU0004697,REF005140,2025-09-25,2025-09-27,2025-09-26,Completed
FU0004698,REF005141,2026-02-28,2026-03-02,2026-03-01,Completed
FU0004699,REF005142,2025-08-15,2025-08-17,2025-08-16,Completed
FU0004700,REF005143,2026-02-11,2026-02-13,2026-02-16,Completed
FU0004701,REF005144,2026-06-28,2026-06-30,2026-06-29,Completed
FU0004702,REF005145,2026-04-19,2026-04-21,2026-04-20,Completed
FU0004703,REF005146,2026-07-04,2026-07-06,2026-07-06,Completed
FU0004704,REF005147,2025-01-08,2025-01-10,2025-01-13,Completed
FU0004705,REF005148,2025-11-06,2025-11-08,2025-11-07,Completed
FU0004706,REF005149,2025-11-29,2025-12-01,2025-12-01,Completed
FU0004707,REF005149,2026-08-27,2026-08-29,,Open
FU0004708,REF005150,2025-11-20,2025-11-22,2025-11-25,Completed
FU0004709,REF005153,2025-02-05,2025-02-07,2025-02-10,Completed
FU0004710,REF005154,2025-04-26,2025-04-28,2025-05-01,Completed
FU0004711,REF005155,2026-02-25,2026-02-27,2026-03-01,Completed
FU0004712,REF005156,2026-06-27,2026-06-29,2026-06-28,Completed
FU0004713,REF005157,2025-04-03,2025-04-05,2025-04-08,Completed
FU0004714,REF005158,2026-01-06,2026-01-08,2026-01-07,Completed
FU0004715,REF005159,2025-11-20,2025-11-22,2025-11-24,Completed
FU0004716,REF005160,2026-08-26,2026-08-28,,Open
FU0004717,REF005161,2025-04-23,2025-04-25,2025-04-29,Completed
FU0004718,REF005162,2026-06-13,2026-06-15,2026-06-15,Completed
FU0004719,REF005164,2026-06-23,2026-06-25,2026-06-24,Completed
FU0004720,REF005165,2026-08-06,2026-08-08,2026-08-07,Completed
FU0004721,REF005166,2025-04-24,2025-04-26,2025-04-27,Completed
FU0004722,REF005166,2026-08-19,2026-08-21,,Open
FU0004723,REF005167,2025-07-06,2025-07-08,2025-07-07,Completed
FU0004724,REF005168,2025-02-11,2025-02-13,2025-02-12,Completed
FU0004725,REF005168,2026-08-29,2026-08-31,,Open
FU0004726,REF005170,2026-05-06,2026-05-08,2026-05-09,Completed
FU0004727,REF005171,2025-08-29,2025-08-31,2025-09-03,Completed
FU0004728,REF005172,2026-07-10,2026-07-12,2026-07-12,Completed
FU0004729,REF005173,2026-01-05,2026-01-07,2026-01-11,Completed
FU0004730,REF005174,2026-08-31,2026-09-02,,Open
FU0004731,REF005179,2026-02-02,2026-02-04,2026-02-06,Completed
FU0004732,REF005180,2025-09-06,2025-09-08,2025-09-08,Completed
FU0004733,REF005181,2026-08-30,2026-09-01,,Open
FU0004734,REF005182,2025-04-14,2025-04-16,2025-04-19,Completed
FU0004735,REF005183,2026-03-08,2026-03-10,2026-03-11,Completed
FU0004736,REF005183,2026-08-30,2026-09-01,,Open
FU0004737,REF005184,2025-04-16,2025-04-18,2025-04-22,Completed
FU0004738,REF005185,2025-08-10,2025-08-12,2025-08-13,Completed
FU0004739,REF005186,2026-08-15,2026-08-17,2026-08-16,Completed
FU0004740,REF005187,2025-05-06,2025-05-08,2025-05-07,Completed
FU0004741,REF005188,2025-04-05,2025-04-07,2025-04-09,Completed
FU0004742,REF005189,2026-03-15,2026-03-17,2026-03-20,Completed
FU0004743,REF005190,2025-11-02,2025-11-04,2025-11-07,Completed
FU0004744,REF005191,2025-11-17,2025-11-19,2025-11-23,Completed
FU0004745,REF005192,2025-12-26,2025-12-28,2025-12-30,Completed
FU0004746,REF005193,2025-06-10,2025-06-12,2025-06-16,Completed
FU0004747,REF005194,2025-08-10,2025-08-12,2025-08-15,Completed
FU0004748,REF005195,2025-03-26,2025-03-28,2025-03-28,Completed
FU0004749,REF005196,2025-09-02,2025-09-04,2025-09-03,Completed
FU0004750,REF005197,2025-06-19,2025-06-21,2025-06-20,Completed
FU0004751,REF005198,2026-03-11,2026-03-13,2026-03-15,Completed
FU0004752,REF005199,2026-08-10,2026-08-12,2026-08-16,Completed
FU0004753,REF005199,2026-08-28,2026-08-30,,Open
FU0004754,REF005201,2026-04-29,2026-05-01,2026-05-03,Completed
FU0004755,REF005205,2025-03-25,2025-03-27,2025-03-27,Completed
FU0004756,REF005206,2026-06-02,2026-06-04,2026-06-03,Completed
FU0004757,REF005207,2026-06-21,2026-06-23,2026-06-26,Completed
FU0004758,REF005208,2025-12-06,2025-12-08,2025-12-08,Completed
FU0004759,REF005209,2026-07-24,2026-07-26,2026-07-28,Completed
FU0004760,REF005210,2025-01-18,2025-01-20,2025-01-19,Completed
FU0004761,REF005213,2025-09-11,2025-09-13,2025-09-16,Completed
FU0004762,REF005214,2026-03-21,2026-03-23,2026-03-25,Completed
FU0004763,REF005216,2025-09-25,2025-09-27,2025-09-26,Completed
FU0004764,REF005217,2026-07-09,2026-07-11,2026-07-15,Completed
FU0004765,REF005219,2026-02-03,2026-02-05,2026-02-04,Completed
FU0004766,REF005220,2025-12-31,2026-01-02,2026-01-05,Completed
FU0004767,REF005222,2026-01-02,2026-01-04,2026-01-07,Completed
FU0004768,REF005223,2026-08-07,2026-08-09,2026-08-12,Completed
FU0004769,REF005224,2026-06-10,2026-06-12,2026-06-15,Completed
FU0004770,REF005225,2026-03-08,2026-03-10,2026-03-14,Completed
FU0004771,REF005226,2026-08-19,2026-08-21,2026-08-24,Completed
FU0004772,REF005226,2026-08-30,2026-09-01,,Open
FU0004773,REF005228,2025-06-03,2025-06-05,2025-06-09,Completed
FU0004774,REF005230,2026-06-11,2026-06-13,2026-06-13,Completed
FU0004775,REF005231,2025-09-06,2025-09-08,2025-09-08,Completed
FU0004776,REF005232,2025-08-11,2025-08-13,2025-08-12,Completed
FU0004777,REF005233,2026-05-08,2026-05-10,2026-05-11,Completed
FU0004778,REF005234,2025-09-08,2025-09-10,2025-09-13,Completed
FU0004779,REF005235,2025-12-03,2025-12-05,2025-12-05,Completed
FU0004780,REF005236,2025-01-25,2025-01-27,2025-01-28,Completed
FU0004781,REF005237,2026-06-11,2026-06-13,2026-06-16,Completed
FU0004782,REF005237,2026-08-21,2026-08-23,,Open
FU0004783,REF005239,2025-02-14,2025-02-16,2025-02-17,Completed
FU0004784,REF005241,2025-11-05,2025-11-07,2025-11-06,Completed
FU0004785,REF005243,2025-11-30,2025-12-02,2025-12-02,Completed
FU0004786,REF005244,2026-01-09,2026-01-11,2026-01-13,Completed
FU0004787,REF005245,2025-12-24,2025-12-26,2025-12-26,Completed
FU0004788,REF005246,2025-12-21,2025-12-23,2025-12-23,Completed
FU0004789,REF005248,2026-04-11,2026-04-13,2026-04-17,Completed
FU0004790,REF005249,2026-07-07,2026-07-09,2026-07-12,Completed
FU0004791,REF005250,2025-12-09,2025-12-11,2025-12-12,Completed
FU0004792,REF005251,2025-12-21,2025-12-23,2025-12-27,Completed
FU0004793,REF005252,2026-01-13,2026-01-15,2026-01-19,Completed
FU0004794,REF005253,2026-04-28,2026-04-30,2026-04-30,Completed
FU0004795,REF005255,2026-01-17,2026-01-19,2026-01-22,Completed
FU0004796,REF005256,2026-01-19,2026-01-21,2026-01-22,Completed
FU0004797,REF005257,2026-07-22,2026-07-24,2026-07-25,Completed
FU0004798,REF005258,2025-11-25,2025-11-27,2025-11-27,Completed
FU0004799,REF005259,2025-12-12,2025-12-14,2025-12-18,Completed
FU0004800,REF005260,2026-08-19,2026-08-21,,Open
FU0004801,REF005261,2025-07-14,2025-07-16,2025-07-17,Completed
FU0004802,REF005262,2026-05-09,2026-05-11,2026-05-11,Completed
FU0004803,REF005263,2026-07-30,2026-08-01,2026-08-05,Completed
FU0004804,REF005264,2026-01-16,2026-01-18,2026-01-19,Completed
FU0004805,REF005265,2026-01-20,2026-01-22,2026-01-25,Completed
FU0004806,REF005266,2026-04-18,2026-04-20,2026-04-19,Completed
FU0004807,REF005267,2025-01-01,2025-01-03,2025-01-03,Completed
FU0004808,REF005268,2026-04-13,2026-04-15,2026-04-16,Completed
FU0004809,REF005269,2025-08-01,2025-08-03,2025-08-04,Completed
FU0004810,REF005270,2025-06-28,2025-06-30,2025-06-30,Completed
FU0004811,REF005271,2026-06-14,2026-06-16,2026-06-15,Completed
FU0004812,REF005273,2025-06-05,2025-06-07,2025-06-10,Completed
FU0004813,REF005274,2025-07-04,2025-07-06,2025-07-07,Completed
FU0004814,REF005275,2025-07-29,2025-07-31,2025-08-03,Completed
FU0004815,REF005276,2025-09-01,2025-09-03,2025-09-02,Completed
FU0004816,REF005277,2025-04-28,2025-04-30,2025-05-02,Completed
FU0004817,REF005279,2026-01-24,2026-01-26,2026-01-27,Completed
FU0004818,REF005280,2025-05-16,2025-05-18,2025-05-20,Completed
FU0004819,REF005281,2026-03-24,2026-03-26,2026-03-28,Completed
FU0004820,REF005282,2026-08-14,2026-08-16,2026-08-15,Completed
FU0004821,REF005283,2025-04-25,2025-04-27,2025-04-27,Completed
FU0004822,REF005284,2025-03-19,2025-03-21,2025-03-21,Completed
FU0004823,REF005285,2025-12-31,2026-01-02,2026-01-04,Completed
FU0004824,REF005286,2026-01-01,2026-01-03,2026-01-07,Completed
FU0004825,REF005287,2026-07-09,2026-07-11,2026-07-14,Completed
FU0004826,REF005287,2026-08-21,2026-08-23,,Open
FU0004827,REF005288,2025-04-25,2025-04-27,2025-04-30,Completed
FU0004828,REF005289,2025-04-10,2025-04-12,2025-04-13,Completed
FU0004829,REF005290,2026-08-23,2026-08-25,2026-08-26,Completed
FU0004830,REF005290,2026-08-28,2026-08-30,,Open
FU0004831,REF005292,2026-06-11,2026-06-13,2026-06-15,Completed
FU0004832,REF005293,2026-02-28,2026-03-02,2026-03-03,Completed
FU0004833,REF005294,2025-06-05,2025-06-07,2025-06-07,Completed
FU0004834,REF005295,2025-02-13,2025-02-15,2025-02-18,Completed
FU0004835,REF005296,2025-02-13,2025-02-15,2025-02-15,Completed
FU0004836,REF005299,2025-10-10,2025-10-12,2025-10-11,Completed
FU0004837,REF005300,2026-05-09,2026-05-11,2026-05-15,Completed
FU0004838,REF005301,2026-06-27,2026-06-29,2026-06-28,Completed
FU0004839,REF005302,2025-03-30,2025-04-01,2025-03-31,Completed
FU0004840,REF005303,2025-03-16,2025-03-18,2025-03-21,Completed
FU0004841,REF005304,2025-02-18,2025-02-20,2025-02-21,Completed
FU0004842,REF005305,2025-03-22,2025-03-24,2025-03-23,Completed
FU0004843,REF005306,2025-03-30,2025-04-01,2025-03-31,Completed
FU0004844,REF005307,2026-03-03,2026-03-05,2026-03-09,Completed
FU0004845,REF005308,2026-08-13,2026-08-15,2026-08-18,Completed
FU0004846,REF005308,2026-08-18,2026-08-20,,Open
FU0004847,REF005309,2025-11-06,2025-11-08,2025-11-10,Completed
FU0004848,REF005310,2025-03-09,2025-03-11,2025-03-12,Completed
FU0004849,REF005312,2026-05-03,2026-05-05,2026-05-09,Completed
FU0004850,REF005313,2026-04-01,2026-04-03,2026-04-04,Completed
FU0004851,REF005313,2026-08-30,2026-09-01,,Open
FU0004852,REF005314,2025-01-18,2025-01-20,2025-01-20,Completed
FU0004853,REF005317,2025-05-27,2025-05-29,2025-06-01,Completed
FU0004854,REF005318,2026-08-11,2026-08-13,2026-08-17,Completed
FU0004855,REF005319,2026-06-12,2026-06-14,2026-06-14,Completed
FU0004856,REF005321,2025-08-04,2025-08-06,2025-08-08,Completed
FU0004857,REF005323,2026-08-09,2026-08-11,2026-08-13,Completed
FU0004858,REF005325,2025-01-08,2025-01-10,2025-01-11,Completed
FU0004859,REF005325,2026-08-23,2026-08-25,,Open
FU0004860,REF005328,2025-02-08,2025-02-10,2025-02-09,Completed
FU0004861,REF005329,2025-02-07,2025-02-09,2025-02-08,Completed
FU0004862,REF005330,2025-02-25,2025-02-27,2025-02-26,Completed
FU0004863,REF005331,2025-09-18,2025-09-20,2025-09-20,Completed
FU0004864,REF005332,2026-01-29,2026-01-31,2026-01-31,Completed
FU0004865,REF005332,2026-08-23,2026-08-25,,Open
FU0004866,REF005333,2025-09-10,2025-09-12,2025-09-15,Completed
FU0004867,REF005334,2026-05-10,2026-05-12,2026-05-15,Completed
FU0004868,REF005335,2026-08-03,2026-08-05,2026-08-07,Completed
FU0004869,REF005336,2026-03-21,2026-03-23,2026-03-23,Completed
FU0004870,REF005337,2025-09-11,2025-09-13,2025-09-13,Completed
FU0004871,REF005338,2026-02-18,2026-02-20,2026-02-20,Completed
FU0004872,REF005340,2026-08-20,2026-08-22,2026-08-22,Completed
FU0004873,REF005340,2026-08-20,2026-08-22,,Open
FU0004874,REF005341,2026-07-18,2026-07-20,2026-07-21,Completed
FU0004875,REF005341,2026-08-20,2026-08-22,,Open
FU0004876,REF005342,2025-04-22,2025-04-24,2025-04-24,Completed
FU0004877,REF005343,2026-03-28,2026-03-30,2026-04-02,Completed
FU0004878,REF005344,2026-07-05,2026-07-07,2026-07-09,Completed
FU0004879,REF005345,2025-09-13,2025-09-15,2025-09-17,Completed
FU0004880,REF005346,2026-06-03,2026-06-05,2026-06-07,Completed
FU0004881,REF005347,2026-02-27,2026-03-01,2026-03-01,Completed
FU0004882,REF005348,2025-07-16,2025-07-18,2025-07-22,Completed
FU0004883,REF005349,2025-04-28,2025-04-30,2025-05-04,Completed
FU0004884,REF005350,2026-06-02,2026-06-04,2026-06-08,Completed
FU0004885,REF005351,2025-04-02,2025-04-04,2025-04-03,Completed
FU0004886,REF005353,2026-01-03,2026-01-05,2026-01-08,Completed
FU0004887,REF005354,2025-10-23,2025-10-25,2025-10-28,Completed
FU0004888,REF005355,2026-08-26,2026-08-28,2026-08-27,Completed
FU0004889,REF005356,2025-09-10,2025-09-12,2025-09-14,Completed
FU0004890,REF005357,2025-06-01,2025-06-03,2025-06-06,Completed
FU0004891,REF005358,2026-01-24,2026-01-26,2026-01-30,Completed
FU0004892,REF005359,2025-05-26,2025-05-28,2025-05-28,Completed
FU0004893,REF005360,2025-04-05,2025-04-07,2025-04-09,Completed
FU0004894,REF005361,2025-01-09,2025-01-11,2025-01-14,Completed
FU0004895,REF005362,2026-05-09,2026-05-11,2026-05-13,Completed
FU0004896,REF005363,2026-08-22,2026-08-24,,Open
FU0004897,REF005364,2025-11-25,2025-11-27,2025-11-27,Completed
FU0004898,REF005365,2026-06-04,2026-06-06,2026-06-08,Completed
FU0004899,REF005365,2026-08-24,2026-08-26,,Open
FU0004900,REF005366,2025-02-22,2025-02-24,2025-02-27,Completed
FU0004901,REF005367,2026-07-26,2026-07-28,2026-08-01,Completed
FU0004902,REF005368,2025-11-20,2025-11-22,2025-11-25,Completed
FU0004903,REF005370,2026-01-13,2026-01-15,2026-01-19,Completed
FU0004904,REF005371,2026-07-09,2026-07-11,2026-07-11,Completed
FU0004905,REF005373,2025-02-16,2025-02-18,2025-02-17,Completed
FU0004906,REF005376,2025-12-08,2025-12-10,2025-12-13,Completed
FU0004907,REF005377,2025-08-14,2025-08-16,2025-08-18,Completed
FU0004908,REF005378,2026-06-26,2026-06-28,2026-06-27,Completed
FU0004909,REF005379,2025-09-05,2025-09-07,2025-09-06,Completed
FU0004910,REF005380,2025-11-21,2025-11-23,2025-11-26,Completed
FU0004911,REF005381,2025-02-24,2025-02-26,2025-02-25,Completed
FU0004912,REF005382,2026-08-24,2026-08-26,2026-08-27,Completed
FU0004913,REF005382,2026-08-31,2026-09-02,,Open
FU0004914,REF005383,2025-03-16,2025-03-18,2025-03-17,Completed
FU0004915,REF005384,2026-05-24,2026-05-26,2026-05-29,Completed
FU0004916,REF005384,2026-08-23,2026-08-25,,Open
FU0004917,REF005386,2025-10-28,2025-10-30,2025-10-30,Completed
FU0004918,REF005387,2025-10-11,2025-10-13,2025-10-13,Completed
FU0004919,REF005388,2026-06-30,2026-07-02,2026-07-02,Completed
FU0004920,REF005389,2026-03-29,2026-03-31,2026-04-02,Completed
FU0004921,REF005390,2026-08-13,2026-08-15,2026-08-17,Completed
FU0004922,REF005393,2025-07-19,2025-07-21,2025-07-23,Completed
FU0004923,REF005393,2026-08-16,2026-08-18,,Open
FU0004924,REF005394,2025-12-08,2025-12-10,2025-12-11,Completed
FU0004925,REF005395,2025-04-11,2025-04-13,2025-04-15,Completed
FU0004926,REF005397,2026-05-10,2026-05-12,2026-05-15,Completed
FU0004927,REF005398,2026-05-11,2026-05-13,2026-05-16,Completed
FU0004928,REF005399,2025-03-22,2025-03-24,2025-03-27,Completed
FU0004929,REF005400,2025-05-14,2025-05-16,2025-05-18,Completed
FU0004930,REF005401,2025-11-07,2025-11-09,2025-11-13,Completed
FU0004931,REF005403,2025-11-13,2025-11-15,2025-11-18,Completed
FU0004932,REF005404,2025-07-15,2025-07-17,2025-07-20,Completed
FU0004933,REF005405,2025-11-27,2025-11-29,2025-12-03,Completed
FU0004934,REF005406,2025-01-07,2025-01-09,2025-01-08,Completed
FU0004935,REF005407,2026-01-04,2026-01-06,2026-01-05,Completed
FU0004936,REF005408,2026-07-30,2026-08-01,2026-08-01,Completed
FU0004937,REF005409,2025-03-31,2025-04-02,2025-04-05,Completed
FU0004938,REF005410,2025-09-03,2025-09-05,2025-09-04,Completed
FU0004939,REF005411,2025-09-13,2025-09-15,2025-09-15,Completed
FU0004940,REF005412,2025-08-15,2025-08-17,2025-08-17,Completed
FU0004941,REF005413,2026-04-08,2026-04-10,2026-04-10,Completed
FU0004942,REF005415,2025-01-25,2025-01-27,2025-01-28,Completed
FU0004943,REF005416,2025-10-27,2025-10-29,2025-11-01,Completed
FU0004944,REF005417,2025-10-08,2025-10-10,2025-10-13,Completed
FU0004945,REF005418,2025-02-20,2025-02-22,2025-02-23,Completed
FU0004946,REF005419,2026-06-15,2026-06-17,2026-06-16,Completed
FU0004947,REF005419,2026-08-17,2026-08-19,,Open
FU0004948,REF005420,2025-08-20,2025-08-22,2025-08-26,Completed
FU0004949,REF005422,2026-02-19,2026-02-21,2026-02-24,Completed
FU0004950,REF005423,2025-05-20,2025-05-22,2025-05-25,Completed
FU0004951,REF005424,2026-07-06,2026-07-08,2026-07-09,Completed
FU0004952,REF005426,2025-05-28,2025-05-30,2025-05-30,Completed
FU0004953,REF005427,2026-04-03,2026-04-05,2026-04-04,Completed
FU0004954,REF005428,2025-02-28,2025-03-02,2025-03-04,Completed
FU0004955,REF005429,2026-04-04,2026-04-06,2026-04-08,Completed
FU0004956,REF005430,2025-01-22,2025-01-24,2025-01-27,Completed
FU0004957,REF005431,2025-12-30,2026-01-01,2026-01-04,Completed
FU0004958,REF005432,2025-12-16,2025-12-18,2025-12-20,Completed
FU0004959,REF005433,2026-05-29,2026-05-31,2026-06-02,Completed
FU0004960,REF005434,2026-01-10,2026-01-12,2026-01-16,Completed
FU0004961,REF005435,2025-03-15,2025-03-17,2025-03-18,Completed
FU0004962,REF005436,2026-08-21,2026-08-23,,Open
FU0004963,REF005437,2025-11-29,2025-12-01,2025-11-30,Completed
FU0004964,REF005438,2025-05-08,2025-05-10,2025-05-14,Completed
FU0004965,REF005439,2025-05-27,2025-05-29,2025-06-01,Completed
FU0004966,REF005440,2025-01-17,2025-01-19,2025-01-23,Completed
FU0004967,REF005441,2026-07-06,2026-07-08,2026-07-10,Completed
FU0004968,REF005442,2026-06-23,2026-06-25,2026-06-28,Completed
FU0004969,REF005443,2025-09-21,2025-09-23,2025-09-24,Completed
FU0004970,REF005444,2025-11-16,2025-11-18,2025-11-20,Completed
FU0004971,REF005444,2026-08-23,2026-08-25,,Open
FU0004972,REF005445,2026-05-19,2026-05-21,2026-05-24,Completed
FU0004973,REF005446,2026-04-17,2026-04-19,2026-04-22,Completed
FU0004974,REF005447,2025-08-02,2025-08-04,2025-08-07,Completed
FU0004975,REF005448,2025-03-21,2025-03-23,2025-03-27,Completed
FU0004976,REF005450,2025-07-10,2025-07-12,2025-07-15,Completed
FU0004977,REF005452,2026-06-04,2026-06-06,2026-06-05,Completed
FU0004978,REF005453,2025-03-28,2025-03-30,2025-03-29,Completed
FU0004979,REF005454,2025-04-13,2025-04-15,2025-04-19,Completed
FU0004980,REF005455,2026-05-13,2026-05-15,2026-05-15,Completed
FU0004981,REF005455,2026-08-20,2026-08-22,,Open
FU0004982,REF005456,2025-03-15,2025-03-17,2025-03-18,Completed
FU0004983,REF005457,2026-03-01,2026-03-03,2026-03-06,Completed
FU0004984,REF005458,2025-10-06,2025-10-08,2025-10-09,Completed
FU0004985,REF005459,2026-06-11,2026-06-13,2026-06-17,Completed
FU0004986,REF005460,2026-07-08,2026-07-10,2026-07-13,Completed
FU0004987,REF005461,2025-02-22,2025-02-24,2025-02-24,Completed
FU0004988,REF005464,2026-08-29,2026-08-31,2026-08-30,Completed
FU0004989,REF005464,2026-08-29,2026-08-31,,Open
FU0004990,REF005465,2025-07-09,2025-07-11,2025-07-15,Completed
FU0004991,REF005466,2025-02-15,2025-02-17,2025-02-16,Completed
FU0004992,REF005467,2025-08-04,2025-08-06,2025-08-06,Completed
FU0004993,REF005468,2025-02-02,2025-02-04,2025-02-05,Completed
FU0004994,REF005469,2025-12-08,2025-12-10,2025-12-09,Completed
FU0004995,REF005470,2025-04-13,2025-04-15,2025-04-17,Completed
FU0004996,REF005471,2025-09-24,2025-09-26,2025-09-27,Completed
FU0004997,REF005472,2025-01-08,2025-01-10,2025-01-10,Completed
FU0004998,REF005474,2025-04-05,2025-04-07,2025-04-07,Completed
FU0004999,REF005475,2026-08-25,2026-08-27,,Open
FU0005000,REF005476,2025-06-19,2025-06-21,2025-06-21,Completed
FU0005001,REF005477,2025-04-30,2025-05-02,2025-05-01,Completed
FU0005002,REF005478,2026-04-28,2026-04-30,2026-05-01,Completed
FU0005003,REF005479,2025-11-06,2025-11-08,2025-11-11,Completed
FU0005004,REF005480,2026-02-14,2026-02-16,2026-02-17,Completed
FU0005005,REF005481,2026-04-23,2026-04-25,2026-04-27,Completed
FU0005006,REF005482,2025-02-17,2025-02-19,2025-02-21,Completed
FU0005007,REF005484,2025-03-31,2025-04-02,2025-04-03,Completed
FU0005008,REF005485,2025-01-22,2025-01-24,2025-01-28,Completed
FU0005009,REF005486,2026-08-15,2026-08-17,2026-08-18,Completed
FU0005010,REF005487,2025-09-27,2025-09-29,2025-09-29,Completed
FU0005011,REF005489,2025-12-07,2025-12-09,2025-12-11,Completed
FU0005012,REF005490,2025-09-04,2025-09-06,2025-09-05,Completed
FU0005013,REF005491,2026-01-06,2026-01-08,2026-01-08,Completed
FU0005014,REF005491,2026-08-31,2026-09-02,,Open
FU0005015,REF005492,2025-02-22,2025-02-24,2025-02-24,Completed
FU0005016,REF005494,2026-05-27,2026-05-29,2026-05-31,Completed
FU0005017,REF005495,2026-05-06,2026-05-08,2026-05-12,Completed
FU0005018,REF005496,2025-12-02,2025-12-04,2025-12-03,Completed
FU0005019,REF005496,2026-08-23,,,Open
FU0005020,REF005497,2026-04-28,2026-04-30,2026-04-30,Completed
FU0005021,REF005498,2025-07-18,2025-07-20,2025-07-20,Completed
FU0005022,REF005499,2026-06-19,2026-06-21,2026-06-25,Completed
FU0005023,REF005500,2025-07-12,2025-07-14,2025-07-13,Completed
FU0005024,REF005502,2026-05-30,2026-06-01,2026-06-01,Completed
FU0005025,REF005506,2025-06-20,2025-06-22,2025-06-23,Completed
FU0005026,REF005507,2026-03-13,2026-03-15,2026-03-17,Completed
FU0005027,REF005508,2025-06-19,2025-06-21,2025-06-25,Completed
FU0005028,REF005509,2026-03-12,2026-03-14,2026-03-14,Completed
FU0005029,REF005509,2026-08-17,2026-08-19,,Open
FU0005030,REF005510,2025-02-26,2025-02-28,2025-03-04,Completed
FU0005031,REF005511,2026-05-25,2026-05-27,2026-05-26,Completed
FU0005032,REF005512,2026-04-11,2026-04-13,2026-04-17,Completed
FU0005033,REF005513,2025-02-02,2025-02-04,2025-02-03,Completed
FU0005034,REF005514,2025-05-06,2025-05-08,2025-05-07,Completed
FU0005035,REF005515,2026-05-06,2026-05-08,2026-05-07,Completed
FU0005036,REF005516,2025-04-19,2025-04-21,2025-04-24,Completed
FU0005037,REF005517,2026-07-09,2026-07-11,2026-07-13,Completed
FU0005038,REF005518,2025-11-24,2025-11-26,2025-11-28,Completed
FU0005039,REF005520,2026-01-20,2026-01-22,2026-01-22,Completed
FU0005040,REF005521,2025-02-24,2025-02-26,2025-02-26,Completed
FU0005041,REF005522,2026-08-18,2026-08-20,2026-08-21,Completed
FU0005042,REF005525,2026-08-17,2026-08-19,2026-08-22,Completed
FU0005043,REF005526,2025-10-19,2025-10-21,2025-10-21,Completed
FU0005044,REF005527,2026-04-21,2026-04-23,2026-04-24,Completed
FU0005045,REF005529,2026-07-11,2026-07-13,2026-07-15,Completed
FU0005046,REF005530,2026-05-01,2026-05-03,2026-05-05,Completed
FU0005047,REF005531,2026-01-09,2026-01-11,2026-01-15,Completed
FU0005048,REF005532,2025-05-05,2025-05-07,2025-05-06,Completed
FU0005049,REF005534,2025-03-22,2025-03-24,2025-03-23,Completed
FU0005050,REF005535,2025-05-02,2025-05-04,2025-05-07,Completed
FU0005051,REF005536,2025-08-23,2025-08-25,2025-08-26,Completed
FU0005052,REF005537,2026-05-29,2026-05-31,2026-05-30,Completed
FU0005053,REF005538,2025-05-10,2025-05-12,2025-05-12,Completed
FU0005054,REF005539,2025-02-03,2025-02-05,2025-02-09,Completed
FU0005055,REF005540,2025-06-19,2025-06-21,2025-06-24,Completed
FU0005056,REF005541,2025-04-26,2025-04-28,2025-04-30,Completed
FU0005057,REF005542,2025-07-25,2025-07-27,2025-07-29,Completed
FU0005058,REF005543,2025-11-12,2025-11-14,2025-11-13,Completed
FU0005059,REF005544,2026-07-21,2026-07-23,2026-07-25,Completed
FU0005060,REF005545,2026-02-06,2026-02-08,2026-02-12,Completed
FU0005061,REF005546,2026-04-13,2026-04-15,2026-04-19,Completed
FU0005062,REF005547,2026-04-02,2026-04-04,2026-04-04,Completed
FU0005063,REF005548,2026-06-22,2026-06-24,2026-06-24,Completed
FU0005064,REF005551,2025-10-29,2025-10-31,2025-10-30,Completed
FU0005065,REF005552,2025-11-20,2025-11-22,2025-11-24,Completed
FU0005066,REF005553,2026-06-21,2026-06-23,2026-06-25,Completed
FU0005067,REF005555,2025-01-01,2025-01-03,2025-01-06,Completed
FU0005068,REF005556,2025-07-04,2025-07-06,2025-07-09,Completed
FU0005069,REF005557,2025-10-10,2025-10-12,2025-10-12,Completed
FU0005070,REF005558,2025-08-26,2025-08-28,2025-08-31,Completed
FU0005071,REF005559,2025-08-17,2025-08-19,2025-08-22,Completed
FU0005072,REF005560,2026-03-09,2026-03-11,2026-03-14,Completed
FU0005073,REF005561,2026-04-02,2026-04-04,2026-04-05,Completed
FU0005074,REF005562,2025-02-15,2025-02-17,2025-02-16,Completed
FU0005075,REF005562,2026-08-25,2026-08-27,,Open
FU0005076,REF005563,2025-11-04,2025-11-06,2025-11-06,Completed
FU0005077,REF005564,2026-07-07,2026-07-09,2026-07-08,Completed
FU0005078,REF005565,2026-06-11,2026-06-13,2026-06-17,Completed
FU0005079,REF005566,2025-04-13,2025-04-15,2025-04-14,Completed
FU0005080,REF005567,2026-08-28,2026-08-30,,Open
FU0005081,REF005568,2026-04-08,2026-04-10,2026-04-09,Completed
FU0005082,REF005568,2026-08-18,2026-08-20,,Open
FU0005083,REF005570,2025-10-08,2025-10-10,2025-10-10,Completed
FU0005084,REF005571,2025-06-24,2025-06-26,2025-06-25,Completed
FU0005085,REF005572,2025-12-13,2025-12-15,2025-12-18,Completed
FU0005086,REF005573,2026-06-22,2026-06-24,2026-06-28,Completed
FU0005087,REF005574,2026-01-11,2026-01-13,2026-01-12,Completed
FU0005088,REF005575,2025-07-11,2025-07-13,2025-07-14,Completed
FU0005089,REF005576,2025-10-05,2025-10-07,2025-10-11,Completed
FU0005090,REF005577,2025-12-27,2025-12-29,2026-01-01,Completed
FU0005091,REF005578,2026-06-12,2026-06-14,2026-06-15,Completed
FU0005092,REF005579,2025-01-29,2025-01-31,2025-02-02,Completed
FU0005093,REF005580,2026-03-07,2026-03-09,2026-03-13,Completed
FU0005094,REF005581,2026-06-12,2026-06-14,2026-06-15,Completed
FU0005095,REF005583,2026-01-26,2026-01-28,2026-01-27,Completed
FU0005096,REF005584,2025-06-01,2025-06-03,2025-06-05,Completed
FU0005097,REF005585,2026-03-12,2026-03-14,2026-03-17,Completed
FU0005098,REF005587,2025-03-18,2025-03-20,2025-03-21,Completed
FU0005099,REF005588,2025-03-28,2025-03-30,2025-04-01,Completed
FU0005100,REF005589,2026-03-23,2026-03-25,2026-03-28,Completed
FU0005101,REF005590,2025-12-05,2025-12-07,2025-12-10,Completed
FU0005102,REF005591,2026-01-30,2026-02-01,2026-02-05,Completed
FU0005103,REF005592,2026-06-16,2026-06-18,2026-06-20,Completed
FU0005104,REF005594,2026-04-08,2026-04-10,2026-04-09,Completed
FU0005105,REF005595,2026-08-11,2026-08-13,2026-08-14,Completed
FU0005106,REF005598,2026-08-10,2026-08-12,2026-08-11,Completed
FU0005107,REF005599,2025-11-10,2025-11-12,2025-11-14,Completed
FU0005108,REF005600,2026-01-06,2026-01-08,2026-01-10,Completed
FU0005109,REF005601,2025-03-01,2025-03-03,2025-03-06,Completed
FU0005110,REF005602,2025-04-04,2025-04-06,2025-04-07,Completed
FU0005111,REF005603,2025-08-09,2025-08-11,2025-08-13,Completed
FU0005112,REF005604,2025-10-11,2025-10-13,2025-10-14,Completed
FU0005113,REF005605,2026-05-18,2026-05-20,2026-05-24,Completed
FU0005114,REF005606,2025-05-30,2025-06-01,2025-06-02,Completed
FU0005115,REF005607,2026-05-23,2026-05-25,2026-05-29,Completed
FU0005116,REF005608,2026-03-10,2026-03-12,2026-03-16,Completed
FU0005117,REF005608,2026-08-21,2026-08-23,,Open
FU0005118,REF005609,2026-04-21,2026-04-23,2026-04-26,Completed
FU0005119,REF005609,2026-08-28,2026-08-30,,Open
FU0005120,REF005610,2025-12-17,2025-12-19,2025-12-21,Completed
FU0005121,REF005611,2025-12-24,2025-12-26,2025-12-28,Completed
FU0005122,REF005611,2026-08-24,2026-08-26,,Open
FU0005123,REF005612,2025-07-16,2025-07-18,2025-07-18,Completed
FU0005124,REF005613,2025-04-21,2025-04-23,2025-04-26,Completed
FU0005125,REF005614,2025-06-20,2025-06-22,2025-06-22,Completed
FU0005126,REF005614,2026-08-22,2026-08-24,,Open
FU0005127,REF005615,2025-05-03,2025-05-05,2025-05-04,Completed
FU0005128,REF005616,2026-06-24,2026-06-26,2026-06-26,Completed
FU0005129,REF005617,2026-02-14,2026-02-16,2026-02-19,Completed
FU0005130,REF005618,2025-06-19,2025-06-21,2025-06-20,Completed
FU0005131,REF005619,2025-11-22,2025-11-24,2025-11-24,Completed
FU0005132,REF005620,2026-08-24,2026-08-26,2026-08-25,Completed
FU0005133,REF005620,2026-08-24,2026-08-26,,Open
FU0005134,REF005621,2026-04-30,2026-05-02,2026-05-06,Completed
FU0005135,REF005622,2025-03-23,2025-03-25,2025-03-28,Completed
FU0005136,REF005623,2025-03-21,2025-03-23,2025-03-23,Completed
FU0005137,REF005624,2026-08-18,2026-08-20,,Open
FU0005138,REF005625,2026-04-15,2026-04-17,2026-04-18,Completed
FU0005139,REF005626,2025-01-14,2025-01-16,2025-01-18,Completed
FU0005140,REF005627,2026-08-28,2026-08-30,2026-08-31,Completed
FU0005141,REF005628,2025-11-19,2025-11-21,2025-11-25,Completed
FU0005142,REF005629,2026-04-19,2026-04-21,2026-04-20,Completed
FU0005143,REF005630,2026-08-17,2026-08-19,2026-08-20,Completed
FU0005144,REF005632,2025-05-10,2025-05-12,2025-05-13,Completed
FU0005145,REF005633,2026-08-16,2026-08-18,,Open
FU0005146,REF005635,2026-08-22,2026-08-24,2026-08-25,Completed
FU0005147,REF005635,2026-08-22,2026-08-24,,Open
FU0005148,REF005637,2026-08-29,2026-08-31,,Open
FU0005149,REF005638,2026-08-03,2026-08-05,2026-08-08,Completed
FU0005150,REF005638,2026-08-25,2026-08-27,,Open
FU0005151,REF005639,2025-12-21,2025-12-23,2025-12-23,Completed
FU0005152,REF005640,2025-05-19,2025-05-21,2025-05-25,Completed
FU0005153,REF005640,2026-08-16,2026-08-18,,Open
FU0005154,REF005643,2025-01-22,2025-01-24,2025-01-25,Completed
FU0005155,REF005644,2026-05-29,2026-05-31,2026-06-04,Completed
FU0005156,REF005645,2026-04-15,2026-04-17,2026-04-17,Completed
FU0005157,REF005647,2026-01-30,2026-02-01,2026-02-05,Completed
FU0005158,REF005649,2025-07-16,2025-07-18,2025-07-17,Completed
FU0005159,REF005650,2025-02-03,2025-02-05,2025-02-04,Completed
FU0005160,REF005651,2025-06-09,2025-06-11,2025-06-13,Completed
FU0005161,REF005652,2025-09-04,2025-09-06,2025-09-08,Completed
FU0005162,REF005653,2025-12-19,2025-12-21,2025-12-24,Completed
FU0005163,REF005654,2026-03-06,2026-03-08,2026-03-07,Completed
FU0005164,REF005655,2026-01-25,2026-01-27,2026-01-30,Completed
FU0005165,REF005656,2025-02-15,2025-02-17,2025-02-18,Completed
FU0005166,REF005657,2025-07-27,2025-07-29,2025-07-29,Completed
FU0005167,REF005658,2026-03-23,2026-03-25,2026-03-29,Completed
FU0005168,REF005661,2026-01-24,2026-01-26,2026-01-25,Completed
FU0005169,REF005662,2026-05-28,2026-05-30,2026-06-03,Completed
FU0005170,REF005663,2026-07-17,2026-07-19,2026-07-20,Completed
FU0005171,REF005664,2026-06-30,2026-07-02,2026-07-05,Completed
FU0005172,REF005665,2025-12-27,2025-12-29,2026-01-01,Completed
FU0005173,REF005666,2025-12-18,2025-12-20,2025-12-22,Completed
FU0005174,REF005667,2025-04-18,2025-04-20,2025-04-21,Completed
FU0005175,REF005668,2026-04-15,2026-04-17,2026-04-20,Completed
FU0005176,REF005669,2025-12-05,2025-12-07,2025-12-09,Completed
FU0005177,REF005671,2025-06-09,2025-06-11,2025-06-12,Completed
FU0005178,REF005672,2025-04-08,2025-04-10,2025-04-12,Completed
FU0005179,REF005673,2026-02-27,2026-03-01,2026-03-01,Completed
FU0005180,REF005674,2025-03-22,2025-03-24,2025-03-28,Completed
FU0005181,REF005675,2026-05-20,2026-05-22,2026-05-25,Completed
FU0005182,REF005677,2025-04-19,2025-04-21,2025-04-25,Completed
FU0005183,REF005678,2026-03-10,2026-03-12,2026-03-11,Completed
FU0005184,REF005679,2026-07-09,2026-07-11,2026-07-10,Completed
FU0005185,REF005681,2025-10-24,2025-10-26,2025-10-26,Completed
FU0005186,REF005682,2025-10-20,2025-10-22,2025-10-21,Completed
FU0005187,REF005683,2026-01-10,2026-01-12,2026-01-12,Completed
FU0005188,REF005685,2025-02-14,2025-02-16,2025-02-20,Completed
FU0005189,REF005686,2026-05-25,2026-05-27,2026-05-27,Completed
FU0005190,REF005687,2026-02-03,2026-02-05,2026-02-04,Completed
FU0005191,REF005688,2026-03-12,2026-03-14,2026-03-13,Completed
FU0005192,REF005689,2025-05-13,2025-05-15,2025-05-14,Completed
FU0005193,REF005690,2025-12-19,2025-12-21,2025-12-21,Completed
FU0005194,REF005691,2025-03-04,2025-03-06,2025-03-09,Completed
FU0005195,REF005692,2025-04-20,2025-04-22,2025-04-26,Completed
FU0005196,REF005693,2025-05-04,2025-05-06,2025-05-10,Completed
FU0005197,REF005694,2025-04-28,2025-04-30,2025-04-29,Completed
FU0005198,REF005695,2026-04-17,2026-04-19,2026-04-22,Completed
FU0005199,REF005696,2025-01-06,2025-01-08,2025-01-08,Completed
FU0005200,REF005698,2026-02-08,2026-02-10,2026-02-11,Completed
FU0005201,REF005700,2026-03-23,2026-03-25,2026-03-29,Completed
FU0005202,REF005701,2026-04-06,2026-04-08,2026-04-12,Completed
FU0005203,REF005702,2025-01-16,2025-01-18,2025-01-19,Completed
FU0005204,REF005703,2026-02-23,2026-02-25,2026-02-27,Completed
FU0005205,REF005704,2025-07-13,2025-07-15,2025-07-19,Completed
FU0005206,REF005705,2025-09-06,2025-09-08,2025-09-07,Completed
FU0005207,REF005706,2025-08-30,2025-09-01,2025-08-31,Completed
FU0005208,REF005708,2025-11-01,2025-11-03,2025-11-05,Completed
FU0005209,REF005709,2025-04-18,2025-04-20,2025-04-23,Completed
FU0005210,REF005710,2025-08-03,2025-08-05,2025-08-05,Completed
FU0005211,REF005711,2025-11-20,2025-11-22,2025-11-23,Completed
FU0005212,REF005711,2026-08-27,2026-08-29,,Open
FU0005213,REF005712,2026-04-19,2026-04-21,2026-04-22,Completed
FU0005214,REF005714,2025-09-14,2025-09-16,2025-09-16,Completed
FU0005215,REF005715,2026-03-09,2026-03-11,2026-03-10,Completed
FU0005216,REF005716,2025-09-08,2025-09-10,2025-09-09,Completed
FU0005217,REF005717,2025-12-16,2025-12-18,2025-12-22,Completed
FU0005218,REF005718,2026-08-28,2026-08-30,,Open
FU0005219,REF005719,2026-01-01,2026-01-03,2026-01-05,Completed
FU0005220,REF005721,2026-04-04,2026-04-06,2026-04-09,Completed
FU0005221,REF005722,2025-12-02,2025-12-04,2025-12-08,Completed
FU0005222,REF005723,2026-06-14,2026-06-16,2026-06-20,Completed
FU0005223,REF005724,2025-07-17,2025-07-19,2025-07-18,Completed
FU0005224,REF005725,2025-12-06,2025-12-08,2025-12-11,Completed
FU0005225,REF005726,2025-09-03,2025-09-05,2025-09-04,Completed
FU0005226,REF005727,2025-10-02,2025-10-04,2025-10-07,Completed
FU0005227,REF005730,2026-05-13,2026-05-15,2026-05-14,Completed
FU0005228,REF005731,2026-05-02,2026-05-04,2026-05-06,Completed
FU0005229,REF005732,2026-08-01,2026-08-03,2026-08-07,Completed
FU0005230,REF005734,2025-03-26,2025-03-28,2025-03-31,Completed
FU0005231,REF005735,2025-12-11,2025-12-13,2025-12-14,Completed
FU0005232,REF005736,2026-05-14,2026-05-16,2026-05-20,Completed
FU0005233,REF005737,2026-04-13,2026-04-15,2026-04-17,Completed
FU0005234,REF005738,2025-10-18,2025-10-20,2025-10-22,Completed
FU0005235,REF005739,2026-02-10,2026-02-12,2026-02-12,Completed
FU0005236,REF005741,2026-05-03,2026-05-05,2026-05-06,Completed
FU0005237,REF005742,2026-08-23,2026-08-25,2026-08-28,Completed
FU0005238,REF005742,2026-08-23,2026-08-25,,Open
FU0005239,REF005743,2026-05-09,2026-05-11,2026-05-14,Completed
FU0005240,REF005744,2026-01-20,2026-01-22,2026-01-24,Completed
FU0005241,REF005745,2025-04-25,2025-04-27,2025-04-27,Completed
FU0005242,REF005746,2025-04-28,2025-04-30,2025-04-30,Completed
FU0005243,REF005746,2026-08-30,2026-09-01,,Open
FU0005244,REF005747,2026-08-27,2026-08-29,,Open
FU0005245,REF005748,2026-05-01,2026-05-03,2026-05-02,Completed
FU0005246,REF005750,2026-04-11,2026-04-13,2026-04-17,Completed
FU0005247,REF005751,2025-12-31,2026-01-02,2026-01-01,Completed
FU0005248,REF005752,2026-02-13,2026-02-15,2026-02-18,Completed
FU0005249,REF005753,2025-04-30,2025-05-02,2025-05-05,Completed
FU0005250,REF005753,2026-08-18,2026-08-20,,Open
FU0005251,REF005754,2025-08-31,2025-09-02,2025-09-03,Completed
FU0005252,REF005754,2026-08-24,2026-08-26,,Open
FU0005253,REF005755,2025-01-24,2025-01-26,2025-01-25,Completed
FU0005254,REF005756,2025-04-18,2025-04-20,2025-04-24,Completed
FU0005255,REF005758,2026-05-03,2026-05-05,2026-05-05,Completed
FU0005256,REF005758,2026-08-28,2026-08-30,,Open
FU0005257,REF005760,2025-05-18,2025-05-20,2025-05-23,Completed
FU0005258,REF005761,2025-05-03,2025-05-05,2025-05-04,Completed
FU0005259,REF005762,2025-06-03,2025-06-05,2025-06-07,Completed
FU0005260,REF005763,2026-05-20,2026-05-22,2026-05-23,Completed
FU0005261,REF005764,2026-08-06,2026-08-08,2026-08-12,Completed
FU0005262,REF005765,2025-08-18,2025-08-20,2025-08-20,Completed
FU0005263,REF005765,2026-08-20,2026-08-22,,Open
FU0005264,REF005766,2025-01-08,2025-01-10,2025-01-10,Completed
FU0005265,REF005767,2025-10-01,2025-10-03,2025-10-07,Completed
FU0005266,REF005768,2025-10-27,2025-10-29,2025-10-30,Completed
FU0005267,REF005769,2026-06-13,2026-06-15,2026-06-19,Completed
FU0005268,REF005770,2025-07-25,2025-07-27,2025-07-28,Completed
FU0005269,REF005770,2026-08-18,2026-08-20,,Open
FU0005270,REF005771,2026-03-23,2026-03-25,2026-03-25,Completed
FU0005271,REF005772,2025-10-19,2025-10-21,2025-10-22,Completed
FU0005272,REF005773,2026-02-09,2026-02-11,2026-02-13,Completed
FU0005273,REF005774,2026-01-04,2026-01-06,2026-01-09,Completed
FU0005274,REF005776,2026-06-24,2026-06-26,2026-06-26,Completed
FU0005275,REF005778,2026-07-13,2026-07-15,2026-07-16,Completed
FU0005276,REF005779,2025-05-26,2025-05-28,2025-05-29,Completed
FU0005277,REF005780,2025-08-03,2025-08-05,2025-08-09,Completed
FU0005278,REF005781,2025-07-19,2025-07-21,2025-07-21,Completed
FU0005279,REF005782,2026-02-19,2026-02-21,2026-02-22,Completed
FU0005280,REF005783,2026-07-29,2026-07-31,2026-08-04,Completed
FU0005281,REF005783,2026-08-22,2026-08-24,,Open
FU0005282,REF005784,2025-08-24,2025-08-26,2025-08-27,Completed
FU0005283,REF005785,2026-08-22,2026-08-24,,Open
FU0005284,REF005787,2025-04-24,2025-04-26,2025-04-26,Completed
FU0005285,REF005788,2026-03-12,2026-03-14,2026-03-16,Completed
FU0005286,REF005789,2025-01-24,2025-01-26,2025-01-27,Completed
FU0005287,REF005790,2025-09-03,2025-09-05,2025-09-04,Completed
FU0005288,REF005791,2025-02-10,2025-02-12,2025-02-11,Completed
FU0005289,REF005792,2026-06-20,2026-06-22,2026-06-25,Completed
FU0005290,REF005793,2025-10-08,2025-10-10,2025-10-12,Completed
FU0005291,REF005794,2026-04-16,2026-04-18,2026-04-20,Completed
FU0005292,REF005795,2026-07-29,2026-07-31,2026-07-31,Completed
FU0005293,REF005796,2025-01-01,2025-01-03,2025-01-06,Completed
FU0005294,REF005797,2026-02-28,2026-03-02,2026-03-02,Completed
FU0005295,REF005798,2026-04-19,2026-04-21,2026-04-25,Completed
FU0005296,REF005799,2025-08-14,2025-08-16,2025-08-17,Completed
FU0005297,REF005800,2025-04-16,2025-04-18,2025-04-22,Completed
FU0005298,REF005801,2025-06-07,2025-06-09,2025-06-11,Completed
FU0005299,REF005802,2025-02-16,2025-02-18,2025-02-20,Completed
FU0005300,REF005803,2025-03-16,2025-03-18,2025-03-19,Completed
FU0005301,REF005804,2025-12-12,2025-12-14,2025-12-15,Completed
FU0005302,REF005805,2025-11-18,2025-11-20,2025-11-19,Completed
FU0005303,REF005806,2026-02-12,2026-02-14,2026-02-14,Completed
FU0005304,REF005807,2025-11-02,2025-11-04,2025-11-04,Completed
FU0005305,REF005808,2026-08-09,2026-08-11,2026-08-14,Completed
FU0005306,REF005809,2025-03-08,2025-03-10,2025-03-10,Completed
FU0005307,REF005809,2026-08-20,2026-08-22,,Open
FU0005308,REF005811,2025-07-26,2025-07-28,2025-07-29,Completed
FU0005309,REF005812,2025-10-14,2025-10-16,2025-10-19,Completed
FU0005310,REF005813,2025-07-30,2025-08-01,2025-08-01,Completed
FU0005311,REF005814,2026-02-20,2026-02-22,2026-02-25,Completed
FU0005312,REF005816,2025-10-06,2025-10-08,2025-10-11,Completed
FU0005313,REF005817,2025-12-03,2025-12-05,2025-12-08,Completed
FU0005314,REF005818,2025-03-23,2025-03-25,2025-03-24,Completed
FU0005315,REF005818,2026-08-26,2026-08-28,,Open
FU0005316,REF005819,2025-03-30,2025-04-01,2025-04-05,Completed
FU0005317,REF005819,2026-08-27,2026-08-29,,Open
FU0005318,REF005822,2025-07-24,2025-07-26,2025-07-29,Completed
FU0005319,REF005823,2026-05-05,2026-05-07,2026-05-06,Completed
FU0005320,REF005823,2026-08-20,,,Open
FU0005321,REF005824,2025-06-16,2025-06-18,2025-06-19,Completed
FU0005322,REF005824,2026-08-23,2026-08-25,,Open
FU0005323,REF005825,2025-02-12,2025-02-14,2025-02-14,Completed
FU0005324,REF005827,2026-01-16,2026-01-18,2026-01-18,Completed
FU0005325,REF005828,2025-10-16,2025-10-18,2025-10-21,Completed
FU0005326,REF005829,2026-08-24,2026-08-26,,Open
FU0005327,REF005830,2025-09-29,2025-10-01,2025-10-04,Completed
FU0005328,REF005831,2025-05-15,2025-05-17,2025-05-17,Completed
FU0005329,REF005832,2025-05-06,2025-05-08,2025-05-12,Completed
FU0005330,REF005833,2026-08-20,2026-08-22,,Open
FU0005331,REF005834,2025-08-21,2025-08-23,2025-08-26,Completed
FU0005332,REF005835,2025-03-03,2025-03-05,2025-03-06,Completed
FU0005333,REF005836,2026-01-31,2026-02-02,2026-02-03,Completed
FU0005334,REF005837,2026-04-08,2026-04-10,2026-04-09,Completed
FU0005335,REF005838,2026-01-23,2026-01-25,2026-01-24,Completed
FU0005336,REF005839,2026-06-12,2026-06-14,2026-06-15,Completed
FU0005337,REF005841,2026-05-24,2026-05-26,2026-05-27,Completed
FU0005338,REF005842,2026-03-25,2026-03-27,2026-03-30,Completed
FU0005339,REF005844,2026-08-19,2026-08-21,,Open
FU0005340,REF005845,2026-06-02,2026-06-04,2026-06-07,Completed
FU0005341,REF005846,2026-04-24,2026-04-26,2026-04-26,Completed
FU0005342,REF005847,2025-02-08,2025-02-10,2025-02-11,Completed
FU0005343,REF005849,2026-02-18,2026-02-20,2026-02-23,Completed
FU0005344,REF005850,2026-07-14,2026-07-16,2026-07-19,Completed
FU0005345,REF005851,2026-06-16,2026-06-18,2026-06-20,Completed
FU0005346,REF005851,2026-08-22,2026-08-24,,Open
FU0005347,REF005852,2026-02-24,2026-02-26,2026-02-26,Completed
FU0005348,REF005853,2026-08-08,2026-08-10,2026-08-12,Completed
FU0005349,REF005854,2026-08-24,2026-08-26,2026-08-27,Completed
FU0005350,REF005854,2026-08-29,2026-08-31,,Open
FU0005351,REF005855,2026-07-27,2026-07-29,2026-07-28,Completed
FU0005352,REF005856,2026-05-11,2026-05-13,2026-05-16,Completed
FU0005353,REF005858,2025-02-17,2025-02-19,2025-02-23,Completed
FU0005354,REF005860,2026-03-07,2026-03-09,2026-03-09,Completed
FU0005355,REF005864,2025-10-06,2025-10-08,2025-10-07,Completed
FU0005356,REF005865,2026-01-07,2026-01-09,2026-01-13,Completed
FU0005357,REF005866,2026-07-19,2026-07-21,2026-07-20,Completed
FU0005358,REF005866,2026-08-29,2026-08-31,,Open
FU0005359,REF005867,2025-06-10,2025-06-12,2025-06-13,Completed
FU0005360,REF005868,2025-10-28,2025-10-30,2025-10-31,Completed
FU0005361,REF005869,2026-08-31,2026-09-02,,Open
FU0005362,REF005872,2026-07-08,2026-07-10,2026-07-11,Completed
FU0005363,REF005873,2026-06-06,2026-06-08,2026-06-09,Completed
FU0005364,REF005874,2025-10-23,2025-10-25,2025-10-26,Completed
FU0005365,REF005875,2025-04-13,2025-04-15,2025-04-15,Completed
FU0005366,REF005876,2026-06-15,2026-06-17,2026-06-20,Completed
FU0005367,REF005877,2026-08-14,2026-08-16,2026-08-18,Completed
FU0005368,REF005878,2025-06-11,2025-06-13,2025-06-13,Completed
FU0005369,REF005878,2026-08-21,2026-08-23,,Open
FU0005370,REF005879,2025-03-27,2025-03-29,2025-03-29,Completed
FU0005371,REF005880,2025-09-21,2025-09-23,2025-09-25,Completed
FU0005372,REF005881,2026-02-20,2026-02-22,2026-02-25,Completed
FU0005373,REF005882,2025-12-27,2025-12-29,2026-01-02,Completed
FU0005374,REF005883,2026-06-19,2026-06-21,2026-06-24,Completed
FU0005375,REF005884,2025-07-23,2025-07-25,2025-07-27,Completed
FU0005376,REF005884,2026-08-24,,,Open
FU0005377,REF005885,2025-06-10,2025-06-12,2025-06-15,Completed
FU0005378,REF005886,2026-07-09,2026-07-11,2026-07-13,Completed
FU0005379,REF005887,2025-10-18,2025-10-20,2025-10-24,Completed
FU0005380,REF005888,2026-02-10,2026-02-12,2026-02-12,Completed
FU0005381,REF005889,2025-02-24,2025-02-26,2025-02-25,Completed
FU0005382,REF005890,2026-02-18,2026-02-20,2026-02-22,Completed
FU0005383,REF005891,2025-10-30,2025-11-01,2025-11-02,Completed
FU0005384,REF005892,2025-10-22,2025-10-24,2025-10-27,Completed
FU0005385,REF005893,2025-04-17,2025-04-19,2025-04-21,Completed
FU0005386,REF005894,2025-02-06,2025-02-08,2025-02-07,Completed
FU0005387,REF005895,2026-03-08,2026-03-10,2026-03-11,Completed
FU0005388,REF005897,2025-08-07,2025-08-09,2025-08-11,Completed
FU0005389,REF005899,2025-01-12,2025-01-14,2025-01-15,Completed
FU0005390,REF005900,2026-02-25,2026-02-27,2026-03-03,Completed
FU0005391,REF005901,2025-12-19,2025-12-21,2025-12-23,Completed
FU0005392,REF005902,2025-09-05,2025-09-07,2025-09-07,Completed
FU0005393,REF005902,2026-08-16,2026-08-18,,Open
FU0005394,REF005903,2025-04-21,2025-04-23,2025-04-22,Completed
FU0005395,REF005904,2026-06-12,2026-06-14,2026-06-15,Completed
FU0005396,REF005905,2025-07-30,2025-08-01,2025-08-05,Completed
FU0005397,REF005906,2025-11-02,2025-11-04,2025-11-06,Completed
FU0005398,REF005907,2026-05-23,2026-05-25,2026-05-28,Completed
FU0005399,REF005908,2025-09-13,2025-09-15,2025-09-18,Completed
FU0005400,REF005909,2026-01-09,2026-01-11,2026-01-14,Completed
FU0005401,REF005910,2025-10-23,2025-10-25,2025-10-25,Completed
FU0005402,REF005911,2026-02-20,2026-02-22,2026-02-25,Completed
FU0005403,REF005912,2026-08-26,2026-08-28,2026-08-27,Completed
FU0005404,REF005913,2025-10-25,2025-10-27,2025-10-26,Completed
FU0005405,REF005914,2026-01-15,2026-01-17,2026-01-20,Completed
FU0005406,REF005917,2026-08-16,2026-08-18,,Open
FU0005407,REF005918,2026-07-07,2026-07-09,2026-07-12,Completed
FU0005408,REF005920,2025-10-14,2025-10-16,2025-10-20,Completed
FU0005409,REF005920,2026-08-23,2026-08-25,,Open
FU0005410,REF005921,2025-05-07,2025-05-09,2025-05-08,Completed
FU0005411,REF005922,2025-01-06,2025-01-08,2025-01-10,Completed
FU0005412,REF005923,2025-04-01,2025-04-03,2025-04-04,Completed
FU0005413,REF005924,2026-08-17,2026-08-19,2026-08-20,Completed
FU0005414,REF005924,2026-08-25,2026-08-27,,Open
FU0005415,REF005926,2026-01-08,2026-01-10,2026-01-11,Completed
FU0005416,REF005928,2025-08-21,2025-08-23,2025-08-22,Completed
FU0005417,REF005929,2025-04-07,2025-04-09,2025-04-13,Completed
FU0005418,REF005929,2026-08-27,2026-08-29,,Open
FU0005419,REF005930,2026-06-09,2026-06-11,2026-06-15,Completed
FU0005420,REF005931,2026-01-15,2026-01-17,2026-01-19,Completed
FU0005421,REF005932,2025-09-22,2025-09-24,2025-09-24,Completed
FU0005422,REF005934,2025-05-09,2025-05-11,2025-05-15,Completed
FU0005423,REF005937,2025-08-17,2025-08-19,2025-08-19,Completed
FU0005424,REF005938,2026-03-25,2026-03-27,2026-03-28,Completed
FU0005425,REF005939,2025-08-16,2025-08-18,2025-08-21,Completed
FU0005426,REF005940,2026-04-03,2026-04-05,2026-04-04,Completed
FU0005427,REF005941,2025-08-30,2025-09-01,2025-09-02,Completed
FU0005428,REF005942,2026-02-19,2026-02-21,2026-02-20,Completed
FU0005429,REF005943,2025-10-23,2025-10-25,2025-10-25,Completed
FU0005430,REF005944,2026-08-26,2026-08-28,,Open
FU0005431,REF005945,2026-08-22,2026-08-24,2026-08-26,Completed
FU0005432,REF005945,2026-08-27,2026-08-29,,Open
FU0005433,REF005946,2025-10-01,2025-10-03,2025-10-04,Completed
FU0005434,REF005947,2026-03-13,2026-03-15,2026-03-14,Completed
FU0005435,REF005948,2025-05-25,2025-05-27,2025-05-31,Completed
FU0005436,REF005949,2025-02-22,2025-02-24,2025-02-27,Completed
FU0005437,REF005950,2025-10-10,2025-10-12,2025-10-15,Completed
FU0005438,REF005952,2026-05-22,2026-05-24,2026-05-26,Completed
FU0005439,REF005953,2026-06-30,2026-07-02,2026-07-02,Completed
FU0005440,REF005954,2025-03-04,2025-03-06,2025-03-10,Completed
FU0005441,REF005955,2025-11-23,2025-11-25,2025-11-28,Completed
FU0005442,REF005956,2026-01-28,2026-01-30,2026-01-30,Completed
FU0005443,REF005957,2026-04-09,2026-04-11,2026-04-13,Completed
FU0005444,REF005958,2026-06-15,2026-06-17,2026-06-17,Completed
FU0005445,REF005959,2025-06-29,2025-07-01,2025-06-30,Completed
FU0005446,REF005960,2025-07-07,2025-07-09,2025-07-10,Completed
FU0005447,REF005961,2026-06-02,2026-06-04,2026-06-08,Completed
FU0005448,REF005962,2026-07-04,2026-07-06,2026-07-05,Completed
FU0005449,REF005963,2025-08-29,2025-08-31,2025-09-01,Completed
FU0005450,REF005964,2026-07-27,2026-07-29,2026-07-31,Completed
FU0005451,REF005965,2026-05-15,2026-05-17,2026-05-16,Completed
FU0005452,REF005966,2026-05-25,2026-05-27,2026-05-28,Completed
FU0005453,REF005966,2026-08-27,2026-08-29,,Open
FU0005454,REF005967,2026-01-02,2026-01-04,2026-01-06,Completed
FU0005455,REF005969,2026-02-09,2026-02-11,2026-02-15,Completed
FU0005456,REF005971,2025-01-04,2025-01-06,2025-01-07,Completed
FU0005457,REF005972,2025-09-22,2025-09-24,2025-09-24,Completed
FU0005458,REF005973,2026-01-23,2026-01-25,2026-01-26,Completed
FU0005459,REF005974,2026-05-13,2026-05-15,2026-05-16,Completed
FU0005460,REF005975,2025-12-20,2025-12-22,2025-12-26,Completed
FU0005461,REF005977,2026-08-25,2026-08-27,,Open
FU0005462,REF005978,2025-02-04,2025-02-06,2025-02-09,Completed
FU0005463,REF005979,2026-08-07,2026-08-09,2026-08-08,Completed
FU0005464,REF005979,2026-08-17,2026-08-19,,Open
FU0005465,REF005980,2025-03-14,2025-03-16,2025-03-19,Completed
FU0005466,REF005981,2025-06-21,2025-06-23,2025-06-22,Completed
FU0005467,REF005982,2025-01-06,2025-01-08,2025-01-10,Completed
FU0005468,REF005983,2025-01-02,2025-01-04,2025-01-08,Completed
FU0005469,REF005984,2026-06-11,2026-06-13,2026-06-15,Completed
FU0005470,REF005986,2025-12-20,2025-12-22,2025-12-21,Completed
FU0005471,REF005988,2025-04-16,2025-04-18,2025-04-22,Completed
FU0005472,REF005989,2026-01-27,2026-01-29,2026-01-28,Completed
FU0005473,REF005990,2026-07-30,2026-08-01,2026-08-05,Completed
FU0005474,REF005991,2025-02-24,2025-02-26,2025-02-26,Completed
FU0005475,REF005992,2026-02-07,2026-02-09,2026-02-09,Completed
FU0005476,REF005993,2026-05-29,2026-05-31,2026-06-01,Completed
FU0005477,REF005996,2026-04-04,2026-04-06,2026-04-08,Completed
FU0005478,REF005998,2025-02-11,2025-02-13,2025-02-14,Completed
FU0005479,REF005999,2025-04-24,2025-04-26,2025-04-30,Completed
FU0005480,REF006000,2025-06-17,2025-06-19,2025-06-18,Completed
