source_row_id,referral_id,account_id,site_id,intake_owner_id,received_date,source_status,payer_group,service_line,source_updated_at,ingested_at
ROW0000493,REF000493,ACC060,S07,INT07,2026-06-03,completed,Other,Infusion,2026-08-31 12:00:00,2026-08-31 18:00:00
ROW0004649,REF004649,ACC035,S02,INT02,2025-07-02,complete,Commercial,Infusion,2026-08-31 12:00:00,2026-08-31 18:00:00
ROW0005140,REF005140,ACC042,S03,INT03,2025-09-25,CLOSED - NO VISIT,Medicaid,Infusion,2026-08-31 12:00:00,2026-08-31 18:00:00
ROW0004978,REF004978,ACC065,S04,INT04,2025-06-26,complete,Other,Injection,2026-08-31 12:00:00,2026-08-31 18:00:00
ROW0001136,REF001136,ACC089,S05,INT05,2025-12-10,completed,Commercial,Injection,2026-08-31 12:00:00,2026-08-31 18:00:00
ROW0003051,REF003051,ACC051,S03,INT03,2026-03-31,completed,Medicare Advantage,Infusion,2026-08-31 12:00:00,2026-08-31 18:00:00
ROW0006047,REF002252,ACC027,S02,INT02,2025-02-01,VISIT COMPLETE,Commercial,Injection,2026-08-31 12:00:00,2026-08-31 19:00:00
ROW0000995,REF000995,ACC016,S01,INT01,2026-06-21,completed,Commercial,Injection,2026-08-31 12:00:00,2026-08-31 18:00:00
ROW0001408,REF001408,ACC074,S04,,2026-04-07,CLOSED - NO VISIT,Medicaid,Infusion,2026-08-31 12:00:00,2026-08-31 18:00:00
ROW0002491,REF002491,ACC065,S04,INT04,2025-11-06,completed,Medicare Advantage,Injection,2026-08-31 12:00:00,2026-08-31 18:00:00
ROW0000976,REF000976,ACC029,S02,INT02,2026-04-02,complete,Commercial,Infusion,2026-08-31 12:00:00,2026-08-31 18:00:00
ROW0005998,REF005998,ACC018,S01,INT01,2025-02-11,completed,Medicare Advantage,Infusion,2026-08-31 12:00:00,2026-08-31 18:00:00
ROW0004903,REF004903,ACC063,S04,INT04,2026-06-03,VISIT COMPLETE,Commercial,Other outpatient,2026-08-31 12:00:00,2026-08-31 18:00:00
ROW0000331,REF000331,ACC004,S01,INT01,2025-05-21,complete,Commercial,Infusion,2026-08-31 12:00:00,2026-08-31 18:00:00
ROW0005001,REF005001,ACC047,S03,INT03,2026-08-12,ready to schedule,Commercial,Infusion,2026-08-31 12:00:00,2026-08-31 18:00:00
ROW0003782,REF003782,ACC073,S04,INT04,2025-10-25,completed,Traditional Medicare,Injection,2026-08-31 12:00:00,2026-08-31 18:00:00
ROW0003799,REF003799,ACC022,S02,INT02,2026-07-21,VISIT COMPLETE,Medicare Advantage,Infusion,2026-08-31 12:00:00,2026-08-31 18:00:00
ROW0005215,REF005215,ACC098,S05,INT05,2026-08-14,booked,Medicare Advantage,Infusion,2026-08-31 12:00:00,2026-08-31 18:00:00
ROW0001048,REF001048,ACC047,S07,INT07,2025-04-04,complete,Medicare Advantage,Injection,2026-08-31 12:00:00,2026-08-31 18:00:00
ROW0001636,REF001636,ACC108,S06,INT06,2025-11-04,complete,Medicare Advantage,Infusion,2026-08-31 12:00:00,2026-08-31 18:00:00
ROW0002277,REF002277,ACC070,S04,INT04,2025-01-01,VISIT COMPLETE,Traditional Medicare,Injection,2026-08-31 12:00:00,2026-08-31 18:00:00
ROW0006084,REF005185,ACC038,S02,INT02,2025-08-10,completed,Medicare Advantage,Infusion,2026-08-31 12:00:00,2026-08-31 19:00:00
ROW0000665,REF000665,ACC047,S07,INT07,2026-06-12,CLOSED - NO VISIT,Other,Infusion,2026-08-31 12:00:00,2026-08-31 18:00:00
ROW0006208,REF003526,ACC064,S04,INT04,2025-01-08,cancelled,Traditional Medicare,Other outpatient,2026-08-31 12:00:00,2026-08-31 19:00:00
ROW0001898,REF001898,ACC099,S05,INT05,2026-04-14,complete,Other,Infusion,2026-08-31 12:00:00,2026-08-31 18:00:00
ROW0003560,REF003560,ACC091,S05,INT05,2026-06-25,complete,Medicare Advantage,Infusion,2026-08-31 12:00:00,2026-08-31 18:00:00
ROW0001487,REF001487,ACC036,S02,INT02,2025-07-22,VISIT COMPLETE,Medicare Advantage,Infusion,2026-08-31 12:00:00,2026-08-31 18:00:00
ROW0004320,REF004320,ACC044,S07,INT07,2026-06-16,closed,Medicare Advantage,Other outpatient,2026-08-31 12:00:00,2026-08-31 18:00:00
ROW0003292,REF003292,ACC087,S05,INT05,2026-06-28,Received,Medicare Advantage,Infusion,2026-08-31 12:00:00,2026-08-31 18:00:00
ROW0002371,REF002371,ACC042,S03,INT03,2025-07-25,ready to schedule,Traditional Medicare,Infusion,2026-08-31 12:00:00,2026-08-31 18:00:00
ROW0004787,REF004787,ACC034,S02,INT02,2025-08-18,in_review,Medicare Advantage,Infusion,2026-08-31 12:00:00,2026-08-31 18:00:00
ROW0003682,REF003682,ACC058,S03,INT03,2025-08-12,complete,Traditional Medicare,Infusion,2026-08-31 12:00:00,2026-08-31 18:00:00
ROW0002711,REF002711,ACC103,S06,INT06,2025-07-31,closed,Medicare Advantage,Injection,2026-08-31 12:00:00,2026-08-31 18:00:00
ROW0000669,REF000669,ACC049,S03,INT03,2026-01-03,completed,Commercial,Infusion,2026-08-31 12:00:00,2026-08-31 18:00:00
ROW0005469,REF005469,ACC001,S01,INT01,2025-12-08,complete,Medicare Advantage,Injection,2026-08-31 12:00:00,2026-08-31 18:00:00
ROW0002543,REF002543,ACC022,S02,INT02,2026-06-12,In Review,Commercial,Other outpatient,2026-08-31 12:00:00,2026-08-31 18:00:00
ROW0001997,REF001997,ACC105,S08,INT08,2025-08-29,completed,Medicare Advantage,Injection,2026-08-31 12:00:00,2026-08-31 18:00:00
ROW0002344,REF002344,ACC079,S04,INT04,2025-04-22,VISIT COMPLETE,Medicaid,Injection,2026-08-31 12:00:00,2026-08-31 18:00:00
ROW0001444,REF001444,ACC105,S08,INT08,2025-03-19,complete,Commercial,Infusion,2026-08-31 12:00:00,2026-08-31 18:00:00
ROW0003233,REF003233,ACC026,S02,INT02,2026-03-06,VISIT COMPLETE,Medicaid,Infusion,2026-08-31 12:00:00,2026-08-31 18:00:00
ROW0002318,REF002318,ACC042,S07,INT07,2026-02-22,cancelled,Medicare Advantage,Infusion,2026-08-31 12:00:00,2026-08-31 18:00:00
ROW0001552,REF001552,ACC031,S02,INT02,2026-04-30,VISIT COMPLETE,Commercial,Infusion,2026-08-31 12:00:00,2026-08-31 18:00:00
ROW0001000,REF001000,ACC016,S01,INT01,2025-10-30,complete,Other,Injection,2026-08-31 12:00:00,2026-08-31 18:00:00
ROW0006034,REF002485,ACC075,S04,INT04,2025-09-06,received,Medicare Advantage,Other outpatient,2026-08-30 12:00:00,2026-08-31 19:00:00
ROW0001264,REF001264,ACC081,S05,INT05,2026-03-29,cancelled,Medicare Advantage,Injection,2026-08-31 12:00:00,2026-08-31 18:00:00
ROW0004802,REF004802,ACC091,S05,INT05,2026-07-24,completed,Commercial,Infusion,2026-08-31 12:00:00,2026-08-31 18:00:00
ROW0002615,REF002615,ACC051,S07,INT07,2025-09-11,completed,Medicare Advantage,Injection,2026-08-31 12:00:00,2026-08-31 18:00:00
ROW0001024,REF001024,ACC115,S06,INT06,2026-03-29,review,Medicare Advantage,Infusion,2026-08-31 12:00:00,2026-08-31 18:00:00
ROW0000876,REF000876,ACC006,S01,INT01,2025-08-21,VISIT COMPLETE,Traditional Medicare,Other outpatient,2026-08-31 12:00:00,2026-08-31 18:00:00
ROW0004130,REF004130,ACC091,S05,INT05,2025-04-20,completed,Medicare Advantage,Infusion,2026-08-31 12:00:00,2026-08-31 18:00:00
ROW0004424,REF004424,ACC110,S08,INT08,2026-04-12,CLOSED - NO VISIT,Medicare Advantage,Infusion,2026-08-31 12:00:00,2026-08-31 18:00:00
ROW0004268,REF004268,ACC093,S05,INT05,2025-08-26,completed,Commercial,Infusion,2026-08-31 12:00:00,2026-08-31 18:00:00
ROW0000297,REF000297,ACC014,S01,INT01,2025-11-02,complete,Traditional Medicare,Injection,2026-08-31 12:00:00,2026-08-31 18:00:00
ROW0004904,REF004904,ACC016,S01,INT01,2025-08-23,cancelled,Traditional Medicare,Infusion,2026-08-31 12:00:00,2026-08-31 18:00:00
ROW0001719,REF001719,ACC057,S07,INT07,2025-06-30,closed,Medicare Advantage,Infusion,2026-08-31 12:00:00,2026-08-31 18:00:00
ROW0003866,REF003866,ACC013,S01,INT01,2026-08-27,in_review,Traditional Medicare,Injection,2026-08-31 12:00:00,2026-08-31 18:00:00
ROW0000955,REF000955,ACC073,S04,INT04,2026-03-08,completed,Traditional Medicare,Other outpatient,2026-08-31 12:00:00,2026-08-31 18:00:00
ROW0004075,REF004075,ACC035,S02,INT02,2025-09-10,completed,Commercial,Injection,2026-08-31 12:00:00,2026-08-31 18:00:00
ROW0001001,REF001001,ACC099,S05,INT05,2025-09-08,Received,Medicare Advantage,Injection,2026-08-31 12:00:00,2026-08-31 18:00:00
ROW0003179,REF003179,ACC063,S04,INT04,2026-05-23,CLOSED - NO VISIT,Traditional Medicare,Injection,2026-08-31 12:00:00,2026-08-31 18:00:00
ROW0004452,REF004452,ACC087,S05,INT05,2025-12-28,VISIT COMPLETE,Commercial,Injection,2026-08-31 12:00:00,2026-08-31 18:00:00
ROW0000680,REF000680,ACC018,S01,INT01,2025-09-11,in_review,Traditional Medicare,Other outpatient,2026-08-31 12:00:00,2026-08-31 18:00:00
ROW0005438,REF005438,ACC116,S08,INT08,2025-05-08,VISIT COMPLETE,Commercial,Infusion,2026-08-31 12:00:00,2026-08-31 18:00:00
ROW0004709,REF004709,ACC041,S03,INT03,2025-09-02,completed,Medicare Advantage,Infusion,2026-08-31 12:00:00,2026-08-31 18:00:00
ROW0004662,REF004662,ACC093,S05,INT05,2026-07-29,in_review,Commercial,Infusion,2026-08-31 12:00:00,2026-08-31 18:00:00
ROW0001640,REF001640,ACC062,S04,INT04,2026-07-21,VISIT COMPLETE,Medicare Advantage,Infusion,2026-08-31 12:00:00,2026-08-31 18:00:00
ROW0004397,REF004397,ACC052,S07,INT07,2025-11-08,complete,Medicare Advantage,Infusion,2026-08-31 12:00:00,2026-08-31 18:00:00
ROW0000069,REF000069,ACC059,S03,INT03,2026-05-13,complete,Medicare Advantage,Injection,2026-08-31 12:00:00,2026-08-31 18:00:00
ROW0004194,REF004194,ACC036,S02,INT02,2026-04-19,completed,Medicaid,Other outpatient,2026-08-31 12:00:00,2026-08-31 18:00:00
ROW0000625,REF000625,ACC008,S01,INT01,2025-11-08,completed,Commercial,Infusion,2026-08-31 12:00:00,2026-08-31 18:00:00
ROW0004943,REF004943,ACC063,S04,INT04,2026-03-17,completed,Commercial,Injection,2026-08-31 12:00:00,2026-08-31 18:00:00
ROW0005859,REF005859,ACC048,S07,INT07,2026-07-03,VISIT COMPLETE,Commercial,Infusion,2026-08-31 12:00:00,2026-08-31 18:00:00
ROW0004722,REF004722,ACC057,S03,INT03,2025-10-15,complete,Traditional Medicare,Infusion,2026-08-31 12:00:00,2026-08-31 18:00:00
ROW0003810,REF003810,ACC098,S05,INT05,2025-12-03,complete,Medicare Advantage,Infusion,2026-08-31 12:00:00,2026-08-31 18:00:00
ROW0002013,REF002013,ACC008,S01,INT01,2025-12-06,complete,Commercial,Infusion,2026-08-31 12:00:00,2026-08-31 18:00:00
ROW0005455,REF005455,ACC055,S03,INT03,2026-05-13,Received,Medicare Advantage,Injection,2026-08-31 12:00:00,2026-08-31 18:00:00
ROW0002759,REF002759,ACC120,S06,INT06,2025-08-01,cancelled,Commercial,Infusion,2026-08-31 12:00:00,2026-08-31 18:00:00
ROW0000516,REF000516,ACC047,S03,INT03,2026-05-07,VISIT COMPLETE,Traditional Medicare,Infusion,2026-08-31 12:00:00,2026-08-31 18:00:00
ROW0001708,REF001708,ACC060,S07,INT07,2026-02-28,completed,Traditional Medicare,Injection,2026-08-31 12:00:00,2026-08-31 18:00:00
ROW0003438,REF003438,ACC072,S04,INT04,2026-04-30,completed,Medicare Advantage,Injection,2026-08-31 12:00:00,2026-08-31 18:00:00
ROW0004398,REF004398,ACC117,S06,INT06,2025-10-05,VISIT COMPLETE,Traditional Medicare,Infusion,2026-08-31 12:00:00,2026-08-31 18:00:00
ROW0001121,REF001121,ACC042,S03,INT03,2026-05-24,complete,Medicare Advantage,Infusion,2026-08-31 12:00:00,2026-08-31 18:00:00
ROW0005360,REF005360,ACC098,S05,INT05,2025-04-05,complete,Other,Injection,2026-08-31 12:00:00,2026-08-31 18:00:00
ROW0001655,REF001655,ACC088,S05,INT05,2026-01-27,completed,Medicaid,Injection,2026-08-31 12:00:00,2026-08-31 18:00:00
ROW0003387,REF003387,ACC052,S07,INT07,2025-10-26,completed,Commercial,Injection,2026-08-31 12:00:00,2026-08-31 18:00:00
ROW0002846,REF002846,ACC083,S05,INT05,2026-02-28,completed,Medicaid,Infusion,2026-08-31 12:00:00,2026-08-31 18:00:00
ROW0003469,REF003469,ACC028,S02,INT02,2026-01-12,cancelled,Commercial,Other outpatient,2026-08-31 12:00:00,2026-08-31 18:00:00
ROW0006186,REF003245,ACC057,S03,INT03,2026-07-14,completed,Medicare Advantage,Injection,2026-08-31 12:00:00,2026-08-31 19:00:00
ROW0000535,REF000535,ACC008,S01,INT01,2025-05-21,VISIT COMPLETE,Medicaid,Injection,2026-08-31 12:00:00,2026-08-31 18:00:00
ROW0000964,REF000964,ACC015,S01,INT01,2025-01-16,complete,Commercial,Infusion,2026-08-31 12:00:00,2026-08-31 18:00:00
ROW0002295,REF002295,ACC098,S05,INT05,2026-08-12,Ready_to_Schedule,Commercial,Injection,2026-08-31 12:00:00,2026-08-31 18:00:00
ROW0003891,REF003891,ACC074,S04,INT04,2025-09-09,VISIT COMPLETE,Medicare Advantage,Infusion,2026-08-31 12:00:00,2026-08-31 18:00:00
ROW0005143,REF005143,ACC062,S04,INT04,2026-02-11,VISIT COMPLETE,Medicare Advantage,Injection,2026-08-31 12:00:00,2026-08-31 18:00:00
ROW0001615,REF001615,ACC105,S06,INT06,2025-09-16,VISIT COMPLETE,Traditional Medicare,Infusion,2026-08-31 12:00:00,2026-08-31 18:00:00
ROW0003422,REF003422,ACC057,S07,INT07,2025-09-16,complete,Commercial,Infusion,2026-08-31 12:00:00,2026-08-31 18:00:00
ROW0004765,REF004765,ACC102,S08,INT08,,cancelled,Traditional Medicare,Infusion,2026-08-31 12:00:00,2026-08-31 18:00:00
ROW0003509,REF003509,ACC120,S06,INT06,2025-09-02,closed,Traditional Medicare,Other outpatient,2026-08-31 12:00:00,2026-08-31 18:00:00
ROW0005158,REF005158,ACC069,S04,INT04,2026-01-06,complete,Medicaid,Infusion,2026-08-31 12:00:00,2026-08-31 18:00:00
ROW0002913,REF002913,ACC087,S05,INT05,,complete,Commercial,Injection,2026-08-31 12:00:00,2026-08-31 18:00:00
ROW0000262,REF000262,ACC051,S03,INT03,2025-04-23,CLOSED - NO VISIT,Traditional Medicare,Infusion,2026-08-31 12:00:00,2026-08-31 18:00:00
ROW0004938,REF004938,ACC074,S04,INT04,2025-09-05,complete,Commercial,Infusion,2026-08-31 12:00:00,2026-08-31 18:00:00
ROW0000357,REF000357,ACC016,S01,INT01,2025-03-21,VISIT COMPLETE,Medicaid,Infusion,2026-08-31 12:00:00,2026-08-31 18:00:00
ROW0006060,REF000678,ACC024,S02,INT02,2026-08-30, NEW ,Traditional Medicare,Injection,2026-08-31 12:00:00,2026-08-31 19:00:00
ROW0004942,REF004942,ACC065,S04,INT04,2026-06-10,completed,Commercial,Injection,2026-08-31 12:00:00,2026-08-31 18:00:00
ROW0000175,REF000175,ACC045,S07,INT07,2025-12-02,cancelled,Traditional Medicare,Infusion,2026-08-31 12:00:00,2026-08-31 18:00:00
ROW0004152,REF004152,ACC040,S02,INT02,2026-08-04,review,Commercial,Infusion,2026-08-31 12:00:00,2026-08-31 18:00:00
ROW0002835,REF002835,ACC114,S08,INT08,2025-12-02,VISIT COMPLETE,Medicaid,Infusion,2026-08-31 12:00:00,2026-08-31 18:00:00
ROW0003014,REF003014,ACC031,S02,INT02,2026-05-12,complete,Commercial,Infusion,2026-08-31 12:00:00,2026-08-31 18:00:00
ROW0001654,REF001654,ACC039,S02,INT02,2025-06-02,completed,Medicare Advantage,Injection,2026-08-31 12:00:00,2026-08-31 18:00:00
ROW0004735,REF004735,ACC111,S06,,2025-05-20,cancelled,Traditional Medicare,Infusion,2026-08-31 12:00:00,2026-08-31 18:00:00
ROW0000009,REF000009,ACC001,S01,INT01,2026-08-14,booked,Commercial,Infusion,2026-08-31 12:00:00,2026-08-31 18:00:00
ROW0005153,REF005153,ACC084,S05,INT05,2025-02-05,VISIT COMPLETE,Traditional Medicare,Infusion,2026-08-31 12:00:00,2026-08-31 18:00:00
ROW0001977,REF001977,ACC018,S01,INT01,2026-04-14,VISIT COMPLETE,Medicare Advantage,Infusion,2026-08-31 12:00:00,2026-08-31 18:00:00
ROW0004721,REF004721,ACC010,S01,INT01,2026-03-02,In Review,Commercial,Infusion,2026-08-31 12:00:00,2026-08-31 18:00:00
ROW0005149,REF005149,ACC044,S03,INT03,2025-11-29,in_review,Medicare Advantage,Infusion,2026-08-31 12:00:00,2026-08-31 18:00:00
ROW0000985,REF000985,ACC073,S04,INT04,2025-01-14,VISIT COMPLETE,Commercial,Injection,2026-08-31 12:00:00,2026-08-31 18:00:00
ROW0001690,REF001690,ACC021,S02,INT02,2025-09-19,VISIT COMPLETE,Commercial,Injection,2026-08-31 12:00:00,2026-08-31 18:00:00
ROW0002376,REF002376,ACC039,S02,INT02,2025-03-01,complete,Traditional Medicare,Infusion,2026-08-31 12:00:00,2026-08-31 18:00:00
ROW0000320,REF000320,ACC018,S01,INT01,2025-08-04,completed,Commercial,Infusion,2026-08-31 12:00:00,2026-08-31 18:00:00
ROW0003522,REF003522,ACC033,S02,INT02,2025-05-31,completed,Medicaid,Infusion,2026-08-31 12:00:00,2026-08-31 18:00:00
ROW0000629,REF000629,ACC109,S08,INT08,2026-03-14,VISIT COMPLETE,Commercial,Injection,2026-08-31 12:00:00,2026-08-31 18:00:00
ROW0005742,REF005742,ACC107,S06,INT06,2026-08-23,in_review,Medicare Advantage,Infusion,2026-08-31 12:00:00,2026-08-31 18:00:00
ROW0005993,REF005993,ACC037,S02,INT02,2026-05-29,complete,Medicaid,Infusion,2026-08-31 12:00:00,2026-08-31 18:00:00
ROW0002110,REF002110,ACC039,S02,INT02,2025-02-05,completed,Medicare Advantage,Injection,2026-08-31 12:00:00,2026-08-31 18:00:00
ROW0006158,REF000982,ACC047,S07,INT07,2026-06-15,complete,Traditional Medicare,Infusion,2026-08-31 12:00:00,2026-08-31 19:00:00
ROW0002895,REF002895,ACC012,S01,INT01,2026-01-14,closed,Commercial,Infusion,2026-08-31 12:00:00,2026-08-31 18:00:00
ROW0004908,REF004908,ACC026,S02,INT02,2025-05-24,complete,Commercial,Infusion,2026-08-31 12:00:00,2026-08-31 18:00:00
ROW0000217,REF000217,ACC049,S03,INT03,2025-05-16,completed,Medicare Advantage,Infusion,2026-08-31 12:00:00,2026-08-31 18:00:00
ROW0005585,REF005585,ACC031,S02,INT02,2026-03-12,complete,Medicare Advantage,Injection,2026-08-31 12:00:00,2026-08-31 18:00:00
ROW0004956,REF004956,ACC006,S01,INT01,2026-07-17,complete,Commercial,Injection,2026-08-31 12:00:00,2026-08-31 18:00:00
ROW0001166,REF001166,ACC046,S03,INT03,2025-09-03,VISIT COMPLETE,Commercial,Injection,2026-08-31 12:00:00,2026-08-31 18:00:00
ROW0003631,REF003631,ACC034,S02,INT02,2026-03-09,completed,Medicaid,Injection,2026-08-31 12:00:00,2026-08-31 18:00:00
ROW0000882,REF000882,ACC039,S02,INT02,2026-03-03,VISIT COMPLETE,Commercial,Infusion,2026-08-31 12:00:00,2026-08-31 18:00:00
ROW0003202,REF003202,ACC016,S01,INT01,2025-03-30,complete,Commercial,Infusion,2026-08-31 12:00:00,2026-08-31 18:00:00
ROW0000135,REF000135,ACC012,S01,INT01,2025-05-28,cancelled,Commercial,Infusion,2026-08-31 12:00:00,2026-08-31 18:00:00
ROW0003920,REF003920,ACC119,S06,INT06,2025-09-07,CLOSED - NO VISIT,Commercial,Other outpatient,2026-08-31 12:00:00,2026-08-31 18:00:00
ROW0000718,REF000718,ACC117,S06,INT06,2025-12-11,completed,Other,Injection,2026-08-31 12:00:00,2026-08-31 18:00:00
ROW0000188,REF000188,ACC052,S03,INT03,2026-02-01,completed,Commercial,Injection,2026-08-31 12:00:00,2026-08-31 18:00:00
ROW0005459,REF005459,ACC019,S01,INT01,2026-06-11,completed,Other,Infusion,2026-08-31 12:00:00,2026-08-31 18:00:00
ROW0001956,REF001956,ACC042,S03,INT03,,CLOSED - NO VISIT,Medicare Advantage,Infusion,2026-08-31 12:00:00,2026-08-31 18:00:00
ROW0001570,REF001570,ACC056,S03,INT03,2026-05-24,complete,Traditional Medicare,Infusion,2026-08-31 12:00:00,2026-08-31 18:00:00
ROW0005850,REF005850,ACC099,S05,INT05,2026-07-14,complete,Commercial,Infusion,2026-08-31 12:00:00,2026-08-31 18:00:00
ROW0002298,REF002298,ACC051,S07,INT07,2025-10-29,cancelled,Traditional Medicare,Injection,2026-08-31 12:00:00,2026-08-31 18:00:00
ROW0001220,REF001220,ACC049,S07,INT07,2026-04-27,VISIT COMPLETE,Medicare Advantage,Infusion,2026-08-31 12:00:00,2026-08-31 18:00:00
ROW0001917,REF001917,ACC098,S05,INT05,2026-05-27,VISIT COMPLETE,Traditional Medicare,Other outpatient,2026-08-31 12:00:00,2026-08-31 18:00:00
ROW0006033,REF001886,ACC046,S03,INT03,2025-05-02,received,Traditional Medicare,Infusion,2026-08-30 12:00:00,2026-08-31 19:00:00
ROW0006009,REF003914,ACC008,S01,INT01,2025-09-20,received,Medicaid,Infusion,2026-08-30 12:00:00,2026-08-31 19:00:00
ROW0005487,REF005487,ACC102,S08,INT08,2025-09-27,ready to schedule,Traditional Medicare,Injection,2026-08-31 12:00:00,2026-08-31 18:00:00
ROW0005579,REF005579,ACC110,S06,INT06,2025-01-29,completed,Medicare Advantage,Injection,2026-08-31 12:00:00,2026-08-31 18:00:00
ROW0003506,REF003506,ACC067,S04,INT04,2025-04-08,ready,Traditional Medicare,Other outpatient,2026-08-31 12:00:00,2026-08-31 18:00:00
ROW0002862,REF002862,ACC005,S01,INT01,2026-07-30,booked,Medicare Advantage,Injection,2026-08-31 12:00:00,2026-08-31 18:00:00
ROW0001718,REF001718,ACC120,S06,INT06,2025-10-02,VISIT COMPLETE,Medicare Advantage,Injection,2026-08-31 12:00:00,2026-08-31 18:00:00
ROW0003846,REF003846,ACC111,S08,INT08,2025-05-03,completed,Traditional Medicare,Infusion,2026-08-31 12:00:00,2026-08-31 18:00:00
ROW0005263,REF005263,ACC103,S08,INT08,2026-07-30,VISIT COMPLETE,Medicare Advantage,Other outpatient,2026-08-31 12:00:00,2026-08-31 18:00:00
ROW0001587,REF001587,ACC044,S03,INT03,2026-02-20,complete,Medicare Advantage,Infusion,2026-08-31 12:00:00,2026-08-31 18:00:00
ROW0002906,REF002906,ACC082,S05,INT05,2025-08-07,cancelled,Medicare Advantage,Infusion,2026-08-31 12:00:00,2026-08-31 18:00:00
ROW0001071,REF001071,ACC012,S01,INT01,2026-03-15,VISIT COMPLETE,Medicaid,Infusion,2026-08-31 12:00:00,2026-08-31 18:00:00
ROW0004039,REF004039,ACC010,S01,INT01,2025-06-26,completed,Commercial,Infusion,2026-08-31 12:00:00,2026-08-31 18:00:00
ROW0006096,REF005859,ACC048,S07,INT07,2026-07-03,VISIT COMPLETE,Commercial,Infusion,2026-08-31 12:00:00,2026-08-31 19:00:00
ROW0003049,REF003049,ACC077,S04,INT04,2026-06-15,completed,Commercial,Injection,2026-08-31 12:00:00,2026-08-31 18:00:00
ROW0000248,REF000248,ACC028,S02,INT02,2026-03-14,review,Traditional Medicare,Infusion,2026-08-31 12:00:00,2026-08-31 18:00:00
ROW0002887,REF002887,ACC007,S01,INT01,2025-12-15,complete,Commercial,Infusion,2026-08-31 12:00:00,2026-08-31 18:00:00
ROW0000729,REF000729,ACC078,S04,INT04,2025-07-23,CLOSED - NO VISIT,Commercial,Injection,2026-08-31 12:00:00,2026-08-31 18:00:00
ROW0001535,REF001535,ACC096,S05,INT05,2025-04-17,cancelled,Medicare Advantage,Infusion,2026-08-31 12:00:00,2026-08-31 18:00:00
ROW0006119,REF003735,ACC044,S03,INT03,2025-03-06,complete,Traditional Medicare,Infusion,2026-08-31 12:00:00,2026-08-31 19:00:00
ROW0000645,REF000645,ACC077,S04,INT04,2025-03-29,VISIT COMPLETE,Medicare Advantage,Infusion,2026-08-31 12:00:00,2026-08-31 18:00:00
ROW0005112,REF005112,ACC065,S04,INT04,2025-08-21,VISIT COMPLETE,Commercial,Infusion,2026-08-31 12:00:00,2026-08-31 18:00:00
ROW0006006,REF000193,ACC092,S05,INT05,2025-11-18,received,Traditional Medicare,Injection,2026-08-30 12:00:00,2026-08-31 19:00:00
ROW0001857,REF001857,ACC063,S04,INT04,2025-07-04,completed,Traditional Medicare,Infusion,2026-08-31 12:00:00,2026-08-31 18:00:00
ROW0000274,REF000274,ACC107,S08,INT08,2026-04-10,CLOSED - NO VISIT,Traditional Medicare,Infusion,2026-08-31 12:00:00,2026-08-31 18:00:00
ROW0003365,REF003365,ACC116,S08,INT08,2025-07-03,complete,Commercial,Injection,2026-08-31 12:00:00,2026-08-31 18:00:00
ROW0003537,REF003537,ACC079,S04,INT04,2025-01-16,in_review,Commercial,Infusion,2026-08-31 12:00:00,2026-08-31 18:00:00
ROW0000030,REF000030,ACC065,S04,INT04,2025-12-07,complete,Commercial,Injection,2026-08-31 12:00:00,2026-08-31 18:00:00
ROW0005271,REF005271,ACC102,S08,INT08,2026-06-14,Ready_to_Schedule,Commercial,Infusion,2026-08-31 12:00:00,2026-08-31 18:00:00
ROW0000206,REF000206,ACC117,S06,INT06,2026-02-15,VISIT COMPLETE,Medicare Advantage,Infusion,2026-08-31 12:00:00,2026-08-31 18:00:00
ROW0003562,REF003562,ACC078,S04,INT04,2025-09-13,complete,Medicaid,Infusion,2026-08-31 12:00:00,2026-08-31 18:00:00
ROW0000940,REF000940,ACC107,S06,,2026-01-23,VISIT COMPLETE,Commercial,Injection,2026-08-31 12:00:00,2026-08-31 18:00:00
ROW0005683,REF005683,ACC037,S02,INT02,2026-01-10,completed,Medicaid,Infusion,2026-08-31 12:00:00,2026-08-31 18:00:00
ROW0001961,REF001961,ACC072,S04,INT04,2025-09-18,VISIT COMPLETE,Medicare Advantage,Infusion,2026-08-31 12:00:00,2026-08-31 18:00:00
ROW0003574,REF003574,ACC004,S01,INT01,2025-11-07,Received,Medicare Advantage,Infusion,2026-08-31 12:00:00,2026-08-31 18:00:00
ROW0003566,REF003566,ACC008,S01,INT01,2025-11-07,VISIT COMPLETE,Commercial,Injection,2026-08-31 12:00:00,2026-08-31 18:00:00
ROW0001371,REF001371,ACC041,S07,INT07,2025-04-19,complete,Medicaid,Infusion,2026-08-31 12:00:00,2026-08-31 18:00:00
ROW0001947,REF001947,ACC025,S02,INT02,2025-10-29,VISIT COMPLETE,Traditional Medicare,Infusion,2026-08-31 12:00:00,2026-08-31 18:00:00
ROW0002708,REF002708,ACC117,S08,INT08,2025-06-04,completed,Traditional Medicare,Injection,2026-08-31 12:00:00,2026-08-31 18:00:00
ROW0000775,REF000775,ACC076,S04,INT04,2025-11-30,VISIT COMPLETE,Commercial,Infusion,2026-08-31 12:00:00,2026-08-31 18:00:00
ROW0005206,REF005206,ACC040,S02,INT02,2026-06-02,completed,Medicaid,Injection,2026-08-31 12:00:00,2026-08-31 18:00:00
ROW0000574,REF000574,ACC092,S05,INT05,2026-01-26,complete,Medicare Advantage,Infusion,2026-08-31 12:00:00,2026-08-31 18:00:00
ROW0006041,REF000216,ACC107,S06,INT06,2026-06-18,VISIT COMPLETE,Medicare Advantage,Infusion,2026-08-31 12:00:00,2026-08-31 19:00:00
ROW0004233,REF004233,ACC081,S05,INT05,2025-06-30,In Review,Medicare Advantage,Infusion,2026-08-31 12:00:00,2026-08-31 18:00:00
ROW0004444,REF004444,ACC114,S06,INT06,2025-04-19,VISIT COMPLETE,Medicaid,Other outpatient,2026-08-31 12:00:00,2026-08-31 18:00:00
ROW0001234,REF001234,ACC088,S05,INT05,2025-09-10,VISIT COMPLETE,Other,Injection,2026-08-31 12:00:00,2026-08-31 18:00:00
ROW0002902,REF002902,ACC085,S05,INT05,2025-07-05,Ready_to_Schedule,Commercial,Infusion,2026-08-31 12:00:00,2026-08-31 18:00:00
ROW0005081,REF005081,ACC088,S05,INT05,2026-07-28, SCHED ,Medicare Advantage,Infusion,2026-08-31 12:00:00,2026-08-31 18:00:00
ROW0003375,REF003375,ACC049,S07,INT07,2026-06-16,complete,Medicaid,Other outpatient,2026-08-31 12:00:00,2026-08-31 18:00:00
ROW0006211,REF002890,ACC085,S05,INT05,2025-05-14,completed,Medicare Advantage,Infusion,2026-08-31 12:00:00,2026-08-31 19:00:00
ROW0001522,REF001522,ACC019,S01,INT01,2025-10-26,VISIT COMPLETE,Medicaid,Infusion,2026-08-31 12:00:00,2026-08-31 18:00:00
ROW0005811,REF005811,ACC038,S02,INT02,2025-07-26,review,Medicare Advantage,Injection,2026-08-31 12:00:00,2026-08-31 18:00:00
ROW0001724,REF001724,ACC104,S08,INT08,2025-09-04,complete,Commercial,Injection,2026-08-31 12:00:00,2026-08-31 18:00:00
ROW0000708,REF000708,ACC042,S03,INT03,2025-09-17,VISIT COMPLETE,Other,Infusion,2026-08-31 12:00:00,2026-08-31 18:00:00
ROW0003200,REF003200,ACC076,S04,INT04,2026-02-18,complete,Commercial,Injection,2026-08-31 12:00:00,2026-08-31 18:00:00
ROW0003720,REF003720,ACC003,S01,INT01,2025-11-22,complete,Medicare Advantage,Injection,2026-08-31 12:00:00,2026-08-31 18:00:00
ROW0000152,REF000152,ACC014,S01,INT01,2025-04-09,VISIT COMPLETE,Commercial,Injection,2026-08-31 12:00:00,2026-08-31 18:00:00
ROW0004262,REF004262,ACC087,S05,INT05,2025-07-20,complete,Commercial,Infusion,2026-08-31 12:00:00,2026-08-31 18:00:00
ROW0003784,REF003784,ACC008,S01,INT01,2026-02-12,closed,Medicare Advantage,Infusion,2026-08-31 12:00:00,2026-08-31 18:00:00
ROW0005390,REF005390,ACC068,S04,INT04,2026-08-13,CLOSED - NO VISIT,Commercial,Infusion,2026-08-31 12:00:00,2026-08-31 18:00:00
ROW0000101,REF000101,ACC083,S05,INT05,2025-02-21,VISIT COMPLETE,Commercial,Other outpatient,2026-08-31 12:00:00,2026-08-31 18:00:00
ROW0002370,REF002370,ACC028,S02,INT02,2025-05-18,complete,Medicare Advantage,Other outpatient,2026-08-31 12:00:00,2026-08-31 18:00:00
ROW0001062,REF001062,ACC114,S08,INT08,2025-12-28,closed,Commercial,Infusion,2026-08-31 12:00:00,2026-08-31 18:00:00
ROW0003917,REF003917,ACC054,S07,INT07,2025-09-13,VISIT COMPLETE,Medicaid,Infusion,2026-08-31 12:00:00,2026-08-31 18:00:00
ROW0004808,REF004808,ACC069,S04,INT04,2026-08-01,VISIT COMPLETE,Medicare Advantage,Injection,2026-08-31 12:00:00,2026-08-31 18:00:00
ROW0005914,REF005914,ACC081,S05,INT05,2026-01-15,completed,Medicaid,Injection,2026-08-31 12:00:00,2026-08-31 18:00:00
ROW0003645,REF003645,ACC099,S05,INT05,2025-05-01,VISIT COMPLETE,Medicaid,Infusion,2026-08-31 12:00:00,2026-08-31 18:00:00
ROW0004881,REF004881,ACC110,S06,INT06,2026-07-01,complete,Medicare Advantage,Infusion,2026-08-31 12:00:00,2026-08-31 18:00:00
ROW0000294,REF000294,ACC074,S04,,2025-05-20,VISIT COMPLETE,Medicare Advantage,Infusion,2026-08-31 12:00:00,2026-08-31 18:00:00
ROW0006162,REF001658,ACC072,S04,INT04,2026-05-13,closed,Traditional Medicare,Infusion,2026-08-31 12:00:00,2026-08-31 19:00:00
ROW0001549,REF001549,ACC116,S06,INT06,2025-03-01,VISIT COMPLETE,Medicaid,Infusion,2026-08-31 12:00:00,2026-08-31 18:00:00
ROW0000053,REF000053,ACC056,S07,INT07,2025-08-18,completed,Traditional Medicare,Infusion,2026-08-31 12:00:00,2026-08-31 18:00:00
ROW0004235,REF004235,ACC062,S04,INT04,2025-05-08,VISIT COMPLETE,Commercial,Infusion,2026-08-31 12:00:00,2026-08-31 18:00:00
ROW0002092,REF002092,ACC033,S02,INT02,2026-05-26,completed,Commercial,Injection,2026-08-31 12:00:00,2026-08-31 18:00:00
ROW0000633,REF000633,ACC033,S02,INT02,2026-06-26,Received,Medicare Advantage,Infusion,2026-08-31 12:00:00,2026-08-31 18:00:00
ROW0005644,REF005644,ACC033,S02,INT02,2026-05-29,complete,Commercial,Injection,2026-08-31 12:00:00,2026-08-31 18:00:00
ROW0001009,REF001009,ACC099,S05,INT05,2026-02-26,complete,Commercial,Injection,2026-08-31 12:00:00,2026-08-31 18:00:00
ROW0000332,REF000332,ACC049,S07,INT07,2025-07-28,completed,Commercial,Injection,2026-08-31 12:00:00,2026-08-31 18:00:00
ROW0004278,REF004278,ACC007,S01,INT01,2025-11-24,completed,Commercial,Infusion,2026-08-31 12:00:00,2026-08-31 18:00:00
ROW0004645,REF004645,ACC016,S01,INT01,2026-05-27,complete,Medicaid,Infusion,2026-08-31 12:00:00,2026-08-31 18:00:00
ROW0000318,REF000318,ACC079,S04,INT04,2026-05-28,VISIT COMPLETE,Commercial,Infusion,2026-08-31 12:00:00,2026-08-31 18:00:00
ROW0001860,REF001860,ACC063,S04,INT04,2025-03-03,review,Traditional Medicare,Infusion,2026-08-31 12:00:00,2026-08-31 18:00:00
ROW0002203,REF002203,ACC047,S07,INT07,2025-11-19,received,Medicare Advantage,Infusion,2026-08-31 12:00:00,2026-08-31 18:00:00
ROW0001179,REF001179,ACC042,S03,INT03,2025-01-30,VISIT COMPLETE,Medicare Advantage,Other outpatient,2026-08-31 12:00:00,2026-08-31 18:00:00
ROW0001125,REF001125,ACC047,S07,INT07,2026-03-17,completed,Medicare Advantage,Infusion,2026-08-31 12:00:00,2026-08-31 18:00:00
ROW0003797,REF003797,ACC078,S04,INT04,2025-06-01,complete,Medicare Advantage,Injection,2026-08-31 12:00:00,2026-08-31 18:00:00
ROW0004714,REF004714,ACC107,S08,INT08,2025-12-10,completed,Medicare Advantage,Injection,2026-08-31 12:00:00,2026-08-31 18:00:00
ROW0002002,REF002002,ACC085,S05,,2025-02-19,VISIT COMPLETE,Medicare Advantage,Infusion,2026-08-31 12:00:00,2026-08-31 18:00:00
ROW0004997,REF004997,ACC078,S04,INT04,2025-12-21,closed,Medicare Advantage,Infusion,2026-08-31 12:00:00,2026-08-31 18:00:00
ROW0004974,REF004974,ACC025,S02,INT02,2025-12-01,ready,Medicare Advantage,Injection,2026-08-31 12:00:00,2026-08-31 18:00:00
ROW0002388,REF002388,ACC010,S01,INT01,2025-05-05,VISIT COMPLETE,Traditional Medicare,Injection,2026-08-31 12:00:00,2026-08-31 18:00:00
ROW0005292,REF005292,ACC116,S06,INT06,2026-06-11,complete,Commercial,Infusion,2026-08-31 12:00:00,2026-08-31 18:00:00
ROW0001604,REF001604,ACC021,S02,INT02,2025-11-18,VISIT COMPLETE,Traditional Medicare,Infusion,2026-08-31 12:00:00,2026-08-31 18:00:00
ROW0004699,REF004699,ACC009,S01,INT01,2025-07-19,VISIT COMPLETE,Commercial,Injection,2026-08-31 12:00:00,2026-08-31 18:00:00
ROW0001918,REF001918,ACC087,S05,INT05,2025-05-11,completed,Medicare Advantage,Injection,2026-08-31 12:00:00,2026-08-31 18:00:00
ROW0005529,REF005529,ACC026,S02,INT02,2026-07-11,VISIT COMPLETE,Medicaid,Infusion,2026-08-31 12:00:00,2026-08-31 18:00:00
ROW0000612,REF000612,ACC062,S04,INT04,2026-04-16,completed,Traditional Medicare,Infusion,2026-08-31 12:00:00,2026-08-31 18:00:00
ROW0003583,REF003583,ACC111,S06,INT06,2025-01-17,VISIT COMPLETE,Medicare Advantage,Injection,2026-08-31 12:00:00,2026-08-31 18:00:00
ROW0003320,REF003320,ACC114,S06,INT06,2026-02-12,complete,Commercial,Infusion,2026-08-31 12:00:00,2026-08-31 18:00:00
ROW0002586,REF002586,ACC040,S02,INT02,2025-09-28,VISIT COMPLETE,Commercial,Infusion,2026-08-31 12:00:00,2026-08-31 18:00:00
ROW0006176,REF003541,ACC118,S08,INT08,2026-03-24,cancelled,Medicare Advantage,Infusion,2026-08-31 12:00:00,2026-08-31 19:00:00
ROW0000952,REF000952,ACC062,S04,INT04,2025-12-11,cancelled,Medicaid,Infusion,2026-08-31 12:00:00,2026-08-31 18:00:00
ROW0004211,REF004211,ACC004,S01,INT01,2025-07-26,complete,Medicare Advantage,Infusion,2026-08-31 12:00:00,2026-08-31 18:00:00
ROW0003015,REF003015,ACC005,S01,INT01,2026-07-27,VISIT COMPLETE,Commercial,Injection,2026-08-31 12:00:00,2026-08-31 18:00:00
ROW0004027,REF004027,ACC094,S05,INT05,2026-08-28,In Review,Medicare Advantage,Infusion,2026-08-31 12:00:00,2026-08-31 18:00:00
ROW0005772,REF005772,ACC016,S01,INT01,2025-10-19,VISIT COMPLETE,Commercial,Infusion,2026-08-31 12:00:00,2026-08-31 18:00:00
ROW0005232,REF005232,ACC059,S03,INT03,2025-08-11,complete,Medicare Advantage,Infusion,2026-08-31 12:00:00,2026-08-31 18:00:00
ROW0005358,REF005358,ACC089,S05,INT05,2026-01-24,VISIT COMPLETE,Commercial,Infusion,2026-08-31 12:00:00,2026-08-31 18:00:00
ROW0001972,REF001972,ACC097,S05,INT05,2025-12-03,ready to schedule,Commercial,Injection,2026-08-31 12:00:00,2026-08-31 18:00:00
ROW0005517,REF005517,ACC080,S04,INT04,2026-07-09,complete,Other,Injection,2026-08-31 12:00:00,2026-08-31 18:00:00
ROW0000791,REF000791,ACC070,S04,INT04,2026-02-20,VISIT COMPLETE,Commercial,Infusion,2026-08-31 12:00:00,2026-08-31 18:00:00
ROW0000499,REF000499,ACC015,S01,INT01,2026-02-10,complete,Medicaid,Infusion,2026-08-31 12:00:00,2026-08-31 18:00:00
ROW0000130,REF000130,ACC079,S04,INT04,2026-02-14,VISIT COMPLETE,Traditional Medicare,Infusion,2026-08-31 12:00:00,2026-08-31 18:00:00
ROW0002016,REF002016,ACC034,S02,INT02,2025-01-24,VISIT COMPLETE,Commercial,Infusion,2026-08-31 12:00:00,2026-08-31 18:00:00
ROW0004949,REF004949,ACC111,S08,INT08,2025-06-13,completed,Commercial,Infusion,2026-08-31 12:00:00,2026-08-31 18:00:00
ROW0002767,REF002767,ACC090,S05,INT05,2026-02-13,VISIT COMPLETE,Commercial,Infusion,2026-08-31 12:00:00,2026-08-31 18:00:00
ROW0003556,REF003556,ACC114,S06,INT06,2025-06-26,complete,Traditional Medicare,Infusion,2026-08-31 12:00:00,2026-08-31 18:00:00
ROW0003416,REF003416,ACC086,S05,INT05,2025-09-18,VISIT COMPLETE,Medicare Advantage,Other outpatient,2026-08-31 12:00:00,2026-08-31 18:00:00
ROW0004433,REF004433,ACC007,S01,INT01,2025-02-07,VISIT COMPLETE,Medicare Advantage,Infusion,2026-08-31 12:00:00,2026-08-31 18:00:00
ROW0004505,REF004505,ACC046,S03,INT03,2025-03-12,completed,Commercial,Infusion,2026-08-31 12:00:00,2026-08-31 18:00:00
ROW0000701,REF000701,ACC068,S04,INT04,2025-06-14,VISIT COMPLETE,Commercial,Injection,2026-08-31 12:00:00,2026-08-31 18:00:00
ROW0002745,REF002745,ACC120,S08,INT08,2025-01-17,complete,Commercial,Injection,2026-08-31 12:00:00,2026-08-31 18:00:00
ROW0005462,REF005462,ACC028,S02,INT02,2025-08-05,completed,Commercial,Infusion,2026-08-31 12:00:00,2026-08-31 18:00:00
ROW0006291,REF000479,ACC070,S04,INT04,2025-06-09,completed,Traditional Medicare,Infusion,2026-08-31 12:00:00,2026-08-31 19:00:00
ROW0002023,REF002023,ACC054,S03,INT03,2025-04-27,complete,Medicaid,Infusion,2026-08-31 12:00:00,2026-08-31 18:00:00
ROW0006179,REF004633,ACC053,S03,INT03,2025-07-26,completed,Commercial,Infusion,2026-08-31 12:00:00,2026-08-31 19:00:00
ROW0001217,REF001217,ACC035,S02,INT02,2025-08-07,completed,Medicare Advantage,Other outpatient,2026-08-31 12:00:00,2026-08-31 18:00:00
ROW0000782,REF000782,ACC074,S04,INT04,2026-08-14,scheduled,Commercial,Injection,2026-08-31 12:00:00,2026-08-31 18:00:00
ROW0005460,REF005460,ACC031,S02,INT02,2026-07-08,completed,Medicare Advantage,Infusion,2026-08-31 12:00:00,2026-08-31 18:00:00
ROW0003308,REF003308,ACC014,S01,INT01,2026-07-01,CLOSED - NO VISIT,Traditional Medicare,Infusion,2026-08-31 12:00:00,2026-08-31 18:00:00
ROW0002838,REF002838,ACC074,S04,INT04,2025-11-17,completed,Medicare Advantage,Injection,2026-08-31 12:00:00,2026-08-31 18:00:00
ROW0002234,REF002234,ACC001,S01,INT01,2026-03-21,complete,Commercial,Infusion,2026-08-31 12:00:00,2026-08-31 18:00:00
ROW0003806,REF003806,ACC090,S05,INT05,2025-03-06,completed,Commercial,Infusion,2026-08-31 12:00:00,2026-08-31 18:00:00
ROW0003061,REF003061,ACC054,S03,INT03,2026-02-15,VISIT COMPLETE,Medicare Advantage,Other outpatient,2026-08-31 12:00:00,2026-08-31 18:00:00
ROW0001294,REF001294,ACC013,S01,INT01,2025-09-18,VISIT COMPLETE,Commercial,Injection,2026-08-31 12:00:00,2026-08-31 18:00:00
ROW0002819,REF002819,ACC054,S07,INT07,2026-06-15,completed,Commercial,Other outpatient,2026-08-31 12:00:00,2026-08-31 18:00:00
ROW0001867,REF001867,ACC026,S02,INT02,2026-02-06,VISIT COMPLETE,Commercial,Infusion,2026-08-31 12:00:00,2026-08-31 18:00:00
ROW0000586,REF000586,ACC032,S02,INT02,2025-08-18,completed,Medicare Advantage,Injection,2026-08-31 12:00:00,2026-08-31 18:00:00
ROW0004913,REF004913,ACC065,S04,INT04,2025-01-20,cancelled,Commercial,Other outpatient,2026-08-31 12:00:00,2026-08-31 18:00:00
ROW0000545,REF000545,ACC011,S01,INT01,2025-06-25,complete,Medicare Advantage,Infusion,2026-08-31 12:00:00,2026-08-31 18:00:00
ROW0003380,REF003380,ACC030,S02,INT02,2026-07-19,VISIT COMPLETE,Other,Infusion,2026-08-31 12:00:00,2026-08-31 18:00:00
ROW0003348,REF003348,ACC063,S04,INT04,2025-06-23,In Review,Commercial,Infusion,2026-08-31 12:00:00,2026-08-31 18:00:00
ROW0003038,REF003038,ACC009,S01,INT01,2025-09-02,VISIT COMPLETE,Traditional Medicare,Infusion,2026-08-31 12:00:00,2026-08-31 18:00:00
ROW0004867,REF004867,ACC108,S08,INT08,2025-11-06,complete,Medicaid,Infusion,2026-08-31 12:00:00,2026-08-31 18:00:00
ROW0002213,REF002213,ACC042,S07,INT07,2025-05-25,cancelled,Medicare Advantage,Infusion,2026-08-31 12:00:00,2026-08-31 18:00:00
ROW0006076,REF002657,ACC008,S01,INT01,2025-12-29,VISIT COMPLETE,Traditional Medicare,Other outpatient,2026-08-31 12:00:00,2026-08-31 19:00:00
ROW0000011,REF000011,ACC009,S01,INT01,2025-11-29,VISIT COMPLETE,Medicare Advantage,Injection,2026-08-31 12:00:00,2026-08-31 18:00:00
ROW0004396,REF004396,ACC114,S08,INT08,2025-06-26,cancelled,Traditional Medicare,Infusion,2026-08-31 12:00:00,2026-08-31 18:00:00
ROW0000520,REF000520,ACC076,S04,INT04,2025-01-03,VISIT COMPLETE,Medicare Advantage,Infusion,2026-08-31 12:00:00,2026-08-31 18:00:00
ROW0003757,REF003757,ACC008,S01,INT01,2025-12-30,Ready_to_Schedule,Commercial,Infusion,2026-08-31 12:00:00,2026-08-31 18:00:00
ROW0000197,REF000197,ACC068,S04,INT04,2025-11-26,complete,Other,Injection,2026-08-31 12:00:00,2026-08-31 18:00:00
ROW0001210,REF001210,ACC079,S04,INT04,2025-12-12,VISIT COMPLETE,Commercial,Injection,2026-08-31 12:00:00,2026-08-31 18:00:00
ROW0005656,REF005656,ACC044,S03,,2025-02-15,VISIT COMPLETE,Traditional Medicare,Infusion,2026-08-31 12:00:00,2026-08-31 18:00:00
ROW0004897,REF004897,ACC087,S05,INT05,2026-08-14,Ready_to_Schedule,Medicare Advantage,Infusion,2026-08-31 12:00:00,2026-08-31 18:00:00
ROW0004864,REF004864,ACC062,S04,INT04,2026-04-05,cancelled,Medicare Advantage,Infusion,2026-08-31 12:00:00,2026-08-31 18:00:00
ROW0002520,REF002520,ACC057,S03,INT03,2025-12-23,VISIT COMPLETE,Medicare Advantage,Infusion,2026-08-31 12:00:00,2026-08-31 18:00:00
ROW0005369,REF005369,ACC078,S04,INT04,2026-01-28,complete,Other,Infusion,2026-08-31 12:00:00,2026-08-31 18:00:00
ROW0002528,REF002528,ACC025,S02,INT02,2025-02-26,complete,Commercial,Injection,2026-08-31 12:00:00,2026-08-31 18:00:00
ROW0001740,REF001740,ACC075,S04,,2025-06-12,completed,Commercial,Infusion,2026-08-31 12:00:00,2026-08-31 18:00:00
ROW0003197,REF003197,ACC052,S03,INT03,2025-12-15,complete,Other,Injection,2026-08-31 12:00:00,2026-08-31 18:00:00
ROW0004875,REF004875,ACC101,S06,INT06,2025-11-14,closed,Medicare Advantage,Infusion,2026-08-31 12:00:00,2026-08-31 18:00:00
ROW0003255,REF003255,ACC114,S06,INT06,2026-04-28,VISIT COMPLETE,Commercial,Other outpatient,2026-08-31 12:00:00,2026-08-31 18:00:00
ROW0003128,REF003128,ACC042,S07,INT07,2025-02-20,complete,Commercial,Infusion,2026-08-31 12:00:00,2026-08-31 18:00:00
ROW0001777,REF001777,ACC010,S01,INT01,2026-02-18,complete,Medicare Advantage,Infusion,2026-08-31 12:00:00,2026-08-31 18:00:00
ROW0003310,REF003310,ACC020,S01,INT01,2026-05-29,complete,Commercial,Injection,2026-08-31 12:00:00,2026-08-31 18:00:00
ROW0003283,REF003283,ACC049,S03,INT03,2025-11-21,complete,Medicare Advantage,Injection,2026-08-31 12:00:00,2026-08-31 18:00:00
ROW0001084,REF001084,ACC012,S01,INT01,2026-07-10,VISIT COMPLETE,Commercial,Infusion,2026-08-31 12:00:00,2026-08-31 18:00:00
ROW0003543,REF003543,ACC072,S04,INT04,2026-07-22,VISIT COMPLETE,Medicare Advantage,Injection,2026-08-31 12:00:00,2026-08-31 18:00:00
ROW0003393,REF003393,ACC011,S01,INT01,2026-06-03,complete,Commercial,Other outpatient,2026-08-31 12:00:00,2026-08-31 18:00:00
ROW0003791,REF003791,ACC099,S05,INT05,2025-11-16,VISIT COMPLETE,Commercial,Infusion,2026-08-31 12:00:00,2026-08-31 18:00:00
ROW0000015,REF000015,ACC018,S01,INT01,2026-01-18,complete,Other,Infusion,2026-08-31 12:00:00,2026-08-31 18:00:00
ROW0002055,REF002055,ACC015,S01,INT01,2026-06-30,Ready_to_Schedule,Medicare Advantage,Injection,2026-08-31 12:00:00,2026-08-31 18:00:00
ROW0005037,REF005037,ACC104,S08,INT08,2025-05-11,complete,Commercial,Other outpatient,2026-08-31 12:00:00,2026-08-31 18:00:00
ROW0001623,REF001623,ACC007,S01,INT01,2026-07-30,completed,Medicaid,Infusion,2026-08-31 12:00:00,2026-08-31 18:00:00
ROW0001283,REF001283,ACC110,S08,INT08,2026-07-15,cancelled,Medicare Advantage,Injection,2026-08-31 12:00:00,2026-08-31 18:00:00
ROW0000875,REF000875,ACC071,S04,INT04,2026-06-02,In Review,Traditional Medicare,Injection,2026-08-31 12:00:00,2026-08-31 18:00:00
ROW0003770,REF003770,ACC063,S04,INT04,2025-07-03,complete,Medicare Advantage,Infusion,2026-08-31 12:00:00,2026-08-31 18:00:00
ROW0004616,REF004616,ACC012,S01,INT01,2026-07-14,completed,Medicaid,Other outpatient,2026-08-31 12:00:00,2026-08-31 18:00:00
ROW0001992,REF001992,ACC091,S05,INT05,2025-01-19,completed,Other,Infusion,2026-08-31 12:00:00,2026-08-31 18:00:00
ROW0000855,REF000855,ACC018,S01,INT01,2026-05-06,VISIT COMPLETE,Other,Injection,2026-08-31 12:00:00,2026-08-31 18:00:00
ROW0002580,REF002580,ACC001,S01,INT01,2025-10-16,complete,Medicare Advantage,Injection,2026-08-31 12:00:00,2026-08-31 18:00:00
ROW0003865,REF003865,ACC042,S03,INT03,2026-02-07,completed,Medicaid,Injection,2026-08-31 12:00:00,2026-08-31 18:00:00
ROW0002882,REF002882,ACC037,S02,INT02,2026-05-13,VISIT COMPLETE,Traditional Medicare,Other outpatient,2026-08-31 12:00:00,2026-08-31 18:00:00
ROW0002894,REF002894,ACC011,S01,INT01,2025-07-29,complete,Commercial,Infusion,2026-08-31 12:00:00,2026-08-31 18:00:00
ROW0002854,REF002854,ACC092,S05,INT05,2025-11-11,cancelled,Traditional Medicare,Injection,2026-08-31 12:00:00,2026-08-31 18:00:00
ROW0000141,REF000141,ACC026,S02,INT02,2025-09-13,completed,Traditional Medicare,Infusion,2026-08-31 12:00:00,2026-08-31 18:00:00
ROW0000790,REF000790,ACC059,S03,INT03,2025-05-05,VISIT COMPLETE,Traditional Medicare,Infusion,2026-08-31 12:00:00,2026-08-31 18:00:00
ROW0003394,REF003394,ACC018,S01,INT01,2026-04-19,complete,Medicare Advantage,Other outpatient,2026-08-31 12:00:00,2026-08-31 18:00:00
ROW0003932,REF003932,ACC050,S03,INT03,2026-05-24,VISIT COMPLETE,Medicare Advantage,Injection,2026-08-31 12:00:00,2026-08-31 18:00:00
ROW0003871,REF003871,ACC073,S04,INT04,2025-12-08,In Review,Commercial,Infusion,2026-08-31 12:00:00,2026-08-31 18:00:00
ROW0003270,REF003270,ACC061,S04,INT04,2025-06-02,VISIT COMPLETE,Medicaid,Injection,2026-08-31 12:00:00,2026-08-31 18:00:00
ROW0000309,REF000309,ACC042,S07,INT07,2025-05-07,completed,Medicare Advantage,Infusion,2026-08-31 12:00:00,2026-08-31 18:00:00
ROW0002668,REF002668,ACC093,S05,INT05,2026-03-27,cancelled,Commercial,Infusion,2026-08-31 12:00:00,2026-08-31 18:00:00
ROW0001026,REF001026,ACC076,S04,INT04,2025-12-11,VISIT COMPLETE,Traditional Medicare,Other outpatient,2026-08-31 12:00:00,2026-08-31 18:00:00
ROW0001263,REF001263,ACC031,S02,INT02,2025-07-02,completed,Traditional Medicare,Infusion,2026-08-31 12:00:00,2026-08-31 18:00:00
ROW0001603,REF001603,ACC015,S01,INT01,2025-02-18,VISIT COMPLETE,Commercial,Other outpatient,2026-08-31 12:00:00,2026-08-31 18:00:00
ROW0005137,REF005137,ACC063,S04,INT04,2025-09-03,VISIT COMPLETE,Medicare Advantage,Other outpatient,2026-08-31 12:00:00,2026-08-31 18:00:00
ROW0003842,REF003842,ACC006,S01,,2026-02-18,complete,Commercial,Infusion,2026-08-31 12:00:00,2026-08-31 18:00:00
ROW0002823,REF002823,ACC004,S01,INT01,2025-07-15,VISIT COMPLETE,Commercial,Infusion,2026-08-31 12:00:00,2026-08-31 18:00:00
ROW0000183,REF000183,ACC074,S04,INT04,2026-04-24,complete,Commercial,Infusion,2026-08-31 12:00:00,2026-08-31 18:00:00
ROW0004693,REF004693,ACC056,S07,INT07,2026-08-02,scheduled,Medicare Advantage,Infusion,2026-08-31 12:00:00,2026-08-31 18:00:00
ROW0000650,REF000650,ACC026,S02,INT02,2025-01-26,In Review,Traditional Medicare,Injection,2026-08-31 12:00:00,2026-08-31 18:00:00
ROW0006209,REF001903,ACC062,S04,INT04,2025-12-10,VISIT COMPLETE,Medicare Advantage,Infusion,2026-08-31 12:00:00,2026-08-31 19:00:00
ROW0004846,REF004846,ACC098,S05,INT05,2026-01-27,CLOSED - NO VISIT,Commercial,Infusion,2026-08-31 12:00:00,2026-08-31 18:00:00
ROW0004525,REF004525,ACC062,S04,INT04,2026-01-02,complete,Medicare Advantage,Injection,2026-08-31 12:00:00,2026-08-31 18:00:00
ROW0000689,REF000689,ACC013,S01,INT01,2025-10-08,VISIT COMPLETE,Commercial,Infusion,2026-08-31 12:00:00,2026-08-31 18:00:00
ROW0000077,REF000077,ACC086,S05,INT05,2025-09-24,completed,Commercial,Infusion,2026-08-31 12:00:00,2026-08-31 18:00:00
ROW0004052,REF004052,ACC062,S04,INT04,2026-03-22,completed,Medicaid,Injection,2026-08-31 12:00:00,2026-08-31 18:00:00
ROW0001022,REF001022,ACC072,S04,INT04,2026-07-22,completed,Medicare Advantage,Infusion,2026-08-31 12:00:00,2026-08-31 18:00:00
ROW0005774,REF005774,ACC053,S03,INT03,2026-01-04,VISIT COMPLETE,Commercial,Infusion,2026-08-31 12:00:00,2026-08-31 18:00:00
ROW0001333,REF001333,ACC032,S02,INT02,2026-04-08,VISIT COMPLETE,Commercial,Other outpatient,2026-08-31 12:00:00,2026-08-31 18:00:00
ROW0004189,REF004189,ACC087,S05,INT05,2025-03-14,completed,Commercial,Infusion,2026-08-31 12:00:00,2026-08-31 18:00:00
ROW0000938,REF000938,ACC110,S08,INT08,2026-08-01,complete,Commercial,Infusion,2026-08-31 12:00:00,2026-08-31 18:00:00
ROW0000387,REF000387,ACC039,S02,INT02,2025-01-05,completed,Commercial,Infusion,2026-08-31 12:00:00,2026-08-31 18:00:00
ROW0000698,REF000698,ACC091,S05,INT05,2026-04-26,VISIT COMPLETE,Medicare Advantage,Injection,2026-08-31 12:00:00,2026-08-31 18:00:00
ROW0005805,REF005805,ACC004,S01,INT01,2025-11-18,complete,Commercial,Infusion,2026-08-31 12:00:00,2026-08-31 18:00:00
ROW0006143,REF000096,ACC016,S01,INT01,2026-05-22,complete,Traditional Medicare,Injection,2026-08-31 12:00:00,2026-08-31 19:00:00
ROW0004663,REF004663,ACC084,S05,INT05,2026-01-02,In Review,Medicare Advantage,Infusion,2026-08-31 12:00:00,2026-08-31 18:00:00
ROW0001359,REF001359,ACC107,S08,INT08,2025-06-24,in_review,Medicare Advantage,Injection,2026-08-31 12:00:00,2026-08-31 18:00:00
ROW0000637,REF000637,ACC032,S02,INT02,2025-12-09,completed,Commercial,Injection,2026-08-31 12:00:00,2026-08-31 18:00:00
ROW0001725,REF001725,ACC013,S01,INT01,2025-05-09,complete,Commercial,Infusion,2026-08-31 12:00:00,2026-08-31 18:00:00
ROW0002251,REF002251,ACC092,S05,INT05,2025-10-06,VISIT COMPLETE,Traditional Medicare,Infusion,2026-08-31 12:00:00,2026-08-31 18:00:00
ROW0000344,REF000344,ACC037,S02,INT02,2026-07-30,complete,Medicaid,Injection,2026-08-31 12:00:00,2026-08-31 18:00:00
ROW0002738,REF002738,ACC110,S06,INT06,2025-07-28,completed,Commercial,Injection,2026-08-31 12:00:00,2026-08-31 18:00:00
ROW0002321,REF002321,ACC005,S01,INT01,2026-04-12,completed,Commercial,Infusion,2026-08-31 12:00:00,2026-08-31 18:00:00
ROW0004063,REF004063,ACC084,S05,INT05,2025-10-04,completed,Traditional Medicare,Infusion,2026-08-31 12:00:00,2026-08-31 18:00:00
ROW0002601,REF002601,ACC119,S08,INT08,2025-08-25,complete,Commercial,Injection,2026-08-31 12:00:00,2026-08-31 18:00:00
ROW0002384,REF002384,ACC084,S05,INT05,2025-07-09,complete,Traditional Medicare,Other outpatient,2026-08-31 12:00:00,2026-08-31 18:00:00
ROW0001428,REF001428,ACC049,S07,INT07,2026-04-10,cancelled,Commercial,Infusion,2026-08-31 12:00:00,2026-08-31 18:00:00
ROW0000869,REF000869,ACC116,S08,INT08,2025-04-17,VISIT COMPLETE,Medicare Advantage,Infusion,2026-08-31 12:00:00,2026-08-31 18:00:00
ROW0004515,REF004515,ACC005,S01,INT01,2026-08-09, SCHED ,Medicare Advantage,Other outpatient,2026-08-31 12:00:00,2026-08-31 18:00:00
ROW0005515,REF005515,ACC119,S06,INT06,2026-05-06,complete,Medicare Advantage,Infusion,2026-08-31 12:00:00,2026-08-31 18:00:00
ROW0000299,REF000299,ACC002,S01,INT01,2025-12-20,completed,Traditional Medicare,Infusion,2026-08-31 12:00:00,2026-08-31 18:00:00
ROW0002394,REF002394,ACC056,S03,INT03,2025-01-26,complete,Commercial,Infusion,2026-08-31 12:00:00,2026-08-31 18:00:00
ROW0004773,REF004773,ACC116,S06,INT06,2025-11-04, NEW ,Medicare Advantage,Injection,2026-08-31 12:00:00,2026-08-31 18:00:00
ROW0002501,REF002501,ACC040,S02,INT02,2026-06-15,closed,Commercial,Infusion,2026-08-31 12:00:00,2026-08-31 18:00:00
ROW0000054,REF000054,ACC032,S02,INT02,2026-02-15,completed,Traditional Medicare,Infusion,2026-08-31 12:00:00,2026-08-31 18:00:00
ROW0001894,REF001894,ACC081,S05,INT05,2025-07-11,complete,Commercial,Infusion,2026-08-31 12:00:00,2026-08-31 18:00:00
ROW0003023,REF003023,ACC018,S01,INT01,2026-08-09,booked,Medicare Advantage,Infusion,2026-08-31 12:00:00,2026-08-31 18:00:00
ROW0000415,REF000415,ACC082,S05,INT05,2026-05-12,VISIT COMPLETE,Traditional Medicare,Infusion,2026-08-31 12:00:00,2026-08-31 18:00:00
ROW0001995,REF001995,ACC086,S05,INT05,2025-12-03,review,Traditional Medicare,Infusion,2026-08-31 12:00:00,2026-08-31 18:00:00
ROW0002718,REF002718,ACC115,S08,INT08,2025-07-15,complete,Commercial,Infusion,2026-08-31 12:00:00,2026-08-31 18:00:00
ROW0004674,REF004674,ACC105,S06,INT06,2026-04-08,completed,Commercial,Infusion,2026-08-31 12:00:00,2026-08-31 18:00:00
ROW0003321,REF003321,ACC075,S04,INT04,2026-07-21,VISIT COMPLETE,Commercial,Injection,2026-08-31 12:00:00,2026-08-31 18:00:00
ROW0000966,REF000966,ACC055,S07,INT07,2025-07-10,completed,Traditional Medicare,Injection,2026-08-31 12:00:00,2026-08-31 18:00:00
ROW0001810,REF001810,ACC037,S02,INT02,2025-01-31,review,Medicaid,Injection,2026-08-31 12:00:00,2026-08-31 18:00:00
ROW0004228,REF004228,ACC115,S08,INT08,2025-12-26,completed,Medicare Advantage,Infusion,2026-08-31 12:00:00,2026-08-31 18:00:00
ROW0004734,REF004734,ACC099,S05,INT05,2025-07-11,In Review,Medicare Advantage,Infusion,2026-08-31 12:00:00,2026-08-31 18:00:00
ROW0000828,REF000828,ACC056,S07,INT07,2025-04-21, NEW ,Commercial,Infusion,2026-08-31 12:00:00,2026-08-31 18:00:00
ROW0003521,REF003521,ACC011,S01,INT01,2026-07-12,complete,Medicare Advantage,Infusion,2026-08-31 12:00:00,2026-08-31 18:00:00
ROW0004413,REF004413,ACC051,S07,INT07,2025-11-08,VISIT COMPLETE,Traditional Medicare,Infusion,2026-08-31 12:00:00,2026-08-31 18:00:00
ROW0004547,REF004547,ACC056,S07,INT07,2025-08-11,completed,Traditional Medicare,Injection,2026-08-31 12:00:00,2026-08-31 18:00:00
ROW0000711,REF000711,ACC046,S07,INT07,2026-05-31,cancelled,Traditional Medicare,Infusion,2026-08-31 12:00:00,2026-08-31 18:00:00
ROW0005618,REF005618,ACC079,S04,INT04,2025-06-19,VISIT COMPLETE,Commercial,Injection,2026-08-31 12:00:00,2026-08-31 18:00:00
ROW0000761,REF000761,ACC099,S05,INT05,2025-05-05,completed,Commercial,Infusion,2026-08-31 12:00:00,2026-08-31 18:00:00
ROW0005278,REF005278,ACC063,S04,INT04,2025-02-23,complete,Commercial,Infusion,2026-08-31 12:00:00,2026-08-31 18:00:00
ROW0001295,REF001295,ACC104,S08,INT08,2025-01-07,in progress?,Commercial,Infusion,2026-08-31 12:00:00,2026-08-31 18:00:00
ROW0004957,REF004957,ACC036,S02,INT02,2025-01-27,complete,Medicaid,Injection,2026-08-31 12:00:00,2026-08-31 18:00:00
ROW0003590,REF003590,ACC057,S03,INT03,2026-01-11,completed,Commercial,Infusion,2026-08-31 12:00:00,2026-08-31 18:00:00
ROW0002830,REF002830,ACC019,S01,INT01,2026-01-21, NEW ,Commercial,Infusion,2026-08-31 12:00:00,2026-08-31 18:00:00
ROW0000878,REF000878,ACC012,S01,INT01,2025-11-18,completed,Medicare Advantage,Infusion,2026-08-31 12:00:00,2026-08-31 18:00:00
ROW0000078,REF000078,ACC003,S01,INT01,2026-01-21,complete,Traditional Medicare,Infusion,2026-08-31 12:00:00,2026-08-31 18:00:00
ROW0000050,REF000050,ACC107,S08,INT08,2026-06-10,cancelled,Medicaid,Infusion,2026-08-31 12:00:00,2026-08-31 18:00:00
ROW0003205,REF003205,ACC087,S05,INT05,2026-05-25,completed,Medicare Advantage,Injection,2026-08-31 12:00:00,2026-08-31 18:00:00
ROW0002380,REF002380,ACC029,S02,INT02,2026-08-27,in_review,Medicaid,Injection,2026-08-31 12:00:00,2026-08-31 18:00:00
ROW0004108,REF004108,ACC099,S05,INT05,2025-03-23,CLOSED - NO VISIT,Medicaid,Infusion,2026-08-31 12:00:00,2026-08-31 18:00:00
ROW0003667,REF003667,ACC085,S05,INT05,2026-07-16,complete,Medicare Advantage,Infusion,2026-08-31 12:00:00,2026-08-31 18:00:00
ROW0002698,REF002698,ACC073,S04,INT04,2026-07-30,scheduled,Medicare Advantage,Infusion,2026-08-31 12:00:00,2026-08-31 18:00:00
ROW0003879,REF003879,ACC112,S06,INT06,2025-07-29,complete,Medicaid,Infusion,2026-08-31 12:00:00,2026-08-31 18:00:00
ROW0005096,REF005096,ACC119,S06,INT06,2025-10-07,completed,Medicaid,Infusion,2026-08-31 12:00:00,2026-08-31 18:00:00
ROW0001716,REF001716,ACC061,S04,INT04,2025-08-20,complete,Traditional Medicare,Injection,2026-08-31 12:00:00,2026-08-31 18:00:00
ROW0005861,REF005861,ACC035,S02,INT02,2025-08-22,complete,Commercial,Infusion,2026-08-31 12:00:00,2026-08-31 18:00:00
ROW0001678,REF001678,ACC071,S04,INT04,2026-06-18,complete,Commercial,Infusion,2026-08-31 12:00:00,2026-08-31 18:00:00
ROW0005605,REF005605,ACC057,S07,INT07,2026-05-18,completed,Medicare Advantage,Infusion,2026-08-31 12:00:00,2026-08-31 18:00:00
ROW0003542,REF003542,ACC073,S04,INT04,2025-11-02,VISIT COMPLETE,Commercial,Infusion,2026-08-31 12:00:00,2026-08-31 18:00:00
ROW0004856,REF004856,ACC110,S08,INT08,2026-04-08,completed,Commercial,Injection,2026-08-31 12:00:00,2026-08-31 18:00:00
ROW0002776,REF002776,ACC042,S07,INT07,2026-08-27,In Review,Commercial,Infusion,2026-08-31 12:00:00,2026-08-31 18:00:00
ROW0001292,REF001292,ACC056,S07,INT07,2025-03-13,closed,Medicare Advantage,Infusion,2026-08-31 12:00:00,2026-08-31 18:00:00
ROW0000988,REF000988,ACC034,S02,INT02,2025-05-25,complete,Medicare Advantage,Injection,2026-08-31 12:00:00,2026-08-31 18:00:00
ROW0004869,REF004869,ACC033,S02,INT02,2025-12-26,completed,Traditional Medicare,Injection,2026-08-31 12:00:00,2026-08-31 18:00:00
ROW0002646,REF002646,ACC019,S01,INT01,2026-05-05,VISIT COMPLETE,Commercial,Injection,2026-08-31 12:00:00,2026-08-31 18:00:00
ROW0000896,REF000896,ACC004,S01,INT01,2025-01-13,completed,Commercial,Infusion,2026-08-31 12:00:00,2026-08-31 18:00:00
ROW0004704,REF004704,ACC051,S07,INT07,2026-01-16,complete,Commercial,Infusion,2026-08-31 12:00:00,2026-08-31 18:00:00
ROW0001200,REF001200,ACC010,S01,INT01,2025-08-02,VISIT COMPLETE,Commercial,Infusion,2026-08-31 12:00:00,2026-08-31 18:00:00
ROW0001356,REF001356,ACC120,S08,INT08,2026-08-14,scheduled,Medicare Advantage,Infusion,2026-08-31 12:00:00,2026-08-31 18:00:00
ROW0002605,REF002605,ACC078,S04,INT04,2026-03-13,completed,Commercial,Infusion,2026-08-31 12:00:00,2026-08-31 18:00:00
ROW0002770,REF002770,ACC115,S06,INT06,2025-02-06,completed,Traditional Medicare,Injection,2026-08-31 12:00:00,2026-08-31 18:00:00
ROW0006202,REF003454,ACC111,S06,INT06,2026-06-27,complete,Commercial,Other outpatient,2026-08-31 12:00:00,2026-08-31 19:00:00
ROW0002534,REF002534,ACC119,S06,INT06,2025-07-25,VISIT COMPLETE,Medicare Advantage,Infusion,2026-08-31 12:00:00,2026-08-31 18:00:00
ROW0004865,REF004865,ACC015,S01,INT01,2026-08-23,In Review,Medicaid,Other outpatient,2026-08-31 12:00:00,2026-08-31 18:00:00
ROW0000593,REF000593,ACC045,S03,INT03,2026-07-28, SCHED ,Traditional Medicare,Infusion,2026-08-31 12:00:00,2026-08-31 18:00:00
ROW0000046,REF000046,ACC104,S06,INT06,2025-04-18,cancelled,Medicare Advantage,Injection,2026-08-31 12:00:00,2026-08-31 18:00:00
ROW0003649,REF003649,ACC059,S03,,2026-07-21,cancelled,Medicare Advantage,Infusion,2026-08-31 12:00:00,2026-08-31 18:00:00
ROW0001426,REF001426,ACC095,S05,INT05,2026-08-23,CLOSED - NO VISIT,Commercial,Injection,2026-08-31 12:00:00,2026-08-31 18:00:00
ROW0004216,REF004216,ACC052,S07,INT07,2025-04-10,CLOSED - NO VISIT,Medicare Advantage,Infusion,2026-08-31 12:00:00,2026-08-31 18:00:00
ROW0005757,REF005757,ACC010,S01,INT01,2025-07-15,complete,Medicare Advantage,Injection,2026-08-31 12:00:00,2026-08-31 18:00:00
ROW0004081,REF004081,ACC118,S06,INT06,2025-09-05,completed,Commercial,Injection,2026-08-31 12:00:00,2026-08-31 18:00:00
ROW0004109,REF004109,ACC110,S08,INT08,2025-12-13,completed,Commercial,Other outpatient,2026-08-31 12:00:00,2026-08-31 18:00:00
ROW0001174,REF001174,ACC024,S02,INT02,,complete,Commercial,Injection,2026-08-31 12:00:00,2026-08-31 18:00:00
ROW0001314,REF001314,ACC118,S08,INT08,2025-06-17,VISIT COMPLETE,Medicaid,Other outpatient,2026-08-31 12:00:00,2026-08-31 18:00:00
ROW0005750,REF005750,ACC047,S07,INT07,2026-04-11,complete,Commercial,Injection,2026-08-31 12:00:00,2026-08-31 18:00:00
ROW0005731,REF005731,ACC011,S01,INT01,2026-05-02,completed,Commercial,Infusion,2026-08-31 12:00:00,2026-08-31 18:00:00
ROW0000849,REF000849,ACC034,S02,INT02,2026-04-29, NEW ,Commercial,Injection,2026-08-31 12:00:00,2026-08-31 18:00:00
ROW0006073,REF000064,ACC102,S06,INT06,2025-10-03,VISIT COMPLETE,Commercial,Injection,2026-08-31 12:00:00,2026-08-31 19:00:00
ROW0005348,REF005348,ACC039,S02,INT02,2025-07-16,cancelled,Commercial,Injection,2026-08-31 12:00:00,2026-08-31 18:00:00
ROW0004612,REF004612,ACC025,S02,INT02,2025-11-18,completed,Commercial,Injection,2026-08-31 12:00:00,2026-08-31 18:00:00
ROW0001723,REF001723,ACC039,S02,INT02,2025-12-09,cancelled,Medicare Advantage,Infusion,2026-08-31 12:00:00,2026-08-31 18:00:00
ROW0002780,REF002780,ACC015,S01,INT01,2025-03-04,VISIT COMPLETE,Commercial,Infusion,2026-08-31 12:00:00,2026-08-31 18:00:00
ROW0004351,REF004351,ACC016,S01,INT01,2026-01-28,completed,Medicare Advantage,Infusion,2026-08-31 12:00:00,2026-08-31 18:00:00
ROW0001385,REF001385,ACC042,S07,INT07,2025-01-08,completed,Commercial,Other outpatient,2026-08-31 12:00:00,2026-08-31 18:00:00
ROW0004839,REF004839,ACC101,S06,INT06,2026-02-08,complete,Traditional Medicare,Infusion,2026-08-31 12:00:00,2026-08-31 18:00:00
ROW0003026,REF003026,ACC041,S07,INT07,2025-09-15,VISIT COMPLETE,Medicare Advantage,Infusion,2026-08-31 12:00:00,2026-08-31 18:00:00
ROW0001083,REF001083,ACC089,S05,INT05,2025-06-05,completed,Traditional Medicare,Infusion,2026-08-31 12:00:00,2026-08-31 18:00:00
ROW0000236,REF000236,ACC120,S08,INT08,2025-06-13,complete,Commercial,Infusion,2026-08-31 12:00:00,2026-08-31 18:00:00
ROW0000311,REF000311,ACC073,S04,INT04,2026-07-14,closed,Traditional Medicare,Infusion,2026-08-31 12:00:00,2026-08-31 18:00:00
ROW0005425,REF005425,ACC084,S05,INT05,2026-01-30,VISIT COMPLETE,Medicaid,Infusion,2026-08-31 12:00:00,2026-08-31 18:00:00
ROW0003062,REF003062,ACC087,S05,INT05,2026-05-18,cancelled,Medicare Advantage,Injection,2026-08-31 12:00:00,2026-08-31 18:00:00
ROW0001491,REF001491,ACC104,S06,INT06,2026-05-31,cancelled,Commercial,Injection,2026-08-31 12:00:00,2026-08-31 18:00:00
ROW0002506,REF002506,ACC110,S06,INT06,2025-12-14,completed,Traditional Medicare,Injection,2026-08-31 12:00:00,2026-08-31 18:00:00
ROW0005267,REF005267,ACC041,S03,INT03,2025-01-01,VISIT COMPLETE,Commercial,Infusion,2026-08-31 12:00:00,2026-08-31 18:00:00
ROW0005065,REF005065,ACC072,S04,INT04,2026-03-03,completed,Commercial,Infusion,2026-08-31 12:00:00,2026-08-31 18:00:00
ROW0005591,REF005591,ACC106,S06,INT06,2026-01-30,VISIT COMPLETE,Medicare Advantage,Infusion,2026-08-31 12:00:00,2026-08-31 18:00:00
ROW0003529,REF003529,ACC083,S05,INT05,2026-02-14,complete,Traditional Medicare,Infusion,2026-08-31 12:00:00,2026-08-31 18:00:00
ROW0000431,REF000431,ACC046,S07,INT07,2025-12-29,VISIT COMPLETE,Medicare Advantage,Infusion,2026-08-31 12:00:00,2026-08-31 18:00:00
ROW0004170,REF004170,ACC013,S01,INT01,2025-06-10,closed,Medicare Advantage,Infusion,2026-08-31 12:00:00,2026-08-31 18:00:00
ROW0000458,REF000458,ACC049,S07,INT07,2026-02-14,complete,Traditional Medicare,Infusion,2026-08-31 12:00:00,2026-08-31 18:00:00
ROW0002144,REF002144,ACC021,S02,INT02,2026-03-30,complete,Commercial,Infusion,2026-08-31 12:00:00,2026-08-31 18:00:00
ROW0001320,REF001320,ACC045,S07,INT07,2025-12-31,completed,Medicare Advantage,Infusion,2026-08-31 12:00:00,2026-08-31 18:00:00
ROW0003319,REF003319,ACC094,S05,INT05,2026-04-19,cancelled,Medicare Advantage,Infusion,2026-08-31 12:00:00,2026-08-31 18:00:00
ROW0002955,REF002955,ACC021,S02,INT02,2025-11-16,completed,Medicare Advantage,Infusion,2026-08-31 12:00:00,2026-08-31 18:00:00
ROW0001611,REF001611,ACC083,S05,INT05,2025-04-12,VISIT COMPLETE,Medicaid,Injection,2026-08-31 12:00:00,2026-08-31 18:00:00
ROW0002192,REF002192,ACC094,S05,INT05,2025-04-06,completed,Commercial,Injection,2026-08-31 12:00:00,2026-08-31 18:00:00
ROW0003915,REF003915,ACC027,S02,INT02,2026-06-01,complete,Commercial,Infusion,2026-08-31 12:00:00,2026-08-31 18:00:00
ROW0003413,REF003413,ACC014,S01,INT01,2025-11-18,completed,Commercial,Infusion,2026-08-31 12:00:00,2026-08-31 18:00:00
ROW0002489,REF002489,ACC084,S05,INT05,2026-03-18,VISIT COMPLETE,Commercial,Injection,2026-08-31 12:00:00,2026-08-31 18:00:00
ROW0005494,REF005494,ACC014,S01,INT01,2026-05-27,closed,Commercial,Infusion,2026-08-31 12:00:00,2026-08-31 18:00:00
ROW0001803,REF001803,ACC103,S08,INT08,2025-03-12,completed,Commercial,Infusion,2026-08-31 12:00:00,2026-08-31 18:00:00
ROW0005758,REF005758,ACC035,S02,INT02,2026-05-03,ready to schedule,Commercial,Infusion,2026-08-31 12:00:00,2026-08-31 18:00:00
ROW0000282,REF000282,ACC031,S02,INT02,2026-05-03,completed,Commercial,Infusion,2026-08-31 12:00:00,2026-08-31 18:00:00
ROW0003480,REF003480,ACC004,S01,INT01,2025-09-01,VISIT COMPLETE,Traditional Medicare,Infusion,2026-08-31 12:00:00,2026-08-31 18:00:00
ROW0003958,REF003958,ACC035,S02,INT02,2025-09-24,completed,Traditional Medicare,Injection,2026-08-31 12:00:00,2026-08-31 18:00:00
ROW0001863,REF001863,ACC072,S04,INT04,2026-02-19,complete,Traditional Medicare,Infusion,2026-08-31 12:00:00,2026-08-31 18:00:00
ROW0004038,REF004038,ACC066,S04,INT04,2026-01-23,completed,Commercial,Infusion,2026-08-31 12:00:00,2026-08-31 18:00:00
ROW0001296,REF001296,ACC059,S07,INT07,2025-05-30,complete,Commercial,Injection,2026-08-31 12:00:00,2026-08-31 18:00:00
ROW0005937,REF005937,ACC033,S02,INT02,2025-08-17,VISIT COMPLETE,Traditional Medicare,Infusion,2026-08-31 12:00:00,2026-08-31 18:00:00
ROW0004420,REF004420,ACC031,S02,INT02,2025-09-20,complete,Medicare Advantage,Infusion,2026-08-31 12:00:00,2026-08-31 18:00:00
ROW0002737,REF002737,ACC005,S01,INT01,2025-02-22,VISIT COMPLETE,Medicare Advantage,Injection,2026-08-31 12:00:00,2026-08-31 18:00:00
ROW0004157,REF004157,ACC060,S07,INT07,2026-06-10,VISIT COMPLETE,Commercial,Injection,2026-08-31 12:00:00,2026-08-31 18:00:00
ROW0002690,REF002690,ACC001,S01,INT01,2025-04-28,completed,Commercial,Injection,2026-08-31 12:00:00,2026-08-31 18:00:00
ROW0005159,REF005159,ACC019,S01,INT01,2025-11-20,completed,Commercial,Infusion,2026-08-31 12:00:00,2026-08-31 18:00:00
ROW0002244,REF002244,ACC083,S05,INT05,2025-02-25,complete,Commercial,Injection,2026-08-31 12:00:00,2026-08-31 18:00:00
ROW0002503,REF002503,ACC094,S05,INT05,2026-02-17,cancelled,Medicare Advantage,Infusion,2026-08-31 12:00:00,2026-08-31 18:00:00
ROW0005777,REF005777,ACC010,S01,INT01,2025-12-15,completed,Medicare Advantage,Infusion,2026-08-31 12:00:00,2026-08-31 18:00:00
ROW0006126,REF001173,ACC093,S05,INT05,2026-06-08,CLOSED - NO VISIT,Commercial,Other outpatient,2026-08-31 12:00:00,2026-08-31 19:00:00
ROW0004508,REF004508,ACC098,S05,INT05,2025-01-04,completed,Commercial,Injection,2026-08-31 12:00:00,2026-08-31 18:00:00
ROW0004378,REF004378,ACC065,S04,INT04,2026-03-07,VISIT COMPLETE,Commercial,Injection,2026-08-31 12:00:00,2026-08-31 18:00:00
ROW0005371,REF005371,ACC044,S03,INT03,2026-07-09,completed,Medicare Advantage,Other outpatient,2026-08-31 12:00:00,2026-08-31 18:00:00
ROW0000705,REF000705,ACC118,S06,INT06,2025-11-17,completed,Medicare Advantage,Injection,2026-08-31 12:00:00,2026-08-31 18:00:00
ROW0005496,REF005496,ACC047,S07,INT07,2025-12-02, NEW ,Medicare Advantage,Injection,2026-08-31 12:00:00,2026-08-31 18:00:00
ROW0001228,REF001228,ACC083,S05,INT05,2025-05-05,VISIT COMPLETE,Medicare Advantage,Injection,2026-08-31 12:00:00,2026-08-31 18:00:00
ROW0002445,REF002445,ACC081,S05,INT05,2025-10-02,completed,Medicaid,Injection,2026-08-31 12:00:00,2026-08-31 18:00:00
ROW0004319,REF004319,ACC062,S04,INT04,2026-06-15,VISIT COMPLETE,Medicare Advantage,Infusion,2026-08-31 12:00:00,2026-08-31 18:00:00
ROW0000098,REF000098,ACC058,S07,INT07,2025-03-15,complete,Commercial,Injection,2026-08-31 12:00:00,2026-08-31 18:00:00
ROW0002582,REF002582,ACC039,S02,INT02,2026-01-30,complete,Commercial,Injection,2026-08-31 12:00:00,2026-08-31 18:00:00
ROW0000941,REF000941,ACC002,S01,INT01,2025-07-29,complete,Commercial,Infusion,2026-08-31 12:00:00,2026-08-31 18:00:00
ROW0001770,REF001770,ACC084,S05,INT05,2025-10-11,complete,Medicaid,Injection,2026-08-31 12:00:00,2026-08-31 18:00:00
ROW0003012,REF003012,ACC037,S02,INT02,2026-02-21,completed,Commercial,Injection,2026-08-31 12:00:00,2026-08-31 18:00:00
ROW0003174,REF003174,ACC013,S01,INT01,2025-03-31,CLOSED - NO VISIT,Medicare Advantage,Other outpatient,2026-08-31 12:00:00,2026-08-31 18:00:00
ROW0000038,REF000038,ACC009,S01,INT01,2025-06-14,closed,Medicare Advantage,Infusion,2026-08-31 12:00:00,2026-08-31 18:00:00
ROW0003176,REF003176,ACC048,S07,INT07,2025-08-04,ready to schedule,Commercial,Injection,2026-08-31 12:00:00,2026-08-31 18:00:00
ROW0004783,REF004783,ACC086,S05,INT05,2026-03-01,closed,Medicaid,Infusion,2026-08-31 12:00:00,2026-08-31 18:00:00
ROW0002874,REF002874,ACC048,S07,INT07,2025-01-12,VISIT COMPLETE,Medicaid,Infusion,2026-08-31 12:00:00,2026-08-31 18:00:00
ROW0003267,REF003267,ACC080,S04,INT04,2025-12-12,completed,Commercial,Injection,2026-08-31 12:00:00,2026-08-31 18:00:00
ROW0000961,REF000961,ACC065,S04,INT04,2026-04-26,VISIT COMPLETE,Commercial,Infusion,2026-08-31 12:00:00,2026-08-31 18:00:00
ROW0005091,REF005091,ACC056,S07,INT07,2026-04-26,VISIT COMPLETE,Commercial,Infusion,2026-08-31 12:00:00,2026-08-31 18:00:00
ROW0004241,REF004241,ACC083,S05,INT05,2026-03-06,VISIT COMPLETE,Commercial,Infusion,2026-08-31 12:00:00,2026-08-31 18:00:00
ROW0006207,REF000639,ACC048,S03,INT03,2025-04-07,VISIT COMPLETE,Medicare Advantage,Injection,2026-08-31 12:00:00,2026-08-31 19:00:00
ROW0003559,REF003559,ACC101,S06,INT06,2025-09-04,VISIT COMPLETE,Medicaid,Injection,2026-08-31 12:00:00,2026-08-31 18:00:00
ROW0004561,REF004561,ACC040,S02,INT02,2026-08-14, SCHED ,Commercial,Infusion,2026-08-31 12:00:00,2026-08-31 18:00:00
ROW0004338,REF004338,ACC050,S07,INT07,2026-02-02,completed,Traditional Medicare,Injection,2026-08-31 12:00:00,2026-08-31 18:00:00
ROW0001913,REF001913,ACC078,S04,INT04,2025-05-31,complete,Traditional Medicare,Infusion,2026-08-31 12:00:00,2026-08-31 18:00:00
ROW0001325,REF001325,ACC048,S03,INT03,2025-03-06,received,Medicare Advantage,Infusion,2026-08-31 12:00:00,2026-08-31 18:00:00
ROW0000252,REF000252,ACC107,S06,INT06,2025-11-16,complete,Medicare Advantage,Injection,2026-08-31 12:00:00,2026-08-31 18:00:00
ROW0001836,REF001836,ACC118,S06,INT06,2025-12-23,VISIT COMPLETE,Medicare Advantage,Infusion,2026-08-31 12:00:00,2026-08-31 18:00:00
ROW0002069,REF002069,ACC065,S04,INT04,2025-02-20,cancelled,Commercial,Injection,2026-08-31 12:00:00,2026-08-31 18:00:00
ROW0001844,REF001844,ACC036,S02,INT02,2025-10-05,complete,Commercial,Infusion,2026-08-31 12:00:00,2026-08-31 18:00:00
ROW0000658,REF000658,ACC046,S03,INT03,2025-11-04,VISIT COMPLETE,Traditional Medicare,Infusion,2026-08-31 12:00:00,2026-08-31 18:00:00
ROW0001759,REF001759,ACC021,S02,INT02,2025-06-03,cancelled,Traditional Medicare,Injection,2026-08-31 12:00:00,2026-08-31 18:00:00
ROW0004859,REF004859,ACC042,S07,INT07,2025-12-24,cancelled,Traditional Medicare,Infusion,2026-08-31 12:00:00,2026-08-31 18:00:00
ROW0000263,REF000263,ACC078,S04,,2026-03-29,cancelled,Medicare Advantage,Infusion,2026-08-31 12:00:00,2026-08-31 18:00:00
ROW0003122,REF003122,ACC086,S05,INT05,2025-10-08,VISIT COMPLETE,Medicaid,Injection,2026-08-31 12:00:00,2026-08-31 18:00:00
ROW0000609,REF000609,ACC117,S06,INT06,2026-02-20,VISIT COMPLETE,Medicare Advantage,Infusion,2026-08-31 12:00:00,2026-08-31 18:00:00
ROW0004329,REF004329,ACC018,S01,INT01,2026-08-19,ready to schedule,Commercial,Injection,2026-08-31 12:00:00,2026-08-31 18:00:00
ROW0006007,REF001300,ACC033,S02,INT02,2025-07-27,received,Medicare Advantage,Other outpatient,2026-08-30 12:00:00,2026-08-31 19:00:00
ROW0000713,REF000713,ACC102,S08,INT08,2025-03-29,VISIT COMPLETE,Other,Injection,2026-08-31 12:00:00,2026-08-31 18:00:00
ROW0001049,REF001049,ACC041,S03,INT03,2026-01-27,complete,Commercial,Infusion,2026-08-31 12:00:00,2026-08-31 18:00:00
ROW0000571,REF000571,ACC081,S05,INT05,2026-08-22,in_review,Commercial,Infusion,2026-08-31 12:00:00,2026-08-31 18:00:00
ROW0005587,REF005587,ACC085,S05,INT05,2025-03-18,in progress?,Medicare Advantage,Infusion,2026-08-31 12:00:00,2026-08-31 18:00:00
ROW0002492,REF002492,ACC082,S05,INT05,2026-03-31,complete,Medicare Advantage,Injection,2026-08-31 12:00:00,2026-08-31 18:00:00
ROW0000579,REF000579,ACC099,S05,INT05,2025-08-16,complete,Medicare Advantage,Infusion,2026-08-31 12:00:00,2026-08-31 18:00:00
ROW0001150,REF001150,ACC098,S05,INT05,2026-07-31,complete,Medicare Advantage,Infusion,2026-08-31 12:00:00,2026-08-31 18:00:00
ROW0004919,REF004919,ACC079,S04,INT04,2025-03-16,VISIT COMPLETE,Medicare Advantage,Infusion,2026-08-31 12:00:00,2026-08-31 18:00:00
ROW0002409,REF002409,ACC078,S04,INT04,2026-08-31, NEW ,Traditional Medicare,Injection,2026-08-31 12:00:00,2026-08-31 18:00:00
ROW0000180,REF000180,ACC114,S08,INT08,2025-01-04,completed,Medicare Advantage,Other outpatient,2026-08-31 12:00:00,2026-08-31 18:00:00
ROW0005565,REF005565,ACC075,S04,INT04,2026-06-11,VISIT COMPLETE,Commercial,Injection,2026-08-31 12:00:00,2026-08-31 18:00:00
ROW0003894,REF003894,ACC035,S02,INT02,2025-11-03,completed,Commercial,Infusion,2026-08-31 12:00:00,2026-08-31 18:00:00
ROW0005865,REF005865,ACC119,S08,INT08,2026-01-07,complete,Commercial,Infusion,2026-08-31 12:00:00,2026-08-31 18:00:00
ROW0002915,REF002915,ACC095,S05,INT05,2026-04-09,complete,Medicare Advantage,Infusion,2026-08-31 12:00:00,2026-08-31 18:00:00
ROW0004511,REF004511,ACC010,S01,INT01,2025-01-20,VISIT COMPLETE,Commercial,Infusion,2026-08-31 12:00:00,2026-08-31 18:00:00
ROW0003341,REF003341,ACC087,S05,INT05,2025-11-11,complete,Commercial,Other outpatient,2026-08-31 12:00:00,2026-08-31 18:00:00
ROW0003085,REF003085,ACC110,S06,INT06,2026-01-29,complete,Medicare Advantage,Infusion,2026-08-31 12:00:00,2026-08-31 18:00:00
ROW0006203,REF003496,ACC062,S04,INT04,2026-05-30,VISIT COMPLETE,Medicaid,Infusion,2026-08-31 12:00:00,2026-08-31 19:00:00
ROW0001097,REF001097,ACC034,S02,INT02,2025-02-25,complete,Traditional Medicare,Injection,2026-08-31 12:00:00,2026-08-31 18:00:00
ROW0003298,REF003298,ACC102,S08,INT08,2026-08-21,review,Commercial,Infusion,2026-08-31 12:00:00,2026-08-31 18:00:00
ROW0006196,REF003864,ACC015,S01,INT01,2026-07-26, SCHED ,Medicare Advantage,Infusion,2026-08-31 12:00:00,2026-08-31 19:00:00
ROW0006161,REF001313,ACC042,S07,INT07,2026-01-03,VISIT COMPLETE,Medicare Advantage,Infusion,2026-08-31 12:00:00,2026-08-31 19:00:00
ROW0002781,REF002781,ACC102,S06,INT06,2026-02-05,VISIT COMPLETE,Traditional Medicare,Infusion,2026-08-31 12:00:00,2026-08-31 18:00:00
ROW0002142,REF002142,ACC113,S08,INT08,2025-04-06,completed,Medicare Advantage,Injection,2026-08-31 12:00:00,2026-08-31 18:00:00
ROW0005068,REF005068,ACC115,S08,INT08,2026-07-17,completed,Commercial,Infusion,2026-08-31 12:00:00,2026-08-31 18:00:00
ROW0000983,REF000983,ACC073,S04,INT04,2026-07-17,VISIT COMPLETE,Medicaid,Infusion,2026-08-31 12:00:00,2026-08-31 18:00:00
ROW0002633,REF002633,ACC023,S02,INT02,2026-06-18,complete,Commercial,Infusion,2026-08-31 12:00:00,2026-08-31 18:00:00
ROW0003903,REF003903,ACC062,S04,INT04,2025-07-08,complete,Medicare Advantage,Injection,2026-08-31 12:00:00,2026-08-31 18:00:00
ROW0000738,REF000738,ACC045,S07,INT07,2026-01-30,closed,Medicaid,Infusion,2026-08-31 12:00:00,2026-08-31 18:00:00
ROW0005999,REF005999,ACC074,S04,INT04,2025-04-24,cancelled,Traditional Medicare,Injection,2026-08-31 12:00:00,2026-08-31 18:00:00
ROW0003378,REF003378,ACC063,S04,INT04,2025-08-27,VISIT COMPLETE,Medicare Advantage,Injection,2026-08-31 12:00:00,2026-08-31 18:00:00
ROW0004372,REF004372,ACC008,S01,INT01,2025-08-27,cancelled,Traditional Medicare,Infusion,2026-08-31 12:00:00,2026-08-31 18:00:00
ROW0000347,REF000347,ACC072,S04,INT04,2025-07-04,VISIT COMPLETE,Commercial,Infusion,2026-08-31 12:00:00,2026-08-31 18:00:00
ROW0004630,REF004630,ACC119,S06,INT06,2025-07-16,cancelled,Traditional Medicare,Infusion,2026-08-31 12:00:00,2026-08-31 18:00:00
ROW0002972,REF002972,ACC039,S02,INT02,2026-06-25,complete,Medicaid,Infusion,2026-08-31 12:00:00,2026-08-31 18:00:00
ROW0005411,REF005411,ACC050,S07,INT07,2025-09-13,Ready_to_Schedule,Commercial,Injection,2026-08-31 12:00:00,2026-08-31 18:00:00
ROW0001005,REF001005,ACC044,S03,INT03,2026-08-06,ready,Traditional Medicare,Infusion,2026-08-31 12:00:00,2026-08-31 18:00:00
ROW0003385,REF003385,ACC119,S08,INT08,2025-12-31,complete,Commercial,Infusion,2026-08-31 12:00:00,2026-08-31 18:00:00
ROW0002916,REF002916,ACC048,S07,INT07,2025-02-17,VISIT COMPLETE,Medicare Advantage,Infusion,2026-08-31 12:00:00,2026-08-31 18:00:00
ROW0000804,REF000804,ACC037,S02,INT02,2025-07-27,complete,Commercial,Infusion,2026-08-31 12:00:00,2026-08-31 18:00:00
ROW0004455,REF004455,ACC032,S02,INT02,2025-08-20,complete,Commercial,Infusion,2026-08-31 12:00:00,2026-08-31 18:00:00
ROW0005724,REF005724,ACC072,S04,INT04,2025-07-17,completed,Commercial,Infusion,2026-08-31 12:00:00,2026-08-31 18:00:00
ROW0003709,REF003709,ACC015,S01,INT01,2026-06-20,complete,Commercial,Infusion,2026-08-31 12:00:00,2026-08-31 18:00:00
ROW0001813,REF001813,ACC025,S02,INT02,2026-06-19,completed,Medicare Advantage,Infusion,2026-08-31 12:00:00,2026-08-31 18:00:00
ROW0002237,REF002237,ACC003,S01,INT01,2025-04-02,VISIT COMPLETE,Medicare Advantage,Injection,2026-08-31 12:00:00,2026-08-31 18:00:00
ROW0000805,REF000805,ACC018,S01,,2025-12-07,complete,Commercial,Infusion,2026-08-31 12:00:00,2026-08-31 18:00:00
ROW0002769,REF002769,ACC100,S05,INT05,2026-06-13,closed,Commercial,Infusion,2026-08-31 12:00:00,2026-08-31 18:00:00
ROW0005734,REF005734,ACC067,S04,INT04,2025-03-26,completed,Commercial,Infusion,2026-08-31 12:00:00,2026-08-31 18:00:00
ROW0001632,REF001632,ACC029,S02,INT02,2025-07-01,VISIT COMPLETE,Medicare Advantage,Injection,2026-08-31 12:00:00,2026-08-31 18:00:00
ROW0002752,REF002752,ACC060,S07,INT07,2026-05-21,completed,Traditional Medicare,Injection,2026-08-31 12:00:00,2026-08-31 18:00:00
ROW0006111,REF003680,ACC115,S06,INT06,2026-02-24,VISIT COMPLETE,Commercial,Injection,2026-08-31 12:00:00,2026-08-31 19:00:00
ROW0002062,REF002062,ACC001,S01,INT01,2026-03-12,VISIT COMPLETE,Traditional Medicare,Other outpatient,2026-08-31 12:00:00,2026-08-31 18:00:00
ROW0004014,REF004014,ACC008,S01,INT01,2025-04-03,complete,Medicaid,Infusion,2026-08-31 12:00:00,2026-08-31 18:00:00
ROW0001010,REF001010,ACC016,S01,INT01,2025-06-05,received,Commercial,Infusion,2026-08-31 12:00:00,2026-08-31 18:00:00
ROW0001405,REF001405,ACC034,S02,INT02,2025-06-03,complete,Commercial,Infusion,2026-08-31 12:00:00,2026-08-31 18:00:00
ROW0002469,REF002469,ACC016,S01,INT01,2025-06-02,closed,Medicare Advantage,Infusion,2026-08-31 12:00:00,2026-08-31 18:00:00
ROW0006265,REF003623,ACC025,S02,INT02,2026-05-28,completed,Traditional Medicare,Injection,2026-08-31 12:00:00,2026-08-31 19:00:00
ROW0004983,REF004983,ACC100,S05,INT05,2025-11-10,completed,Traditional Medicare,Infusion,2026-08-31 12:00:00,2026-08-31 18:00:00
ROW0000678,REF000678,ACC024,S02,INT02,2026-08-30, NEW ,Traditional Medicare,Injection,2026-08-31 12:00:00,2026-08-31 18:00:00
ROW0002839,REF002839,ACC011,S01,,2026-04-13,complete,Commercial,Infusion,2026-08-31 12:00:00,2026-08-31 18:00:00
ROW0004481,REF004481,ACC035,S02,INT02,2026-01-11, NEW ,Commercial,Infusion,2026-08-31 12:00:00,2026-08-31 18:00:00
ROW0001481,REF001481,ACC008,S01,INT01,2025-06-23,completed,Commercial,Injection,2026-08-31 12:00:00,2026-08-31 18:00:00
ROW0001455,REF001455,ACC103,S08,INT08,2026-04-27,VISIT COMPLETE,Commercial,Infusion,2026-08-31 12:00:00,2026-08-31 18:00:00
ROW0001282,REF001282,ACC084,S05,INT05,2025-10-03,cancelled,Commercial,Infusion,2026-08-31 12:00:00,2026-08-31 18:00:00
ROW0000068,REF000068,ACC016,S01,INT01,2025-09-17,CLOSED - NO VISIT,Traditional Medicare,Injection,2026-08-31 12:00:00,2026-08-31 18:00:00
ROW0005741,REF005741,ACC118,S08,INT08,2026-05-03,CLOSED - NO VISIT,Commercial,Infusion,2026-08-31 12:00:00,2026-08-31 18:00:00
ROW0005454,REF005454,ACC106,S08,INT08,2025-04-13,complete,Commercial,Injection,2026-08-31 12:00:00,2026-08-31 18:00:00
ROW0001452,REF001452,ACC048,S07,INT07,2025-03-14,completed,Commercial,Injection,2026-08-31 12:00:00,2026-08-31 18:00:00
ROW0004260,REF004260,ACC080,S04,INT04,2025-07-06,VISIT COMPLETE,Medicare Advantage,Infusion,2026-08-31 12:00:00,2026-08-31 18:00:00
ROW0004421,REF004421,ACC049,S03,INT03,2025-09-20,VISIT COMPLETE,Commercial,Other outpatient,2026-08-31 12:00:00,2026-08-31 18:00:00
ROW0002019,REF002019,ACC119,S06,INT06,2025-03-06,VISIT COMPLETE,Commercial,Infusion,2026-08-31 12:00:00,2026-08-31 18:00:00
ROW0001970,REF001970,ACC105,S08,INT08,2026-08-13,booked,Commercial,Infusion,2026-08-31 12:00:00,2026-08-31 18:00:00
ROW0004265,REF004265,ACC063,S04,INT04,2026-05-27,complete,Commercial,Infusion,2026-08-31 12:00:00,2026-08-31 18:00:00
ROW0002614,REF002614,ACC072,S04,INT04,2026-02-27,completed,Medicare Advantage,Injection,2026-08-31 12:00:00,2026-08-31 18:00:00
ROW0004796,REF004796,ACC038,S02,INT02,2025-10-18,VISIT COMPLETE,Traditional Medicare,Injection,2026-08-31 12:00:00,2026-08-31 18:00:00
ROW0004085,REF004085,ACC042,S03,INT03,2026-07-21, SCHED ,Commercial,Infusion,2026-08-31 12:00:00,2026-08-31 18:00:00
ROW0001302,REF001302,ACC024,S02,INT02,2025-09-19,ready to schedule,Commercial,Injection,2026-08-31 12:00:00,2026-08-31 18:00:00
ROW0001838,REF001838,ACC008,S01,INT01,2026-03-03,completed,Medicare Advantage,Infusion,2026-08-31 12:00:00,2026-08-31 18:00:00
ROW0003409,REF003409,ACC053,S07,INT07,2025-01-22,VISIT COMPLETE,Traditional Medicare,Infusion,2026-08-31 12:00:00,2026-08-31 18:00:00
ROW0000933,REF000933,ACC094,S05,INT05,2025-08-06,completed,Commercial,Injection,2026-08-31 12:00:00,2026-08-31 18:00:00
ROW0003936,REF003936,ACC116,S08,INT08,2026-08-30,Received,Medicare Advantage,Infusion,2026-08-31 12:00:00,2026-08-31 18:00:00
ROW0006297,REF005273,ACC028,S02,,2025-06-05,closed,Medicaid,Infusion,2026-08-31 12:00:00,2026-08-31 19:00:00
ROW0002165,REF002165,ACC040,S02,INT02,2026-04-26,completed,Medicare Advantage,Injection,2026-08-31 12:00:00,2026-08-31 18:00:00
ROW0005932,REF005932,ACC098,S05,INT05,2025-09-22,cancelled,Commercial,Injection,2026-08-31 12:00:00,2026-08-31 18:00:00
ROW0002034,REF002034,ACC011,S01,INT01,2026-03-22,VISIT COMPLETE,Commercial,Infusion,2026-08-31 12:00:00,2026-08-31 18:00:00
ROW0003898,REF003898,ACC040,S02,INT02,2026-03-22,Ready_to_Schedule,Traditional Medicare,Infusion,2026-08-31 12:00:00,2026-08-31 18:00:00
ROW0000425,REF000425,ACC039,S02,INT02,2025-07-30,complete,Medicare Advantage,Injection,2026-08-31 12:00:00,2026-08-31 18:00:00
ROW0000231,REF000231,ACC079,S04,INT04,2025-09-01,VISIT COMPLETE,Medicaid,Other outpatient,2026-08-31 12:00:00,2026-08-31 18:00:00
ROW0004948,REF004948,ACC092,S05,INT05,2025-06-28,VISIT COMPLETE,Traditional Medicare,Infusion,2026-08-31 12:00:00,2026-08-31 18:00:00
ROW0006105,REF004511,ACC010,S01,INT01,2025-01-20,VISIT COMPLETE,Commercial,Infusion,2026-08-31 12:00:00,2026-08-31 19:00:00
ROW0004269,REF004269,ACC018,S01,INT01,2026-04-24,ready to schedule,Medicare Advantage,Other outpatient,2026-08-31 12:00:00,2026-08-31 18:00:00
ROW0006206,REF004964,ACC018,S01,INT01,2026-08-26,In Review,Commercial,Infusion,2026-08-31 12:00:00,2026-08-31 19:00:00
ROW0002061,REF002061,ACC110,S06,INT06,2026-04-24,closed,Commercial,Injection,2026-08-31 12:00:00,2026-08-31 18:00:00
ROW0001802,REF001802,ACC095,S05,INT05,2026-04-02,completed,Medicare Advantage,Infusion,2026-08-31 12:00:00,2026-08-31 18:00:00
ROW0003793,REF003793,ACC066,S04,INT04,2026-03-28,completed,Commercial,Other outpatient,2026-08-31 12:00:00,2026-08-31 18:00:00
ROW0003690,REF003690,ACC057,S03,INT03,2025-08-25,VISIT COMPLETE,Commercial,Infusion,2026-08-31 12:00:00,2026-08-31 18:00:00
ROW0002760,REF002760,ACC084,S05,INT05,2025-06-07,complete,Traditional Medicare,Infusion,2026-08-31 12:00:00,2026-08-31 18:00:00
ROW0001274,REF001274,ACC084,S05,INT05,2025-04-07,complete,Traditional Medicare,Infusion,2026-08-31 12:00:00,2026-08-31 18:00:00
ROW0004192,REF004192,ACC080,S04,INT04,2026-06-08,complete,Commercial,Injection,2026-08-31 12:00:00,2026-08-31 18:00:00
ROW0005786,REF005786,ACC066,S04,INT04,2026-04-10,closed,Medicare Advantage,Injection,2026-08-31 12:00:00,2026-08-31 18:00:00
ROW0000396,REF000396,ACC014,S01,INT01,2026-04-03,completed,Medicare Advantage,Infusion,2026-08-31 12:00:00,2026-08-31 18:00:00
ROW0004033,REF004033,ACC037,S02,INT02,2025-04-21,VISIT COMPLETE,Medicare Advantage,Infusion,2026-08-31 12:00:00,2026-08-31 18:00:00
ROW0003071,REF003071,ACC077,S04,INT04,2025-10-21,cancelled,Commercial,Infusion,2026-08-31 12:00:00,2026-08-31 18:00:00
ROW0004251,REF004251,ACC079,S04,INT04,2025-07-19,CLOSED - NO VISIT,Commercial,Infusion,2026-08-31 12:00:00,2026-08-31 18:00:00
ROW0006258,REF005451,ACC018,S01,INT01,2026-01-03,completed,Medicaid,Infusion,2026-08-31 12:00:00,2026-08-31 19:00:00
ROW0003370,REF003370,ACC016,S01,INT01,2025-12-27,completed,Medicare Advantage,Infusion,2026-08-31 12:00:00,2026-08-31 18:00:00
ROW0004915,REF004915,ACC093,S05,INT05,2025-06-02,complete,Medicaid,Infusion,2026-08-31 12:00:00,2026-08-31 18:00:00
ROW0005221,REF005221,ACC010,S01,INT01,2025-04-05,completed,Medicare Advantage,Infusion,2026-08-31 12:00:00,2026-08-31 18:00:00
ROW0002677,REF002677,ACC033,S02,INT02,2025-12-11,complete,Medicare Advantage,Infusion,2026-08-31 12:00:00,2026-08-31 18:00:00
ROW0000744,REF000744,ACC074,S04,INT04,,Ready_to_Schedule,Commercial,Other outpatient,2026-08-31 12:00:00,2026-08-31 18:00:00
ROW0005877,REF005877,ACC079,S04,INT04,2026-08-14,CLOSED - NO VISIT,Medicaid,Injection,2026-08-31 12:00:00,2026-08-31 18:00:00
ROW0002398,REF002398,ACC006,S01,INT01,2025-01-17,complete,Medicare Advantage,Injection,2026-08-31 12:00:00,2026-08-31 18:00:00
ROW0005202,REF005202,ACC073,S04,INT04,2025-03-16,completed,Commercial,Infusion,2026-08-31 12:00:00,2026-08-31 18:00:00
ROW0005938,REF005938,ACC063,S04,INT04,2026-03-25,complete,Commercial,Infusion,2026-08-31 12:00:00,2026-08-31 18:00:00
ROW0003653,REF003653,ACC074,S04,INT04,2025-08-06,completed,Medicare Advantage,Infusion,2026-08-31 12:00:00,2026-08-31 18:00:00
ROW0000683,REF000683,ACC062,S04,INT04,2025-05-30,VISIT COMPLETE,Commercial,Infusion,2026-08-31 12:00:00,2026-08-31 18:00:00
ROW0003363,REF003363,ACC056,S03,INT03,2026-05-25,completed,Medicaid,Injection,2026-08-31 12:00:00,2026-08-31 18:00:00
ROW0004446,REF004446,ACC112,S06,INT06,2026-02-16,CLOSED - NO VISIT,Medicare Advantage,Other outpatient,2026-08-31 12:00:00,2026-08-31 18:00:00
ROW0000523,REF000523,ACC008,S01,INT01,2026-01-15,completed,Traditional Medicare,Infusion,2026-08-31 12:00:00,2026-08-31 18:00:00
ROW0005054,REF005054,ACC091,S05,INT05,2026-05-29,complete,Traditional Medicare,Infusion,2026-08-31 12:00:00,2026-08-31 18:00:00
ROW0003882,REF003882,ACC086,S05,INT05,2025-09-16,CLOSED - NO VISIT,Commercial,Infusion,2026-08-31 12:00:00,2026-08-31 18:00:00
ROW0004749,REF004749,ACC066,S04,INT04,2025-12-19,complete,Medicare Advantage,Infusion,2026-08-31 12:00:00,2026-08-31 18:00:00
ROW0003620,REF003620,ACC087,S05,INT05,2026-08-03,Received,Commercial,Infusion,2026-08-31 12:00:00,2026-08-31 18:00:00
ROW0002006,REF002006,ACC014,S01,INT01,2025-12-23,closed,Commercial,Injection,2026-08-31 12:00:00,2026-08-31 18:00:00
ROW0004982,REF004982,ACC061,S04,INT04,2026-01-04,VISIT COMPLETE,Medicare Advantage,Infusion,2026-08-31 12:00:00,2026-08-31 18:00:00
ROW0005209,REF005209,ACC083,S05,INT05,2026-07-24,cancelled,Medicare Advantage,Injection,2026-08-31 12:00:00,2026-08-31 18:00:00
ROW0003345,REF003345,ACC078,S04,INT04,2026-06-06,completed,Medicaid,Other outpatient,2026-08-31 12:00:00,2026-08-31 18:00:00
ROW0002975,REF002975,ACC011,S01,INT01,2025-08-17,completed,Commercial,Injection,2026-08-31 12:00:00,2026-08-31 18:00:00
ROW0005217,REF005217,ACC024,S02,INT02,2026-07-09,closed,Commercial,Injection,2026-08-31 12:00:00,2026-08-31 18:00:00
ROW0001763,REF001763,ACC074,S04,INT04,2026-02-10,completed,Commercial,Infusion,2026-08-31 12:00:00,2026-08-31 18:00:00
ROW0003278,REF003278,ACC002,S01,INT01,2025-04-15,complete,Commercial,Infusion,2026-08-31 12:00:00,2026-08-31 18:00:00
ROW0000090,REF000090,ACC025,S02,INT02,2025-12-11,VISIT COMPLETE,Medicare Advantage,Infusion,2026-08-31 12:00:00,2026-08-31 18:00:00
ROW0000640,REF000640,ACC064,S04,INT04,2025-03-20,completed,Commercial,Injection,2026-08-31 12:00:00,2026-08-31 18:00:00
ROW0001736,REF001736,ACC091,S05,INT05,2026-03-24,CLOSED - NO VISIT,Medicaid,Injection,2026-08-31 12:00:00,2026-08-31 18:00:00
ROW0004094,REF004094,ACC029,S02,INT02,2025-03-29,complete,Medicare Advantage,Infusion,2026-08-31 12:00:00,2026-08-31 18:00:00
ROW0004888,REF004888,ACC085,S05,INT05,2025-02-01,complete,Medicare Advantage,Infusion,2026-08-31 12:00:00,2026-08-31 18:00:00
ROW0004778,REF004778,ACC069,S04,INT04,2025-09-22,VISIT COMPLETE,Medicare Advantage,Infusion,2026-08-31 12:00:00,2026-08-31 18:00:00
ROW0004106,REF004106,ACC103,S08,INT08,2025-10-28,completed,Commercial,Infusion,2026-08-31 12:00:00,2026-08-31 18:00:00
ROW0000987,REF000987,ACC116,S06,INT06,2025-01-09,closed,Medicare Advantage,Infusion,2026-08-31 12:00:00,2026-08-31 18:00:00
ROW0000682,REF000682,ACC056,S03,INT03,2025-07-22,VISIT COMPLETE,Traditional Medicare,Infusion,2026-08-31 12:00:00,2026-08-31 18:00:00
ROW0002178,REF002178,ACC045,S03,INT03,2025-03-14,VISIT COMPLETE,Commercial,Infusion,2026-08-31 12:00:00,2026-08-31 18:00:00
ROW0005912,REF005912,ACC080,S04,,2026-08-26,review,Medicare Advantage,Infusion,2026-08-31 12:00:00,2026-08-31 18:00:00
ROW0001994,REF001994,ACC059,S07,INT07,2025-07-09,completed,Medicare Advantage,Other outpatient,2026-08-31 12:00:00,2026-08-31 18:00:00
ROW0000563,REF000563,ACC118,S06,INT06,2026-07-18,complete,Commercial,Injection,2026-08-31 12:00:00,2026-08-31 18:00:00
ROW0002514,REF002514,ACC042,S07,INT07,2025-02-13,VISIT COMPLETE,Commercial,Injection,2026-08-31 12:00:00,2026-08-31 18:00:00
ROW0002740,REF002740,ACC105,S06,INT06,2026-08-03,cancelled,Commercial,Infusion,2026-08-31 12:00:00,2026-08-31 18:00:00
ROW0001515,REF001515,ACC011,S01,INT01,2025-03-26,review,Commercial,Injection,2026-08-31 12:00:00,2026-08-31 18:00:00
ROW0003554,REF003554,ACC061,S04,INT04,2025-09-13,completed,Traditional Medicare,Infusion,2026-08-31 12:00:00,2026-08-31 18:00:00
ROW0003630,REF003630,ACC084,S05,INT05,2025-09-29,VISIT COMPLETE,Commercial,Injection,2026-08-31 12:00:00,2026-08-31 18:00:00
ROW0005586,REF005586,ACC105,S08,INT08,2025-07-01,VISIT COMPLETE,Medicare Advantage,Infusion,2026-08-31 12:00:00,2026-08-31 18:00:00
ROW0001904,REF001904,ACC044,S07,INT07,2026-04-22,completed,Commercial,Other outpatient,2026-08-31 12:00:00,2026-08-31 18:00:00
ROW0000727,REF000727,ACC102,S08,INT08,2025-10-22,complete,Medicare Advantage,Infusion,2026-08-31 12:00:00,2026-08-31 18:00:00
ROW0005205,REF005205,ACC110,S06,INT06,2025-03-25,closed,Medicare Advantage,Other outpatient,2026-08-31 12:00:00,2026-08-31 18:00:00
ROW0005082,REF005082,ACC107,S06,INT06,2026-06-07,completed,Commercial,Infusion,2026-08-31 12:00:00,2026-08-31 18:00:00
ROW0002786,REF002786,ACC016,S01,INT01,2025-12-06,completed,Medicare Advantage,Other outpatient,2026-08-31 12:00:00,2026-08-31 18:00:00
ROW0001413,REF001413,ACC036,S02,INT02,2026-01-12,completed,Traditional Medicare,Infusion,2026-08-31 12:00:00,2026-08-31 18:00:00
ROW0003500,REF003500,ACC013,S01,INT01,2025-07-25,VISIT COMPLETE,Commercial,Injection,2026-08-31 12:00:00,2026-08-31 18:00:00
ROW0002978,REF002978,ACC068,S04,INT04,2025-05-18,completed,Commercial,Injection,2026-08-31 12:00:00,2026-08-31 18:00:00
ROW0005852,REF005852,ACC027,S02,INT02,2026-02-24,completed,Commercial,Infusion,2026-08-31 12:00:00,2026-08-31 18:00:00
ROW0003811,REF003811,ACC046,S07,INT07,2026-08-14,In Review,Medicare Advantage,Injection,2026-08-31 12:00:00,2026-08-31 18:00:00
ROW0003209,REF003209,ACC019,S01,INT01,2026-01-02,VISIT COMPLETE,Medicare Advantage,Infusion,2026-08-31 12:00:00,2026-08-31 18:00:00
ROW0002057,REF002057,ACC086,S05,INT05,2025-05-05,VISIT COMPLETE,Other,Infusion,2026-08-31 12:00:00,2026-08-31 18:00:00
ROW0000508,REF000508,ACC061,S04,INT04,2025-06-20,VISIT COMPLETE,Medicare Advantage,Other outpatient,2026-08-31 12:00:00,2026-08-31 18:00:00
ROW0000928,REF000928,ACC051,S07,INT07,2025-03-05,CLOSED - NO VISIT,Medicare Advantage,Other outpatient,2026-08-31 12:00:00,2026-08-31 18:00:00
ROW0001620,REF001620,ACC082,S05,INT05,2025-08-11,closed,Commercial,Infusion,2026-08-31 12:00:00,2026-08-31 18:00:00
ROW0002974,REF002974,ACC103,S06,INT06,2026-03-01,VISIT COMPLETE,Commercial,Infusion,2026-08-31 12:00:00,2026-08-31 18:00:00
ROW0001547,REF001547,ACC116,S06,INT06,2026-03-25,VISIT COMPLETE,Medicare Advantage,Injection,2026-08-31 12:00:00,2026-08-31 18:00:00
ROW0003231,REF003231,ACC097,S05,INT05,2026-06-08,completed,Medicare Advantage,Infusion,2026-08-31 12:00:00,2026-08-31 18:00:00
ROW0000901,REF000901,ACC090,S05,INT05,2025-01-28,VISIT COMPLETE,Commercial,Infusion,2026-08-31 12:00:00,2026-08-31 18:00:00
ROW0004993,REF004993,ACC104,S08,INT08,2026-05-10,completed,Medicare Advantage,Injection,2026-08-31 12:00:00,2026-08-31 18:00:00
ROW0006220,REF000201,ACC085,S05,INT05,2026-05-23,cancelled,Commercial,Injection,2026-08-31 12:00:00,2026-08-31 19:00:00
ROW0005593,REF005593,ACC073,S04,INT04,2026-02-28,completed,Medicare Advantage,Injection,2026-08-31 12:00:00,2026-08-31 18:00:00
ROW0002859,REF002859,ACC064,S04,,2025-12-21,complete,Traditional Medicare,Infusion,2026-08-31 12:00:00,2026-08-31 18:00:00
ROW0003314,REF003314,ACC040,S02,INT02,2026-04-01,completed,Medicare Advantage,Infusion,2026-08-31 12:00:00,2026-08-31 18:00:00
ROW0002940,REF002940,ACC033,S02,INT02,2026-05-12,review,Commercial,Infusion,2026-08-31 12:00:00,2026-08-31 18:00:00
ROW0000461,REF000461,ACC104,S08,INT08,2026-03-19,VISIT COMPLETE,Commercial,Other outpatient,2026-08-31 12:00:00,2026-08-31 18:00:00
ROW0001569,REF001569,ACC077,S04,INT04,2025-10-04,VISIT COMPLETE,Commercial,Infusion,2026-08-31 12:00:00,2026-08-31 18:00:00
ROW0002810,REF002810,ACC119,S08,INT08,2026-07-08,completed,Traditional Medicare,Infusion,2026-08-31 12:00:00,2026-08-31 18:00:00
ROW0002515,REF002515,ACC116,S06,INT06,2025-05-25,CLOSED - NO VISIT,Traditional Medicare,Infusion,2026-08-31 12:00:00,2026-08-31 18:00:00
ROW0004340,REF004340,ACC060,S07,INT07,2025-06-04,completed,Traditional Medicare,Infusion,2026-08-31 12:00:00,2026-08-31 18:00:00
ROW0002367,REF002367,ACC111,S06,INT06,2025-12-23,completed,Medicare Advantage,Infusion,2026-08-31 12:00:00,2026-08-31 18:00:00
ROW0000151,REF000151,ACC026,S02,INT02,2026-03-08,VISIT COMPLETE,Medicare Advantage,Infusion,2026-08-31 12:00:00,2026-08-31 18:00:00
ROW0004031,REF004031,ACC082,S05,INT05,2025-08-01,completed,Commercial,Injection,2026-08-31 12:00:00,2026-08-31 18:00:00
ROW0000787,REF000787,ACC024,S02,INT02,2025-06-23,completed,Commercial,Infusion,2026-08-31 12:00:00,2026-08-31 18:00:00
ROW0005661,REF005661,ACC057,S07,INT07,2026-01-24,completed,Commercial,Infusion,2026-08-31 12:00:00,2026-08-31 18:00:00
ROW0001382,REF001382,ACC010,S01,INT01,2025-06-10,Received,Traditional Medicare,Infusion,2026-08-31 12:00:00,2026-08-31 18:00:00
ROW0002827,REF002827,ACC094,S05,INT05,2026-06-20,VISIT COMPLETE,Commercial,Infusion,2026-08-31 12:00:00,2026-08-31 18:00:00
ROW0000553,REF000553,ACC061,S04,INT04,2026-08-11,Ready_to_Schedule,Traditional Medicare,Infusion,2026-08-31 12:00:00,2026-08-31 18:00:00
ROW0006117,REF002942,ACC096,S05,INT05,2025-04-29,VISIT COMPLETE,Medicaid,Infusion,2026-08-31 12:00:00,2026-08-31 19:00:00
ROW0003910,REF003910,ACC079,S04,INT04,2025-11-25,VISIT COMPLETE,Other,Infusion,2026-08-31 12:00:00,2026-08-31 18:00:00
ROW0001221,REF001221,ACC036,S02,INT02,2025-12-08,completed,Other,Infusion,2026-08-31 12:00:00,2026-08-31 18:00:00
ROW0001137,REF001137,ACC047,S03,INT03,2025-08-03,review,Medicare Advantage,Injection,2026-08-31 12:00:00,2026-08-31 18:00:00
ROW0000430,REF000430,ACC006,S01,INT01,2025-11-27,completed,Commercial,Injection,2026-08-31 12:00:00,2026-08-31 18:00:00
ROW0002568,REF002568,ACC107,S08,INT08,2026-04-09,complete,Medicare Advantage,Infusion,2026-08-31 12:00:00,2026-08-31 18:00:00
ROW0003525,REF003525,ACC074,S04,INT04,2026-07-25,complete,Medicare Advantage,Infusion,2026-08-31 12:00:00,2026-08-31 18:00:00
ROW0001012,REF001012,ACC116,S08,INT08,2025-05-07,VISIT COMPLETE,Medicare Advantage,Infusion,2026-08-31 12:00:00,2026-08-31 18:00:00
ROW0000056,REF000056,ACC075,S04,INT04,2026-01-21,completed,Medicaid,Infusion,2026-08-31 12:00:00,2026-08-31 18:00:00
ROW0005498,REF005498,ACC004,S01,INT01,2025-07-18,complete,Commercial,Infusion,2026-08-31 12:00:00,2026-08-31 18:00:00
ROW0000635,REF000635,ACC100,S05,INT05,2025-12-13,VISIT COMPLETE,Commercial,Infusion,2026-08-31 12:00:00,2026-08-31 18:00:00
ROW0000591,REF000591,ACC111,S06,INT06,2026-02-20,VISIT COMPLETE,Medicare Advantage,Injection,2026-08-31 12:00:00,2026-08-31 18:00:00
ROW0004258,REF004258,ACC115,S06,INT06,2025-08-18,complete,Medicare Advantage,Injection,2026-08-31 12:00:00,2026-08-31 18:00:00
ROW0002102,REF002102,ACC032,S02,INT02,2026-05-28,completed,Commercial,Infusion,2026-08-31 12:00:00,2026-08-31 18:00:00
ROW0001475,REF001475,ACC032,S02,INT02,2026-06-19,complete,Medicaid,Other outpatient,2026-08-31 12:00:00,2026-08-31 18:00:00
ROW0006182,REF005792,ACC097,S05,INT05,2026-06-20,complete,Medicare Advantage,Injection,2026-08-31 12:00:00,2026-08-31 19:00:00
ROW0006243,REF003806,ACC090,S05,INT05,2025-03-06,completed,Commercial,Infusion,2026-08-31 12:00:00,2026-08-31 19:00:00
ROW0000421,REF000421,ACC120,S08,,2026-08-15,ready,Medicaid,Infusion,2026-08-31 12:00:00,2026-08-31 18:00:00
ROW0001796,REF001796,ACC115,S06,INT06,2025-07-23,VISIT COMPLETE,Medicare Advantage,Infusion,2026-08-31 12:00:00,2026-08-31 18:00:00
ROW0000741,REF000741,ACC091,S05,INT05,2025-08-24,CLOSED - NO VISIT,Medicaid,Injection,2026-08-31 12:00:00,2026-08-31 18:00:00
ROW0001821,REF001821,ACC069,S04,INT04,2025-10-04,closed,Commercial,Injection,2026-08-31 12:00:00,2026-08-31 18:00:00
ROW0005594,REF005594,ACC120,S06,INT06,2026-04-08,completed,Other,Injection,2026-08-31 12:00:00,2026-08-31 18:00:00
ROW0004366,REF004366,ACC097,S05,INT05,2025-04-28,completed,Traditional Medicare,Injection,2026-08-31 12:00:00,2026-08-31 18:00:00
ROW0004703,REF004703,ACC007,S01,INT01,2025-09-11,CLOSED - NO VISIT,Traditional Medicare,Infusion,2026-08-31 12:00:00,2026-08-31 18:00:00
ROW0003635,REF003635,ACC027,S02,INT02,2026-05-05,VISIT COMPLETE,Commercial,Infusion,2026-08-31 12:00:00,2026-08-31 18:00:00
ROW0001086,REF001086,ACC072,S04,INT04,2025-07-22,complete,Medicaid,Infusion,2026-08-31 12:00:00,2026-08-31 18:00:00
ROW0004387,REF004387,ACC018,S01,INT01,2026-05-07,VISIT COMPLETE,Medicare Advantage,Infusion,2026-08-31 12:00:00,2026-08-31 18:00:00
ROW0004000,REF004000,ACC050,S03,INT03,2025-07-15,complete,Medicaid,Injection,2026-08-31 12:00:00,2026-08-31 18:00:00
ROW0000646,REF000646,ACC043,S07,INT07,2025-09-18,completed,Medicare Advantage,Infusion,2026-08-31 12:00:00,2026-08-31 18:00:00
ROW0003115,REF003115,ACC084,S05,INT05,2026-05-09,completed,Medicare Advantage,Infusion,2026-08-31 12:00:00,2026-08-31 18:00:00
ROW0001412,REF001412,ACC090,S05,INT05,2026-06-11,complete,Commercial,Injection,2026-08-31 12:00:00,2026-08-31 18:00:00
ROW0002247,REF002247,ACC014,S01,INT01,2026-02-24,completed,Medicare Advantage,Infusion,2026-08-31 12:00:00,2026-08-31 18:00:00
ROW0003684,REF003684,ACC033,S02,INT02,2025-01-03,VISIT COMPLETE,Other,Other outpatient,2026-08-31 12:00:00,2026-08-31 18:00:00
ROW0000304,REF000304,ACC006,S01,INT01,2025-07-14,VISIT COMPLETE,Commercial,Injection,2026-08-31 12:00:00,2026-08-31 18:00:00
ROW0003490,REF003490,ACC012,S01,INT01,2025-03-07,closed,Medicaid,Infusion,2026-08-31 12:00:00,2026-08-31 18:00:00
ROW0004465,REF004465,ACC034,S02,INT02,2025-07-01,cancelled,Medicare Advantage,Injection,2026-08-31 12:00:00,2026-08-31 18:00:00
ROW0000249,REF000249,ACC035,S02,INT02,2026-05-26,completed,Traditional Medicare,Infusion,2026-08-31 12:00:00,2026-08-31 18:00:00
ROW0005822,REF005822,ACC022,S02,INT02,2025-07-24,VISIT COMPLETE,Medicare Advantage,Infusion,2026-08-31 12:00:00,2026-08-31 18:00:00
ROW0003933,REF003933,ACC033,S02,INT02,2026-07-02,VISIT COMPLETE,Medicare Advantage,Infusion,2026-08-31 12:00:00,2026-08-31 18:00:00
ROW0004745,REF004745,ACC051,S07,INT07,2025-07-26,VISIT COMPLETE,Medicare Advantage,Injection,2026-08-31 12:00:00,2026-08-31 18:00:00
ROW0003037,REF003037,ACC053,S03,INT03,2025-07-26,completed,Medicare Advantage,Infusion,2026-08-31 12:00:00,2026-08-31 18:00:00
ROW0006032,REF002326,ACC065,S04,INT04,2025-11-19,received,Medicaid,Infusion,2026-08-30 12:00:00,2026-08-31 19:00:00
ROW0000474,REF000474,ACC117,S08,INT08,2025-11-24,complete,Traditional Medicare,Infusion,2026-08-31 12:00:00,2026-08-31 18:00:00
ROW0005296,REF005296,ACC040,S02,INT02,2025-02-13,completed,Commercial,Infusion,2026-08-31 12:00:00,2026-08-31 18:00:00
ROW0004576,REF004576,ACC028,S02,INT02,2025-10-09,closed,Medicare Advantage,Injection,2026-08-31 12:00:00,2026-08-31 18:00:00
ROW0005101,REF005101,ACC004,S01,INT01,2026-02-11,completed,Medicare Advantage,Infusion,2026-08-31 12:00:00,2026-08-31 18:00:00
ROW0005888,REF005888,ACC036,S02,INT02,2026-02-10,VISIT COMPLETE,Traditional Medicare,Injection,2026-08-31 12:00:00,2026-08-31 18:00:00
ROW0003850,REF003850,ACC117,S06,INT06,2025-06-09,VISIT COMPLETE,Traditional Medicare,Injection,2026-08-31 12:00:00,2026-08-31 18:00:00
ROW0002992,REF002992,ACC038,S02,INT02,2026-06-06,VISIT COMPLETE,Commercial,Infusion,2026-08-31 12:00:00,2026-08-31 18:00:00
ROW0001744,REF001744,ACC056,S03,INT03,2025-09-20,complete,Commercial,Injection,2026-08-31 12:00:00,2026-08-31 18:00:00
ROW0001159,REF001159,ACC101,S08,INT08,2026-06-07,VISIT COMPLETE,Commercial,Injection,2026-08-31 12:00:00,2026-08-31 18:00:00
ROW0004156,REF004156,ACC016,S01,INT01,2025-01-11,completed,Commercial,Infusion,2026-08-31 12:00:00,2026-08-31 18:00:00
ROW0003947,REF003947,ACC048,S03,INT03,2026-03-16,complete,Commercial,Infusion,2026-08-31 12:00:00,2026-08-31 18:00:00
ROW0001553,REF001553,ACC053,S03,INT03,2025-11-30,complete,Traditional Medicare,Other outpatient,2026-08-31 12:00:00,2026-08-31 18:00:00
ROW0000932,REF000932,ACC047,S07,INT07,2026-07-01,VISIT COMPLETE,Traditional Medicare,Infusion,2026-08-31 12:00:00,2026-08-31 18:00:00
ROW0003501,REF003501,ACC084,S05,,2025-07-10,VISIT COMPLETE,Traditional Medicare,Injection,2026-08-31 12:00:00,2026-08-31 18:00:00
ROW0000858,REF000858,ACC060,S07,INT07,2026-02-03,completed,Traditional Medicare,Infusion,2026-08-31 12:00:00,2026-08-31 18:00:00
ROW0004080,REF004080,ACC117,S06,INT06,2026-08-29,In Review,Commercial,Infusion,2026-08-31 12:00:00,2026-08-31 18:00:00
ROW0001378,REF001378,ACC003,S01,INT01,2025-01-27,VISIT COMPLETE,Traditional Medicare,Infusion,2026-08-31 12:00:00,2026-08-31 18:00:00
ROW0000065,REF000065,ACC079,S04,INT04,2025-03-19,Ready_to_Schedule,Commercial,Infusion,2026-08-31 12:00:00,2026-08-31 18:00:00
ROW0000051,REF000051,ACC055,S03,INT03,2025-03-01,completed,Commercial,Infusion,2026-08-31 12:00:00,2026-08-31 18:00:00
ROW0001822,REF001822,ACC033,S02,INT02,2025-05-03,CLOSED - NO VISIT,Other,Infusion,2026-08-31 12:00:00,2026-08-31 18:00:00
ROW0000765,REF000765,ACC090,S05,INT05,2025-03-05,complete,Commercial,Other outpatient,2026-08-31 12:00:00,2026-08-31 18:00:00
ROW0002258,REF002258,ACC012,S01,INT01,2026-06-05,complete,Medicare Advantage,Infusion,2026-08-31 12:00:00,2026-08-31 18:00:00
ROW0004280,REF004280,ACC026,S02,INT02,2026-05-07,VISIT COMPLETE,Commercial,Infusion,2026-08-31 12:00:00,2026-08-31 18:00:00
ROW0005239,REF005239,ACC077,S04,INT04,2025-02-14,VISIT COMPLETE,Commercial,Infusion,2026-08-31 12:00:00,2026-08-31 18:00:00
ROW0002793,REF002793,ACC079,S04,INT04,2025-05-22, NEW ,Commercial,Infusion,2026-08-31 12:00:00,2026-08-31 18:00:00
ROW0004502,REF004502,ACC035,S02,INT02,2025-02-26,cancelled,Medicare Advantage,Injection,2026-08-31 12:00:00,2026-08-31 18:00:00
ROW0000437,REF000437,ACC007,S01,INT01,2026-07-16,cancelled,Commercial,Infusion,2026-08-31 12:00:00,2026-08-31 18:00:00
ROW0001915,REF001915,ACC070,S04,INT04,2026-05-18,completed,Medicare Advantage,Injection,2026-08-31 12:00:00,2026-08-31 18:00:00
ROW0004185,REF004185,ACC054,S07,INT07,2025-07-22,completed,Commercial,Infusion,2026-08-31 12:00:00,2026-08-31 18:00:00
ROW0003379,REF003379,ACC109,S08,INT08,2026-01-19,VISIT COMPLETE,Commercial,Injection,2026-08-31 12:00:00,2026-08-31 18:00:00
ROW0000204,REF000204,ACC113,S06,INT06,2025-08-05,complete,Medicaid,Infusion,2026-08-31 12:00:00,2026-08-31 18:00:00
ROW0000373,REF000373,ACC063,S04,INT04,2025-06-02,complete,Medicare Advantage,Injection,2026-08-31 12:00:00,2026-08-31 18:00:00
ROW0006171,REF002865,ACC065,S04,INT04,2025-12-24,in_review,Traditional Medicare,Infusion,2026-08-31 12:00:00,2026-08-31 19:00:00
ROW0005119,REF005119,ACC074,S04,INT04,2026-02-11,complete,Traditional Medicare,Infusion,2026-08-31 12:00:00,2026-08-31 18:00:00
ROW0006134,REF003492,ACC079,S04,INT04,2026-08-30,Received,Commercial,Infusion,2026-08-31 12:00:00,2026-08-31 19:00:00
ROW0002482,REF002482,ACC027,S02,INT02,2026-02-06,completed,Commercial,Injection,2026-08-31 12:00:00,2026-08-31 18:00:00
ROW0003996,REF003996,ACC098,S05,INT05,2025-11-12,complete,Commercial,Infusion,2026-08-31 12:00:00,2026-08-31 18:00:00
ROW0003695,REF003695,ACC002,S01,INT01,2025-10-27,VISIT COMPLETE,Commercial,Infusion,2026-08-31 12:00:00,2026-08-31 18:00:00
ROW0004142,REF004142,ACC024,S02,INT02,2025-05-24,complete,Medicare Advantage,Injection,2026-08-31 12:00:00,2026-08-31 18:00:00
ROW0004690,REF004690,ACC116,S08,INT08,2025-05-19,VISIT COMPLETE,Other,Infusion,2026-08-31 12:00:00,2026-08-31 18:00:00
ROW0006205,REF004995,ACC016,S01,INT01,2026-06-08,completed,Medicare Advantage,Infusion,2026-08-31 12:00:00,2026-08-31 19:00:00
ROW0004947,REF004947,ACC026,S02,INT02,2025-11-27,complete,Medicaid,Infusion,2026-08-31 12:00:00,2026-08-31 18:00:00
ROW0002440,REF002440,ACC051,S03,INT03,2025-12-14,VISIT COMPLETE,Medicare Advantage,Infusion,2026-08-31 12:00:00,2026-08-31 18:00:00
ROW0000457,REF000457,ACC063,S04,INT04,2025-06-10,VISIT COMPLETE,Traditional Medicare,Injection,2026-08-31 12:00:00,2026-08-31 18:00:00
ROW0005592,REF005592,ACC117,S08,INT08,2026-06-16,received,Commercial,Injection,2026-08-31 12:00:00,2026-08-31 18:00:00
ROW0002478,REF002478,ACC029,S02,INT02,2025-06-02,completed,Medicaid,Injection,2026-08-31 12:00:00,2026-08-31 18:00:00
ROW0001109,REF001109,ACC025,S02,INT02,2025-08-14,completed,Commercial,Infusion,2026-08-31 12:00:00,2026-08-31 18:00:00
ROW0001571,REF001571,ACC065,S04,INT04,2025-10-10,VISIT COMPLETE,Traditional Medicare,Infusion,2026-08-31 12:00:00,2026-08-31 18:00:00
ROW0005002,REF005002,ACC049,S07,INT07,2025-11-11,VISIT COMPLETE,Commercial,Injection,2026-08-31 12:00:00,2026-08-31 18:00:00
ROW0001003,REF001003,ACC015,S01,INT01,2026-08-11,ready,Medicare Advantage,Infusion,2026-08-31 12:00:00,2026-08-31 18:00:00
ROW0002411,REF002411,ACC111,S08,INT08,2025-10-28,VISIT COMPLETE,Medicare Advantage,Infusion,2026-08-31 12:00:00,2026-08-31 18:00:00
ROW0002322,REF002322,ACC041,S03,INT03,2026-03-01,VISIT COMPLETE,Commercial,Infusion,2026-08-31 12:00:00,2026-08-31 18:00:00
ROW0000918,REF000918,ACC021,S02,INT02,2025-09-23,complete,Commercial,Injection,2026-08-31 12:00:00,2026-08-31 18:00:00
ROW0003039,REF003039,ACC073,S04,INT04,2026-05-10,Ready_to_Schedule,Commercial,Other outpatient,2026-08-31 12:00:00,2026-08-31 18:00:00
ROW0004568,REF004568,ACC063,S04,INT04,2026-08-25,review,Medicaid,Injection,2026-08-31 12:00:00,2026-08-31 18:00:00
ROW0002730,REF002730,ACC118,S08,INT08,2026-01-18,VISIT COMPLETE,Commercial,Infusion,2026-08-31 12:00:00,2026-08-31 18:00:00
ROW0005055,REF005055,ACC057,S03,INT03,2026-06-28,VISIT COMPLETE,Medicaid,Infusion,2026-08-31 12:00:00,2026-08-31 18:00:00
ROW0002840,REF002840,ACC119,S08,INT08,2025-07-06,completed,Traditional Medicare,Infusion,2026-08-31 12:00:00,2026-08-31 18:00:00
ROW0000453,REF000453,ACC085,S05,INT05,2025-05-28,VISIT COMPLETE,Medicare Advantage,Infusion,2026-08-31 12:00:00,2026-08-31 18:00:00
ROW0005778,REF005778,ACC116,S06,INT06,2026-07-13,closed,Commercial,Other outpatient,2026-08-31 12:00:00,2026-08-31 18:00:00
ROW0000867,REF000867,ACC053,S07,INT07,2025-06-07,CLOSED - NO VISIT,Commercial,Infusion,2026-08-31 12:00:00,2026-08-31 18:00:00
ROW0005260,REF005260,ACC092,S05,INT05,2026-07-06,In Review,Medicare Advantage,Infusion,2026-08-31 12:00:00,2026-08-31 18:00:00
ROW0004029,REF004029,ACC110,S08,INT08,2025-11-27,completed,Medicare Advantage,Infusion,2026-08-31 12:00:00,2026-08-31 18:00:00
ROW0000349,REF000349,ACC048,S07,INT07,2025-11-10,completed,Medicare Advantage,Infusion,2026-08-31 12:00:00,2026-08-31 18:00:00
ROW0003644,REF003644,ACC082,S05,INT05,2026-06-04,complete,Medicare Advantage,Injection,2026-08-31 12:00:00,2026-08-31 18:00:00
ROW0001643,REF001643,ACC028,S02,INT02,2026-03-31,completed,Commercial,Infusion,2026-08-31 12:00:00,2026-08-31 18:00:00
ROW0004935,REF004935,ACC031,S02,INT02,2026-01-14,complete,Medicare Advantage,Infusion,2026-08-31 12:00:00,2026-08-31 18:00:00
ROW0005107,REF005107,ACC025,S02,INT02,2025-09-04,complete,Commercial,Infusion,2026-08-31 12:00:00,2026-08-31 18:00:00
ROW0005016,REF005016,ACC050,S03,INT03,2025-05-01,completed,Medicare Advantage,Infusion,2026-08-31 12:00:00,2026-08-31 18:00:00
ROW0006151,REF002716,ACC057,S03,INT03,2025-12-24,ready to schedule,Medicaid,Infusion,2026-08-31 12:00:00,2026-08-31 19:00:00
ROW0002283,REF002283,ACC009,S01,INT01,2025-10-31,VISIT COMPLETE,Commercial,Infusion,2026-08-31 12:00:00,2026-08-31 18:00:00
ROW0001698,REF001698,ACC066,S04,INT04,2026-08-02,CLOSED - NO VISIT,Commercial,Injection,2026-08-31 12:00:00,2026-08-31 18:00:00
ROW0000215,REF000215,ACC105,S06,INT06,2025-10-10,closed,Commercial,Infusion,2026-08-31 12:00:00,2026-08-31 18:00:00
ROW0003206,REF003206,ACC010,S01,INT01,2026-08-14,scheduled,Medicare Advantage,Other outpatient,2026-08-31 12:00:00,2026-08-31 18:00:00
ROW0002255,REF002255,ACC030,S02,INT02,2025-11-15,cancelled,Traditional Medicare,Injection,2026-08-31 12:00:00,2026-08-31 18:00:00
ROW0001905,REF001905,ACC118,S08,INT08,2025-03-29,CLOSED - NO VISIT,Traditional Medicare,Other outpatient,2026-08-31 12:00:00,2026-08-31 18:00:00
ROW0003769,REF003769,ACC107,S06,INT06,2026-04-17,VISIT COMPLETE,Commercial,Other outpatient,2026-08-31 12:00:00,2026-08-31 18:00:00
ROW0004345,REF004345,ACC073,S04,INT04,2025-04-10,VISIT COMPLETE,Commercial,Infusion,2026-08-31 12:00:00,2026-08-31 18:00:00
ROW0006159,REF003776,ACC107,S06,INT06,2026-02-14,in_review,Traditional Medicare,Injection,2026-08-31 12:00:00,2026-08-31 19:00:00
ROW0004592,REF004592,ACC007,S01,INT01,2025-11-04,completed,Medicaid,Injection,2026-08-31 12:00:00,2026-08-31 18:00:00
ROW0002271,REF002271,ACC104,S06,INT06,2025-01-24,cancelled,Commercial,Infusion,2026-08-31 12:00:00,2026-08-31 18:00:00
ROW0004066,REF004066,ACC033,S02,INT02,2026-08-16,Ready_to_Schedule,Medicare Advantage,Infusion,2026-08-31 12:00:00,2026-08-31 18:00:00
ROW0003246,REF003246,ACC030,S02,INT02,2026-01-02,complete,Traditional Medicare,Other outpatient,2026-08-31 12:00:00,2026-08-31 18:00:00
ROW0005534,REF005534,ACC069,S04,INT04,2025-03-22,completed,Commercial,Infusion,2026-08-31 12:00:00,2026-08-31 18:00:00
ROW0001846,REF001846,ACC007,S01,INT01,2025-07-28,complete,Commercial,Infusion,2026-08-31 12:00:00,2026-08-31 18:00:00
ROW0001750,REF001750,ACC064,S04,INT04,2026-08-23,In Review,Commercial,Injection,2026-08-31 12:00:00,2026-08-31 18:00:00
ROW0002218,REF002218,ACC011,S01,INT01,2025-04-16,review,Medicare Advantage,Infusion,2026-08-31 12:00:00,2026-08-31 18:00:00
ROW0005079,REF005079,ACC051,S03,INT03,2026-02-08,complete,Commercial,Injection,2026-08-31 12:00:00,2026-08-31 18:00:00
ROW0002393,REF002393,ACC003,S01,INT01,2026-07-20,complete,Medicaid,Injection,2026-08-31 12:00:00,2026-08-31 18:00:00
ROW0005387,REF005387,ACC100,S05,INT05,2025-10-11,VISIT COMPLETE,Commercial,Infusion,2026-08-31 12:00:00,2026-08-31 18:00:00
ROW0001386,REF001386,ACC027,S02,INT02,2026-04-14,cancelled,Medicare Advantage,Infusion,2026-08-31 12:00:00,2026-08-31 18:00:00
ROW0001303,REF001303,ACC065,S04,INT04,2026-01-21, NEW ,Commercial,Infusion,2026-08-31 12:00:00,2026-08-31 18:00:00
ROW0000459,REF000459,ACC019,S01,INT01,2026-07-31,CLOSED - NO VISIT,Traditional Medicare,Infusion,2026-08-31 12:00:00,2026-08-31 18:00:00
ROW0004457,REF004457,ACC083,S05,INT05,2026-02-27,completed,Other,Other outpatient,2026-08-31 12:00:00,2026-08-31 18:00:00
ROW0005197,REF005197,ACC093,S05,INT05,2025-06-19,completed,Commercial,Other outpatient,2026-08-31 12:00:00,2026-08-31 18:00:00
ROW0005013,REF005013,ACC111,S06,INT06,2026-04-18,completed,Commercial,Infusion,2026-08-31 12:00:00,2026-08-31 18:00:00
ROW0003000,REF003000,ACC001,S01,INT01,2025-09-14,complete,Medicare Advantage,Infusion,2026-08-31 12:00:00,2026-08-31 18:00:00
ROW0000953,REF000953,ACC077,S04,INT04,2026-04-05,completed,Medicaid,Infusion,2026-08-31 12:00:00,2026-08-31 18:00:00
ROW0002814,REF002814,ACC028,S02,INT02,2025-09-16,completed,Traditional Medicare,Infusion,2026-08-31 12:00:00,2026-08-31 18:00:00
ROW0001568,REF001568,ACC004,S01,INT01,2026-05-28,complete,Medicare Advantage,Injection,2026-08-31 12:00:00,2026-08-31 18:00:00
ROW0001120,REF001120,ACC041,S03,,2025-03-06,complete,Traditional Medicare,Infusion,2026-08-31 12:00:00,2026-08-31 18:00:00
ROW0001133,REF001133,ACC072,S04,INT04,2025-03-18,completed,Commercial,Infusion,2026-08-31 12:00:00,2026-08-31 18:00:00
ROW0000596,REF000596,ACC094,S05,INT05,2025-02-03,cancelled,Medicare Advantage,Infusion,2026-08-31 12:00:00,2026-08-31 18:00:00
ROW0003256,REF003256,ACC011,S01,INT01,2025-03-17,completed,Medicare Advantage,Infusion,2026-08-31 12:00:00,2026-08-31 18:00:00
ROW0002832,REF002832,ACC104,S08,INT08,2026-05-08,VISIT COMPLETE,Medicaid,Infusion,2026-08-31 12:00:00,2026-08-31 18:00:00
ROW0003403,REF003403,ACC061,S04,INT04,2026-05-19,complete,Other,Infusion,2026-08-31 12:00:00,2026-08-31 18:00:00
ROW0005258,REF005258,ACC093,S05,INT05,2025-11-25,completed,Commercial,Infusion,2026-08-31 12:00:00,2026-08-31 18:00:00
ROW0001270,REF001270,ACC035,S02,INT02,2025-12-10,VISIT COMPLETE,Medicare Advantage,Injection,2026-08-31 12:00:00,2026-08-31 18:00:00
ROW0000758,REF000758,ACC097,S05,INT05,2026-04-11,completed,Medicare Advantage,Injection,2026-08-31 12:00:00,2026-08-31 18:00:00
ROW0003895,REF003895,ACC084,S05,INT05,2025-03-01,VISIT COMPLETE,Medicare Advantage,Infusion,2026-08-31 12:00:00,2026-08-31 18:00:00
ROW0004572,REF004572,ACC028,S02,INT02,2025-04-06,completed,Commercial,Other outpatient,2026-08-31 12:00:00,2026-08-31 18:00:00
ROW0002454,REF002454,ACC054,S07,INT07,2025-03-08,Ready_to_Schedule,Medicare Advantage,Infusion,2026-08-31 12:00:00,2026-08-31 18:00:00
ROW0000950,REF000950,ACC055,S03,INT03,2025-01-30,completed,Medicaid,Infusion,2026-08-31 12:00:00,2026-08-31 18:00:00
ROW0000393,REF000393,ACC047,S07,INT07,2025-09-05,VISIT COMPLETE,Medicaid,Infusion,2026-08-31 12:00:00,2026-08-31 18:00:00
ROW0000620,REF000620,ACC015,S01,INT01,2026-01-23,closed,Medicaid,Infusion,2026-08-31 12:00:00,2026-08-31 18:00:00
ROW0002233,REF002233,ACC077,S04,INT04,2025-05-01,VISIT COMPLETE,Commercial,Injection,2026-08-31 12:00:00,2026-08-31 18:00:00
ROW0000514,REF000514,ACC087,S05,INT05,2026-01-04,VISIT COMPLETE,Commercial,Infusion,2026-08-31 12:00:00,2026-08-31 18:00:00
ROW0005185,REF005185,ACC038,S02,INT02,2025-08-10,completed,Medicare Advantage,Infusion,2026-08-31 12:00:00,2026-08-31 18:00:00
ROW0000771,REF000771,ACC010,S01,INT01,2026-03-16,complete,Traditional Medicare,Injection,2026-08-31 12:00:00,2026-08-31 18:00:00
ROW0005855,REF005855,ACC087,S05,INT05,2026-07-27,ready,Commercial,Infusion,2026-08-31 12:00:00,2026-08-31 18:00:00
ROW0004259,REF004259,ACC065,S04,INT04,2025-10-03,VISIT COMPLETE,Medicaid,Injection,2026-08-31 12:00:00,2026-08-31 18:00:00
ROW0004315,REF004315,ACC027,S02,INT02,2025-06-06,complete,Other,Infusion,2026-08-31 12:00:00,2026-08-31 18:00:00
ROW0001204,REF001204,ACC064,S04,INT04,2026-04-21,VISIT COMPLETE,Traditional Medicare,Injection,2026-08-31 12:00:00,2026-08-31 18:00:00
ROW0000799,REF000799,ACC098,S05,INT05,2025-05-28,completed,Commercial,Infusion,2026-08-31 12:00:00,2026-08-31 18:00:00
ROW0000094,REF000094,ACC081,S05,INT05,2026-04-08,completed,Medicaid,Other outpatient,2026-08-31 12:00:00,2026-08-31 18:00:00
ROW0005495,REF005495,ACC001,S01,INT01,2026-05-06,complete,Commercial,Infusion,2026-08-31 12:00:00,2026-08-31 18:00:00
ROW0000910,REF000910,ACC044,S07,INT07,2025-03-17,CLOSED - NO VISIT,Traditional Medicare,Infusion,2026-08-31 12:00:00,2026-08-31 18:00:00
ROW0000259,REF000259,ACC004,S01,INT01,2025-07-07,completed,Medicare Advantage,Injection,2026-08-31 12:00:00,2026-08-31 18:00:00
ROW0001194,REF001194,ACC028,S02,INT02,2026-03-23, NEW ,Commercial,Injection,2026-08-31 12:00:00,2026-08-31 18:00:00
ROW0004567,REF004567,ACC015,S01,INT01,2025-03-19,completed,Traditional Medicare,Infusion,2026-08-31 12:00:00,2026-08-31 18:00:00
ROW0005339,REF005339,ACC087,S05,INT05,2026-04-21,complete,Commercial,Infusion,2026-08-31 12:00:00,2026-08-31 18:00:00
ROW0005270,REF005270,ACC110,S06,INT06,2025-06-28,VISIT COMPLETE,Traditional Medicare,Injection,2026-08-31 12:00:00,2026-08-31 18:00:00
ROW0003478,REF003478,ACC061,S04,INT04,2025-04-01,CLOSED - NO VISIT,Traditional Medicare,Other outpatient,2026-08-31 12:00:00,2026-08-31 18:00:00
ROW0002360,REF002360,ACC040,S02,INT02,2026-01-08,in_review,Medicare Advantage,Infusion,2026-08-31 12:00:00,2026-08-31 18:00:00
ROW0005821,REF005821,ACC116,S06,INT06,2026-01-19,VISIT COMPLETE,Medicaid,Infusion,2026-08-31 12:00:00,2026-08-31 18:00:00
ROW0004471,REF004471,ACC120,S08,INT08,2025-09-27,complete,Medicare Advantage,Infusion,2026-08-31 12:00:00,2026-08-31 18:00:00
ROW0000649,REF000649,ACC119,S06,INT06,2025-02-23,complete,Traditional Medicare,Injection,2026-08-31 12:00:00,2026-08-31 18:00:00
ROW0005839,REF005839,ACC054,S07,INT07,2026-06-12,complete,Medicare Advantage,Infusion,2026-08-31 12:00:00,2026-08-31 18:00:00
ROW0000833,REF000833,ACC026,S02,INT02,2026-06-25,complete,Medicare Advantage,Injection,2026-08-31 12:00:00,2026-08-31 18:00:00
ROW0001602,REF001602,ACC107,S06,INT06,,completed,Medicare Advantage,Injection,2026-08-31 12:00:00,2026-08-31 18:00:00
ROW0005264,REF005264,ACC110,S08,INT08,2026-01-16,complete,Commercial,Injection,2026-08-31 12:00:00,2026-08-31 18:00:00
ROW0003473,REF003473,ACC011,S01,INT01,2025-09-09,complete,Medicare Advantage,Infusion,2026-08-31 12:00:00,2026-08-31 18:00:00
ROW0000856,REF000856,ACC104,S06,INT06,2026-02-10,complete,Medicare Advantage,Injection,2026-08-31 12:00:00,2026-08-31 18:00:00
ROW0001377,REF001377,ACC079,S04,INT04,2025-07-24,completed,Medicare Advantage,Infusion,2026-08-31 12:00:00,2026-08-31 18:00:00
ROW0000731,REF000731,ACC049,S07,INT07,2025-05-02,complete,Other,Infusion,2026-08-31 12:00:00,2026-08-31 18:00:00
ROW0004850,REF004850,ACC026,S02,INT02,2026-06-25,received,Commercial,Other outpatient,2026-08-31 12:00:00,2026-08-31 18:00:00
ROW0005823,REF005823,ACC085,S05,INT05,2026-05-05, NEW ,Commercial,Infusion,2026-08-31 12:00:00,2026-08-31 18:00:00
ROW0005643,REF005643,ACC061,S04,INT04,2025-01-22,CLOSED - NO VISIT,Commercial,Infusion,2026-08-31 12:00:00,2026-08-31 18:00:00
ROW0000666,REF000666,ACC114,S08,INT08,2026-05-26,completed,Commercial,Other outpatient,2026-08-31 12:00:00,2026-08-31 18:00:00
ROW0003340,REF003340,ACC058,S03,INT03,2026-08-06,complete,Commercial,Infusion,2026-08-31 12:00:00,2026-08-31 18:00:00
ROW0006154,REF003616,ACC051,S03,INT03,2026-01-09,completed,Other,Infusion,2026-08-31 12:00:00,2026-08-31 19:00:00
ROW0005129,REF005129,ACC039,S02,INT02,2026-03-15,complete,Other,Infusion,2026-08-31 12:00:00,2026-08-31 18:00:00
ROW0003144,REF003144,ACC042,S03,INT03,2026-05-16,received,Medicare Advantage,Injection,2026-08-31 12:00:00,2026-08-31 18:00:00
ROW0004196,REF004196,ACC004,S01,INT01,2025-11-14,completed,Medicare Advantage,Infusion,2026-08-31 12:00:00,2026-08-31 18:00:00
ROW0004973,REF004973,ACC047,S07,INT07,2026-08-01, SCHED ,Medicare Advantage,Injection,2026-08-31 12:00:00,2026-08-31 18:00:00
ROW0005968,REF005968,ACC006,S01,INT01,2025-10-06,completed,Medicaid,Infusion,2026-08-31 12:00:00,2026-08-31 18:00:00
ROW0001613,REF001613,ACC059,S07,INT07,2026-02-24,completed,Commercial,Infusion,2026-08-31 12:00:00,2026-08-31 18:00:00
ROW0004879,REF004879,ACC002,S01,INT01,2026-08-18,Ready_to_Schedule,Medicare Advantage,Infusion,2026-08-31 12:00:00,2026-08-31 18:00:00
ROW0001728,REF001728,ACC080,S04,INT04,2025-10-08,cancelled,Medicare Advantage,Injection,2026-08-31 12:00:00,2026-08-31 18:00:00
ROW0001226,REF001226,ACC012,S01,INT01,2026-08-07,scheduled,Medicare Advantage,Infusion,2026-08-31 12:00:00,2026-08-31 18:00:00
ROW0002361,REF002361,ACC072,S04,INT04,2025-09-07,complete,Commercial,Infusion,2026-08-31 12:00:00,2026-08-31 18:00:00
ROW0001702,REF001702,ACC084,S05,INT05,2026-08-24,in_review,Medicare Advantage,Injection,2026-08-31 12:00:00,2026-08-31 18:00:00
ROW0002268,REF002268,ACC110,S08,INT08,2025-09-08,completed,Medicaid,Infusion,2026-08-31 12:00:00,2026-08-31 18:00:00
ROW0005825,REF005825,ACC039,S02,INT02,2025-02-12,completed,Commercial,Injection,2026-08-31 12:00:00,2026-08-31 18:00:00
ROW0005363,REF005363,ACC005,S01,INT01,2026-08-03,received,Commercial,Infusion,2026-08-31 12:00:00,2026-08-31 18:00:00
ROW0003070,REF003070,ACC090,S05,,2026-06-23,completed,Medicare Advantage,Infusion,2026-08-31 12:00:00,2026-08-31 18:00:00
ROW0000429,REF000429,ACC026,S02,INT02,2026-01-16,VISIT COMPLETE,Commercial,Infusion,2026-08-31 12:00:00,2026-08-31 18:00:00
ROW0004390,REF004390,ACC045,S03,INT03,2025-03-20,In Review,Commercial,Infusion,2026-08-31 12:00:00,2026-08-31 18:00:00
ROW0005222,REF005222,ACC094,S05,INT05,2026-01-02,completed,Traditional Medicare,Injection,2026-08-31 12:00:00,2026-08-31 18:00:00
ROW0001446,REF001446,ACC097,S05,INT05,2026-05-19,complete,Traditional Medicare,Infusion,2026-08-31 12:00:00,2026-08-31 18:00:00
ROW0005677,REF005677,ACC020,S01,INT01,2025-04-19,completed,Traditional Medicare,Infusion,2026-08-31 12:00:00,2026-08-31 18:00:00
ROW0001250,REF001250,ACC116,S06,INT06,2025-02-01,CLOSED - NO VISIT,Traditional Medicare,Infusion,2026-08-31 12:00:00,2026-08-31 18:00:00
ROW0003352,REF003352,ACC016,S01,INT01,2025-01-16,completed,Medicare Advantage,Injection,2026-08-31 12:00:00,2026-08-31 18:00:00
ROW0004524,REF004524,ACC035,S02,INT02,2026-02-01,VISIT COMPLETE,Medicare Advantage,Infusion,2026-08-31 12:00:00,2026-08-31 18:00:00
ROW0005790,REF005790,ACC067,S04,INT04,2025-09-03,complete,Commercial,Infusion,2026-08-31 12:00:00,2026-08-31 18:00:00
ROW0005730,REF005730,ACC081,S05,INT05,2026-05-13,complete,Medicare Advantage,Infusion,2026-08-31 12:00:00,2026-08-31 18:00:00
ROW0004043,REF004043,ACC044,S03,INT03,2026-01-06,completed,Commercial,Infusion,2026-08-31 12:00:00,2026-08-31 18:00:00
ROW0004389,REF004389,ACC080,S04,INT04,2025-12-25, NEW ,Commercial,Infusion,2026-08-31 12:00:00,2026-08-31 18:00:00
ROW0000266,REF000266,ACC110,S06,INT06,2026-08-06,cancelled,Traditional Medicare,Infusion,2026-08-31 12:00:00,2026-08-31 18:00:00
ROW0002996,REF002996,ACC038,S02,INT02,2026-03-09,complete,Medicare Advantage,Other outpatient,2026-08-31 12:00:00,2026-08-31 18:00:00
ROW0000866,REF000866,ACC118,S08,INT08,2026-08-14,booked,Commercial,Infusion,2026-08-31 12:00:00,2026-08-31 18:00:00
ROW0000974,REF000974,ACC047,S07,INT07,2026-03-29,completed,Commercial,Injection,2026-08-31 12:00:00,2026-08-31 18:00:00
ROW0000647,REF000647,ACC016,S01,INT01,2025-02-01,completed,Traditional Medicare,Infusion,2026-08-31 12:00:00,2026-08-31 18:00:00
ROW0003578,REF003578,ACC073,S04,INT04,2025-04-02,complete,Medicare Advantage,Infusion,2026-08-31 12:00:00,2026-08-31 18:00:00
ROW0005126,REF005126,ACC120,S08,INT08,2025-10-16,complete,Commercial,Infusion,2026-08-31 12:00:00,2026-08-31 18:00:00
ROW0005189,REF005189,ACC065,S04,INT04,2026-03-15,complete,Medicare Advantage,Infusion,2026-08-31 12:00:00,2026-08-31 18:00:00
ROW0005475,REF005475,ACC099,S05,INT05,2025-04-10,received,Commercial,Other outpatient,2026-08-31 12:00:00,2026-08-31 18:00:00
ROW0002947,REF002947,ACC062,S04,INT04,2025-03-14,ready,Medicare Advantage,Infusion,2026-08-31 12:00:00,2026-08-31 18:00:00
ROW0001765,REF001765,ACC081,S05,INT05,2025-09-02,completed,Commercial,Injection,2026-08-31 12:00:00,2026-08-31 18:00:00
ROW0004472,REF004472,ACC118,S08,INT08,2026-08-27,In Review,Commercial,Injection,2026-08-31 12:00:00,2026-08-31 18:00:00
ROW0003553,REF003553,ACC010,S01,INT01,2026-01-01,cancelled,Commercial,Infusion,2026-08-31 12:00:00,2026-08-31 18:00:00
ROW0001017,REF001017,ACC114,S06,INT06,2025-06-07,received,Other,Other outpatient,2026-08-31 12:00:00,2026-08-31 18:00:00
ROW0005837,REF005837,ACC078,S04,INT04,2026-04-08,VISIT COMPLETE,Other,Injection,2026-08-31 12:00:00,2026-08-31 18:00:00
ROW0000178,REF000178,ACC052,S07,INT07,2025-09-25,closed,Traditional Medicare,Infusion,2026-08-31 12:00:00,2026-08-31 18:00:00
ROW0005623,REF005623,ACC033,S02,INT02,2025-03-21,VISIT COMPLETE,Medicare Advantage,Infusion,2026-08-31 12:00:00,2026-08-31 18:00:00
ROW0003219,REF003219,ACC084,S05,INT05,2025-06-07,cancelled,Traditional Medicare,Infusion,2026-08-31 12:00:00,2026-08-31 18:00:00
ROW0001172,REF001172,ACC006,S01,INT01,2026-04-19,completed,Medicare Advantage,Infusion,2026-08-31 12:00:00,2026-08-31 18:00:00
ROW0002531,REF002531,ACC048,S07,INT07,2026-01-17,cancelled,Medicare Advantage,Other outpatient,2026-08-31 12:00:00,2026-08-31 18:00:00
ROW0004571,REF004571,ACC006,S01,INT01,2026-07-18,VISIT COMPLETE,Commercial,Other outpatient,2026-08-31 12:00:00,2026-08-31 18:00:00
ROW0002430,REF002430,ACC004,S01,INT01,2025-04-26,complete,Medicare Advantage,Infusion,2026-08-31 12:00:00,2026-08-31 18:00:00
ROW0005201,REF005201,ACC036,S02,INT02,2026-04-29,completed,Medicaid,Injection,2026-08-31 12:00:00,2026-08-31 18:00:00
ROW0002644,REF002644,ACC051,S07,INT07,2026-05-25,closed,Medicare Advantage,Injection,2026-08-31 12:00:00,2026-08-31 18:00:00
ROW0000391,REF000391,ACC113,S08,INT08,2026-02-16,VISIT COMPLETE,Commercial,Other outpatient,2026-08-31 12:00:00,2026-08-31 18:00:00
ROW0003750,REF003750,ACC091,S05,INT05,2026-04-05,complete,Commercial,Injection,2026-08-31 12:00:00,2026-08-31 18:00:00
ROW0004784,REF004784,ACC021,S02,INT02,2026-01-16,completed,Medicare Advantage,Infusion,2026-08-31 12:00:00,2026-08-31 18:00:00
ROW0000736,REF000736,ACC068,S04,INT04,2025-07-17,VISIT COMPLETE,Traditional Medicare,Injection,2026-08-31 12:00:00,2026-08-31 18:00:00
ROW0001406,REF001406,ACC115,S08,INT08,2026-05-08,completed,Traditional Medicare,Infusion,2026-08-31 12:00:00,2026-08-31 18:00:00
ROW0004628,REF004628,ACC022,S02,INT02,2026-03-15,in_review,Medicare Advantage,Infusion,2026-08-31 12:00:00,2026-08-31 18:00:00
ROW0005574,REF005574,ACC020,S01,INT01,2026-01-11,closed,Traditional Medicare,Infusion,2026-08-31 12:00:00,2026-08-31 18:00:00
ROW0000398,REF000398,ACC055,S03,INT03,2025-06-29,complete,Medicare Advantage,Infusion,2026-08-31 12:00:00,2026-08-31 18:00:00
ROW0003636,REF003636,ACC084,S05,INT05,2026-08-09,complete,Commercial,Injection,2026-08-31 12:00:00,2026-08-31 18:00:00
ROW0006104,REF000198,ACC019,S01,INT01,2026-06-12,complete,Commercial,Infusion,2026-08-31 12:00:00,2026-08-31 19:00:00
ROW0004832,REF004832,ACC042,S03,INT03,2026-04-04,review,Medicare Advantage,Infusion,2026-08-31 12:00:00,2026-08-31 18:00:00
ROW0004131,REF004131,ACC003,S01,INT01,2025-05-06,VISIT COMPLETE,Commercial,Infusion,2026-08-31 12:00:00,2026-08-31 18:00:00
ROW0001721,REF001721,ACC004,S01,INT01,2026-05-30,completed,Commercial,Infusion,2026-08-31 12:00:00,2026-08-31 18:00:00
ROW0003376,REF003376,ACC015,S01,INT01,2025-12-17,complete,Commercial,Other outpatient,2026-08-31 12:00:00,2026-08-31 18:00:00
ROW0004295,REF004295,ACC054,S03,,2025-03-20,cancelled,Other,Injection,2026-08-31 12:00:00,2026-08-31 18:00:00
ROW0005132,REF005132,ACC083,S05,INT05,2025-08-30,completed,Medicare Advantage,Infusion,2026-08-31 12:00:00,2026-08-31 18:00:00
ROW0005779,REF005779,ACC093,S05,INT05,2025-05-26,complete,Commercial,Infusion,2026-08-31 12:00:00,2026-08-31 18:00:00
ROW0004898,REF004898,ACC030,S02,INT02,2026-07-07,VISIT COMPLETE,Medicare Advantage,Infusion,2026-08-31 12:00:00,2026-08-31 18:00:00
ROW0004174,REF004174,ACC120,S06,INT06,2026-04-19,VISIT COMPLETE,Medicare Advantage,Injection,2026-08-31 12:00:00,2026-08-31 18:00:00
ROW0003581,REF003581,ACC082,S05,INT05,2026-01-26,complete,Commercial,Infusion,2026-08-31 12:00:00,2026-08-31 18:00:00
ROW0003916,REF003916,ACC076,S04,INT04,2026-07-18,VISIT COMPLETE,Commercial,Injection,2026-08-31 12:00:00,2026-08-31 18:00:00
ROW0005685,REF005685,ACC044,S07,INT07,2025-02-14,completed,Commercial,Infusion,2026-08-31 12:00:00,2026-08-31 18:00:00
ROW0005567,REF005567,ACC088,S05,INT05,2026-08-28,received,Commercial,Injection,2026-08-31 12:00:00,2026-08-31 18:00:00
ROW0000531,REF000531,ACC041,S07,INT07,2025-06-12,VISIT COMPLETE,Commercial,Infusion,2026-08-31 12:00:00,2026-08-31 18:00:00
ROW0005393,REF005393,ACC119,S06,INT06,2025-07-19,Received,Medicaid,Infusion,2026-08-31 12:00:00,2026-08-31 18:00:00
ROW0004926,REF004926,ACC076,S04,INT04,2025-09-24,completed,Commercial,Infusion,2026-08-31 12:00:00,2026-08-31 18:00:00
ROW0000600,REF000600,ACC050,S07,INT07,2025-01-13,VISIT COMPLETE,Traditional Medicare,Injection,2026-08-31 12:00:00,2026-08-31 18:00:00
ROW0000668,REF000668,ACC026,S02,INT02,2026-01-11,completed,Medicare Advantage,Infusion,2026-08-31 12:00:00,2026-08-31 18:00:00
ROW0001477,REF001477,ACC077,S04,INT04,2025-12-13,VISIT COMPLETE,Commercial,Infusion,2026-08-31 12:00:00,2026-08-31 18:00:00
ROW0004375,REF004375,ACC104,S06,INT06,2025-06-14,completed,Medicare Advantage,Injection,2026-08-31 12:00:00,2026-08-31 18:00:00
ROW0003681,REF003681,ACC031,S02,INT02,2025-03-19,VISIT COMPLETE,Medicaid,Injection,2026-08-31 12:00:00,2026-08-31 18:00:00
ROW0000158,REF000158,ACC085,S05,INT05,2026-03-25,ready to schedule,Traditional Medicare,Infusion,2026-08-31 12:00:00,2026-08-31 18:00:00
ROW0002844,REF002844,ACC114,S08,INT08,2025-06-03,VISIT COMPLETE,Medicare Advantage,Infusion,2026-08-31 12:00:00,2026-08-31 18:00:00
ROW0004707,REF004707,ACC083,S05,INT05,2025-11-08,complete,Commercial,Infusion,2026-08-31 12:00:00,2026-08-31 18:00:00
ROW0004182,REF004182,ACC024,S02,INT02,2026-02-09,VISIT COMPLETE,Medicare Advantage,Infusion,2026-08-31 12:00:00,2026-08-31 18:00:00
ROW0001201,REF001201,ACC089,S05,INT05,2025-02-20,CLOSED - NO VISIT,Commercial,Other outpatient,2026-08-31 12:00:00,2026-08-31 18:00:00
ROW0004675,REF004675,ACC087,S05,INT05,2026-08-19,Ready_to_Schedule,Traditional Medicare,Infusion,2026-08-31 12:00:00,2026-08-31 18:00:00
ROW0002695,REF002695,ACC047,S03,INT03,2025-05-24,complete,Medicaid,Injection,2026-08-31 12:00:00,2026-08-31 18:00:00
ROW0002131,REF002131,ACC013,S01,INT01,2026-06-27,completed,Commercial,Injection,2026-08-31 12:00:00,2026-08-31 18:00:00
ROW0003309,REF003309,ACC004,S01,INT01,2026-08-25,ready to schedule,Medicare Advantage,Infusion,2026-08-31 12:00:00,2026-08-31 18:00:00
ROW0001134,REF001134,ACC073,S04,INT04,2025-05-14,VISIT COMPLETE,Traditional Medicare,Other outpatient,2026-08-31 12:00:00,2026-08-31 18:00:00
ROW0005608,REF005608,ACC015,S01,INT01,2026-03-10,Received,Other,Infusion,2026-08-31 12:00:00,2026-08-31 18:00:00
ROW0001043,REF001043,ACC024,S02,INT02,2026-06-22,complete,Traditional Medicare,Injection,2026-08-31 12:00:00,2026-08-31 18:00:00
ROW0005560,REF005560,ACC040,S02,INT02,2026-03-09,completed,Commercial,Infusion,2026-08-31 12:00:00,2026-08-31 18:00:00
ROW0000528,REF000528,ACC034,S02,INT02,2026-01-12,closed,Traditional Medicare,Infusion,2026-08-31 12:00:00,2026-08-31 18:00:00
ROW0004960,REF004960,ACC072,S04,INT04,2025-05-13,review,Commercial,Injection,2026-08-31 12:00:00,2026-08-31 18:00:00
ROW0002402,REF002402,ACC001,S01,INT01,2025-11-01,VISIT COMPLETE,Medicare Advantage,Infusion,2026-08-31 12:00:00,2026-08-31 18:00:00
ROW0001711,REF001711,ACC059,S03,INT03,2026-04-12,completed,Traditional Medicare,Infusion,2026-08-31 12:00:00,2026-08-31 18:00:00
ROW0002542,REF002542,ACC008,S01,INT01,2025-08-10,VISIT COMPLETE,Commercial,Infusion,2026-08-31 12:00:00,2026-08-31 18:00:00
ROW0004394,REF004394,ACC077,S04,INT04,2025-02-16,cancelled,Commercial,Injection,2026-08-31 12:00:00,2026-08-31 18:00:00
ROW0000395,REF000395,ACC077,S04,INT04,2026-06-15,VISIT COMPLETE,Commercial,Infusion,2026-08-31 12:00:00,2026-08-31 18:00:00
ROW0000275,REF000275,ACC015,S01,INT01,2026-04-08,completed,Traditional Medicare,Other outpatient,2026-08-31 12:00:00,2026-08-31 18:00:00
ROW0002242,REF002242,ACC002,S01,INT01,2025-11-19,completed,Medicare Advantage,Infusion,2026-08-31 12:00:00,2026-08-31 18:00:00
ROW0003913,REF003913,ACC089,S05,INT05,2025-05-14,cancelled,Commercial,Infusion,2026-08-31 12:00:00,2026-08-31 18:00:00
ROW0001839,REF001839,ACC053,S03,INT03,2026-05-22,completed,Commercial,Infusion,2026-08-31 12:00:00,2026-08-31 18:00:00
ROW0002052,REF002052,ACC109,S06,INT06,2026-06-08,closed,Medicare Advantage,Infusion,2026-08-31 12:00:00,2026-08-31 18:00:00
ROW0006157,REF005523,ACC017,S01,INT01,2026-03-15,VISIT COMPLETE,Medicare Advantage,Infusion,2026-08-31 12:00:00,2026-08-31 19:00:00
ROW0003694,REF003694,ACC099,S05,INT05,2026-01-05,completed,Commercial,Infusion,2026-08-31 12:00:00,2026-08-31 18:00:00
ROW0004822,REF004822,ACC001,S01,INT01,2025-12-17,cancelled,Commercial,Infusion,2026-08-31 12:00:00,2026-08-31 18:00:00
ROW0002328,REF002328,ACC060,S07,INT07,2026-08-28,received,Medicare Advantage,Injection,2026-08-31 12:00:00,2026-08-31 18:00:00
ROW0003136,REF003136,ACC033,S02,INT02,2026-08-03,complete,Traditional Medicare,Infusion,2026-08-31 12:00:00,2026-08-31 18:00:00
ROW0004535,REF004535,ACC013,S01,,2026-02-11,cancelled,Medicare Advantage,Injection,2026-08-31 12:00:00,2026-08-31 18:00:00
ROW0002696,REF002696,ACC054,S03,INT03,2025-10-27,complete,Medicare Advantage,Infusion,2026-08-31 12:00:00,2026-08-31 18:00:00
ROW0000942,REF000942,ACC047,S07,INT07,2026-08-02,closed,Medicare Advantage,Injection,2026-08-31 12:00:00,2026-08-31 18:00:00
ROW0000542,REF000542,ACC055,S07,INT07,2026-07-03,completed,Medicaid,Injection,2026-08-31 12:00:00,2026-08-31 18:00:00
ROW0002512,REF002512,ACC099,S05,INT05,2026-05-10,complete,Commercial,Infusion,2026-08-31 12:00:00,2026-08-31 18:00:00
ROW0001890,REF001890,ACC069,S04,INT04,2026-04-14,ready,Commercial,Infusion,2026-08-31 12:00:00,2026-08-31 18:00:00
ROW0001056,REF001056,ACC074,S04,INT04,2026-01-22,complete,Medicare Advantage,Infusion,2026-08-31 12:00:00,2026-08-31 18:00:00
ROW0000447,REF000447,ACC016,S01,INT01,2025-05-08,VISIT COMPLETE,Commercial,Infusion,2026-08-31 12:00:00,2026-08-31 18:00:00
ROW0002946,REF002946,ACC062,S04,INT04,2026-03-19,complete,Medicare Advantage,Infusion,2026-08-31 12:00:00,2026-08-31 18:00:00
ROW0002166,REF002166,ACC010,S01,INT01,2025-07-25,VISIT COMPLETE,Commercial,Injection,2026-08-31 12:00:00,2026-08-31 18:00:00
ROW0003067,REF003067,ACC112,S08,INT08,2025-10-18,completed,Medicaid,Infusion,2026-08-31 12:00:00,2026-08-31 18:00:00
ROW0005847,REF005847,ACC005,S01,INT01,2025-02-08,complete,Medicare Advantage,Infusion,2026-08-31 12:00:00,2026-08-31 18:00:00
ROW0001178,REF001178,ACC040,S02,INT02,2025-08-20,VISIT COMPLETE,Traditional Medicare,Other outpatient,2026-08-31 12:00:00,2026-08-31 18:00:00
ROW0005735,REF005735,ACC014,S01,INT01,2025-12-11,complete,Commercial,Infusion,2026-08-31 12:00:00,2026-08-31 18:00:00
ROW0000967,REF000967,ACC095,S05,INT05,2026-03-29,complete,Commercial,Injection,2026-08-31 12:00:00,2026-08-31 18:00:00
ROW0001128,REF001128,ACC079,S04,INT04,2025-04-13,VISIT COMPLETE,Medicaid,Infusion,2026-08-31 12:00:00,2026-08-31 18:00:00
ROW0000500,REF000500,ACC078,S04,INT04,2025-12-27,VISIT COMPLETE,Commercial,Infusion,2026-08-31 12:00:00,2026-08-31 18:00:00
ROW0004835,REF004835,ACC037,S02,INT02,2026-04-18,completed,Commercial,Infusion,2026-08-31 12:00:00,2026-08-31 18:00:00
ROW0002338,REF002338,ACC010,S01,INT01,2025-06-28,VISIT COMPLETE,Medicare Advantage,Injection,2026-08-31 12:00:00,2026-08-31 18:00:00
ROW0002530,REF002530,ACC016,S01,INT01,2025-05-10,Received,Medicare Advantage,Other outpatient,2026-08-31 12:00:00,2026-08-31 18:00:00
ROW0005598,REF005598,ACC095,S05,INT05,2026-08-10,scheduled,Medicare Advantage,Infusion,2026-08-31 12:00:00,2026-08-31 18:00:00
ROW0001979,REF001979,ACC095,S05,,2026-04-16,VISIT COMPLETE,Medicare Advantage,Infusion,2026-08-31 12:00:00,2026-08-31 18:00:00
ROW0004464,REF004464,ACC057,S07,INT07,2026-03-11,ready to schedule,Medicare Advantage,Injection,2026-08-31 12:00:00,2026-08-31 18:00:00
ROW0005903,REF005903,ACC019,S01,INT01,2025-04-21,cancelled,Medicaid,Infusion,2026-08-31 12:00:00,2026-08-31 18:00:00
ROW0000384,REF000384,ACC013,S01,INT01,2025-09-05,complete,Medicare Advantage,Infusion,2026-08-31 12:00:00,2026-08-31 18:00:00
ROW0002037,REF002037,ACC016,S01,INT01,2025-03-04,completed,Medicare Advantage,Infusion,2026-08-31 12:00:00,2026-08-31 18:00:00
ROW0001705,REF001705,ACC002,S01,INT01,2026-01-29,completed,Medicaid,Injection,2026-08-31 12:00:00,2026-08-31 18:00:00
ROW0004670,REF004670,ACC054,S03,INT03,2026-04-02,ready,Other,Infusion,2026-08-31 12:00:00,2026-08-31 18:00:00
ROW0001691,REF001691,ACC097,S05,INT05,2025-03-27,VISIT COMPLETE,Traditional Medicare,Infusion,2026-08-31 12:00:00,2026-08-31 18:00:00
ROW0002040,REF002040,ACC021,S02,INT02,2025-12-30,closed,Medicare Advantage,Infusion,2026-08-31 12:00:00,2026-08-31 18:00:00
ROW0001311,REF001311,ACC047,S03,INT03,2026-01-21,complete,Medicare Advantage,Injection,2026-08-31 12:00:00,2026-08-31 18:00:00
ROW0005523,REF005523,ACC017,S01,INT01,2026-03-15,VISIT COMPLETE,Medicare Advantage,Infusion,2026-08-31 12:00:00,2026-08-31 18:00:00
ROW0002958,REF002958,ACC077,S04,INT04,2025-03-24,completed,Commercial,Infusion,2026-08-31 12:00:00,2026-08-31 18:00:00
ROW0006234,REF005715,ACC057,S03,INT03,2026-03-09,completed,Medicare Advantage,Injection,2026-08-31 12:00:00,2026-08-31 19:00:00
ROW0004761,REF004761,ACC065,S04,INT04,2025-08-25,VISIT COMPLETE,Medicaid,Infusion,2026-08-31 12:00:00,2026-08-31 18:00:00
ROW0006272,REF004833,ACC088,S05,INT05,2025-06-13,complete,Commercial,Injection,2026-08-31 12:00:00,2026-08-31 19:00:00
ROW0000717,REF000717,ACC057,S07,INT07,2025-02-19,cancelled,Commercial,Infusion,2026-08-31 12:00:00,2026-08-31 18:00:00
ROW0004821,REF004821,ACC021,S02,INT02,2026-01-06,VISIT COMPLETE,Commercial,Infusion,2026-08-31 12:00:00,2026-08-31 18:00:00
ROW0000904,REF000904,ACC087,S05,INT05,2026-08-13,booked,Commercial,Injection,2026-08-31 12:00:00,2026-08-31 18:00:00
ROW0003297,REF003297,ACC010,S01,INT01,2025-05-05,completed,Commercial,Infusion,2026-08-31 12:00:00,2026-08-31 18:00:00
ROW0001176,REF001176,ACC031,S02,INT02,2025-11-23,CLOSED - NO VISIT,Medicare Advantage,Injection,2026-08-31 12:00:00,2026-08-31 18:00:00
ROW0006074,REF001456,ACC089,S05,INT05,2026-05-13,complete,Medicare Advantage,Other outpatient,2026-08-31 12:00:00,2026-08-31 19:00:00
ROW0001693,REF001693,ACC084,S05,INT05,2025-02-23,completed,Commercial,Injection,2026-08-31 12:00:00,2026-08-31 18:00:00
ROW0001929,REF001929,ACC084,S05,INT05,2025-06-25,VISIT COMPLETE,Medicare Advantage,Infusion,2026-08-31 12:00:00,2026-08-31 18:00:00
ROW0005431,REF005431,ACC007,S01,INT01,2025-12-30,VISIT COMPLETE,Traditional Medicare,Infusion,2026-08-31 12:00:00,2026-08-31 18:00:00
ROW0002060,REF002060,ACC016,S01,INT01,2026-03-02,VISIT COMPLETE,Commercial,Injection,2026-08-31 12:00:00,2026-08-31 18:00:00
ROW0004536,REF004536,ACC016,S01,,2026-06-14,closed,Commercial,Injection,2026-08-31 12:00:00,2026-08-31 18:00:00
ROW0001430,REF001430,ACC064,S04,INT04,2026-03-12,VISIT COMPLETE,Commercial,Infusion,2026-08-31 12:00:00,2026-08-31 18:00:00
ROW0000839,REF000839,ACC094,S05,INT05,2025-07-14,complete,Traditional Medicare,Infusion,2026-08-31 12:00:00,2026-08-31 18:00:00
ROW0005559,REF005559,ACC115,S06,INT06,2025-08-17,complete,Commercial,Infusion,2026-08-31 12:00:00,2026-08-31 18:00:00
ROW0005075,REF005075,ACC056,S03,INT03,2025-10-26,closed,Medicare Advantage,Injection,2026-08-31 12:00:00,2026-08-31 18:00:00
ROW0002217,REF002217,ACC088,S05,INT05,2026-03-03,review,Medicare Advantage,Injection,2026-08-31 12:00:00,2026-08-31 18:00:00
ROW0004527,REF004527,ACC019,S01,INT01,2026-01-28,complete,Commercial,Injection,2026-08-31 12:00:00,2026-08-31 18:00:00
ROW0004422,REF004422,ACC074,S04,INT04,2025-09-10,Ready_to_Schedule,Commercial,Injection,2026-08-31 12:00:00,2026-08-31 18:00:00
ROW0001649,REF001649,ACC089,S05,INT05,2026-08-14, SCHED ,Commercial,Infusion,2026-08-31 12:00:00,2026-08-31 18:00:00
ROW0003391,REF003391,ACC073,S04,INT04,2025-06-26,complete,Traditional Medicare,Other outpatient,2026-08-31 12:00:00,2026-08-31 18:00:00
ROW0002026,REF002026,ACC074,S04,INT04,2025-08-30,complete,Other,Infusion,2026-08-31 12:00:00,2026-08-31 18:00:00
ROW0000485,REF000485,ACC095,S05,INT05,2025-04-04,closed,Commercial,Infusion,2026-08-31 12:00:00,2026-08-31 18:00:00
ROW0002152,REF002152,ACC112,S06,INT06,2025-11-15,VISIT COMPLETE,Medicare Advantage,Infusion,2026-08-31 12:00:00,2026-08-31 18:00:00
ROW0003047,REF003047,ACC074,S04,INT04,2025-11-26,CLOSED - NO VISIT,Commercial,Infusion,2026-08-31 12:00:00,2026-08-31 18:00:00
ROW0000908,REF000908,ACC001,S01,INT01,2025-03-28,VISIT COMPLETE,Commercial,Injection,2026-08-31 12:00:00,2026-08-31 18:00:00
ROW0002921,REF002921,ACC067,S04,INT04,2025-09-20,VISIT COMPLETE,Commercial,Injection,2026-08-31 12:00:00,2026-08-31 18:00:00
ROW0004492,REF004492,ACC042,S03,INT03,2026-06-25,completed,Medicaid,Infusion,2026-08-31 12:00:00,2026-08-31 18:00:00
ROW0005416,REF005416,ACC069,S04,INT04,2025-10-27,complete,Medicare Advantage,Infusion,2026-08-31 12:00:00,2026-08-31 18:00:00
ROW0003766,REF003766,ACC031,S02,INT02,2026-08-09,Ready_to_Schedule,Medicare Advantage,Infusion,2026-08-31 12:00:00,2026-08-31 18:00:00
ROW0005400,REF005400,ACC074,S04,INT04,2025-05-14,VISIT COMPLETE,Commercial,Other outpatient,2026-08-31 12:00:00,2026-08-31 18:00:00
ROW0001782,REF001782,ACC091,S05,INT05,2026-08-29,received,Traditional Medicare,Infusion,2026-08-31 12:00:00,2026-08-31 18:00:00
ROW0003856,REF003856,ACC012,S01,INT01,2025-11-27,completed,Commercial,Injection,2026-08-31 12:00:00,2026-08-31 18:00:00
ROW0000888,REF000888,ACC025,S02,INT02,2026-01-09,closed,Commercial,Infusion,2026-08-31 12:00:00,2026-08-31 18:00:00
ROW0001619,REF001619,ACC047,S03,INT03,2025-08-01,completed,Commercial,Infusion,2026-08-31 12:00:00,2026-08-31 18:00:00
ROW0003586,REF003586,ACC008,S01,INT01,2026-08-19,cancelled,Commercial,Infusion,2026-08-31 12:00:00,2026-08-31 18:00:00
ROW0001911,REF001911,ACC020,S01,INT01,2025-10-30,Received,Commercial,Infusion,2026-08-31 12:00:00,2026-08-31 18:00:00
ROW0002549,REF002549,ACC103,S06,INT06,2026-08-03,booked,Medicaid,Other outpatient,2026-08-31 12:00:00,2026-08-31 18:00:00
ROW0005864,REF005864,ACC004,S01,INT01,2025-10-06,completed,Commercial,Infusion,2026-08-31 12:00:00,2026-08-31 18:00:00
ROW0003474,REF003474,ACC076,S04,INT04,2026-08-11,scheduled,Traditional Medicare,Infusion,2026-08-31 12:00:00,2026-08-31 18:00:00
ROW0003057,REF003057,ACC058,S03,INT03,2025-01-30,completed,Commercial,Infusion,2026-08-31 12:00:00,2026-08-31 18:00:00
ROW0003493,REF003493,ACC050,S03,INT03,2025-02-22,VISIT COMPLETE,Other,Injection,2026-08-31 12:00:00,2026-08-31 18:00:00
ROW0005542,REF005542,ACC083,S05,INT05,2025-07-25,complete,Commercial,Injection,2026-08-31 12:00:00,2026-08-31 18:00:00
ROW0001198,REF001198,ACC042,S07,INT07,2026-01-27,complete,Commercial,Injection,2026-08-31 12:00:00,2026-08-31 18:00:00
ROW0001502,REF001502,ACC111,S08,INT08,2026-04-14,complete,Commercial,Infusion,2026-08-31 12:00:00,2026-08-31 18:00:00
ROW0006201,REF001421,ACC011,S01,INT01,2026-06-29, NEW ,Traditional Medicare,Injection,2026-08-31 12:00:00,2026-08-31 19:00:00
ROW0001291,REF001291,ACC056,S07,INT07,2025-03-15,completed,Commercial,Infusion,2026-08-31 12:00:00,2026-08-31 18:00:00
ROW0005652,REF005652,ACC021,S02,INT02,2025-09-04,complete,Medicare Advantage,Other outpatient,2026-08-31 12:00:00,2026-08-31 18:00:00
ROW0004519,REF004519,ACC085,S05,INT05,2025-08-23,complete,Commercial,Injection,2026-08-31 12:00:00,2026-08-31 18:00:00
ROW0004423,REF004423,ACC038,S02,INT02,2025-09-20,closed,Commercial,Other outpatient,2026-08-31 12:00:00,2026-08-31 18:00:00
ROW0004952,REF004952,ACC007,S01,INT01,2025-08-02,completed,Medicare Advantage,Injection,2026-08-31 12:00:00,2026-08-31 18:00:00
ROW0003073,REF003073,ACC101,S08,INT08,2025-01-28,VISIT COMPLETE,Commercial,Infusion,2026-08-31 12:00:00,2026-08-31 18:00:00
ROW0000150,REF000150,ACC068,S04,INT04,2026-07-10,VISIT COMPLETE,Traditional Medicare,Infusion,2026-08-31 12:00:00,2026-08-31 18:00:00
ROW0005712,REF005712,ACC060,S03,INT03,2026-04-19,closed,Commercial,Infusion,2026-08-31 12:00:00,2026-08-31 18:00:00
ROW0001595,REF001595,ACC117,S08,INT08,2025-06-29,complete,Commercial,Injection,2026-08-31 12:00:00,2026-08-31 18:00:00
ROW0005350,REF005350,ACC002,S01,INT01,2026-06-02,VISIT COMPLETE,Medicare Advantage,Infusion,2026-08-31 12:00:00,2026-08-31 18:00:00
ROW0003570,REF003570,ACC008,S01,INT01,2025-06-17,VISIT COMPLETE,Medicaid,Infusion,2026-08-31 12:00:00,2026-08-31 18:00:00
ROW0002657,REF002657,ACC008,S01,INT01,2025-12-29,VISIT COMPLETE,Traditional Medicare,Other outpatient,2026-08-31 12:00:00,2026-08-31 18:00:00
ROW0005768,REF005768,ACC106,S06,INT06,2025-10-27,VISIT COMPLETE,Commercial,Infusion,2026-08-31 12:00:00,2026-08-31 18:00:00
ROW0002751,REF002751,ACC072,S04,INT04,2026-04-14,completed,Commercial,Infusion,2026-08-31 12:00:00,2026-08-31 18:00:00
ROW0001474,REF001474,ACC055,S03,INT03,2026-06-11,completed,Commercial,Other outpatient,2026-08-31 12:00:00,2026-08-31 18:00:00
ROW0005351,REF005351,ACC013,S01,INT01,2025-04-02,complete,Commercial,Other outpatient,2026-08-31 12:00:00,2026-08-31 18:00:00
ROW0003273,REF003273,ACC102,S08,INT08,2025-01-10,complete,Traditional Medicare,Infusion,2026-08-31 12:00:00,2026-08-31 18:00:00
ROW0002684,REF002684,ACC072,S04,INT04,2026-01-06,completed,Commercial,Infusion,2026-08-31 12:00:00,2026-08-31 18:00:00
ROW0002990,REF002990,ACC081,S05,INT05,2025-07-26,VISIT COMPLETE,Medicaid,Injection,2026-08-31 12:00:00,2026-08-31 18:00:00
ROW0003362,REF003362,ACC042,S03,INT03,2026-03-02,VISIT COMPLETE,Medicaid,Infusion,2026-08-31 12:00:00,2026-08-31 18:00:00
ROW0004126,REF004126,ACC008,S01,INT01,2025-08-18,complete,Medicaid,Infusion,2026-08-31 12:00:00,2026-08-31 18:00:00
ROW0001526,REF001526,ACC073,S04,INT04,2026-06-10,VISIT COMPLETE,Medicare Advantage,Injection,2026-08-31 12:00:00,2026-08-31 18:00:00
ROW0002141,REF002141,ACC029,S02,INT02,2025-09-16,complete,Commercial,Other outpatient,2026-08-31 12:00:00,2026-08-31 18:00:00
ROW0003457,REF003457,ACC063,S04,INT04,2025-08-24,completed,Commercial,Infusion,2026-08-31 12:00:00,2026-08-31 18:00:00
ROW0000058,REF000058,ACC072,S04,INT04,2026-03-29,VISIT COMPLETE,Other,Infusion,2026-08-31 12:00:00,2026-08-31 18:00:00
ROW0005573,REF005573,ACC119,S06,INT06,2026-06-22,complete,Commercial,Injection,2026-08-31 12:00:00,2026-08-31 18:00:00
ROW0005995,REF005995,ACC087,S05,INT05,2026-01-04,review,Traditional Medicare,Injection,2026-08-31 12:00:00,2026-08-31 18:00:00
ROW0000243,REF000243,ACC083,S05,INT05,2025-02-18,completed,Medicare Advantage,Injection,2026-08-31 12:00:00,2026-08-31 18:00:00
ROW0004781,REF004781,ACC062,S04,INT04,2026-02-27,VISIT COMPLETE,Other,Injection,2026-08-31 12:00:00,2026-08-31 18:00:00
ROW0001982,REF001982,ACC079,S04,INT04,2025-06-26,VISIT COMPLETE,Commercial,Infusion,2026-08-31 12:00:00,2026-08-31 18:00:00
ROW0002259,REF002259,ACC027,S02,INT02,2025-02-02,CLOSED - NO VISIT,Commercial,Infusion,2026-08-31 12:00:00,2026-08-31 18:00:00
ROW0003955,REF003955,ACC059,S03,INT03,2026-08-06,CLOSED - NO VISIT,Commercial,Other outpatient,2026-08-31 12:00:00,2026-08-31 18:00:00
ROW0005858,REF005858,ACC039,S02,INT02,2025-02-17,completed,Medicare Advantage,Infusion,2026-08-31 12:00:00,2026-08-31 18:00:00
ROW0000881,REF000881,ACC028,S02,INT02,2026-05-18,complete,Medicare Advantage,Other outpatient,2026-08-31 12:00:00,2026-08-31 18:00:00
ROW0003823,REF003823,ACC070,S04,INT04,2026-07-05,closed,Medicare Advantage,Infusion,2026-08-31 12:00:00,2026-08-31 18:00:00
ROW0001539,REF001539,ACC089,S05,INT05,2025-09-20,VISIT COMPLETE,Commercial,Injection,2026-08-31 12:00:00,2026-08-31 18:00:00
ROW0000463,REF000463,ACC093,S05,INT05,2025-01-10,completed,Traditional Medicare,Infusion,2026-08-31 12:00:00,2026-08-31 18:00:00
ROW0005442,REF005442,ACC085,S05,INT05,2026-06-23,ready,Commercial,Injection,2026-08-31 12:00:00,2026-08-31 18:00:00
ROW0001677,REF001677,ACC011,S01,INT01,2025-01-22,In Review,Commercial,Injection,2026-08-31 12:00:00,2026-08-31 18:00:00
ROW0004650,REF004650,ACC044,S03,INT03,2026-06-01,complete,Commercial,Injection,2026-08-31 12:00:00,2026-08-31 18:00:00
ROW0004951,REF004951,ACC036,S02,INT02,2025-07-26,VISIT COMPLETE,Medicare Advantage,Infusion,2026-08-31 12:00:00,2026-08-31 18:00:00
ROW0002462,REF002462,ACC031,S02,INT02,2025-09-24,CLOSED - NO VISIT,Other,Infusion,2026-08-31 12:00:00,2026-08-31 18:00:00
ROW0000739,REF000739,ACC096,S05,,2026-03-01,complete,Medicare Advantage,Infusion,2026-08-31 12:00:00,2026-08-31 18:00:00
ROW0001916,REF001916,ACC045,S07,INT07,2025-08-15,completed,Medicaid,Infusion,2026-08-31 12:00:00,2026-08-31 18:00:00
ROW0002378,REF002378,ACC066,S04,INT04,2025-10-29,VISIT COMPLETE,Medicare Advantage,Injection,2026-08-31 12:00:00,2026-08-31 18:00:00
ROW0002121,REF002121,ACC016,S01,INT01,2026-03-15,closed,Medicare Advantage,Infusion,2026-08-31 12:00:00,2026-08-31 18:00:00
ROW0001308,REF001308,ACC006,S01,INT01,2025-02-07,VISIT COMPLETE,Medicare Advantage,Infusion,2026-08-31 12:00:00,2026-08-31 18:00:00
ROW0001416,REF001416,ACC024,S02,INT02,2026-08-31,Received,Commercial,Infusion,2026-08-31 12:00:00,2026-08-31 18:00:00
ROW0001618,REF001618,ACC065,S04,INT04,2025-09-01,in_review,Medicaid,Infusion,2026-08-31 12:00:00,2026-08-31 18:00:00
ROW0002983,REF002983,ACC089,S05,INT05,2026-04-07,VISIT COMPLETE,Commercial,Injection,2026-08-31 12:00:00,2026-08-31 18:00:00
ROW0000483,REF000483,ACC007,S01,INT01,2025-07-05,VISIT COMPLETE,Medicare Advantage,Infusion,2026-08-31 12:00:00,2026-08-31 18:00:00
ROW0006092,REF005096,ACC119,S06,INT06,2025-10-07,completed,Medicaid,Infusion,2026-08-31 12:00:00,2026-08-31 19:00:00
ROW0002908,REF002908,ACC036,S02,INT02,2026-06-26,in progress?,Commercial,Infusion,2026-08-31 12:00:00,2026-08-31 18:00:00
ROW0002610,REF002610,ACC084,S05,INT05,2026-07-25,completed,Medicare Advantage,Infusion,2026-08-31 12:00:00,2026-08-31 18:00:00
ROW0001239,REF001239,ACC119,S08,INT08,2026-02-28,In Review,Medicaid,Infusion,2026-08-31 12:00:00,2026-08-31 18:00:00
ROW0001669,REF001669,ACC038,S02,INT02,2026-03-16,completed,Medicare Advantage,Injection,2026-08-31 12:00:00,2026-08-31 18:00:00
ROW0003139,REF003139,ACC040,S02,INT02,2025-01-14,completed,Medicare Advantage,Injection,2026-08-31 12:00:00,2026-08-31 18:00:00
ROW0002074,REF002074,ACC099,S05,INT05,2026-07-15,VISIT COMPLETE,Medicare Advantage,Infusion,2026-08-31 12:00:00,2026-08-31 18:00:00
ROW0002490,REF002490,ACC089,S05,INT05,2026-07-25,VISIT COMPLETE,Commercial,Infusion,2026-08-31 12:00:00,2026-08-31 18:00:00
ROW0001076,REF001076,ACC087,S05,INT05,2026-04-09,VISIT COMPLETE,Medicare Advantage,Injection,2026-08-31 12:00:00,2026-08-31 18:00:00
ROW0003877,REF003877,ACC021,S02,INT02,2026-07-03,complete,Commercial,Injection,2026-08-31 12:00:00,2026-08-31 18:00:00
ROW0005212,REF005212,ACC049,S03,INT03,2026-06-02,completed,Traditional Medicare,Infusion,2026-08-31 12:00:00,2026-08-31 18:00:00
ROW0000851,REF000851,ACC023,S02,INT02,2025-07-15,VISIT COMPLETE,Medicare Advantage,Infusion,2026-08-31 12:00:00,2026-08-31 18:00:00
ROW0000268,REF000268,ACC034,S02,INT02,2025-02-15,complete,Medicare Advantage,Injection,2026-08-31 12:00:00,2026-08-31 18:00:00
ROW0006195,REF003874,ACC036,S02,INT02,2026-08-07,booked,Medicaid,Infusion,2026-08-31 12:00:00,2026-08-31 19:00:00
ROW0002410,REF002410,ACC108,S08,INT08,2026-06-11,complete,Medicare Advantage,Injection,2026-08-31 12:00:00,2026-08-31 18:00:00
ROW0004373,REF004373,ACC049,S03,INT03,2025-04-27,VISIT COMPLETE,Commercial,Infusion,2026-08-31 12:00:00,2026-08-31 18:00:00
ROW0002813,REF002813,ACC053,S03,INT03,2025-05-16,received,Commercial,Other outpatient,2026-08-31 12:00:00,2026-08-31 18:00:00
ROW0002390,REF002390,ACC101,S06,INT06,2025-03-17,completed,Traditional Medicare,Injection,2026-08-31 12:00:00,2026-08-31 18:00:00
ROW0003663,REF003663,ACC059,S07,INT07,2025-08-09,VISIT COMPLETE,Commercial,Infusion,2026-08-31 12:00:00,2026-08-31 18:00:00
ROW0003161,REF003161,ACC014,S01,INT01,2025-06-01,VISIT COMPLETE,Commercial,Injection,2026-08-31 12:00:00,2026-08-31 18:00:00
ROW0002497,REF002497,ACC070,S04,INT04,2025-01-30,closed,Commercial,Infusion,2026-08-31 12:00:00,2026-08-31 18:00:00
ROW0005225,REF005225,ACC060,S07,INT07,2026-03-08,complete,Medicare Advantage,Injection,2026-08-31 12:00:00,2026-08-31 18:00:00
ROW0003616,REF003616,ACC051,S03,INT03,2026-01-09,completed,Other,Infusion,2026-08-31 12:00:00,2026-08-31 18:00:00
ROW0004565,REF004565,ACC037,S02,INT02,2025-09-25,VISIT COMPLETE,Other,Infusion,2026-08-31 12:00:00,2026-08-31 18:00:00
ROW0001401,REF001401,ACC042,S03,INT03,2026-06-25,closed,Commercial,Infusion,2026-08-31 12:00:00,2026-08-31 18:00:00
ROW0005704,REF005704,ACC044,S07,INT07,2025-07-13,VISIT COMPLETE,Medicare Advantage,Infusion,2026-08-31 12:00:00,2026-08-31 18:00:00
ROW0005698,REF005698,ACC072,S04,INT04,2026-02-08,VISIT COMPLETE,Medicaid,Injection,2026-08-31 12:00:00,2026-08-31 18:00:00
ROW0001197,REF001197,ACC006,S01,INT01,2025-02-05,VISIT COMPLETE,Commercial,Infusion,2026-08-31 12:00:00,2026-08-31 18:00:00
ROW0005854,REF005854,ACC056,S03,INT03,2026-08-24,review,Medicare Advantage,Injection,2026-08-31 12:00:00,2026-08-31 18:00:00
ROW0002383,REF002383,ACC048,S03,INT03,2026-08-29,in_review,Commercial,Injection,2026-08-31 12:00:00,2026-08-31 18:00:00
ROW0004180,REF004180,ACC119,S06,INT06,2026-07-04,complete,Medicare Advantage,Infusion,2026-08-31 12:00:00,2026-08-31 18:00:00
ROW0004098,REF004098,ACC022,S02,INT02,2026-03-07,VISIT COMPLETE,Commercial,Infusion,2026-08-31 12:00:00,2026-08-31 18:00:00
ROW0005316,REF005316,ACC078,S04,INT04,2026-08-10, SCHED ,Medicare Advantage,Injection,2026-08-31 12:00:00,2026-08-31 18:00:00
ROW0001508,REF001508,ACC083,S05,INT05,2025-09-24,VISIT COMPLETE,Commercial,Injection,2026-08-31 12:00:00,2026-08-31 18:00:00
ROW0002989,REF002989,ACC116,S08,INT08,2025-08-20,closed,Other,Infusion,2026-08-31 12:00:00,2026-08-31 18:00:00
ROW0004964,REF004964,ACC018,S01,INT01,2026-08-26,In Review,Commercial,Infusion,2026-08-31 12:00:00,2026-08-31 18:00:00
ROW0003322,REF003322,ACC003,S01,,2025-04-18,complete,Traditional Medicare,Infusion,2026-08-31 12:00:00,2026-08-31 18:00:00
ROW0003496,REF003496,ACC062,S04,INT04,2026-05-30,VISIT COMPLETE,Medicaid,Infusion,2026-08-31 12:00:00,2026-08-31 18:00:00
ROW0005216,REF005216,ACC111,S06,INT06,2025-09-25,completed,Traditional Medicare,Infusion,2026-08-31 12:00:00,2026-08-31 18:00:00
ROW0001637,REF001637,ACC110,S06,INT06,2026-01-11,completed,Medicare Advantage,Infusion,2026-08-31 12:00:00,2026-08-31 18:00:00
ROW0002350,REF002350,ACC028,S02,INT02,2026-05-28,VISIT COMPLETE,Medicare Advantage,Injection,2026-08-31 12:00:00,2026-08-31 18:00:00
ROW0002712,REF002712,ACC078,S04,INT04,2025-04-23,VISIT COMPLETE,Commercial,Infusion,2026-08-31 12:00:00,2026-08-31 18:00:00
ROW0000118,REF000118,ACC108,S06,INT06,2025-11-02,received,Medicare Advantage,Infusion,2026-08-31 12:00:00,2026-08-31 18:00:00
ROW0002648,REF002648,ACC107,S06,INT06,2025-06-05,completed,Medicaid,Injection,2026-08-31 12:00:00,2026-08-31 18:00:00
ROW0003629,REF003629,ACC031,S02,INT02,2026-01-13,CLOSED - NO VISIT,Medicare Advantage,Other outpatient,2026-08-31 12:00:00,2026-08-31 18:00:00
ROW0002694,REF002694,ACC062,S04,INT04,2026-07-11,completed,Traditional Medicare,Other outpatient,2026-08-31 12:00:00,2026-08-31 18:00:00
ROW0000228,REF000228,ACC115,S08,,2025-09-18,VISIT COMPLETE,Traditional Medicare,Infusion,2026-08-31 12:00:00,2026-08-31 18:00:00
ROW0004555,REF004555,ACC012,S01,INT01,2026-07-09,completed,Commercial,Injection,2026-08-31 12:00:00,2026-08-31 18:00:00
ROW0006282,REF000271,ACC070,S04,INT04,2026-03-05,complete,Traditional Medicare,Infusion,2026-08-31 12:00:00,2026-08-31 19:00:00
ROW0000163,REF000163,ACC059,S07,INT07,2025-11-09,VISIT COMPLETE,Commercial,Infusion,2026-08-31 12:00:00,2026-08-31 18:00:00
ROW0006270,REF003498,ACC076,S04,INT04,2026-04-26,VISIT COMPLETE,Medicare Advantage,Injection,2026-08-31 12:00:00,2026-08-31 19:00:00
ROW0001751,REF001751,ACC119,S08,INT08,2026-05-23,CLOSED - NO VISIT,Commercial,Injection,2026-08-31 12:00:00,2026-08-31 18:00:00
ROW0004343,REF004343,ACC057,S07,INT07,2026-06-20,closed,Traditional Medicare,Injection,2026-08-31 12:00:00,2026-08-31 18:00:00
ROW0006183,REF000832,ACC038,S02,INT02,2025-05-01,CLOSED - NO VISIT,Medicare Advantage,Infusion,2026-08-31 12:00:00,2026-08-31 19:00:00
ROW0005072,REF005072,ACC018,S01,INT01,2025-01-05,VISIT COMPLETE,Medicare Advantage,Other outpatient,2026-08-31 12:00:00,2026-08-31 18:00:00
ROW0003203,REF003203,ACC044,S07,INT07,2025-05-17,complete,Commercial,Infusion,2026-08-31 12:00:00,2026-08-31 18:00:00
ROW0000057,REF000057,ACC074,S04,INT04,2026-05-12,completed,Medicare Advantage,Infusion,2026-08-31 12:00:00,2026-08-31 18:00:00
ROW0005686,REF005686,ACC051,S03,INT03,2026-05-25,complete,Medicare Advantage,Infusion,2026-08-31 12:00:00,2026-08-31 18:00:00
ROW0001045,REF001045,ACC073,S04,INT04,2026-02-28,VISIT COMPLETE,Commercial,Infusion,2026-08-31 12:00:00,2026-08-31 18:00:00
ROW0003153,REF003153,ACC057,S07,INT07,2026-01-23,VISIT COMPLETE,Commercial,Infusion,2026-08-31 12:00:00,2026-08-31 18:00:00
ROW0005443,REF005443,ACC053,S07,INT07,2025-09-21,complete,Medicaid,Infusion,2026-08-31 12:00:00,2026-08-31 18:00:00
ROW0002775,REF002775,ACC025,S02,INT02,2026-06-11,completed,Commercial,Infusion,2026-08-31 12:00:00,2026-08-31 18:00:00
ROW0003818,REF003818,ACC032,S02,INT02,2025-02-05,cancelled,Traditional Medicare,Infusion,2026-08-31 12:00:00,2026-08-31 18:00:00
ROW0000885,REF000885,ACC111,S06,INT06,2026-03-04,completed,Commercial,Injection,2026-08-31 12:00:00,2026-08-31 18:00:00
ROW0000001,REF000001,ACC047,S03,INT03,2025-07-12,completed,Medicaid,Infusion,2026-08-31 12:00:00,2026-08-31 18:00:00
ROW0000155,REF000155,ACC059,S07,INT07,2025-12-03,VISIT COMPLETE,Traditional Medicare,Infusion,2026-08-31 12:00:00,2026-08-31 18:00:00
ROW0002991,REF002991,ACC011,S01,INT01,2025-07-08,VISIT COMPLETE,Commercial,Injection,2026-08-31 12:00:00,2026-08-31 18:00:00
ROW0001804,REF001804,ACC026,S02,INT02,2025-04-28,VISIT COMPLETE,Traditional Medicare,Injection,2026-08-31 12:00:00,2026-08-31 18:00:00
ROW0005298,REF005298,ACC046,S07,,2026-07-14,complete,Medicare Advantage,Other outpatient,2026-08-31 12:00:00,2026-08-31 18:00:00
ROW0006250,REF000475,ACC038,S02,INT02,2026-05-01,complete,Medicare Advantage,Infusion,2026-08-31 12:00:00,2026-08-31 19:00:00
ROW0004860,REF004860,ACC018,S01,INT01,2026-07-05,VISIT COMPLETE,Medicare Advantage,Injection,2026-08-31 12:00:00,2026-08-31 18:00:00
ROW0005678,REF005678,ACC040,S02,INT02,2026-03-10,VISIT COMPLETE,Commercial,Infusion,2026-08-31 12:00:00,2026-08-31 18:00:00
ROW0002181,REF002181,ACC088,S05,INT05,2026-03-25,completed,Medicare Advantage,Infusion,2026-08-31 12:00:00,2026-08-31 18:00:00
ROW0002681,REF002681,ACC019,S01,INT01,2025-07-04,VISIT COMPLETE,Commercial,Injection,2026-08-31 12:00:00,2026-08-31 18:00:00
ROW0003696,REF003696,ACC107,S08,INT08,2026-07-14,ready,Medicare Advantage,Injection,2026-08-31 12:00:00,2026-08-31 18:00:00
ROW0005434,REF005434,ACC047,S03,INT03,2026-01-10,VISIT COMPLETE,Commercial,Infusion,2026-08-31 12:00:00,2026-08-31 18:00:00
ROW0001696,REF001696,ACC032,S02,INT02,2026-04-13,received,Commercial,Infusion,2026-08-31 12:00:00,2026-08-31 18:00:00
ROW0002608,REF002608,ACC093,S05,INT05,2025-11-15,completed,Medicare Advantage,Injection,2026-08-31 12:00:00,2026-08-31 18:00:00
ROW0004426,REF004426,ACC108,S06,INT06,2025-03-19,complete,Commercial,Infusion,2026-08-31 12:00:00,2026-08-31 18:00:00
ROW0000675,REF000675,ACC035,S02,INT02,2026-07-23,closed,Commercial,Injection,2026-08-31 12:00:00,2026-08-31 18:00:00
ROW0000291,REF000291,ACC022,S02,INT02,2025-09-09,complete,Traditional Medicare,Infusion,2026-08-31 12:00:00,2026-08-31 18:00:00
ROW0003547,REF003547,ACC061,S04,INT04,2026-04-05,received,Commercial,Injection,2026-08-31 12:00:00,2026-08-31 18:00:00
ROW0006148,REF000480,ACC037,S02,INT02,2025-02-08,complete,Medicare Advantage,Infusion,2026-08-31 12:00:00,2026-08-31 19:00:00
ROW0004297,REF004297,ACC084,S05,INT05,2025-12-09,complete,Commercial,Infusion,2026-08-31 12:00:00,2026-08-31 18:00:00
ROW0002126,REF002126,ACC060,S07,INT07,2025-12-14,complete,Medicare Advantage,Infusion,2026-08-31 12:00:00,2026-08-31 18:00:00
ROW0005916,REF005916,ACC033,S02,INT02,2026-01-24,cancelled,Commercial,Injection,2026-08-31 12:00:00,2026-08-31 18:00:00
ROW0004158,REF004158,ACC028,S02,INT02,2025-01-23,CLOSED - NO VISIT,Traditional Medicare,Infusion,2026-08-31 12:00:00,2026-08-31 18:00:00
ROW0004153,REF004153,ACC042,S03,INT03,2026-07-04,VISIT COMPLETE,Medicaid,Injection,2026-08-31 12:00:00,2026-08-31 18:00:00
ROW0005615,REF005615,ACC103,S06,INT06,2025-05-03,complete,Other,Infusion,2026-08-31 12:00:00,2026-08-31 18:00:00
ROW0005820,REF005820,ACC001,S01,INT01,2026-06-25,closed,Traditional Medicare,Infusion,2026-08-31 12:00:00,2026-08-31 18:00:00
ROW0004171,REF004171,ACC061,S04,INT04,2025-09-16,complete,Traditional Medicare,Injection,2026-08-31 12:00:00,2026-08-31 18:00:00
ROW0002148,REF002148,ACC058,S03,INT03,2025-03-31,ready to schedule,Medicare Advantage,Infusion,2026-08-31 12:00:00,2026-08-31 18:00:00
ROW0000181,REF000181,ACC111,S08,INT08,2025-05-13,completed,Medicaid,Injection,2026-08-31 12:00:00,2026-08-31 18:00:00
ROW0004347,REF004347,ACC082,S05,INT05,2025-08-10,VISIT COMPLETE,Medicare Advantage,Infusion,2026-08-31 12:00:00,2026-08-31 18:00:00
ROW0004873,REF004873,ACC065,S04,INT04,2026-06-16,CLOSED - NO VISIT,Medicare Advantage,Infusion,2026-08-31 12:00:00,2026-08-31 18:00:00
ROW0002188,REF002188,ACC025,S02,INT02,2025-07-06,complete,Medicare Advantage,Infusion,2026-08-31 12:00:00,2026-08-31 18:00:00
ROW0005310,REF005310,ACC063,S04,INT04,2025-03-09,closed,Commercial,Infusion,2026-08-31 12:00:00,2026-08-31 18:00:00
ROW0001828,REF001828,ACC110,S08,INT08,2025-10-16,completed,Commercial,Infusion,2026-08-31 12:00:00,2026-08-31 18:00:00
ROW0005248,REF005248,ACC026,S02,INT02,2026-04-11,cancelled,Medicare Advantage,Infusion,2026-08-31 12:00:00,2026-08-31 18:00:00
ROW0004371,REF004371,ACC097,S05,INT05,2026-08-25,In Review,Commercial,Other outpatient,2026-08-31 12:00:00,2026-08-31 18:00:00
ROW0005044,REF005044,ACC057,S07,INT07,2026-03-24,complete,Medicare Advantage,Other outpatient,2026-08-31 12:00:00,2026-08-31 18:00:00
ROW0003771,REF003771,ACC094,S05,INT05,2025-05-07,complete,Commercial,Infusion,2026-08-31 12:00:00,2026-08-31 18:00:00
ROW0004799,REF004799,ACC054,S03,INT03,2025-08-28,CLOSED - NO VISIT,Medicare Advantage,Injection,2026-08-31 12:00:00,2026-08-31 18:00:00
ROW0003668,REF003668,ACC104,S06,INT06,2025-04-16,complete,Traditional Medicare,Other outpatient,2026-08-31 12:00:00,2026-08-31 18:00:00
ROW0004097,REF004097,ACC021,S02,INT02,2025-08-01,CLOSED - NO VISIT,Medicare Advantage,Injection,2026-08-31 12:00:00,2026-08-31 18:00:00
ROW0000603,REF000603,ACC113,S08,INT08,2026-06-17,complete,Commercial,Infusion,2026-08-31 12:00:00,2026-08-31 18:00:00
ROW0004456,REF004456,ACC050,S07,INT07,2026-03-11,CLOSED - NO VISIT,Commercial,Injection,2026-08-31 12:00:00,2026-08-31 18:00:00
ROW0002723,REF002723,ACC022,S02,INT02,2025-03-08,Ready_to_Schedule,Commercial,Infusion,2026-08-31 12:00:00,2026-08-31 18:00:00
ROW0000004,REF000004,ACC116,S08,INT08,2025-04-17,complete,Traditional Medicare,Infusion,2026-08-31 12:00:00,2026-08-31 18:00:00
ROW0003972,REF003972,ACC096,S05,INT05,2026-04-28,VISIT COMPLETE,Traditional Medicare,Infusion,2026-08-31 12:00:00,2026-08-31 18:00:00
ROW0003563,REF003563,ACC043,S03,INT03,2026-07-05,completed,Traditional Medicare,Injection,2026-08-31 12:00:00,2026-08-31 18:00:00
ROW0001709,REF001709,ACC040,S02,INT02,2025-02-23,complete,Commercial,Injection,2026-08-31 12:00:00,2026-08-31 18:00:00
ROW0005739,REF005739,ACC054,S07,INT07,2026-02-10,complete,Commercial,Injection,2026-08-31 12:00:00,2026-08-31 18:00:00
ROW0001536,REF001536,ACC036,S02,INT02,2025-08-16,complete,Medicare Advantage,Infusion,2026-08-31 12:00:00,2026-08-31 18:00:00
ROW0004976,REF004976,ACC010,S01,INT01,2025-05-07,CLOSED - NO VISIT,Traditional Medicare,Injection,2026-08-31 12:00:00,2026-08-31 18:00:00
ROW0002429,REF002429,ACC029,S02,INT02,2025-07-16,completed,Medicare Advantage,Infusion,2026-08-31 12:00:00,2026-08-31 18:00:00
ROW0000356,REF000356,ACC031,S02,INT02,2025-08-04,CLOSED - NO VISIT,Medicare Advantage,Infusion,2026-08-31 12:00:00,2026-08-31 18:00:00
ROW0003711,REF003711,ACC077,S04,INT04,2025-09-06,complete,Commercial,Infusion,2026-08-31 12:00:00,2026-08-31 18:00:00
ROW0000341,REF000341,ACC059,S07,INT07,2025-09-09,cancelled,Medicare Advantage,Infusion,2026-08-31 12:00:00,2026-08-31 18:00:00
ROW0004104,REF004104,ACC078,S04,INT04,2025-10-21,completed,Commercial,Injection,2026-08-31 12:00:00,2026-08-31 18:00:00
ROW0001004,REF001004,ACC063,S04,INT04,2025-12-08,completed,Traditional Medicare,Infusion,2026-08-31 12:00:00,2026-08-31 18:00:00
ROW0002334,REF002334,ACC012,S01,INT01,2026-06-02,complete,Medicare Advantage,Injection,2026-08-31 12:00:00,2026-08-31 18:00:00
ROW0001832,REF001832,ACC026,S02,INT02,2026-06-24,completed,Commercial,Other outpatient,2026-08-31 12:00:00,2026-08-31 18:00:00
ROW0004736,REF004736,ACC116,S08,INT08,2026-02-04,complete,Commercial,Infusion,2026-08-31 12:00:00,2026-08-31 18:00:00
ROW0002505,REF002505,ACC110,S06,,2025-09-25,CLOSED - NO VISIT,Medicare Advantage,Infusion,2026-08-31 12:00:00,2026-08-31 18:00:00
ROW0001533,REF001533,ACC070,S04,INT04,2026-08-12,scheduled,Medicare Advantage,Injection,2026-08-31 12:00:00,2026-08-31 18:00:00
ROW0002331,REF002331,ACC050,S07,INT07,2026-08-22,review,Commercial,Infusion,2026-08-31 12:00:00,2026-08-31 18:00:00
ROW0005242,REF005242,ACC042,S03,INT03,2026-04-16,completed,Other,Infusion,2026-08-31 12:00:00,2026-08-31 18:00:00
ROW0001980,REF001980,ACC045,S03,INT03,2025-10-11,VISIT COMPLETE,Medicaid,Other outpatient,2026-08-31 12:00:00,2026-08-31 18:00:00
ROW0006238,REF001168,ACC065,S04,INT04,2025-05-01,VISIT COMPLETE,Medicare Advantage,Injection,2026-08-31 12:00:00,2026-08-31 19:00:00
ROW0003904,REF003904,ACC040,S02,INT02,2025-04-03,complete,Other,Injection,2026-08-31 12:00:00,2026-08-31 18:00:00
ROW0000196,REF000196,ACC011,S01,INT01,2025-04-18,Ready_to_Schedule,Medicare Advantage,Infusion,2026-08-31 12:00:00,2026-08-31 18:00:00
ROW0003719,REF003719,ACC093,S05,INT05,2025-07-08,completed,Medicare Advantage,Other outpatient,2026-08-31 12:00:00,2026-08-31 18:00:00
ROW0006088,REF004130,ACC091,S05,INT05,2025-04-20,completed,Medicare Advantage,Infusion,2026-08-31 12:00:00,2026-08-31 19:00:00
ROW0004673,REF004673,ACC062,S04,INT04,2026-01-31,completed,Commercial,Infusion,2026-08-31 12:00:00,2026-08-31 18:00:00
ROW0000752,REF000752,ACC040,S02,INT02,2026-02-24,VISIT COMPLETE,Commercial,Infusion,2026-08-31 12:00:00,2026-08-31 18:00:00
ROW0005379,REF005379,ACC105,S06,INT06,2025-09-05,VISIT COMPLETE,Commercial,Infusion,2026-08-31 12:00:00,2026-08-31 18:00:00
ROW0000121,REF000121,ACC013,S01,INT01,2026-04-12,VISIT COMPLETE,Commercial,Infusion,2026-08-31 12:00:00,2026-08-31 18:00:00
ROW0001794,REF001794,ACC062,S04,INT04,2026-05-09,cancelled,Traditional Medicare,Infusion,2026-08-31 12:00:00,2026-08-31 18:00:00
ROW0004656,REF004656,ACC065,S04,INT04,2026-02-21,complete,Commercial,Infusion,2026-08-31 12:00:00,2026-08-31 18:00:00
ROW0004816,REF004816,ACC068,S04,INT04,2026-05-27,VISIT COMPLETE,Medicare Advantage,Infusion,2026-08-31 12:00:00,2026-08-31 18:00:00
ROW0002774,REF002774,ACC097,S05,INT05,2025-01-07,completed,Medicaid,Injection,2026-08-31 12:00:00,2026-08-31 18:00:00
ROW0002795,REF002795,ACC117,S08,INT08,2026-03-08,completed,Traditional Medicare,Infusion,2026-08-31 12:00:00,2026-08-31 18:00:00
ROW0001199,REF001199,ACC107,S06,INT06,2026-03-12,completed,Traditional Medicare,Infusion,2026-08-31 12:00:00,2026-08-31 18:00:00
ROW0001473,REF001473,ACC085,S05,INT05,2025-11-25,completed,Medicaid,Infusion,2026-08-31 12:00:00,2026-08-31 18:00:00
ROW0004534,REF004534,ACC031,S02,INT02,2026-06-25,VISIT COMPLETE,Commercial,Infusion,2026-08-31 12:00:00,2026-08-31 18:00:00
ROW0001008,REF001008,ACC120,S06,INT06,2025-02-11,completed,Traditional Medicare,Injection,2026-08-31 12:00:00,2026-08-31 18:00:00
ROW0001501,REF001501,ACC025,S02,INT02,2025-02-10,closed,Commercial,Infusion,2026-08-31 12:00:00,2026-08-31 18:00:00
ROW0006010,REF003302,ACC009,S01,INT01,2025-10-17,received,Medicare Advantage,Injection,2026-08-30 12:00:00,2026-08-31 19:00:00
ROW0005582,REF005582,ACC021,S02,INT02,2025-01-18,complete,Medicaid,Injection,2026-08-31 12:00:00,2026-08-31 18:00:00
ROW0006004,REF000308,ACC097,S05,INT05,2026-01-28,received,Commercial,Injection,2026-08-30 12:00:00,2026-08-31 19:00:00
ROW0002308,REF002308,ACC120,S06,INT06,,VISIT COMPLETE,Commercial,Infusion,2026-08-31 12:00:00,2026-08-31 18:00:00
ROW0005896,REF005896,ACC004,S01,INT01,2026-04-25,VISIT COMPLETE,Medicare Advantage,Injection,2026-08-31 12:00:00,2026-08-31 18:00:00
ROW0000511,REF000511,ACC063,S04,INT04,2025-12-18,completed,Traditional Medicare,Infusion,2026-08-31 12:00:00,2026-08-31 18:00:00
ROW0002985,REF002985,ACC002,S01,INT01,2025-12-14,CLOSED - NO VISIT,Medicaid,Infusion,2026-08-31 12:00:00,2026-08-31 18:00:00
ROW0003700,REF003700,ACC115,S06,INT06,2025-04-06,completed,Medicare Advantage,Injection,2026-08-31 12:00:00,2026-08-31 18:00:00
ROW0003829,REF003829,ACC086,S05,INT05,2025-11-01,closed,Medicare Advantage,Infusion,2026-08-31 12:00:00,2026-08-31 18:00:00
ROW0005463,REF005463,ACC011,S01,INT01,2025-08-09,VISIT COMPLETE,Commercial,Other outpatient,2026-08-31 12:00:00,2026-08-31 18:00:00
ROW0003441,REF003441,ACC026,S02,INT02,2025-03-06,VISIT COMPLETE,Medicare Advantage,Injection,2026-08-31 12:00:00,2026-08-31 18:00:00
ROW0004921,REF004921,ACC054,S03,INT03,2025-10-08,completed,Medicare Advantage,Other outpatient,2026-08-31 12:00:00,2026-08-31 18:00:00
ROW0002716,REF002716,ACC057,S03,INT03,2025-12-24,ready to schedule,Medicaid,Infusion,2026-08-31 12:00:00,2026-08-31 18:00:00
ROW0000410,REF000410,ACC037,S02,INT02,2026-03-02,VISIT COMPLETE,Commercial,Injection,2026-08-31 12:00:00,2026-08-31 18:00:00
ROW0001512,REF001512,ACC076,S04,INT04,2025-05-25,VISIT COMPLETE,Medicare Advantage,Infusion,2026-08-31 12:00:00,2026-08-31 18:00:00
ROW0006066,REF003334,ACC080,S04,INT04,2025-07-31,completed,Commercial,Other outpatient,2026-08-31 12:00:00,2026-08-31 19:00:00
ROW0004050,REF004050,ACC018,S01,INT01,2026-04-29,complete,Commercial,Infusion,2026-08-31 12:00:00,2026-08-31 18:00:00
ROW0000085,REF000085,ACC055,S07,INT07,2025-04-02,cancelled,Traditional Medicare,Infusion,2026-08-31 12:00:00,2026-08-31 18:00:00
ROW0000074,REF000074,ACC019,S01,INT01,2026-01-09,CLOSED - NO VISIT,Medicare Advantage,Infusion,2026-08-31 12:00:00,2026-08-31 18:00:00
ROW0001255,REF001255,ACC028,S02,INT02,2026-08-02,cancelled,Medicare Advantage,Infusion,2026-08-31 12:00:00,2026-08-31 18:00:00
ROW0005537,REF005537,ACC018,S01,INT01,2026-05-29,VISIT COMPLETE,Commercial,Infusion,2026-08-31 12:00:00,2026-08-31 18:00:00
ROW0005364,REF005364,ACC029,S02,,2025-11-25,complete,Medicare Advantage,Infusion,2026-08-31 12:00:00,2026-08-31 18:00:00
ROW0002998,REF002998,ACC084,S05,INT05,2025-10-20,CLOSED - NO VISIT,Medicare Advantage,Infusion,2026-08-31 12:00:00,2026-08-31 18:00:00
ROW0003571,REF003571,ACC062,S04,INT04,2025-01-10,cancelled,Commercial,Infusion,2026-08-31 12:00:00,2026-08-31 18:00:00
ROW0005323,REF005323,ACC087,S05,INT05,2026-08-09, SCHED ,Medicaid,Infusion,2026-08-31 12:00:00,2026-08-31 18:00:00
ROW0003982,REF003982,ACC082,S05,INT05,2026-06-01,completed,Traditional Medicare,Infusion,2026-08-31 12:00:00,2026-08-31 18:00:00
ROW0000257,REF000257,ACC099,S05,INT05,2025-07-15,completed,Traditional Medicare,Other outpatient,2026-08-31 12:00:00,2026-08-31 18:00:00
ROW0005589,REF005589,ACC042,S03,INT03,2026-03-23,completed,Medicaid,Injection,2026-08-31 12:00:00,2026-08-31 18:00:00
ROW0003945,REF003945,ACC114,S06,INT06,2025-08-07,completed,Commercial,Other outpatient,2026-08-31 12:00:00,2026-08-31 18:00:00
ROW0001987,REF001987,ACC062,S04,INT04,2026-05-11,completed,Commercial,Infusion,2026-08-31 12:00:00,2026-08-31 18:00:00
ROW0002229,REF002229,ACC095,S05,INT05,2026-08-10,ready to schedule,Commercial,Other outpatient,2026-08-31 12:00:00,2026-08-31 18:00:00
ROW0005343,REF005343,ACC087,S05,INT05,2026-03-28,cancelled,Commercial,Infusion,2026-08-31 12:00:00,2026-08-31 18:00:00
ROW0005329,REF005329,ACC037,S02,INT02,2025-02-07,VISIT COMPLETE,Medicare Advantage,Infusion,2026-08-31 12:00:00,2026-08-31 18:00:00
ROW0006147,REF003087,ACC032,S02,INT02,2025-11-15,VISIT COMPLETE,Medicare Advantage,Injection,2026-08-31 12:00:00,2026-08-31 19:00:00
ROW0004868,REF004868,ACC083,S05,INT05,2026-05-15,complete,Commercial,Injection,2026-08-31 12:00:00,2026-08-31 18:00:00
ROW0002230,REF002230,ACC059,S07,INT07,2025-04-20,VISIT COMPLETE,Commercial,Infusion,2026-08-31 12:00:00,2026-08-31 18:00:00
ROW0002982,REF002982,ACC027,S02,INT02,2025-03-09,completed,Medicaid,Infusion,2026-08-31 12:00:00,2026-08-31 18:00:00
ROW0003789,REF003789,ACC102,S08,INT08,2026-06-16,completed,Medicaid,Injection,2026-08-31 12:00:00,2026-08-31 18:00:00
ROW0000312,REF000312,ACC008,S01,,2025-06-21,complete,Traditional Medicare,Infusion,2026-08-31 12:00:00,2026-08-31 18:00:00
ROW0004742,REF004742,ACC018,S01,INT01,2026-06-10,completed,Commercial,Injection,2026-08-31 12:00:00,2026-08-31 18:00:00
ROW0002176,REF002176,ACC104,S08,INT08,,ready,Commercial,Injection,2026-08-31 12:00:00,2026-08-31 18:00:00
ROW0001287,REF001287,ACC065,S04,INT04,2025-04-26,Ready_to_Schedule,Medicaid,Injection,2026-08-31 12:00:00,2026-08-31 18:00:00
ROW0006016,REF005170,ACC071,S04,INT04,2026-05-06,received,Commercial,Injection,2026-08-30 12:00:00,2026-08-31 19:00:00
ROW0002431,REF002431,ACC064,S04,INT04,2025-05-04,complete,Other,Injection,2026-08-31 12:00:00,2026-08-31 18:00:00
ROW0001340,REF001340,ACC100,S05,INT05,2025-11-17,VISIT COMPLETE,Medicare Advantage,Infusion,2026-08-31 12:00:00,2026-08-31 18:00:00
ROW0002662,REF002662,ACC120,S06,INT06,2025-03-20,VISIT COMPLETE,Traditional Medicare,Other outpatient,2026-08-31 12:00:00,2026-08-31 18:00:00
ROW0006022,REF002000,ACC051,S07,INT07,2026-01-07,received,Other,Infusion,2026-08-30 12:00:00,2026-08-31 19:00:00
ROW0003489,REF003489,ACC044,S07,INT07,2026-04-19,completed,Commercial,Other outpatient,2026-08-31 12:00:00,2026-08-31 18:00:00
ROW0005376,REF005376,ACC068,S04,INT04,2025-12-08,complete,Commercial,Injection,2026-08-31 12:00:00,2026-08-31 18:00:00
ROW0005483,REF005483,ACC019,S01,INT01,2025-04-08,VISIT COMPLETE,Medicare Advantage,Infusion,2026-08-31 12:00:00,2026-08-31 18:00:00
ROW0000496,REF000496,ACC095,S05,INT05,2026-07-14,VISIT COMPLETE,Traditional Medicare,Infusion,2026-08-31 12:00:00,2026-08-31 18:00:00
ROW0001668,REF001668,ACC067,S04,INT04,2026-03-12,completed,Commercial,Injection,2026-08-31 12:00:00,2026-08-31 18:00:00
ROW0004470,REF004470,ACC055,S03,INT03,2025-05-28,Received,Commercial,Infusion,2026-08-31 12:00:00,2026-08-31 18:00:00
ROW0005012,REF005012,ACC058,S03,INT03,2025-12-05,complete,Commercial,Infusion,2026-08-31 12:00:00,2026-08-31 18:00:00
ROW0001079,REF001079,ACC032,S02,INT02,2025-04-09,VISIT COMPLETE,Medicare Advantage,Injection,2026-08-31 12:00:00,2026-08-31 18:00:00
ROW0004738,REF004738,ACC099,S05,INT05,2025-07-28,VISIT COMPLETE,Medicare Advantage,Injection,2026-08-31 12:00:00,2026-08-31 18:00:00
ROW0000903,REF000903,ACC119,S06,INT06,2025-08-15,VISIT COMPLETE,Traditional Medicare,Injection,2026-08-31 12:00:00,2026-08-31 18:00:00
ROW0006236,REF003845,ACC022,S02,INT02,2026-03-08,completed,Medicare Advantage,Infusion,2026-08-31 12:00:00,2026-08-31 19:00:00
ROW0000502,REF000502,ACC059,S07,INT07,2025-05-26,completed,Commercial,Infusion,2026-08-31 12:00:00,2026-08-31 18:00:00
ROW0001631,REF001631,ACC084,S05,INT05,2025-07-19,CLOSED - NO VISIT,Medicaid,Injection,2026-08-31 12:00:00,2026-08-31 18:00:00
ROW0001685,REF001685,ACC025,S02,INT02,2026-01-10,complete,Medicaid,Injection,2026-08-31 12:00:00,2026-08-31 18:00:00
ROW0005657,REF005657,ACC043,S03,INT03,2025-07-27,VISIT COMPLETE,Commercial,Infusion,2026-08-31 12:00:00,2026-08-31 18:00:00
ROW0000172,REF000172,ACC118,S08,INT08,2025-12-17,completed,Medicare Advantage,Injection,2026-08-31 12:00:00,2026-08-31 18:00:00
ROW0003194,REF003194,ACC055,S07,INT07,2026-05-03,VISIT COMPLETE,Medicaid,Injection,2026-08-31 12:00:00,2026-08-31 18:00:00
ROW0001151,REF001151,ACC051,S03,INT03,2025-12-31,completed,Traditional Medicare,Other outpatient,2026-08-31 12:00:00,2026-08-31 18:00:00
ROW0001849,REF001849,ACC090,S05,INT05,2026-03-27,complete,Medicare Advantage,Injection,2026-08-31 12:00:00,2026-08-31 18:00:00
ROW0006168,REF005010,ACC073,S04,INT04,2026-06-08,cancelled,Commercial,Infusion,2026-08-31 12:00:00,2026-08-31 19:00:00
ROW0001713,REF001713,ACC073,S04,INT04,2026-06-14,VISIT COMPLETE,Medicaid,Other outpatient,2026-08-31 12:00:00,2026-08-31 18:00:00
ROW0000002,REF000002,ACC071,S04,INT04,2025-02-15,Received,Medicare Advantage,Infusion,2026-08-31 12:00:00,2026-08-31 18:00:00
ROW0000114,REF000114,ACC087,S05,INT05,2026-06-11,complete,Medicare Advantage,Infusion,2026-08-31 12:00:00,2026-08-31 18:00:00
ROW0001896,REF001896,ACC008,S01,INT01,2026-07-22,cancelled,Medicare Advantage,Injection,2026-08-31 12:00:00,2026-08-31 18:00:00
ROW0005356,REF005356,ACC084,S05,INT05,2025-09-10,VISIT COMPLETE,Commercial,Injection,2026-08-31 12:00:00,2026-08-31 18:00:00
ROW0004794,REF004794,ACC059,S03,INT03,2025-03-22,complete,Commercial,Injection,2026-08-31 12:00:00,2026-08-31 18:00:00
ROW0006089,REF005689,ACC094,S05,INT05,2025-05-13,VISIT COMPLETE,Commercial,Injection,2026-08-31 12:00:00,2026-08-31 19:00:00
ROW0001703,REF001703,ACC049,S07,INT07,2025-12-24,VISIT COMPLETE,Commercial,Other outpatient,2026-08-31 12:00:00,2026-08-31 18:00:00
ROW0002365,REF002365,ACC015,S01,INT01,2025-03-18,completed,Commercial,Infusion,2026-08-31 12:00:00,2026-08-31 18:00:00
ROW0000694,REF000694,ACC018,S01,INT01,2025-09-26,completed,Traditional Medicare,Infusion,2026-08-31 12:00:00,2026-08-31 18:00:00
ROW0004379,REF004379,ACC020,S01,INT01,2026-01-11,completed,Medicare Advantage,Other outpatient,2026-08-31 12:00:00,2026-08-31 18:00:00
ROW0000657,REF000657,ACC054,S07,INT07,2026-03-01,complete,Traditional Medicare,Injection,2026-08-31 12:00:00,2026-08-31 18:00:00
ROW0002617,REF002617,ACC117,S08,INT08,2025-05-03,complete,Medicaid,Infusion,2026-08-31 12:00:00,2026-08-31 18:00:00
ROW0004732,REF004732,ACC058,S07,INT07,2025-05-22,VISIT COMPLETE,Commercial,Injection,2026-08-31 12:00:00,2026-08-31 18:00:00
ROW0003596,REF003596,ACC107,S08,INT08,2026-04-18,complete,Medicare Advantage,Injection,2026-08-31 12:00:00,2026-08-31 18:00:00
ROW0003212,REF003212,ACC053,S07,INT07,2025-10-11,completed,Traditional Medicare,Injection,2026-08-31 12:00:00,2026-08-31 18:00:00
ROW0002075,REF002075,ACC099,S05,INT05,2026-08-22,Ready_to_Schedule,Commercial,Infusion,2026-08-31 12:00:00,2026-08-31 18:00:00
ROW0006287,REF004540,ACC059,S07,INT07,2025-02-22,completed,Medicare Advantage,Infusion,2026-08-31 12:00:00,2026-08-31 19:00:00
ROW0005717,REF005717,ACC087,S05,INT05,2025-12-16,VISIT COMPLETE,Commercial,Infusion,2026-08-31 12:00:00,2026-08-31 18:00:00
ROW0000296,REF000296,ACC056,S03,INT03,2025-04-30,cancelled,Traditional Medicare,Injection,2026-08-31 12:00:00,2026-08-31 18:00:00
ROW0005670,REF005670,ACC057,S03,INT03,2025-10-10,VISIT COMPLETE,Commercial,Infusion,2026-08-31 12:00:00,2026-08-31 18:00:00
ROW0004144,REF004144,ACC054,S03,INT03,2026-02-23,closed,Medicaid,Injection,2026-08-31 12:00:00,2026-08-31 18:00:00
ROW0000476,REF000476,ACC013,S01,INT01,2025-04-25,complete,Traditional Medicare,Infusion,2026-08-31 12:00:00,2026-08-31 18:00:00
ROW0001784,REF001784,ACC039,S02,INT02,2026-08-12, SCHED ,Traditional Medicare,Injection,2026-08-31 12:00:00,2026-08-31 18:00:00
ROW0000409,REF000409,ACC040,S02,INT02,2026-07-21,completed,Medicare Advantage,Injection,2026-08-31 12:00:00,2026-08-31 18:00:00
ROW0000092,REF000092,ACC010,S01,INT01,2025-11-01,VISIT COMPLETE,Medicare Advantage,Other outpatient,2026-08-31 12:00:00,2026-08-31 18:00:00
ROW0004134,REF004134,ACC045,S07,INT07,2026-08-04,scheduled,Traditional Medicare,Injection,2026-08-31 12:00:00,2026-08-31 18:00:00
ROW0000826,REF000826,ACC119,S08,INT08,2025-12-18,received,Medicare Advantage,Infusion,2026-08-31 12:00:00,2026-08-31 18:00:00
ROW0001638,REF001638,ACC057,S03,INT03,2025-11-14,completed,Medicare Advantage,Injection,2026-08-31 12:00:00,2026-08-31 18:00:00
ROW0000537,REF000537,ACC045,S07,INT07,2025-08-07,complete,Medicaid,Infusion,2026-08-31 12:00:00,2026-08-31 18:00:00
ROW0003732,REF003732,ACC046,S07,INT07,2025-09-30,completed,Medicare Advantage,Injection,2026-08-31 12:00:00,2026-08-31 18:00:00
ROW0003459,REF003459,ACC118,S08,INT08,2026-07-03,VISIT COMPLETE,Traditional Medicare,Injection,2026-08-31 12:00:00,2026-08-31 18:00:00
ROW0000959,REF000959,ACC026,S02,INT02,2026-08-13,ready to schedule,Medicare Advantage,Infusion,2026-08-31 12:00:00,2026-08-31 18:00:00
ROW0003967,REF003967,ACC120,S06,INT06,2026-05-30,completed,Commercial,Infusion,2026-08-31 12:00:00,2026-08-31 18:00:00
ROW0002561,REF002561,ACC001,S01,INT01,2025-05-26,ready,Commercial,Injection,2026-08-31 12:00:00,2026-08-31 18:00:00
ROW0002817,REF002817,ACC091,S05,INT05,2025-05-25,completed,Medicare Advantage,Injection,2026-08-31 12:00:00,2026-08-31 18:00:00
ROW0000298,REF000298,ACC039,S02,INT02,2025-07-11,VISIT COMPLETE,Commercial,Injection,2026-08-31 12:00:00,2026-08-31 18:00:00
ROW0001090,REF001090,ACC006,S01,INT01,2025-06-21,completed,Medicaid,Infusion,2026-08-31 12:00:00,2026-08-31 18:00:00
ROW0002841,REF002841,ACC072,S04,INT04,2025-06-25,VISIT COMPLETE,Commercial,Injection,2026-08-31 12:00:00,2026-08-31 18:00:00
ROW0003006,REF003006,ACC057,S03,INT03,2025-04-12,completed,Commercial,Injection,2026-08-31 12:00:00,2026-08-31 18:00:00
ROW0002214,REF002214,ACC059,S03,INT03,2025-09-30,VISIT COMPLETE,Traditional Medicare,Other outpatient,2026-08-31 12:00:00,2026-08-31 18:00:00
ROW0004529,REF004529,ACC110,S06,INT06,2026-01-31,completed,Medicare Advantage,Infusion,2026-08-31 12:00:00,2026-08-31 18:00:00
ROW0002254,REF002254,ACC054,S03,INT03,2026-07-16,cancelled,Medicaid,Injection,2026-08-31 12:00:00,2026-08-31 18:00:00
ROW0002080,REF002080,ACC026,S02,INT02,2025-07-29,VISIT COMPLETE,Commercial,Infusion,2026-08-31 12:00:00,2026-08-31 18:00:00
ROW0002140,REF002140,ACC087,S05,INT05,2026-07-10,complete,Medicaid,Infusion,2026-08-31 12:00:00,2026-08-31 18:00:00
ROW0001557,REF001557,ACC074,S04,INT04,2025-05-09,complete,Commercial,Injection,2026-08-31 12:00:00,2026-08-31 18:00:00
ROW0002689,REF002689,ACC115,S08,INT08,2025-03-22,VISIT COMPLETE,Medicare Advantage,Infusion,2026-08-31 12:00:00,2026-08-31 18:00:00
ROW0003646,REF003646,ACC082,S05,INT05,2025-01-23,closed,Traditional Medicare,Infusion,2026-08-31 12:00:00,2026-08-31 18:00:00
ROW0001986,REF001986,ACC088,S05,INT05,2026-03-10,CLOSED - NO VISIT,Commercial,Infusion,2026-08-31 12:00:00,2026-08-31 18:00:00
ROW0005208,REF005208,ACC115,S08,INT08,2025-12-06,complete,Medicaid,Infusion,2026-08-31 12:00:00,2026-08-31 18:00:00
ROW0005860,REF005860,ACC093,S05,INT05,2026-03-07,VISIT COMPLETE,Commercial,Infusion,2026-08-31 12:00:00,2026-08-31 18:00:00
ROW0002671,REF002671,ACC083,S05,INT05,2025-03-03,VISIT COMPLETE,Traditional Medicare,Infusion,2026-08-31 12:00:00,2026-08-31 18:00:00
ROW0001521,REF001521,ACC012,S01,INT01,2025-09-26,completed,Medicare Advantage,Infusion,2026-08-31 12:00:00,2026-08-31 18:00:00
ROW0002858,REF002858,ACC103,S08,INT08,2025-11-07,VISIT COMPLETE,Commercial,Infusion,2026-08-31 12:00:00,2026-08-31 18:00:00
ROW0000184,REF000184,ACC094,S05,INT05,2026-05-04,VISIT COMPLETE,Traditional Medicare,Infusion,2026-08-31 12:00:00,2026-08-31 18:00:00
ROW0002123,REF002123,ACC119,S08,INT08,2026-06-24,ready to schedule,Medicare Advantage,Injection,2026-08-31 12:00:00,2026-08-31 18:00:00
ROW0005923,REF005923,ACC015,S01,INT01,2025-04-01,completed,Commercial,Infusion,2026-08-31 12:00:00,2026-08-31 18:00:00
ROW0000173,REF000173,ACC023,S02,INT02,2026-08-14,booked,Commercial,Infusion,2026-08-31 12:00:00,2026-08-31 18:00:00
ROW0004834,REF004834,ACC111,S06,INT06,2026-04-06,complete,Commercial,Infusion,2026-08-31 12:00:00,2026-08-31 18:00:00
ROW0003613,REF003613,ACC035,S02,INT02,2025-06-02,complete,Commercial,Infusion,2026-08-31 12:00:00,2026-08-31 18:00:00
ROW0002703,REF002703,ACC004,S01,INT01,2026-04-04,complete,Medicare Advantage,Infusion,2026-08-31 12:00:00,2026-08-31 18:00:00
ROW0004755,REF004755,ACC117,S06,INT06,2026-06-23,complete,Medicare Advantage,Infusion,2026-08-31 12:00:00,2026-08-31 18:00:00
ROW0001875,REF001875,ACC073,S04,INT04,2025-07-09,complete,Commercial,Injection,2026-08-31 12:00:00,2026-08-31 18:00:00
ROW0005279,REF005279,ACC009,S01,INT01,2026-01-24,VISIT COMPLETE,Medicare Advantage,Infusion,2026-08-31 12:00:00,2026-08-31 18:00:00
ROW0004110,REF004110,ACC073,S04,INT04,2026-04-18,CLOSED - NO VISIT,Commercial,Infusion,2026-08-31 12:00:00,2026-08-31 18:00:00
ROW0004716,REF004716,ACC073,S04,INT04,2026-02-25,completed,Medicaid,Infusion,2026-08-31 12:00:00,2026-08-31 18:00:00
ROW0003526,REF003526,ACC064,S04,INT04,2025-01-08,cancelled,Traditional Medicare,Other outpatient,2026-08-31 12:00:00,2026-08-31 18:00:00
ROW0005962,REF005962,ACC018,S01,INT01,2026-07-04,complete,Medicare Advantage,Infusion,2026-08-31 12:00:00,2026-08-31 18:00:00
ROW0002903,REF002903,ACC038,S02,INT02,2026-05-27,VISIT COMPLETE,Medicaid,Other outpatient,2026-08-31 12:00:00,2026-08-31 18:00:00
ROW0003981,REF003981,ACC089,S05,INT05,2025-02-08,complete,Traditional Medicare,Infusion,2026-08-31 12:00:00,2026-08-31 18:00:00
ROW0000853,REF000853,ACC071,S04,INT04,2025-06-13,completed,Commercial,Injection,2026-08-31 12:00:00,2026-08-31 18:00:00
ROW0005192,REF005192,ACC009,S01,INT01,2025-12-26,VISIT COMPLETE,Commercial,Injection,2026-08-31 12:00:00,2026-08-31 18:00:00
ROW0003857,REF003857,ACC016,S01,INT01,2026-03-20,completed,Medicare Advantage,Other outpatient,2026-08-31 12:00:00,2026-08-31 18:00:00
ROW0005610,REF005610,ACC104,S06,INT06,2025-12-17,VISIT COMPLETE,Medicare Advantage,Infusion,2026-08-31 12:00:00,2026-08-31 18:00:00
ROW0006099,REF002868,ACC050,S03,,2025-05-18,cancelled,Commercial,Other outpatient,2026-08-31 12:00:00,2026-08-31 19:00:00
ROW0002977,REF002977,ACC015,S01,INT01,2026-03-26,VISIT COMPLETE,Medicaid,Injection,2026-08-31 12:00:00,2026-08-31 18:00:00
ROW0006212,REF004367,ACC080,S04,INT04,2026-08-05, SCHED ,Commercial,Other outpatient,2026-08-31 12:00:00,2026-08-31 19:00:00
ROW0002721,REF002721,ACC004,S01,INT01,2026-06-03,cancelled,Traditional Medicare,Injection,2026-08-31 12:00:00,2026-08-31 18:00:00
ROW0003192,REF003192,ACC097,S05,INT05,2025-02-20,Ready_to_Schedule,Commercial,Injection,2026-08-31 12:00:00,2026-08-31 18:00:00
ROW0002415,REF002415,ACC038,S02,INT02,2025-03-06,complete,Traditional Medicare,Infusion,2026-08-31 12:00:00,2026-08-31 18:00:00
ROW0003703,REF003703,ACC109,S08,INT08,2026-08-06,CLOSED - NO VISIT,Medicare Advantage,Infusion,2026-08-31 12:00:00,2026-08-31 18:00:00
ROW0003598,REF003598,ACC043,S07,INT07,2025-06-20,completed,Commercial,Injection,2026-08-31 12:00:00,2026-08-31 18:00:00
ROW0004995,REF004995,ACC016,S01,INT01,2026-06-08,completed,Medicare Advantage,Infusion,2026-08-31 12:00:00,2026-08-31 18:00:00
ROW0004927,REF004927,ACC113,S06,INT06,2025-04-17,VISIT COMPLETE,Commercial,Infusion,2026-08-31 12:00:00,2026-08-31 18:00:00
ROW0004509,REF004509,ACC079,S04,INT04,2026-01-04,completed,Commercial,Infusion,2026-08-31 12:00:00,2026-08-31 18:00:00
ROW0000560,REF000560,ACC010,S01,INT01,2025-01-22,completed,Commercial,Injection,2026-08-31 12:00:00,2026-08-31 18:00:00
ROW0003777,REF003777,ACC064,S04,INT04,2025-11-05,completed,Medicaid,Infusion,2026-08-31 12:00:00,2026-08-31 18:00:00
ROW0004149,REF004149,ACC066,S04,INT04,2026-08-16,VISIT COMPLETE,Medicare Advantage,Infusion,2026-08-31 12:00:00,2026-08-31 18:00:00
ROW0006075,REF001753,ACC007,S01,INT01,2026-03-19,Received,Commercial,Infusion,2026-08-31 12:00:00,2026-08-31 19:00:00
ROW0000510,REF000510,ACC022,S02,INT02,2026-04-30,closed,Commercial,Injection,2026-08-31 12:00:00,2026-08-31 18:00:00
ROW0005200,REF005200,ACC037,S02,INT02,2025-03-14,cancelled,Traditional Medicare,Injection,2026-08-31 12:00:00,2026-08-31 18:00:00
ROW0003974,REF003974,ACC028,S02,INT02,2026-06-17,VISIT COMPLETE,Commercial,Infusion,2026-08-31 12:00:00,2026-08-31 18:00:00
ROW0000559,REF000559,ACC062,S04,INT04,2025-01-08,cancelled,Medicare Advantage,Injection,2026-08-31 12:00:00,2026-08-31 18:00:00
ROW0000276,REF000276,ACC012,S01,INT01,2026-04-18,complete,Medicare Advantage,Infusion,2026-08-31 12:00:00,2026-08-31 18:00:00
ROW0004743,REF004743,ACC012,S01,INT01,2026-02-14,completed,Commercial,Injection,2026-08-31 12:00:00,2026-08-31 18:00:00
ROW0005713,REF005713,ACC035,S02,INT02,2026-05-22,VISIT COMPLETE,Medicare Advantage,Injection,2026-08-31 12:00:00,2026-08-31 18:00:00
ROW0002529,REF002529,ACC024,S02,INT02,2025-06-17,cancelled,Other,Infusion,2026-08-31 12:00:00,2026-08-31 18:00:00
ROW0002864,REF002864,ACC076,S04,INT04,2026-03-18,completed,Medicare Advantage,Infusion,2026-08-31 12:00:00,2026-08-31 18:00:00
ROW0004225,REF004225,ACC010,S01,INT01,2026-08-24,review,Medicare Advantage,Injection,2026-08-31 12:00:00,2026-08-31 18:00:00
ROW0004558,REF004558,ACC057,S03,INT03,2026-08-29, NEW ,Medicare Advantage,Infusion,2026-08-31 12:00:00,2026-08-31 18:00:00
ROW0001874,REF001874,ACC071,S04,INT04,2025-08-15,completed,Medicare Advantage,Infusion,2026-08-31 12:00:00,2026-08-31 18:00:00
ROW0005816,REF005816,ACC078,S04,INT04,2025-10-06,VISIT COMPLETE,Medicare Advantage,Injection,2026-08-31 12:00:00,2026-08-31 18:00:00
ROW0002917,REF002917,ACC049,S07,INT07,2026-01-28,complete,Medicare Advantage,Injection,2026-08-31 12:00:00,2026-08-31 18:00:00
ROW0002007,REF002007,ACC115,S06,INT06,2026-04-15,completed,Medicare Advantage,Injection,2026-08-31 12:00:00,2026-08-31 18:00:00
ROW0004633,REF004633,ACC053,S03,INT03,2025-07-26,completed,Commercial,Infusion,2026-08-31 12:00:00,2026-08-31 18:00:00
ROW0001598,REF001598,ACC065,S04,INT04,2025-11-07,VISIT COMPLETE,Commercial,Infusion,2026-08-31 12:00:00,2026-08-31 18:00:00
ROW0003670,REF003670,ACC059,S07,INT07,2025-04-24,completed,Traditional Medicare,Infusion,2026-08-31 12:00:00,2026-08-31 18:00:00
ROW0005370,REF005370,ACC054,S03,INT03,2026-01-13,complete,Commercial,Infusion,2026-08-31 12:00:00,2026-08-31 18:00:00
ROW0004668,REF004668,ACC070,S04,INT04,2026-07-02,cancelled,Traditional Medicare,Injection,2026-08-31 12:00:00,2026-08-31 18:00:00
ROW0002728,REF002728,ACC100,S05,INT05,2025-10-14,VISIT COMPLETE,Commercial,Infusion,2026-08-31 12:00:00,2026-08-31 18:00:00
ROW0003135,REF003135,ACC077,S04,INT04,2026-07-04,complete,Commercial,Injection,2026-08-31 12:00:00,2026-08-31 18:00:00
ROW0003113,REF003113,ACC025,S02,INT02,2025-12-15,complete,Medicaid,Infusion,2026-08-31 12:00:00,2026-08-31 18:00:00
ROW0005885,REF005885,ACC059,S03,INT03,2025-06-10,complete,Commercial,Injection,2026-08-31 12:00:00,2026-08-31 18:00:00
ROW0003874,REF003874,ACC036,S02,INT02,2026-08-07,booked,Medicaid,Infusion,2026-08-31 12:00:00,2026-08-31 18:00:00
ROW0001286,REF001286,ACC082,S05,INT05,2026-08-15,ready to schedule,Medicaid,Injection,2026-08-31 12:00:00,2026-08-31 18:00:00
ROW0000696,REF000696,ACC117,S06,INT06,2026-07-23,complete,Traditional Medicare,Infusion,2026-08-31 12:00:00,2026-08-31 18:00:00
ROW0002305,REF002305,ACC077,S04,INT04,2026-02-13,ready,Commercial,Infusion,2026-08-31 12:00:00,2026-08-31 18:00:00
ROW0001318,REF001318,ACC063,S04,INT04,2025-07-31,VISIT COMPLETE,Medicare Advantage,Injection,2026-08-31 12:00:00,2026-08-31 18:00:00
ROW0000322,REF000322,ACC073,S04,INT04,2026-08-30, NEW ,Commercial,Infusion,2026-08-31 12:00:00,2026-08-31 18:00:00
ROW0002100,REF002100,ACC071,S04,INT04,2026-02-18,complete,Medicaid,Infusion,2026-08-31 12:00:00,2026-08-31 18:00:00
ROW0001161,REF001161,ACC008,S01,INT01,2026-01-05,completed,Commercial,Infusion,2026-08-31 12:00:00,2026-08-31 18:00:00
ROW0004777,REF004777,ACC031,S02,INT02,2025-10-21,complete,Commercial,Injection,2026-08-31 12:00:00,2026-08-31 18:00:00
ROW0004301,REF004301,ACC016,S01,INT01,2026-01-29,completed,Medicare Advantage,Injection,2026-08-31 12:00:00,2026-08-31 18:00:00
ROW0003019,REF003019,ACC120,S06,INT06,2025-01-23,complete,Traditional Medicare,Other outpatient,2026-08-31 12:00:00,2026-08-31 18:00:00
ROW0005949,REF005949,ACC080,S04,INT04,2025-02-22,completed,Medicare Advantage,Infusion,2026-08-31 12:00:00,2026-08-31 18:00:00
ROW0002064,REF002064,ACC079,S04,INT04,2025-09-28,complete,Commercial,Infusion,2026-08-31 12:00:00,2026-08-31 18:00:00
ROW0005746,REF005746,ACC109,S08,INT08,2025-04-28,received,Traditional Medicare,Other outpatient,2026-08-31 12:00:00,2026-08-31 18:00:00
ROW0004806,REF004806,ACC018,S01,INT01,2025-10-09,VISIT COMPLETE,Commercial,Infusion,2026-08-31 12:00:00,2026-08-31 18:00:00
ROW0002337,REF002337,ACC032,S02,INT02,2025-12-07,completed,Other,Infusion,2026-08-31 12:00:00,2026-08-31 18:00:00
ROW0001394,REF001394,ACC119,S06,INT06,2026-04-27,VISIT COMPLETE,Medicare Advantage,Injection,2026-08-31 12:00:00,2026-08-31 18:00:00
ROW0005403,REF005403,ACC050,S03,INT03,2025-11-13,closed,Other,Other outpatient,2026-08-31 12:00:00,2026-08-31 18:00:00
ROW0000353,REF000353,ACC007,S01,INT01,2026-03-24,received,Medicare Advantage,Infusion,2026-08-31 12:00:00,2026-08-31 18:00:00
ROW0003991,REF003991,ACC063,S04,INT04,2025-07-11,VISIT COMPLETE,Commercial,Injection,2026-08-31 12:00:00,2026-08-31 18:00:00
ROW0000302,REF000302,ACC115,S06,INT06,2026-01-19,VISIT COMPLETE,Commercial,Infusion,2026-08-31 12:00:00,2026-08-31 18:00:00
ROW0002574,REF002574,ACC066,S04,INT04,2025-02-02,VISIT COMPLETE,Medicare Advantage,Infusion,2026-08-31 12:00:00,2026-08-31 18:00:00
ROW0000835,REF000835,ACC015,S01,INT01,2026-06-15,complete,Medicare Advantage,Infusion,2026-08-31 12:00:00,2026-08-31 18:00:00
ROW0003318,REF003318,ACC035,S02,INT02,2026-04-04,completed,Medicare Advantage,Injection,2026-08-31 12:00:00,2026-08-31 18:00:00
ROW0003652,REF003652,ACC075,S04,INT04,2025-05-02,VISIT COMPLETE,Medicare Advantage,Injection,2026-08-31 12:00:00,2026-08-31 18:00:00
ROW0004123,REF004123,ACC006,S01,INT01,2025-07-01,complete,Medicaid,Infusion,2026-08-31 12:00:00,2026-08-31 18:00:00
ROW0002326,REF002326,ACC065,S04,INT04,2025-11-19,completed,Medicaid,Infusion,2026-08-31 12:00:00,2026-08-31 18:00:00
ROW0005871,REF005871,ACC049,S03,INT03,2025-10-05,VISIT COMPLETE,Commercial,Infusion,2026-08-31 12:00:00,2026-08-31 18:00:00
ROW0005829,REF005829,ACC093,S05,INT05,2026-08-24,In Review,Traditional Medicare,Infusion,2026-08-31 12:00:00,2026-08-31 18:00:00
ROW0002782,REF002782,ACC073,S04,,2025-01-14,complete,Commercial,Infusion,2026-08-31 12:00:00,2026-08-31 18:00:00
ROW0000817,REF000817,ACC036,S02,INT02,2025-08-07,CLOSED - NO VISIT,Medicare Advantage,Infusion,2026-08-31 12:00:00,2026-08-31 18:00:00
ROW0003952,REF003952,ACC025,S02,INT02,2026-01-07,CLOSED - NO VISIT,Medicare Advantage,Other outpatient,2026-08-31 12:00:00,2026-08-31 18:00:00
ROW0002278,REF002278,ACC074,S04,INT04,2025-05-22,completed,Traditional Medicare,Injection,2026-08-31 12:00:00,2026-08-31 18:00:00
ROW0006081,REF003423,ACC021,S02,INT02,2025-07-28,VISIT COMPLETE,Commercial,Infusion,2026-08-31 12:00:00,2026-08-31 19:00:00
ROW0002273,REF002273,ACC099,S05,INT05,2026-02-01,completed,Commercial,Injection,2026-08-31 12:00:00,2026-08-31 18:00:00
ROW0005374,REF005374,ACC042,S03,INT03,2025-05-31,complete,Traditional Medicare,Injection,2026-08-31 12:00:00,2026-08-31 18:00:00
ROW0005806,REF005806,ACC023,S02,INT02,2026-02-12,complete,Commercial,Other outpatient,2026-08-31 12:00:00,2026-08-31 18:00:00
ROW0005882,REF005882,ACC028,S02,INT02,2025-12-27,complete,Medicaid,Infusion,2026-08-31 12:00:00,2026-08-31 18:00:00
ROW0000916,REF000916,ACC014,S01,INT01,2026-03-31,VISIT COMPLETE,Other,Infusion,2026-08-31 12:00:00,2026-08-31 18:00:00
ROW0005934,REF005934,ACC030,S02,INT02,2025-05-09,complete,Commercial,Injection,2026-08-31 12:00:00,2026-08-31 18:00:00
ROW0004573,REF004573,ACC052,S03,INT03,2026-01-06,completed,Commercial,Infusion,2026-08-31 12:00:00,2026-08-31 18:00:00
ROW0006237,REF000507,ACC021,S02,INT02,2026-01-31,VISIT COMPLETE,Traditional Medicare,Infusion,2026-08-31 12:00:00,2026-08-31 19:00:00
ROW0002931,REF002931,ACC086,S05,INT05,2025-09-18,completed,Other,Infusion,2026-08-31 12:00:00,2026-08-31 18:00:00
ROW0005290,REF005290,ACC116,S06,INT06,2026-08-23,review,Commercial,Infusion,2026-08-31 12:00:00,2026-08-31 18:00:00
ROW0004965,REF004965,ACC113,S06,INT06,2025-08-26,complete,Medicare Advantage,Infusion,2026-08-31 12:00:00,2026-08-31 18:00:00
ROW0003343,REF003343,ACC114,S06,INT06,2026-07-24,cancelled,Medicaid,Infusion,2026-08-31 12:00:00,2026-08-31 18:00:00
ROW0002204,REF002204,ACC093,S05,INT05,2026-04-10,VISIT COMPLETE,Medicare Advantage,Infusion,2026-08-31 12:00:00,2026-08-31 18:00:00
ROW0005994,REF005994,ACC070,S04,INT04,2026-07-10,complete,Commercial,Infusion,2026-08-31 12:00:00,2026-08-31 18:00:00
ROW0002851,REF002851,ACC015,S01,INT01,2025-12-05,VISIT COMPLETE,Medicare Advantage,Infusion,2026-08-31 12:00:00,2026-08-31 18:00:00
ROW0004581,REF004581,ACC073,S04,INT04,2025-09-25,complete,Medicare Advantage,Infusion,2026-08-31 12:00:00,2026-08-31 18:00:00
ROW0005535,REF005535,ACC011,S01,INT01,2025-05-02,complete,Medicare Advantage,Other outpatient,2026-08-31 12:00:00,2026-08-31 18:00:00
ROW0005150,REF005150,ACC050,S07,INT07,2025-11-20, NEW ,Medicare Advantage,Infusion,2026-08-31 12:00:00,2026-08-31 18:00:00
ROW0003605,REF003605,ACC028,S02,INT02,2025-05-18,ready to schedule,Commercial,Infusion,2026-08-31 12:00:00,2026-08-31 18:00:00
ROW0001439,REF001439,ACC085,S05,INT05,2025-09-29,VISIT COMPLETE,Commercial,Infusion,2026-08-31 12:00:00,2026-08-31 18:00:00
ROW0000473,REF000473,ACC047,S07,INT07,2026-03-28,completed,Traditional Medicare,Injection,2026-08-31 12:00:00,2026-08-31 18:00:00
ROW0003909,REF003909,ACC021,S02,INT02,2025-02-27,CLOSED - NO VISIT,Commercial,Injection,2026-08-31 12:00:00,2026-08-31 18:00:00
ROW0004640,REF004640,ACC077,S04,INT04,2026-06-13,VISIT COMPLETE,Medicare Advantage,Infusion,2026-08-31 12:00:00,2026-08-31 18:00:00
ROW0002714,REF002714,ACC020,S01,INT01,2025-08-21,review,Commercial,Infusion,2026-08-31 12:00:00,2026-08-31 18:00:00
ROW0000677,REF000677,ACC022,S02,INT02,2026-03-11,completed,Commercial,Infusion,2026-08-31 12:00:00,2026-08-31 18:00:00
ROW0003504,REF003504,ACC053,S03,INT03,2026-07-21,completed,Commercial,Infusion,2026-08-31 12:00:00,2026-08-31 18:00:00
ROW0004115,REF004115,ACC087,S05,INT05,2026-05-16,VISIT COMPLETE,Traditional Medicare,Infusion,2026-08-31 12:00:00,2026-08-31 18:00:00
ROW0002424,REF002424,ACC030,S02,INT02,2025-03-09,completed,Medicaid,Injection,2026-08-31 12:00:00,2026-08-31 18:00:00
ROW0001895,REF001895,ACC035,S02,INT02,2026-02-24,complete,Medicaid,Infusion,2026-08-31 12:00:00,2026-08-31 18:00:00
ROW0004121,REF004121,ACC012,S01,INT01,2026-03-24,completed,Commercial,Infusion,2026-08-31 12:00:00,2026-08-31 18:00:00
ROW0005021,REF005021,ACC049,S03,INT03,2026-08-15,In Review,Traditional Medicare,Infusion,2026-08-31 12:00:00,2026-08-31 18:00:00
ROW0000336,REF000336,ACC023,S02,INT02,2025-03-14,completed,Medicare Advantage,Infusion,2026-08-31 12:00:00,2026-08-31 18:00:00
ROW0001738,REF001738,ACC094,S05,INT05,2026-04-20,complete,Traditional Medicare,Injection,2026-08-31 12:00:00,2026-08-31 18:00:00
ROW0003926,REF003926,ACC101,S06,INT06,2025-12-10,completed,Medicare Advantage,Infusion,2026-08-31 12:00:00,2026-08-31 18:00:00
ROW0001418,REF001418,ACC119,S08,INT08,2026-07-30, NEW ,Medicare Advantage,Infusion,2026-08-31 12:00:00,2026-08-31 18:00:00
ROW0004686,REF004686,ACC004,S01,INT01,2025-09-13,completed,Medicare Advantage,Injection,2026-08-31 12:00:00,2026-08-31 18:00:00
ROW0001044,REF001044,ACC028,S02,INT02,2026-05-21,VISIT COMPLETE,Commercial,Other outpatient,2026-08-31 12:00:00,2026-08-31 18:00:00
ROW0000207,REF000207,ACC074,S04,INT04,,Ready_to_Schedule,Medicare Advantage,Injection,2026-08-31 12:00:00,2026-08-31 18:00:00
ROW0001566,REF001566,ACC044,S03,INT03,2026-01-13,completed,Traditional Medicare,Injection,2026-08-31 12:00:00,2026-08-31 18:00:00
ROW0002604,REF002604,ACC085,S05,INT05,2025-12-27,complete,Traditional Medicare,Infusion,2026-08-31 12:00:00,2026-08-31 18:00:00
ROW0004984,REF004984,ACC102,S08,INT08,2025-04-25,CLOSED - NO VISIT,Commercial,Infusion,2026-08-31 12:00:00,2026-08-31 18:00:00
ROW0004489,REF004489,ACC015,S01,INT01,2025-01-08,complete,Medicare Advantage,Infusion,2026-08-31 12:00:00,2026-08-31 18:00:00
ROW0002451,REF002451,ACC015,S01,INT01,2025-05-25,complete,Medicare Advantage,Infusion,2026-08-31 12:00:00,2026-08-31 18:00:00
ROW0000240,REF000240,ACC064,S04,INT04,2026-04-07,in_review,Traditional Medicare,Infusion,2026-08-31 12:00:00,2026-08-31 18:00:00
ROW0002097,REF002097,ACC054,S07,INT07,2026-01-26,completed,Medicare Advantage,Infusion,2026-08-31 12:00:00,2026-08-31 18:00:00
ROW0003819,REF003819,ACC007,S01,INT01,2026-04-27,cancelled,Traditional Medicare,Infusion,2026-08-31 12:00:00,2026-08-31 18:00:00
ROW0005491,REF005491,ACC025,S02,INT02,2026-01-06, NEW ,Medicare Advantage,Other outpatient,2026-08-31 12:00:00,2026-08-31 18:00:00
ROW0001808,REF001808,ACC072,S04,INT04,2026-02-19,complete,Medicare Advantage,Infusion,2026-08-31 12:00:00,2026-08-31 18:00:00
ROW0006169,REF001571,ACC065,S04,INT04,2025-10-10,VISIT COMPLETE,Traditional Medicare,Infusion,2026-08-31 12:00:00,2026-08-31 19:00:00
ROW0002914,REF002914,ACC119,S06,INT06,2026-07-30,completed,Medicare Advantage,Infusion,2026-08-31 12:00:00,2026-08-31 18:00:00
ROW0001642,REF001642,ACC060,S03,INT03,2026-06-26,complete,Medicaid,Injection,2026-08-31 12:00:00,2026-08-31 18:00:00
ROW0002912,REF002912,ACC074,S04,INT04,2025-07-24,completed,Commercial,Injection,2026-08-31 12:00:00,2026-08-31 18:00:00
ROW0002554,REF002554,ACC087,S05,INT05,2025-11-30,complete,Commercial,Infusion,2026-08-31 12:00:00,2026-08-31 18:00:00
ROW0005486,REF005486,ACC115,S08,,2026-08-15,scheduled,Commercial,Injection,2026-08-31 12:00:00,2026-08-31 18:00:00
ROW0000137,REF000137,ACC021,S02,INT02,2025-09-19,VISIT COMPLETE,Commercial,Injection,2026-08-31 12:00:00,2026-08-31 18:00:00
ROW0001628,REF001628,ACC084,S05,INT05,2026-03-03,complete,Other,Infusion,2026-08-31 12:00:00,2026-08-31 18:00:00
ROW0000419,REF000419,ACC089,S05,INT05,2025-04-06,completed,Traditional Medicare,Injection,2026-08-31 12:00:00,2026-08-31 18:00:00
ROW0004409,REF004409,ACC018,S01,INT01,2026-06-08,complete,Medicare Advantage,Infusion,2026-08-31 12:00:00,2026-08-31 18:00:00
ROW0006256,REF004434,ACC087,S05,INT05,2025-10-30,complete,Commercial,Injection,2026-08-31 12:00:00,2026-08-31 19:00:00
ROW0002018,REF002018,ACC058,S03,INT03,2026-08-29, NEW ,Traditional Medicare,Infusion,2026-08-31 12:00:00,2026-08-31 18:00:00
ROW0004178,REF004178,ACC062,S04,INT04,2025-02-08,complete,Medicare Advantage,Infusion,2026-08-31 12:00:00,2026-08-31 18:00:00
ROW0005293,REF005293,ACC095,S05,INT05,2026-02-28,received,Commercial,Injection,2026-08-31 12:00:00,2026-08-31 18:00:00
ROW0000550,REF000550,ACC011,S01,INT01,2025-01-07,complete,Commercial,Infusion,2026-08-31 12:00:00,2026-08-31 18:00:00
ROW0005136,REF005136,ACC028,S02,INT02,2025-08-22,VISIT COMPLETE,Medicare Advantage,Infusion,2026-08-31 12:00:00,2026-08-31 18:00:00
ROW0002699,REF002699,ACC008,S01,INT01,2025-03-03,completed,Traditional Medicare,Infusion,2026-08-31 12:00:00,2026-08-31 18:00:00
ROW0002871,REF002871,ACC008,S01,INT01,2026-01-19,VISIT COMPLETE,Commercial,Infusion,2026-08-31 12:00:00,2026-08-31 18:00:00
ROW0005392,REF005392,ACC016,S01,INT01,2025-11-05,complete,Medicare Advantage,Infusion,2026-08-31 12:00:00,2026-08-31 18:00:00
ROW0003134,REF003134,ACC075,S04,INT04,2026-05-15,complete,Medicare Advantage,Infusion,2026-08-31 12:00:00,2026-08-31 18:00:00
ROW0003881,REF003881,ACC077,S04,INT04,2025-05-15,closed,Traditional Medicare,Injection,2026-08-31 12:00:00,2026-08-31 18:00:00
ROW0001962,REF001962,ACC070,S04,INT04,2025-09-21,completed,Commercial,Infusion,2026-08-31 12:00:00,2026-08-31 18:00:00
ROW0005019,REF005019,ACC067,S04,INT04,2025-06-01,complete,Commercial,Injection,2026-08-31 12:00:00,2026-08-31 18:00:00
ROW0004532,REF004532,ACC067,S04,INT04,2025-04-18,CLOSED - NO VISIT,Medicaid,Other outpatient,2026-08-31 12:00:00,2026-08-31 18:00:00
ROW0004797,REF004797,ACC015,S01,INT01,2026-06-04,completed,Medicaid,Injection,2026-08-31 12:00:00,2026-08-31 18:00:00
ROW0002392,REF002392,ACC081,S05,INT05,2026-03-10,VISIT COMPLETE,Other,Infusion,2026-08-31 12:00:00,2026-08-31 18:00:00
ROW0005324,REF005324,ACC011,S01,INT01,2025-07-29,complete,Medicare Advantage,Other outpatient,2026-08-31 12:00:00,2026-08-31 18:00:00
ROW0000984,REF000984,ACC061,S04,INT04,2025-09-05,complete,Commercial,Injection,2026-08-31 12:00:00,2026-08-31 18:00:00
ROW0002632,REF002632,ACC074,S04,INT04,2025-04-24,complete,Traditional Medicare,Infusion,2026-08-31 12:00:00,2026-08-31 18:00:00
ROW0004317,REF004317,ACC089,S05,INT05,2025-10-08,complete,Commercial,Injection,2026-08-31 12:00:00,2026-08-31 18:00:00
ROW0003675,REF003675,ACC065,S04,INT04,2026-04-02,review,Other,Infusion,2026-08-31 12:00:00,2026-08-31 18:00:00
ROW0000423,REF000423,ACC074,S04,INT04,2025-05-10,CLOSED - NO VISIT,Medicare Advantage,Infusion,2026-08-31 12:00:00,2026-08-31 18:00:00
ROW0001213,REF001213,ACC006,S01,INT01,2026-07-19,ready,Commercial,Injection,2026-08-31 12:00:00,2026-08-31 18:00:00
ROW0003465,REF003465,ACC011,S01,INT01,2025-06-16,complete,Traditional Medicare,Infusion,2026-08-31 12:00:00,2026-08-31 18:00:00
ROW0004560,REF004560,ACC025,S02,INT02,2025-05-20,VISIT COMPLETE,Traditional Medicare,Infusion,2026-08-31 12:00:00,2026-08-31 18:00:00
ROW0002461,REF002461,ACC100,S05,INT05,2026-04-06,VISIT COMPLETE,Commercial,Infusion,2026-08-31 12:00:00,2026-08-31 18:00:00
ROW0005851,REF005851,ACC063,S04,INT04,,Ready_to_Schedule,Medicare Advantage,Infusion,2026-08-31 12:00:00,2026-08-31 18:00:00
ROW0003171,REF003171,ACC048,S07,INT07,2026-02-19,completed,Commercial,Infusion,2026-08-31 12:00:00,2026-08-31 18:00:00
ROW0002807,REF002807,ACC037,S02,INT02,2026-08-06,CLOSED - NO VISIT,Commercial,Injection,2026-08-31 12:00:00,2026-08-31 18:00:00
ROW0005638,REF005638,ACC006,S01,INT01,2026-08-03,Received,Medicare Advantage,Infusion,2026-08-31 12:00:00,2026-08-31 18:00:00
ROW0003906,REF003906,ACC034,S02,INT02,2026-03-11,complete,Commercial,Infusion,2026-08-31 12:00:00,2026-08-31 18:00:00
ROW0000859,REF000859,ACC081,S05,INT05,,in_review,Commercial,Infusion,2026-08-31 12:00:00,2026-08-31 18:00:00
ROW0005366,REF005366,ACC037,S02,INT02,2025-02-22,complete,Medicare Advantage,Other outpatient,2026-08-31 12:00:00,2026-08-31 18:00:00
ROW0005814,REF005814,ACC047,S07,INT07,2026-02-20,completed,Traditional Medicare,Injection,2026-08-31 12:00:00,2026-08-31 18:00:00
ROW0005581,REF005581,ACC041,S07,INT07,2026-06-12,complete,Other,Infusion,2026-08-31 12:00:00,2026-08-31 18:00:00
ROW0005709,REF005709,ACC072,S04,INT04,2025-04-18,completed,Traditional Medicare,Infusion,2026-08-31 12:00:00,2026-08-31 18:00:00
ROW0002267,REF002267,ACC031,S02,INT02,2025-10-12,cancelled,Medicaid,Infusion,2026-08-31 12:00:00,2026-08-31 18:00:00
ROW0003109,REF003109,ACC072,S04,INT04,2025-10-21,complete,Commercial,Injection,2026-08-31 12:00:00,2026-08-31 18:00:00
ROW0001551,REF001551,ACC116,S06,INT06,2025-11-13,complete,Commercial,Infusion,2026-08-31 12:00:00,2026-08-31 18:00:00
ROW0001567,REF001567,ACC061,S04,INT04,2025-05-06,closed,Other,Injection,2026-08-31 12:00:00,2026-08-31 18:00:00
ROW0000954,REF000954,ACC065,S04,INT04,2026-07-27,VISIT COMPLETE,Commercial,Infusion,2026-08-31 12:00:00,2026-08-31 18:00:00
ROW0003397,REF003397,ACC014,S01,INT01,2025-08-26,In Review,Traditional Medicare,Injection,2026-08-31 12:00:00,2026-08-31 18:00:00
ROW0000504,REF000504,ACC062,S04,INT04,2025-12-08,VISIT COMPLETE,Medicare Advantage,Other outpatient,2026-08-31 12:00:00,2026-08-31 18:00:00
ROW0001589,REF001589,ACC038,S02,INT02,2026-04-17,closed,Medicare Advantage,Infusion,2026-08-31 12:00:00,2026-08-31 18:00:00
ROW0002927,REF002927,ACC114,S06,INT06,2025-11-03,complete,Commercial,Infusion,2026-08-31 12:00:00,2026-08-31 18:00:00
ROW0006255,REF002338,ACC010,S01,INT01,2025-06-28,VISIT COMPLETE,Medicare Advantage,Injection,2026-08-31 12:00:00,2026-08-31 19:00:00
ROW0003742,REF003742,ACC062,S04,INT04,2025-09-03,VISIT COMPLETE,Medicare Advantage,Infusion,2026-08-31 12:00:00,2026-08-31 18:00:00
ROW0001827,REF001827,ACC010,S01,INT01,2026-08-01,scheduled,Medicaid,Injection,2026-08-31 12:00:00,2026-08-31 18:00:00
ROW0002865,REF002865,ACC065,S04,INT04,2025-12-24,in_review,Traditional Medicare,Infusion,2026-08-31 12:00:00,2026-08-31 18:00:00
ROW0000868,REF000868,ACC030,S02,INT02,2025-03-09,completed,Traditional Medicare,Infusion,2026-08-31 12:00:00,2026-08-31 18:00:00
ROW0004513,REF004513,ACC073,S04,INT04,2025-06-05,complete,Commercial,Injection,2026-08-31 12:00:00,2026-08-31 18:00:00
ROW0001499,REF001499,ACC089,S05,INT05,2026-02-28,completed,Medicare Advantage,Infusion,2026-08-31 12:00:00,2026-08-31 18:00:00
ROW0004303,REF004303,ACC082,S05,INT05,2025-12-01,completed,Medicare Advantage,Infusion,2026-08-31 12:00:00,2026-08-31 18:00:00
ROW0003406,REF003406,ACC031,S02,INT02,2026-02-12,complete,Medicaid,Injection,2026-08-31 12:00:00,2026-08-31 18:00:00
ROW0000913,REF000913,ACC120,S06,INT06,2026-08-13, SCHED ,Medicare Advantage,Infusion,2026-08-31 12:00:00,2026-08-31 18:00:00
ROW0003280,REF003280,ACC037,S02,INT02,2026-08-28, NEW ,Commercial,Other outpatient,2026-08-31 12:00:00,2026-08-31 18:00:00
ROW0006228,REF003701,ACC015,S01,INT01,2026-03-13,completed,Traditional Medicare,Infusion,2026-08-31 12:00:00,2026-08-31 19:00:00
ROW0001399,REF001399,ACC064,S04,INT04,,CLOSED - NO VISIT,Medicare Advantage,Injection,2026-08-31 12:00:00,2026-08-31 18:00:00
ROW0002135,REF002135,ACC025,S02,INT02,2026-06-16,VISIT COMPLETE,Commercial,Infusion,2026-08-31 12:00:00,2026-08-31 18:00:00
ROW0003482,REF003482,ACC032,S02,INT02,2026-07-06,closed,Medicaid,Other outpatient,2026-08-31 12:00:00,2026-08-31 18:00:00
ROW0003133,REF003133,ACC104,S06,INT06,2025-09-10,complete,Other,Infusion,2026-08-31 12:00:00,2026-08-31 18:00:00
ROW0001787,REF001787,ACC072,S04,INT04,2026-06-12,completed,Commercial,Injection,2026-08-31 12:00:00,2026-08-31 18:00:00
ROW0003384,REF003384,ACC033,S02,INT02,2026-05-28,VISIT COMPLETE,Traditional Medicare,Infusion,2026-08-31 12:00:00,2026-08-31 18:00:00
ROW0005368,REF005368,ACC099,S05,INT05,2025-11-20,VISIT COMPLETE,Other,Infusion,2026-08-31 12:00:00,2026-08-31 18:00:00
ROW0002922,REF002922,ACC062,S04,INT04,2025-06-05,cancelled,Commercial,Other outpatient,2026-08-31 12:00:00,2026-08-31 18:00:00
ROW0006152,REF000877,ACC080,S04,INT04,2025-07-16, NEW ,Medicaid,Injection,2026-08-31 12:00:00,2026-08-31 19:00:00
ROW0001259,REF001259,ACC008,S01,INT01,2026-05-15,VISIT COMPLETE,Traditional Medicare,Infusion,2026-08-31 12:00:00,2026-08-31 18:00:00
ROW0006275,REF005596,ACC039,S02,INT02,2025-09-13,complete,Medicare Advantage,Injection,2026-08-31 12:00:00,2026-08-31 19:00:00
ROW0001848,REF001848,ACC042,S03,INT03,2026-05-25,complete,Commercial,Infusion,2026-08-31 12:00:00,2026-08-31 18:00:00
ROW0002734,REF002734,ACC086,S05,INT05,2025-08-12, NEW ,Traditional Medicare,Injection,2026-08-31 12:00:00,2026-08-31 18:00:00
ROW0001780,REF001780,ACC085,S05,INT05,2026-05-06,ready,Commercial,Injection,2026-08-31 12:00:00,2026-08-31 18:00:00
ROW0005665,REF005665,ACC008,S01,INT01,2025-12-27,VISIT COMPLETE,Traditional Medicare,Infusion,2026-08-31 12:00:00,2026-08-31 18:00:00
ROW0006227,REF003435,ACC050,S07,INT07,2025-12-13,complete,Traditional Medicare,Other outpatient,2026-08-31 12:00:00,2026-08-31 19:00:00
ROW0001122,REF001122,ACC024,S02,INT02,2026-07-12,completed,Other,Injection,2026-08-31 12:00:00,2026-08-31 18:00:00
ROW0003900,REF003900,ACC008,S01,INT01,2025-02-14,completed,Medicare Advantage,Injection,2026-08-31 12:00:00,2026-08-31 18:00:00
ROW0005128,REF005128,ACC007,S01,INT01,2026-07-02,complete,Commercial,Injection,2026-08-31 12:00:00,2026-08-31 18:00:00
ROW0000898,REF000898,ACC026,S02,INT02,2026-06-21,complete,Commercial,Infusion,2026-08-31 12:00:00,2026-08-31 18:00:00
ROW0001068,REF001068,ACC054,S03,INT03,2026-02-07,complete,Medicare Advantage,Infusion,2026-08-31 12:00:00,2026-08-31 18:00:00
ROW0005940,REF005940,ACC001,S01,INT01,2026-04-03,VISIT COMPLETE,Commercial,Injection,2026-08-31 12:00:00,2026-08-31 18:00:00
ROW0003312,REF003312,ACC107,S06,INT06,2026-05-22,complete,Medicaid,Infusion,2026-08-31 12:00:00,2026-08-31 18:00:00
ROW0002932,REF002932,ACC026,S02,INT02,2026-08-01,booked,Medicare Advantage,Infusion,2026-08-31 12:00:00,2026-08-31 18:00:00
ROW0002876,REF002876,ACC047,S03,INT03,2025-02-26,VISIT COMPLETE,Medicare Advantage,Injection,2026-08-31 12:00:00,2026-08-31 18:00:00
ROW0004643,REF004643,ACC011,S01,INT01,2026-04-18,completed,Medicare Advantage,Infusion,2026-08-31 12:00:00,2026-08-31 18:00:00
ROW0003575,REF003575,ACC097,S05,INT05,2025-06-27,completed,Commercial,Injection,2026-08-31 12:00:00,2026-08-31 18:00:00
ROW0004544,REF004544,ACC100,S05,INT05,2026-07-15,complete,Commercial,Infusion,2026-08-31 12:00:00,2026-08-31 18:00:00
ROW0004827,REF004827,ACC119,S08,INT08,2025-06-21,VISIT COMPLETE,Commercial,Other outpatient,2026-08-31 12:00:00,2026-08-31 18:00:00
ROW0006113,REF005839,ACC054,S07,INT07,2026-06-12,complete,Medicare Advantage,Infusion,2026-08-31 12:00:00,2026-08-31 19:00:00
ROW0003669,REF003669,ACC056,S07,INT07,2025-01-16,Ready_to_Schedule,Other,Infusion,2026-08-31 12:00:00,2026-08-31 18:00:00
ROW0003237,REF003237,ACC042,S03,INT03,2025-05-11,complete,Traditional Medicare,Injection,2026-08-31 12:00:00,2026-08-31 18:00:00
ROW0005070,REF005070,ACC007,S01,INT01,2025-08-30,completed,Medicare Advantage,Infusion,2026-08-31 12:00:00,2026-08-31 18:00:00
ROW0005111,REF005111,ACC005,S01,INT01,2026-03-31,closed,Commercial,Injection,2026-08-31 12:00:00,2026-08-31 18:00:00
ROW0003076,REF003076,ACC071,S04,INT04,2025-03-03,completed,Commercial,Infusion,2026-08-31 12:00:00,2026-08-31 18:00:00
ROW0000200,REF000200,ACC047,S03,INT03,2025-08-22,in_review,Medicare Advantage,Infusion,2026-08-31 12:00:00,2026-08-31 18:00:00
ROW0003269,REF003269,ACC007,S01,INT01,2026-01-21,completed,Medicare Advantage,Infusion,2026-08-31 12:00:00,2026-08-31 18:00:00
ROW0003642,REF003642,ACC008,S01,INT01,2026-08-21,Ready_to_Schedule,Traditional Medicare,Infusion,2026-08-31 12:00:00,2026-08-31 18:00:00
ROW0001182,REF001182,ACC085,S05,INT05,2025-10-28,complete,Commercial,Injection,2026-08-31 12:00:00,2026-08-31 18:00:00
ROW0005792,REF005792,ACC097,S05,INT05,2026-06-20,complete,Medicare Advantage,Injection,2026-08-31 12:00:00,2026-08-31 18:00:00
ROW0003941,REF003941,ACC071,S04,INT04,2026-02-06,complete,Commercial,Injection,2026-08-31 12:00:00,2026-08-31 18:00:00
ROW0000099,REF000099,ACC040,S02,INT02,2026-08-30,Received,Commercial,Other outpatient,2026-08-31 12:00:00,2026-08-31 18:00:00
ROW0002290,REF002290,ACC001,S01,INT01,2025-11-08,VISIT COMPLETE,Medicare Advantage,Infusion,2026-08-31 12:00:00,2026-08-31 18:00:00
ROW0001211,REF001211,ACC062,S04,,2025-07-30,cancelled,Commercial,Infusion,2026-08-31 12:00:00,2026-08-31 18:00:00
ROW0005974,REF005974,ACC085,S05,INT05,2026-05-13,CLOSED - NO VISIT,Commercial,Injection,2026-08-31 12:00:00,2026-08-31 18:00:00
ROW0003092,REF003092,ACC046,S03,INT03,2025-02-15,completed,Traditional Medicare,Injection,2026-08-31 12:00:00,2026-08-31 18:00:00
ROW0004163,REF004163,ACC078,S04,INT04,2026-06-19,VISIT COMPLETE,Medicare Advantage,Infusion,2026-08-31 12:00:00,2026-08-31 18:00:00
ROW0003183,REF003183,ACC075,S04,INT04,2026-04-26,VISIT COMPLETE,Traditional Medicare,Infusion,2026-08-31 12:00:00,2026-08-31 18:00:00
ROW0000460,REF000460,ACC013,S01,INT01,2026-07-09,completed,Commercial,Infusion,2026-08-31 12:00:00,2026-08-31 18:00:00
ROW0003624,REF003624,ACC012,S01,INT01,2026-08-30,received,Traditional Medicare,Infusion,2026-08-31 12:00:00,2026-08-31 18:00:00
ROW0003083,REF003083,ACC007,S01,INT01,2025-02-22,VISIT COMPLETE,Commercial,Injection,2026-08-31 12:00:00,2026-08-31 18:00:00
ROW0002162,REF002162,ACC065,S04,INT04,2026-07-07,VISIT COMPLETE,Commercial,Infusion,2026-08-31 12:00:00,2026-08-31 18:00:00
ROW0004122,REF004122,ACC041,S03,INT03,2026-08-25,in_review,Commercial,Infusion,2026-08-31 12:00:00,2026-08-31 18:00:00
ROW0003411,REF003411,ACC039,S02,INT02,2025-05-25,Ready_to_Schedule,Medicare Advantage,Infusion,2026-08-31 12:00:00,2026-08-31 18:00:00
ROW0001614,REF001614,ACC077,S04,INT04,2026-05-26,complete,Commercial,Infusion,2026-08-31 12:00:00,2026-08-31 18:00:00
ROW0002391,REF002391,ACC079,S04,INT04,2026-02-28,complete,Medicare Advantage,Infusion,2026-08-31 12:00:00,2026-08-31 18:00:00
ROW0000216,REF000216,ACC107,S06,INT06,2026-06-18,VISIT COMPLETE,Medicare Advantage,Infusion,2026-08-31 12:00:00,2026-08-31 18:00:00
ROW0002216,REF002216,ACC047,S03,INT03,2026-03-02,VISIT COMPLETE,Medicare Advantage,Infusion,2026-08-31 12:00:00,2026-08-31 18:00:00
ROW0001933,REF001933,ACC034,S02,INT02,2026-05-03,VISIT COMPLETE,Medicare Advantage,Infusion,2026-08-31 12:00:00,2026-08-31 18:00:00
ROW0002687,REF002687,ACC070,S04,INT04,2025-01-18,VISIT COMPLETE,Commercial,Infusion,2026-08-31 12:00:00,2026-08-31 18:00:00
ROW0005988,REF005988,ACC010,S01,INT01,2025-04-16,VISIT COMPLETE,Medicare Advantage,Infusion,2026-08-31 12:00:00,2026-08-31 18:00:00
ROW0005966,REF005966,ACC052,S03,INT03,2026-05-25,Ready_to_Schedule,Commercial,Infusion,2026-08-31 12:00:00,2026-08-31 18:00:00
ROW0002307,REF002307,ACC010,S01,INT01,2025-01-18,completed,Medicare Advantage,Other outpatient,2026-08-31 12:00:00,2026-08-31 18:00:00
ROW0001187,REF001187,ACC074,S04,INT04,2026-06-22,in_review,Medicare Advantage,Injection,2026-08-31 12:00:00,2026-08-31 18:00:00
ROW0004939,REF004939,ACC116,S06,INT06,2026-07-31, SCHED ,Traditional Medicare,Infusion,2026-08-31 12:00:00,2026-08-31 18:00:00
ROW0002635,REF002635,ACC072,S04,INT04,2026-01-29,complete,Commercial,Injection,2026-08-31 12:00:00,2026-08-31 18:00:00
ROW0003686,REF003686,ACC003,S01,INT01,2025-11-17,Received,Commercial,Infusion,2026-08-31 12:00:00,2026-08-31 18:00:00
ROW0006292,REF003469,ACC028,S02,INT02,2026-01-12,cancelled,Commercial,Other outpatient,2026-08-31 12:00:00,2026-08-31 19:00:00
ROW0001596,REF001596,ACC012,S01,INT01,2025-08-27,closed,Medicare Advantage,Injection,2026-08-31 12:00:00,2026-08-31 18:00:00
ROW0005089,REF005089,ACC010,S01,INT01,2026-05-19,completed,Commercial,Injection,2026-08-31 12:00:00,2026-08-31 18:00:00
ROW0001468,REF001468,ACC064,S04,INT04,2026-02-03,completed,Commercial,Injection,2026-08-31 12:00:00,2026-08-31 18:00:00
ROW0000193,REF000193,ACC092,S05,INT05,2025-11-18,CLOSED - NO VISIT,Traditional Medicare,Injection,2026-08-31 12:00:00,2026-08-31 18:00:00
ROW0005810,REF005810,ACC031,S02,INT02,2025-06-21,complete,Commercial,Injection,2026-08-31 12:00:00,2026-08-31 18:00:00
ROW0002241,REF002241,ACC054,S03,INT03,2026-02-27,VISIT COMPLETE,Other,Injection,2026-08-31 12:00:00,2026-08-31 18:00:00
ROW0001417,REF001417,ACC079,S04,INT04,2026-01-06,complete,Medicare Advantage,Infusion,2026-08-31 12:00:00,2026-08-31 18:00:00
ROW0004767,REF004767,ACC016,S01,INT01,2026-07-28,VISIT COMPLETE,Traditional Medicare,Infusion,2026-08-31 12:00:00,2026-08-31 18:00:00
ROW0006181,REF005677,ACC020,S01,INT01,2025-04-19,completed,Traditional Medicare,Infusion,2026-08-31 12:00:00,2026-08-31 19:00:00
ROW0004762,REF004762,ACC032,S02,INT02,2026-05-26,completed,Medicare Advantage,Injection,2026-08-31 12:00:00,2026-08-31 18:00:00
ROW0003764,REF003764,ACC054,S07,INT07,2026-03-23,completed,Medicare Advantage,Injection,2026-08-31 12:00:00,2026-08-31 18:00:00
ROW0005039,REF005039,ACC099,S05,INT05,2026-02-03,completed,Medicare Advantage,Infusion,2026-08-31 12:00:00,2026-08-31 18:00:00
ROW0002487,REF002487,ACC099,S05,INT05,2025-11-22,complete,Traditional Medicare,Infusion,2026-08-31 12:00:00,2026-08-31 18:00:00
ROW0005268,REF005268,ACC014,S01,INT01,2026-04-13,completed,Medicaid,Infusion,2026-08-31 12:00:00,2026-08-31 18:00:00
ROW0005008,REF005008,ACC051,S03,INT03,2026-06-20,VISIT COMPLETE,Medicaid,Other outpatient,2026-08-31 12:00:00,2026-08-31 18:00:00
ROW0006173,REF001985,ACC086,S05,,2026-06-25,completed,Commercial,Other outpatient,2026-08-31 12:00:00,2026-08-31 19:00:00
ROW0003999,REF003999,ACC069,S04,INT04,2025-08-03,in_review,Commercial,Infusion,2026-08-31 12:00:00,2026-08-31 18:00:00
ROW0004596,REF004596,ACC117,S06,INT06,2025-05-25,VISIT COMPLETE,Commercial,Infusion,2026-08-31 12:00:00,2026-08-31 18:00:00
ROW0005729,REF005729,ACC065,S04,INT04,2025-06-13,closed,Medicaid,Infusion,2026-08-31 12:00:00,2026-08-31 18:00:00
ROW0005540,REF005540,ACC097,S05,INT05,2025-06-19,cancelled,Medicaid,Infusion,2026-08-31 12:00:00,2026-08-31 18:00:00
ROW0005385,REF005385,ACC109,S06,INT06,2025-11-12,complete,Commercial,Infusion,2026-08-31 12:00:00,2026-08-31 18:00:00
ROW0001101,REF001101,ACC035,S02,INT02,2026-06-23,completed,Medicare Advantage,Infusion,2026-08-31 12:00:00,2026-08-31 18:00:00
ROW0004934,REF004934,ACC053,S07,INT07,2026-02-07,VISIT COMPLETE,Commercial,Injection,2026-08-31 12:00:00,2026-08-31 18:00:00
ROW0004368,REF004368,ACC042,S03,INT03,2025-09-11,VISIT COMPLETE,Commercial,Infusion,2026-08-31 12:00:00,2026-08-31 18:00:00
ROW0000806,REF000806,ACC084,S05,INT05,2026-07-14,VISIT COMPLETE,Traditional Medicare,Injection,2026-08-31 12:00:00,2026-08-31 18:00:00
ROW0001645,REF001645,ACC011,S01,INT01,,closed,Traditional Medicare,Injection,2026-08-31 12:00:00,2026-08-31 18:00:00
ROW0005848,REF005848,ACC013,S01,INT01,2025-11-01,complete,Medicare Advantage,Injection,2026-08-31 12:00:00,2026-08-31 18:00:00
ROW0001650,REF001650,ACC061,S04,INT04,2026-02-07,completed,Medicare Advantage,Infusion,2026-08-31 12:00:00,2026-08-31 18:00:00
ROW0002125,REF002125,ACC078,S04,INT04,2026-06-05,completed,Medicaid,Infusion,2026-08-31 12:00:00,2026-08-31 18:00:00
ROW0001450,REF001450,ACC110,S08,INT08,2026-03-20,VISIT COMPLETE,Traditional Medicare,Infusion,2026-08-31 12:00:00,2026-08-31 18:00:00
ROW0004886,REF004886,ACC050,S07,INT07,2025-02-04,complete,Traditional Medicare,Infusion,2026-08-31 12:00:00,2026-08-31 18:00:00
ROW0005538,REF005538,ACC033,S02,,2025-05-10,CLOSED - NO VISIT,Medicare Advantage,Infusion,2026-08-31 12:00:00,2026-08-31 18:00:00
ROW0001328,REF001328,ACC054,S07,INT07,2025-12-19,completed,Commercial,Injection,2026-08-31 12:00:00,2026-08-31 18:00:00
ROW0000355,REF000355,ACC119,S08,INT08,2025-11-28,VISIT COMPLETE,Commercial,Infusion,2026-08-31 12:00:00,2026-08-31 18:00:00
ROW0001051,REF001051,ACC040,S02,INT02,2026-06-11,complete,Medicare Advantage,Injection,2026-08-31 12:00:00,2026-08-31 18:00:00
ROW0004791,REF004791,ACC090,S05,INT05,2026-07-10,complete,Commercial,Injection,2026-08-31 12:00:00,2026-08-31 18:00:00
ROW0002928,REF002928,ACC051,S07,INT07,2025-04-11,VISIT COMPLETE,Medicare Advantage,Injection,2026-08-31 12:00:00,2026-08-31 18:00:00
ROW0001767,REF001767,ACC116,S06,INT06,2026-07-26,CLOSED - NO VISIT,Medicare Advantage,Injection,2026-08-31 12:00:00,2026-08-31 18:00:00
ROW0001816,REF001816,ACC059,S03,INT03,2026-05-28,complete,Commercial,Infusion,2026-08-31 12:00:00,2026-08-31 18:00:00
ROW0001407,REF001407,ACC114,S08,INT08,2025-09-17,completed,Commercial,Infusion,2026-08-31 12:00:00,2026-08-31 18:00:00
ROW0005074,REF005074,ACC059,S07,INT07,2025-02-21,complete,Medicare Advantage,Injection,2026-08-31 12:00:00,2026-08-31 18:00:00
ROW0004801,REF004801,ACC007,S01,INT01,2026-08-26,In Review,Commercial,Infusion,2026-08-31 12:00:00,2026-08-31 18:00:00
ROW0004128,REF004128,ACC021,S02,INT02,2025-02-04,complete,Medicare Advantage,Injection,2026-08-31 12:00:00,2026-08-31 18:00:00
ROW0003706,REF003706,ACC062,S04,INT04,2025-05-28,completed,Commercial,Other outpatient,2026-08-31 12:00:00,2026-08-31 18:00:00
ROW0004290,REF004290,ACC076,S04,INT04,2025-07-23,complete,Commercial,Infusion,2026-08-31 12:00:00,2026-08-31 18:00:00
ROW0005130,REF005130,ACC099,S05,INT05,2026-06-29,completed,Medicare Advantage,Injection,2026-08-31 12:00:00,2026-08-31 18:00:00
ROW0004644,REF004644,ACC038,S02,INT02,2025-02-22,complete,Commercial,Infusion,2026-08-31 12:00:00,2026-08-31 18:00:00
ROW0001208,REF001208,ACC018,S01,INT01,2026-07-19,complete,Commercial,Injection,2026-08-31 12:00:00,2026-08-31 18:00:00
ROW0005407,REF005407,ACC120,S08,INT08,2026-01-04,CLOSED - NO VISIT,Commercial,Infusion,2026-08-31 12:00:00,2026-08-31 18:00:00
ROW0002567,REF002567,ACC015,S01,INT01,2025-07-15,ready to schedule,Medicare Advantage,Infusion,2026-08-31 12:00:00,2026-08-31 18:00:00
ROW0005917,REF005917,ACC004,S01,INT01,2026-08-10,ready,Medicaid,Injection,2026-08-31 12:00:00,2026-08-31 18:00:00
ROW0000230,REF000230,ACC058,S03,INT03,2026-01-07,VISIT COMPLETE,Commercial,Other outpatient,2026-08-31 12:00:00,2026-08-31 18:00:00
ROW0000160,REF000160,ACC034,S02,INT02,2025-08-07, NEW ,Medicare Advantage,Infusion,2026-08-31 12:00:00,2026-08-31 18:00:00
ROW0004653,REF004653,ACC004,S01,INT01,2026-08-16,Ready_to_Schedule,Traditional Medicare,Injection,2026-08-31 12:00:00,2026-08-31 18:00:00
ROW0001591,REF001591,ACC116,S08,INT08,2025-03-10,cancelled,Medicare Advantage,Infusion,2026-08-31 12:00:00,2026-08-31 18:00:00
ROW0004955,REF004955,ACC035,S02,INT02,2025-02-03,closed,Traditional Medicare,Infusion,2026-08-31 12:00:00,2026-08-31 18:00:00
ROW0002956,REF002956,ACC035,S02,INT02,2026-04-10,complete,Medicare Advantage,Injection,2026-08-31 12:00:00,2026-08-31 18:00:00
ROW0003483,REF003483,ACC048,S03,INT03,2025-02-23,closed,Commercial,Injection,2026-08-31 12:00:00,2026-08-31 18:00:00
ROW0000975,REF000975,ACC072,S04,INT04,2026-08-19,ready,Commercial,Injection,2026-08-31 12:00:00,2026-08-31 18:00:00
ROW0003854,REF003854,ACC102,S08,INT08,2025-09-27,closed,Medicaid,Infusion,2026-08-31 12:00:00,2026-08-31 18:00:00
ROW0004218,REF004218,ACC012,S01,INT01,2026-01-02,CLOSED - NO VISIT,Medicare Advantage,Other outpatient,2026-08-31 12:00:00,2026-08-31 18:00:00
ROW0002594,REF002594,ACC111,S08,INT08,2026-01-17,complete,Commercial,Infusion,2026-08-31 12:00:00,2026-08-31 18:00:00
ROW0002215,REF002215,ACC010,S01,INT01,2025-07-03,complete,Commercial,Infusion,2026-08-31 12:00:00,2026-08-31 18:00:00
ROW0004032,REF004032,ACC061,S04,INT04,2026-08-12,ready,Medicaid,Infusion,2026-08-31 12:00:00,2026-08-31 18:00:00
ROW0005253,REF005253,ACC025,S02,INT02,2026-04-28,In Review,Medicare Advantage,Infusion,2026-08-31 12:00:00,2026-08-31 18:00:00
ROW0005165,REF005165,ACC054,S03,,2026-08-06,scheduled,Commercial,Infusion,2026-08-31 12:00:00,2026-08-31 18:00:00
ROW0001162,REF001162,ACC057,S07,INT07,2025-04-02,completed,Medicare Advantage,Injection,2026-08-31 12:00:00,2026-08-31 18:00:00
ROW0002476,REF002476,ACC032,S02,INT02,2025-12-13,cancelled,Medicare Advantage,Injection,2026-08-31 12:00:00,2026-08-31 18:00:00
ROW0004117,REF004117,ACC015,S01,INT01,2025-08-08,complete,Commercial,Injection,2026-08-31 12:00:00,2026-08-31 18:00:00
ROW0002291,REF002291,ACC025,S02,INT02,2025-04-04,received,Medicare Advantage,Injection,2026-08-31 12:00:00,2026-08-31 18:00:00
ROW0001517,REF001517,ACC032,S02,INT02,2025-03-08,cancelled,Commercial,Other outpatient,2026-08-31 12:00:00,2026-08-31 18:00:00
ROW0001733,REF001733,ACC008,S01,INT01,2025-05-28,VISIT COMPLETE,Medicare Advantage,Infusion,2026-08-31 12:00:00,2026-08-31 18:00:00
ROW0004750,REF004750,ACC011,S01,INT01,2026-07-31,scheduled,Medicare Advantage,Infusion,2026-08-31 12:00:00,2026-08-31 18:00:00
ROW0000845,REF000845,ACC095,S05,INT05,2026-06-22,VISIT COMPLETE,Traditional Medicare,Infusion,2026-08-31 12:00:00,2026-08-31 18:00:00
ROW0004718,REF004718,ACC004,S01,INT01,2025-02-06,complete,Commercial,Infusion,2026-08-31 12:00:00,2026-08-31 18:00:00
ROW0002559,REF002559,ACC105,S08,INT08,2025-03-11,complete,Traditional Medicare,Injection,2026-08-31 12:00:00,2026-08-31 18:00:00
ROW0000380,REF000380,ACC020,S01,INT01,2026-04-02,VISIT COMPLETE,Medicare Advantage,Infusion,2026-08-31 12:00:00,2026-08-31 18:00:00
ROW0000417,REF000417,ACC073,S04,INT04,2026-06-07,complete,Medicaid,Infusion,2026-08-31 12:00:00,2026-08-31 18:00:00
ROW0004666,REF004666,ACC116,S08,INT08,2025-10-05,complete,Commercial,Infusion,2026-08-31 12:00:00,2026-08-31 18:00:00
ROW0006192,REF001124,ACC048,S03,INT03,2025-09-28,completed,Medicare Advantage,Injection,2026-08-31 12:00:00,2026-08-31 19:00:00
ROW0004828,REF004828,ACC041,S07,INT07,2025-05-29,completed,Medicare Advantage,Infusion,2026-08-31 12:00:00,2026-08-31 18:00:00
ROW0001310,REF001310,ACC108,S06,INT06,2025-12-27,complete,Medicare Advantage,Infusion,2026-08-31 12:00:00,2026-08-31 18:00:00
ROW0005886,REF005886,ACC044,S07,INT07,2026-07-09,Received,Medicaid,Injection,2026-08-31 12:00:00,2026-08-31 18:00:00
ROW0003325,REF003325,ACC058,S07,INT07,2025-04-08,complete,Medicare Advantage,Infusion,2026-08-31 12:00:00,2026-08-31 18:00:00
ROW0004198,REF004198,ACC084,S05,INT05,2025-09-27,complete,Commercial,Infusion,2026-08-31 12:00:00,2026-08-31 18:00:00
ROW0000956,REF000956,ACC057,S03,INT03,2026-07-04,VISIT COMPLETE,Commercial,Other outpatient,2026-08-31 12:00:00,2026-08-31 18:00:00
ROW0001746,REF001746,ACC099,S05,INT05,2026-04-18,completed,Traditional Medicare,Other outpatient,2026-08-31 12:00:00,2026-08-31 18:00:00
ROW0003156,REF003156,ACC037,S02,INT02,2026-05-14,completed,Commercial,Injection,2026-08-31 12:00:00,2026-08-31 18:00:00
ROW0003862,REF003862,ACC035,S02,INT02,2025-12-10,VISIT COMPLETE,Traditional Medicare,Infusion,2026-08-31 12:00:00,2026-08-31 18:00:00
ROW0003087,REF003087,ACC032,S02,INT02,2025-11-15,VISIT COMPLETE,Medicare Advantage,Injection,2026-08-31 12:00:00,2026-08-31 18:00:00
ROW0003622,REF003622,ACC040,S02,INT02,2025-01-02,ready to schedule,Medicaid,Other outpatient,2026-08-31 12:00:00,2026-08-31 18:00:00
ROW0000308,REF000308,ACC097,S05,INT05,2026-01-28,complete,Commercial,Injection,2026-08-31 12:00:00,2026-08-31 18:00:00
ROW0003439,REF003439,ACC076,S04,INT04,2025-09-28,complete,Medicare Advantage,Infusion,2026-08-31 12:00:00,2026-08-31 18:00:00
ROW0006138,REF003457,ACC063,S04,INT04,2025-08-24,completed,Commercial,Infusion,2026-08-31 12:00:00,2026-08-31 19:00:00
ROW0004587,REF004587,ACC062,S04,INT04,2026-05-29,complete,Medicare Advantage,Injection,2026-08-31 12:00:00,2026-08-31 18:00:00
ROW0001826,REF001826,ACC056,S07,,2025-02-22,cancelled,Traditional Medicare,Injection,2026-08-31 12:00:00,2026-08-31 18:00:00
ROW0003855,REF003855,ACC009,S01,INT01,2026-06-08,VISIT COMPLETE,Traditional Medicare,Infusion,2026-08-31 12:00:00,2026-08-31 18:00:00
ROW0002340,REF002340,ACC033,S02,INT02,2025-02-27,VISIT COMPLETE,Commercial,Infusion,2026-08-31 12:00:00,2026-08-31 18:00:00
ROW0005196,REF005196,ACC117,S08,INT08,2025-09-02,VISIT COMPLETE,Medicare Advantage,Other outpatient,2026-08-31 12:00:00,2026-08-31 18:00:00
ROW0003060,REF003060,ACC032,S02,INT02,2026-01-03,VISIT COMPLETE,Medicare Advantage,Infusion,2026-08-31 12:00:00,2026-08-31 18:00:00
ROW0002351,REF002351,ACC062,S04,INT04,2026-08-15, SCHED ,Medicaid,Infusion,2026-08-31 12:00:00,2026-08-31 18:00:00
ROW0001061,REF001061,ACC096,S05,INT05,2025-08-23, NEW ,Medicare Advantage,Infusion,2026-08-31 12:00:00,2026-08-31 18:00:00
ROW0000617,REF000617,ACC006,S01,INT01,2025-06-05,complete,Commercial,Infusion,2026-08-31 12:00:00,2026-08-31 18:00:00
ROW0001140,REF001140,ACC047,S07,INT07,2026-02-20,VISIT COMPLETE,Medicare Advantage,Infusion,2026-08-31 12:00:00,2026-08-31 18:00:00
ROW0004141,REF004141,ACC025,S02,INT02,2026-06-09,cancelled,Medicare Advantage,Injection,2026-08-31 12:00:00,2026-08-31 18:00:00
ROW0005953,REF005953,ACC116,S08,INT08,2026-06-30,Ready_to_Schedule,Commercial,Infusion,2026-08-31 12:00:00,2026-08-31 18:00:00
ROW0005429,REF005429,ACC016,S01,INT01,2026-04-04,VISIT COMPLETE,Traditional Medicare,Injection,2026-08-31 12:00:00,2026-08-31 18:00:00
ROW0004165,REF004165,ACC096,S05,INT05,2025-03-18,VISIT COMPLETE,Commercial,Injection,2026-08-31 12:00:00,2026-08-31 18:00:00
ROW0005791,REF005791,ACC059,S07,INT07,2025-02-10,cancelled,Commercial,Injection,2026-08-31 12:00:00,2026-08-31 18:00:00
ROW0002944,REF002944,ACC025,S02,INT02,2026-06-18,VISIT COMPLETE,Traditional Medicare,Infusion,2026-08-31 12:00:00,2026-08-31 18:00:00
ROW0002319,REF002319,ACC072,S04,INT04,2025-12-20,complete,Medicare Advantage,Infusion,2026-08-31 12:00:00,2026-08-31 18:00:00
ROW0001369,REF001369,ACC084,S05,INT05,2025-10-15,completed,Medicare Advantage,Other outpatient,2026-08-31 12:00:00,2026-08-31 18:00:00
ROW0004706,REF004706,ACC096,S05,INT05,2026-08-07,closed,Commercial,Injection,2026-08-31 12:00:00,2026-08-31 18:00:00
ROW0005410,REF005410,ACC011,S01,INT01,2025-09-03,completed,Medicaid,Infusion,2026-08-31 12:00:00,2026-08-31 18:00:00
ROW0004496,REF004496,ACC095,S05,INT05,2025-10-20,in progress?,Medicaid,Infusion,2026-08-31 12:00:00,2026-08-31 18:00:00
ROW0002300,REF002300,ACC095,S05,INT05,2025-12-23,complete,Commercial,Injection,2026-08-31 12:00:00,2026-08-31 18:00:00
ROW0001717,REF001717,ACC062,S04,INT04,2025-06-19,VISIT COMPLETE,Medicare Advantage,Infusion,2026-08-31 12:00:00,2026-08-31 18:00:00
ROW0003527,REF003527,ACC027,S02,INT02,2025-06-22,CLOSED - NO VISIT,Medicare Advantage,Other outpatient,2026-08-31 12:00:00,2026-08-31 18:00:00
ROW0002499,REF002499,ACC007,S01,INT01,2026-07-24,complete,Commercial,Other outpatient,2026-08-31 12:00:00,2026-08-31 18:00:00
ROW0002068,REF002068,ACC029,S02,INT02,2025-11-27,complete,Medicare Advantage,Infusion,2026-08-31 12:00:00,2026-08-31 18:00:00
ROW0006164,REF000750,ACC054,S03,INT03,2025-07-12,complete,Medicare Advantage,Infusion,2026-08-31 12:00:00,2026-08-31 19:00:00
ROW0005203,REF005203,ACC057,S03,INT03,2025-02-26,complete,Medicare Advantage,Infusion,2026-08-31 12:00:00,2026-08-31 18:00:00
ROW0003467,REF003467,ACC053,S03,INT03,2025-02-18,cancelled,Medicare Advantage,Injection,2026-08-31 12:00:00,2026-08-31 18:00:00
ROW0000260,REF000260,ACC113,S06,INT06,2025-02-13,VISIT COMPLETE,Medicare Advantage,Injection,2026-08-31 12:00:00,2026-08-31 18:00:00
ROW0005504,REF005504,ACC100,S05,INT05,2026-01-10,complete,Medicare Advantage,Injection,2026-08-31 12:00:00,2026-08-31 18:00:00
ROW0000607,REF000607,ACC069,S04,INT04,2026-02-10,closed,Medicare Advantage,Infusion,2026-08-31 12:00:00,2026-08-31 18:00:00
ROW0000045,REF000045,ACC093,S05,INT05,2025-04-21,VISIT COMPLETE,Medicaid,Infusion,2026-08-31 12:00:00,2026-08-31 18:00:00
ROW0003211,REF003211,ACC042,S03,INT03,2025-01-12,VISIT COMPLETE,Traditional Medicare,Injection,2026-08-31 12:00:00,2026-08-31 18:00:00
ROW0003476,REF003476,ACC057,S03,INT03,2026-01-29,complete,Medicaid,Injection,2026-08-31 12:00:00,2026-08-31 18:00:00
ROW0003517,REF003517,ACC061,S04,INT04,2025-03-11,CLOSED - NO VISIT,Commercial,Injection,2026-08-31 12:00:00,2026-08-31 18:00:00
ROW0004266,REF004266,ACC004,S01,INT01,2025-12-06,completed,Medicaid,Injection,2026-08-31 12:00:00,2026-08-31 18:00:00
ROW0000515,REF000515,ACC079,S04,INT04,2025-06-04,complete,Medicaid,Infusion,2026-08-31 12:00:00,2026-08-31 18:00:00
ROW0002650,REF002650,ACC107,S06,INT06,2025-01-25,complete,Commercial,Infusion,2026-08-31 12:00:00,2026-08-31 18:00:00
ROW0004893,REF004893,ACC012,S01,INT01,2025-12-17,cancelled,Commercial,Other outpatient,2026-08-31 12:00:00,2026-08-31 18:00:00
ROW0006069,REF001757,ACC065,S04,INT04,2025-11-26,CLOSED - NO VISIT,Medicare Advantage,Infusion,2026-08-31 12:00:00,2026-08-31 19:00:00
ROW0001714,REF001714,ACC021,S02,INT02,2026-06-30,cancelled,Medicaid,Infusion,2026-08-31 12:00:00,2026-08-31 18:00:00
ROW0006093,REF001809,ACC073,S04,INT04,2026-03-02,complete,Commercial,Infusion,2026-08-31 12:00:00,2026-08-31 19:00:00
ROW0001484,REF001484,ACC116,S08,INT08,2026-06-07,VISIT COMPLETE,Traditional Medicare,Injection,2026-08-31 12:00:00,2026-08-31 18:00:00
ROW0001988,REF001988,ACC060,S07,INT07,2025-10-25,completed,Commercial,Injection,2026-08-31 12:00:00,2026-08-31 18:00:00
ROW0001054,REF001054,ACC107,S08,INT08,2025-10-11,CLOSED - NO VISIT,Medicare Advantage,Infusion,2026-08-31 12:00:00,2026-08-31 18:00:00
ROW0002623,REF002623,ACC120,S08,INT08,2025-09-20,VISIT COMPLETE,Traditional Medicare,Injection,2026-08-31 12:00:00,2026-08-31 18:00:00
ROW0005875,REF005875,ACC081,S05,INT05,2025-04-13,VISIT COMPLETE,Traditional Medicare,Injection,2026-08-31 12:00:00,2026-08-31 18:00:00
ROW0005981,REF005981,ACC027,S02,INT02,2025-06-21,completed,Medicaid,Infusion,2026-08-31 12:00:00,2026-08-31 18:00:00
ROW0000900,REF000900,ACC059,S07,INT07,2025-09-16,complete,Commercial,Infusion,2026-08-31 12:00:00,2026-08-31 18:00:00
ROW0004322,REF004322,ACC011,S01,INT01,2026-07-14,complete,Medicare Advantage,Infusion,2026-08-31 12:00:00,2026-08-31 18:00:00
ROW0001191,REF001191,ACC081,S05,INT05,2026-05-24,completed,Commercial,Infusion,2026-08-31 12:00:00,2026-08-31 18:00:00
ROW0002134,REF002134,ACC059,S03,INT03,2025-12-20,ready to schedule,Other,Infusion,2026-08-31 12:00:00,2026-08-31 18:00:00
ROW0004364,REF004364,ACC057,S03,INT03,2026-08-18,review,Medicare Advantage,Infusion,2026-08-31 12:00:00,2026-08-31 18:00:00
ROW0004490,REF004490,ACC065,S04,INT04,2026-07-01,complete,Commercial,Injection,2026-08-31 12:00:00,2026-08-31 18:00:00
ROW0003763,REF003763,ACC059,S07,INT07,2026-01-20,closed,Commercial,Infusion,2026-08-31 12:00:00,2026-08-31 18:00:00
ROW0002320,REF002320,ACC077,S04,INT04,2026-06-04,complete,Traditional Medicare,Infusion,2026-08-31 12:00:00,2026-08-31 18:00:00
ROW0004313,REF004313,ACC059,S03,INT03,2026-05-07,CLOSED - NO VISIT,Medicare Advantage,Infusion,2026-08-31 12:00:00,2026-08-31 18:00:00
ROW0000390,REF000390,ACC022,S02,INT02,2026-08-25,ready,Commercial,Infusion,2026-08-31 12:00:00,2026-08-31 18:00:00
ROW0001560,REF001560,ACC066,S04,INT04,2025-04-23,complete,Commercial,Injection,2026-08-31 12:00:00,2026-08-31 18:00:00
ROW0003740,REF003740,ACC022,S02,INT02,2025-06-25,VISIT COMPLETE,Commercial,Other outpatient,2026-08-31 12:00:00,2026-08-31 18:00:00
ROW0005272,REF005272,ACC089,S05,,2026-01-06,completed,Medicare Advantage,Injection,2026-08-31 12:00:00,2026-08-31 18:00:00
ROW0004946,REF004946,ACC048,S03,INT03,2025-02-11,complete,Other,Infusion,2026-08-31 12:00:00,2026-08-31 18:00:00
ROW0005831,REF005831,ACC093,S05,INT05,2025-05-15,closed,Medicare Advantage,Infusion,2026-08-31 12:00:00,2026-08-31 18:00:00
ROW0005703,REF005703,ACC026,S02,INT02,2026-02-23,completed,Commercial,Infusion,2026-08-31 12:00:00,2026-08-31 18:00:00
ROW0002853,REF002853,ACC001,S01,INT01,2026-07-27,VISIT COMPLETE,Medicare Advantage,Infusion,2026-08-31 12:00:00,2026-08-31 18:00:00
ROW0003569,REF003569,ACC019,S01,INT01,2026-04-04,complete,Medicare Advantage,Injection,2026-08-31 12:00:00,2026-08-31 18:00:00
ROW0004051,REF004051,ACC011,S01,INT01,2026-06-08,complete,Medicare Advantage,Infusion,2026-08-31 12:00:00,2026-08-31 18:00:00
ROW0005833,REF005833,ACC026,S02,INT02,2025-07-12,Ready_to_Schedule,Commercial,Infusion,2026-08-31 12:00:00,2026-08-31 18:00:00
ROW0005929,REF005929,ACC011,S01,INT01,2025-04-07,Received,Medicare Advantage,Infusion,2026-08-31 12:00:00,2026-08-31 18:00:00
ROW0004017,REF004017,ACC039,S02,INT02,2025-04-08,ready to schedule,Commercial,Infusion,2026-08-31 12:00:00,2026-08-31 18:00:00
ROW0001313,REF001313,ACC042,S07,INT07,2026-01-03,VISIT COMPLETE,Medicare Advantage,Infusion,2026-08-31 12:00:00,2026-08-31 18:00:00
ROW0000861,REF000861,ACC067,S04,INT04,2025-12-31,CLOSED - NO VISIT,Medicare Advantage,Other outpatient,2026-08-31 12:00:00,2026-08-31 18:00:00
ROW0005692,REF005692,ACC016,S01,INT01,2025-04-20,complete,Commercial,Infusion,2026-08-31 12:00:00,2026-08-31 18:00:00
ROW0002513,REF002513,ACC080,S04,INT04,2025-05-23,closed,Medicaid,Other outpatient,2026-08-31 12:00:00,2026-08-31 18:00:00
ROW0001443,REF001443,ACC047,S03,INT03,2026-08-31,received,Medicare Advantage,Injection,2026-08-31 12:00:00,2026-08-31 18:00:00
ROW0000801,REF000801,ACC116,S06,INT06,2026-08-14, SCHED ,Commercial,Injection,2026-08-31 12:00:00,2026-08-31 18:00:00
ROW0004418,REF004418,ACC069,S04,INT04,2025-05-03,completed,Traditional Medicare,Infusion,2026-08-31 12:00:00,2026-08-31 18:00:00
ROW0003887,REF003887,ACC119,S08,INT08,2026-06-05,VISIT COMPLETE,Other,Injection,2026-08-31 12:00:00,2026-08-31 18:00:00
ROW0002527,REF002527,ACC115,S06,INT06,2026-08-04,scheduled,Medicare Advantage,Injection,2026-08-31 12:00:00,2026-08-31 18:00:00
ROW0003837,REF003837,ACC018,S01,INT01,2026-08-11,complete,Commercial,Injection,2026-08-31 12:00:00,2026-08-31 18:00:00
ROW0005428,REF005428,ACC025,S02,INT02,2025-02-28,closed,Medicare Advantage,Infusion,2026-08-31 12:00:00,2026-08-31 18:00:00
ROW0000981,REF000981,ACC053,S03,INT03,2025-12-30,cancelled,Medicare Advantage,Infusion,2026-08-31 12:00:00,2026-08-31 18:00:00
ROW0001350,REF001350,ACC045,S03,INT03,2025-08-26,complete,Medicare Advantage,Infusion,2026-08-31 12:00:00,2026-08-31 18:00:00
ROW0002631,REF002631,ACC073,S04,INT04,2026-02-10,VISIT COMPLETE,Other,Infusion,2026-08-31 12:00:00,2026-08-31 18:00:00
ROW0000742,REF000742,ACC081,S05,INT05,2025-07-11,complete,Medicare Advantage,Infusion,2026-08-31 12:00:00,2026-08-31 18:00:00
ROW0003075,REF003075,ACC105,S06,INT06,2026-07-15,complete,Medicare Advantage,Infusion,2026-08-31 12:00:00,2026-08-31 18:00:00
ROW0003072,REF003072,ACC060,S07,INT07,2026-06-13,VISIT COMPLETE,Medicare Advantage,Infusion,2026-08-31 12:00:00,2026-08-31 18:00:00
ROW0005441,REF005441,ACC083,S05,INT05,2026-07-06,completed,Medicare Advantage,Infusion,2026-08-31 12:00:00,2026-08-31 18:00:00
ROW0004010,REF004010,ACC055,S03,INT03,2026-03-04,VISIT COMPLETE,Commercial,Infusion,2026-08-31 12:00:00,2026-08-31 18:00:00
ROW0004708,REF004708,ACC002,S01,INT01,2026-01-03,closed,Commercial,Infusion,2026-08-31 12:00:00,2026-08-31 18:00:00
ROW0005419,REF005419,ACC110,S06,INT06,2026-06-15, NEW ,Medicare Advantage,Infusion,2026-08-31 12:00:00,2026-08-31 18:00:00
ROW0005338,REF005338,ACC048,S03,INT03,2026-02-18,completed,Commercial,Infusion,2026-08-31 12:00:00,2026-08-31 18:00:00
ROW0000939,REF000939,ACC068,S04,INT04,2026-01-13,VISIT COMPLETE,Medicare Advantage,Injection,2026-08-31 12:00:00,2026-08-31 18:00:00
ROW0005319,REF005319,ACC120,S08,INT08,2026-06-12,VISIT COMPLETE,Medicare Advantage,Injection,2026-08-31 12:00:00,2026-08-31 18:00:00
ROW0003755,REF003755,ACC032,S02,INT02,2025-06-29,completed,Commercial,Injection,2026-08-31 12:00:00,2026-08-31 18:00:00
ROW0006070,REF001280,ACC013,S01,INT01,2026-03-08,completed,Commercial,Injection,2026-08-31 12:00:00,2026-08-31 19:00:00
ROW0004224,REF004224,ACC021,S02,INT02,2025-08-06,complete,Commercial,Infusion,2026-08-31 12:00:00,2026-08-31 18:00:00
ROW0000133,REF000133,ACC049,S07,INT07,2025-08-12,VISIT COMPLETE,Commercial,Injection,2026-08-31 12:00:00,2026-08-31 18:00:00
ROW0000844,REF000844,ACC026,S02,INT02,2026-03-06,closed,Medicare Advantage,Infusion,2026-08-31 12:00:00,2026-08-31 18:00:00
ROW0000162,REF000162,ACC028,S02,INT02,2026-07-10,VISIT COMPLETE,Traditional Medicare,Injection,2026-08-31 12:00:00,2026-08-31 18:00:00
ROW0000111,REF000111,ACC019,S01,INT01,2025-06-11,CLOSED - NO VISIT,Commercial,Other outpatient,2026-08-31 12:00:00,2026-08-31 18:00:00
ROW0006285,REF001785,ACC010,S01,INT01,2025-04-19,CLOSED - NO VISIT,Traditional Medicare,Injection,2026-08-31 12:00:00,2026-08-31 19:00:00
ROW0005736,REF005736,ACC019,S01,INT01,2026-05-14,completed,Commercial,Infusion,2026-08-31 12:00:00,2026-08-31 18:00:00
ROW0002038,REF002038,ACC097,S05,INT05,2026-02-23,completed,Traditional Medicare,Infusion,2026-08-31 12:00:00,2026-08-31 18:00:00
ROW0004016,REF004016,ACC018,S01,INT01,2026-02-19,completed,Medicaid,Infusion,2026-08-31 12:00:00,2026-08-31 18:00:00
ROW0001212,REF001212,ACC002,S01,INT01,2025-03-27,completed,Medicare Advantage,Infusion,2026-08-31 12:00:00,2026-08-31 18:00:00
ROW0000996,REF000996,ACC015,S01,INT01,2025-07-08,In Review,Commercial,Infusion,2026-08-31 12:00:00,2026-08-31 18:00:00
ROW0000965,REF000965,ACC120,S06,INT06,2026-03-05,closed,Traditional Medicare,Other outpatient,2026-08-31 12:00:00,2026-08-31 18:00:00
ROW0000862,REF000862,ACC023,S02,INT02,2025-07-01,closed,Medicaid,Other outpatient,2026-08-31 12:00:00,2026-08-31 18:00:00
ROW0003259,REF003259,ACC113,S08,INT08,2026-08-08,booked,Medicare Advantage,Infusion,2026-08-31 12:00:00,2026-08-31 18:00:00
ROW0000724,REF000724,ACC024,S02,INT02,2026-06-12,complete,Commercial,Infusion,2026-08-31 12:00:00,2026-08-31 18:00:00
ROW0001981,REF001981,ACC056,S03,INT03,2026-08-26,in_review,Traditional Medicare,Infusion,2026-08-31 12:00:00,2026-08-31 18:00:00
ROW0004937,REF004937,ACC067,S04,INT04,2026-04-18,VISIT COMPLETE,Commercial,Injection,2026-08-31 12:00:00,2026-08-31 18:00:00
ROW0000895,REF000895,ACC080,S04,INT04,2025-10-16,complete,Medicare Advantage,Infusion,2026-08-31 12:00:00,2026-08-31 18:00:00
ROW0003813,REF003813,ACC004,S01,INT01,2025-09-25,complete,Traditional Medicare,Other outpatient,2026-08-31 12:00:00,2026-08-31 18:00:00
ROW0003767,REF003767,ACC008,S01,INT01,2026-01-07,completed,Commercial,Other outpatient,2026-08-31 12:00:00,2026-08-31 18:00:00
ROW0004468,REF004468,ACC021,S02,INT02,2026-03-04,complete,Commercial,Injection,2026-08-31 12:00:00,2026-08-31 18:00:00
ROW0000169,REF000169,ACC038,S02,INT02,2025-03-13,complete,Commercial,Infusion,2026-08-31 12:00:00,2026-08-31 18:00:00
ROW0003969,REF003969,ACC097,S05,INT05,2026-05-08,VISIT COMPLETE,Other,Infusion,2026-08-31 12:00:00,2026-08-31 18:00:00
ROW0000547,REF000547,ACC056,S07,INT07,2026-08-19,review,Commercial,Infusion,2026-08-31 12:00:00,2026-08-31 18:00:00
ROW0006252,REF000971,ACC025,S02,INT02,2025-09-10,cancelled,Medicare Advantage,Infusion,2026-08-31 12:00:00,2026-08-31 19:00:00
ROW0003664,REF003664,ACC016,S01,INT01,2025-09-17,completed,Commercial,Infusion,2026-08-31 12:00:00,2026-08-31 18:00:00
ROW0000087,REF000087,ACC040,S02,INT02,2026-04-18,completed,Commercial,Injection,2026-08-31 12:00:00,2026-08-31 18:00:00
ROW0004425,REF004425,ACC075,S04,INT04,2026-06-16,completed,Commercial,Other outpatient,2026-08-31 12:00:00,2026-08-31 18:00:00
ROW0004183,REF004183,ACC018,S01,INT01,2025-04-10,Ready_to_Schedule,Commercial,Infusion,2026-08-31 12:00:00,2026-08-31 18:00:00
ROW0001351,REF001351,ACC079,S04,INT04,2026-07-27,complete,Commercial,Injection,2026-08-31 12:00:00,2026-08-31 18:00:00
ROW0006300,REF000841,ACC042,S03,,2026-03-24,complete,Medicare Advantage,Infusion,2026-08-31 12:00:00,2026-08-31 19:00:00
ROW0002886,REF002886,ACC004,S01,INT01,2026-07-21,complete,Medicare Advantage,Infusion,2026-08-31 12:00:00,2026-08-31 18:00:00
ROW0001306,REF001306,ACC031,S02,INT02,2025-02-13,CLOSED - NO VISIT,Commercial,Injection,2026-08-31 12:00:00,2026-08-31 18:00:00
ROW0005359,REF005359,ACC048,S03,INT03,2025-05-26,Received,Traditional Medicare,Other outpatient,2026-08-31 12:00:00,2026-08-31 18:00:00
ROW0000466,REF000466,ACC057,S07,INT07,2025-09-24,complete,Other,Infusion,2026-08-31 12:00:00,2026-08-31 18:00:00
ROW0000992,REF000992,ACC077,S04,INT04,2025-04-28,closed,Commercial,Infusion,2026-08-31 12:00:00,2026-08-31 18:00:00
ROW0004448,REF004448,ACC094,S05,INT05,2026-01-08,VISIT COMPLETE,Commercial,Infusion,2026-08-31 12:00:00,2026-08-31 18:00:00
ROW0004500,REF004500,ACC029,S02,INT02,2026-05-31,completed,Commercial,Infusion,2026-08-31 12:00:00,2026-08-31 18:00:00
ROW0002084,REF002084,ACC019,S01,INT01,2025-09-15,cancelled,Medicare Advantage,Injection,2026-08-31 12:00:00,2026-08-31 18:00:00
ROW0002477,REF002477,ACC109,S08,INT08,2025-09-20,complete,Traditional Medicare,Injection,2026-08-31 12:00:00,2026-08-31 18:00:00
ROW0003042,REF003042,ACC111,S08,INT08,2025-09-09,Ready_to_Schedule,Medicare Advantage,Infusion,2026-08-31 12:00:00,2026-08-31 18:00:00
ROW0000370,REF000370,ACC098,S05,INT05,2026-03-15,closed,Commercial,Infusion,2026-08-31 12:00:00,2026-08-31 18:00:00
ROW0001064,REF001064,ACC120,S08,INT08,2026-01-21,complete,Commercial,Infusion,2026-08-31 12:00:00,2026-08-31 18:00:00
ROW0003274,REF003274,ACC097,S05,INT05,2025-01-10,CLOSED - NO VISIT,Medicare Advantage,Infusion,2026-08-31 12:00:00,2026-08-31 18:00:00
ROW0000367,REF000367,ACC059,S03,INT03,2026-02-01,complete,Commercial,Other outpatient,2026-08-31 12:00:00,2026-08-31 18:00:00
ROW0000451,REF000451,ACC096,S05,INT05,2026-07-14,completed,Medicare Advantage,Infusion,2026-08-31 12:00:00,2026-08-31 18:00:00
ROW0003046,REF003046,ACC090,S05,INT05,2025-09-23,complete,Commercial,Other outpatient,2026-08-31 12:00:00,2026-08-31 18:00:00
ROW0002070,REF002070,ACC015,S01,INT01,2025-09-05,completed,Commercial,Other outpatient,2026-08-31 12:00:00,2026-08-31 18:00:00
ROW0005121,REF005121,ACC078,S04,INT04,2026-04-07,complete,Commercial,Injection,2026-08-31 12:00:00,2026-08-31 18:00:00
ROW0002457,REF002457,ACC075,S04,INT04,2025-10-05,complete,Medicare Advantage,Injection,2026-08-31 12:00:00,2026-08-31 18:00:00
ROW0003814,REF003814,ACC118,S08,INT08,2026-08-02,CLOSED - NO VISIT,Medicare Advantage,Infusion,2026-08-31 12:00:00,2026-08-31 18:00:00
ROW0005682,REF005682,ACC008,S01,INT01,2025-10-20,VISIT COMPLETE,Medicare Advantage,Injection,2026-08-31 12:00:00,2026-08-31 18:00:00
ROW0000832,REF000832,ACC038,S02,INT02,2025-05-01,CLOSED - NO VISIT,Medicare Advantage,Infusion,2026-08-31 12:00:00,2026-08-31 18:00:00
ROW0004328,REF004328,ACC028,S02,INT02,2025-03-13,Ready_to_Schedule,Other,Infusion,2026-08-31 12:00:00,2026-08-31 18:00:00
ROW0000212,REF000212,ACC062,S04,INT04,2026-06-06,VISIT COMPLETE,Commercial,Infusion,2026-08-31 12:00:00,2026-08-31 18:00:00
ROW0003226,REF003226,ACC036,S02,INT02,2026-03-06,completed,Commercial,Injection,2026-08-31 12:00:00,2026-08-31 18:00:00
ROW0002875,REF002875,ACC012,S01,INT01,2025-12-03,completed,Commercial,Infusion,2026-08-31 12:00:00,2026-08-31 18:00:00
ROW0001235,REF001235,ACC015,S01,INT01,2026-01-10,complete,Commercial,Injection,2026-08-31 12:00:00,2026-08-31 18:00:00
ROW0003148,REF003148,ACC078,S04,INT04,2025-05-01,VISIT COMPLETE,Commercial,Infusion,2026-08-31 12:00:00,2026-08-31 18:00:00
ROW0000010,REF000010,ACC120,S08,INT08,2026-04-07,CLOSED - NO VISIT,Medicare Advantage,Infusion,2026-08-31 12:00:00,2026-08-31 18:00:00
ROW0005752,REF005752,ACC025,S02,INT02,2026-02-13,VISIT COMPLETE,Medicaid,Injection,2026-08-31 12:00:00,2026-08-31 18:00:00
ROW0006193,REF005611,ACC037,S02,INT02,2025-12-24,Ready_to_Schedule,Medicare Advantage,Other outpatient,2026-08-31 12:00:00,2026-08-31 19:00:00
ROW0003726,REF003726,ACC029,S02,INT02,2025-12-04,complete,Medicare Advantage,Infusion,2026-08-31 12:00:00,2026-08-31 18:00:00
ROW0004880,REF004880,ACC074,S04,INT04,2025-09-21,complete,Medicare Advantage,Injection,2026-08-31 12:00:00,2026-08-31 18:00:00
ROW0002379,REF002379,ACC018,S01,INT01,2026-05-08,complete,Commercial,Infusion,2026-08-31 12:00:00,2026-08-31 18:00:00
ROW0002809,REF002809,ACC014,S01,INT01,2026-02-03,completed,Medicare Advantage,Infusion,2026-08-31 12:00:00,2026-08-31 18:00:00
ROW0001110,REF001110,ACC087,S05,INT05,2026-08-12,ready to schedule,Medicare Advantage,Other outpatient,2026-08-31 12:00:00,2026-08-31 18:00:00
ROW0001404,REF001404,ACC089,S05,INT05,2025-05-30,Ready_to_Schedule,Traditional Medicare,Injection,2026-08-31 12:00:00,2026-08-31 18:00:00
ROW0001924,REF001924,ACC051,S07,INT07,2025-03-09,completed,Commercial,Other outpatient,2026-08-31 12:00:00,2026-08-31 18:00:00
ROW0000081,REF000081,ACC110,S08,INT08,2025-09-27,complete,Medicare Advantage,Injection,2026-08-31 12:00:00,2026-08-31 18:00:00
ROW0001087,REF001087,ACC042,S07,INT07,2026-04-21,In Review,Commercial,Infusion,2026-08-31 12:00:00,2026-08-31 18:00:00
ROW0005646,REF005646,ACC054,S03,INT03,2026-03-19,ready to schedule,Medicare Advantage,Injection,2026-08-31 12:00:00,2026-08-31 18:00:00
ROW0001524,REF001524,ACC053,S03,,2025-11-30,closed,Traditional Medicare,Other outpatient,2026-08-31 12:00:00,2026-08-31 18:00:00
ROW0003956,REF003956,ACC026,S02,INT02,2026-07-26,scheduled,Medicare Advantage,Infusion,2026-08-31 12:00:00,2026-08-31 18:00:00
ROW0000604,REF000604,ACC087,S05,INT05,2025-12-16,complete,Commercial,Infusion,2026-08-31 12:00:00,2026-08-31 18:00:00
ROW0006101,REF001455,ACC103,S08,INT08,2026-04-27,VISIT COMPLETE,Commercial,Infusion,2026-08-31 12:00:00,2026-08-31 19:00:00
ROW0002612,REF002612,ACC013,S01,INT01,2025-05-12,complete,Commercial,Injection,2026-08-31 12:00:00,2026-08-31 18:00:00
ROW0003987,REF003987,ACC011,S01,INT01,2025-06-01,completed,Medicare Advantage,Infusion,2026-08-31 12:00:00,2026-08-31 18:00:00
ROW0005084,REF005084,ACC100,S05,INT05,2025-08-23,closed,Other,Infusion,2026-08-31 12:00:00,2026-08-31 18:00:00
ROW0003225,REF003225,ACC063,S04,INT04,2026-01-11,complete,Medicaid,Infusion,2026-08-31 12:00:00,2026-08-31 18:00:00
ROW0005175,REF005175,ACC075,S04,INT04,2026-08-27,In Review,Medicare Advantage,Infusion,2026-08-31 12:00:00,2026-08-31 18:00:00
ROW0005667,REF005667,ACC050,S03,INT03,2025-04-18,complete,Medicare Advantage,Infusion,2026-08-31 12:00:00,2026-08-31 18:00:00
ROW0000595,REF000595,ACC103,S08,INT08,2025-08-17,VISIT COMPLETE,Medicaid,Infusion,2026-08-31 12:00:00,2026-08-31 18:00:00
ROW0005110,REF005110,ACC071,S04,INT04,2025-05-21,closed,Medicaid,Injection,2026-08-31 12:00:00,2026-08-31 18:00:00
ROW0001590,REF001590,ACC004,S01,INT01,2025-03-04,complete,Traditional Medicare,Infusion,2026-08-31 12:00:00,2026-08-31 18:00:00
ROW0003753,REF003753,ACC067,S04,INT04,2026-06-29,completed,Medicaid,Infusion,2026-08-31 12:00:00,2026-08-31 18:00:00
ROW0001946,REF001946,ACC091,S05,INT05,2025-07-07,completed,Medicare Advantage,Injection,2026-08-31 12:00:00,2026-08-31 18:00:00
ROW0004210,REF004210,ACC061,S04,INT04,2025-04-24,closed,Commercial,Infusion,2026-08-31 12:00:00,2026-08-31 18:00:00
ROW0001421,REF001421,ACC011,S01,INT01,2026-06-29, NEW ,Traditional Medicare,Injection,2026-08-31 12:00:00,2026-08-31 18:00:00
ROW0000301,REF000301,ACC036,S02,INT02,2026-01-27,VISIT COMPLETE,Commercial,Infusion,2026-08-31 12:00:00,2026-08-31 18:00:00
ROW0004924,REF004924,ACC027,S02,INT02,2026-01-09,completed,Medicare Advantage,Infusion,2026-08-31 12:00:00,2026-08-31 18:00:00
ROW0000755,REF000755,ACC057,S03,INT03,2025-09-14,Ready_to_Schedule,Medicare Advantage,Infusion,2026-08-31 12:00:00,2026-08-31 18:00:00
ROW0000495,REF000495,ACC007,S01,INT01,2025-09-06,completed,Commercial,Injection,2026-08-31 12:00:00,2026-08-31 18:00:00
ROW0004833,REF004833,ACC088,S05,INT05,2025-06-13,complete,Commercial,Injection,2026-08-31 12:00:00,2026-08-31 18:00:00
ROW0004263,REF004263,ACC008,S01,INT01,2025-10-26,closed,Commercial,Infusion,2026-08-31 12:00:00,2026-08-31 18:00:00
ROW0000070,REF000070,ACC077,S04,INT04,2026-02-15,cancelled,Traditional Medicare,Infusion,2026-08-31 12:00:00,2026-08-31 18:00:00
ROW0002349,REF002349,ACC098,S05,INT05,2025-03-26,completed,Commercial,Infusion,2026-08-31 12:00:00,2026-08-31 18:00:00
ROW0004538,REF004538,ACC086,S05,INT05,2025-08-13,CLOSED - NO VISIT,Commercial,Infusion,2026-08-31 12:00:00,2026-08-31 18:00:00
ROW0000324,REF000324,ACC110,S08,,2025-08-09,complete,Commercial,Infusion,2026-08-31 12:00:00,2026-08-31 18:00:00
ROW0004088,REF004088,ACC056,S03,INT03,2026-06-04,closed,Commercial,Injection,2026-08-31 12:00:00,2026-08-31 18:00:00
ROW0001321,REF001321,ACC016,S01,,2026-03-19,complete,Medicare Advantage,Infusion,2026-08-31 12:00:00,2026-08-31 18:00:00
ROW0001772,REF001772,ACC106,S06,INT06,2025-06-20,completed,Commercial,Infusion,2026-08-31 12:00:00,2026-08-31 18:00:00
ROW0004790,REF004790,ACC112,S06,INT06,2026-04-17,VISIT COMPLETE,Commercial,Infusion,2026-08-31 12:00:00,2026-08-31 18:00:00
ROW0002661,REF002661,ACC117,S06,INT06,2025-04-19,complete,Commercial,Injection,2026-08-31 12:00:00,2026-08-31 18:00:00
ROW0005706,REF005706,ACC010,S01,INT01,2025-08-30,VISIT COMPLETE,Traditional Medicare,Injection,2026-08-31 12:00:00,2026-08-31 18:00:00
ROW0002345,REF002345,ACC107,S06,INT06,2025-06-17,VISIT COMPLETE,Traditional Medicare,Infusion,2026-08-31 12:00:00,2026-08-31 18:00:00
ROW0001188,REF001188,ACC041,S03,INT03,2025-01-27,VISIT COMPLETE,Commercial,Other outpatient,2026-08-31 12:00:00,2026-08-31 18:00:00
ROW0001329,REF001329,ACC096,S05,INT05,2026-04-16,complete,Commercial,Infusion,2026-08-31 12:00:00,2026-08-31 18:00:00
ROW0003027,REF003027,ACC057,S07,INT07,2026-07-22,VISIT COMPLETE,Commercial,Injection,2026-08-31 12:00:00,2026-08-31 18:00:00
ROW0003458,REF003458,ACC015,S01,INT01,2025-01-13,completed,Commercial,Injection,2026-08-31 12:00:00,2026-08-31 18:00:00
ROW0004672,REF004672,ACC107,S08,INT08,2025-11-12,completed,Medicare Advantage,Infusion,2026-08-31 12:00:00,2026-08-31 18:00:00
ROW0005134,REF005134,ACC061,S04,INT04,2025-09-02,VISIT COMPLETE,Other,Infusion,2026-08-31 12:00:00,2026-08-31 18:00:00
ROW0003434,REF003434,ACC073,S04,INT04,2025-11-16,complete,Commercial,Infusion,2026-08-31 12:00:00,2026-08-31 18:00:00
ROW0003017,REF003017,ACC072,S04,INT04,2026-01-08,Received,Commercial,Infusion,2026-08-31 12:00:00,2026-08-31 18:00:00
ROW0003868,REF003868,ACC103,S06,INT06,2025-03-18,completed,Medicaid,Infusion,2026-08-31 12:00:00,2026-08-31 18:00:00
ROW0000963,REF000963,ACC035,S02,INT02,2025-01-07,completed,Other,Injection,2026-08-31 12:00:00,2026-08-31 18:00:00
ROW0002857,REF002857,ACC031,S02,INT02,2026-02-23,review,Medicaid,Infusion,2026-08-31 12:00:00,2026-08-31 18:00:00
ROW0004172,REF004172,ACC042,S07,INT07,2025-07-30,cancelled,Medicare Advantage,Infusion,2026-08-31 12:00:00,2026-08-31 18:00:00
ROW0003761,REF003761,ACC010,S01,INT01,2026-04-02,cancelled,Medicaid,Infusion,2026-08-31 12:00:00,2026-08-31 18:00:00
ROW0001357,REF001357,ACC063,S04,INT04,2025-08-20,VISIT COMPLETE,Medicare Advantage,Injection,2026-08-31 12:00:00,2026-08-31 18:00:00
ROW0005570,REF005570,ACC042,S03,INT03,2025-10-08,VISIT COMPLETE,Commercial,Infusion,2026-08-31 12:00:00,2026-08-31 18:00:00
ROW0005009,REF005009,ACC011,S01,INT01,2026-01-24,complete,Medicaid,Injection,2026-08-31 12:00:00,2026-08-31 18:00:00
ROW0005477,REF005477,ACC050,S07,INT07,2025-04-30,complete,Commercial,Infusion,2026-08-31 12:00:00,2026-08-31 18:00:00
ROW0002523,REF002523,ACC028,S02,INT02,2026-04-04,complete,Commercial,Infusion,2026-08-31 12:00:00,2026-08-31 18:00:00
ROW0005650,REF005650,ACC064,S04,INT04,2025-02-03,completed,Traditional Medicare,Infusion,2026-08-31 12:00:00,2026-08-31 18:00:00
ROW0005161,REF005161,ACC108,S06,INT06,2025-04-23,in progress?,Commercial,Other outpatient,2026-08-31 12:00:00,2026-08-31 18:00:00
ROW0004239,REF004239,ACC116,S08,INT08,2025-06-24,CLOSED - NO VISIT,Medicare Advantage,Infusion,2026-08-31 12:00:00,2026-08-31 18:00:00
ROW0003484,REF003484,ACC029,S02,INT02,2025-03-30,received,Traditional Medicare,Infusion,2026-08-31 12:00:00,2026-08-31 18:00:00
ROW0001046,REF001046,ACC114,S06,INT06,2026-08-30, NEW ,Commercial,Infusion,2026-08-31 12:00:00,2026-08-31 18:00:00
ROW0006015,REF000206,ACC117,S06,INT06,2026-02-15,received,Medicare Advantage,Infusion,2026-08-30 12:00:00,2026-08-31 19:00:00
ROW0003035,REF003035,ACC025,S02,INT02,2025-04-18,completed,Traditional Medicare,Infusion,2026-08-31 12:00:00,2026-08-31 18:00:00
ROW0002301,REF002301,ACC062,S04,INT04,2025-10-14,VISIT COMPLETE,Traditional Medicare,Infusion,2026-08-31 12:00:00,2026-08-31 18:00:00
ROW0000555,REF000555,ACC022,S02,INT02,2025-08-05,VISIT COMPLETE,Commercial,Infusion,2026-08-31 12:00:00,2026-08-31 18:00:00
ROW0000246,REF000246,ACC023,S02,INT02,2026-01-22,completed,Medicare Advantage,Injection,2026-08-31 12:00:00,2026-08-31 18:00:00
ROW0002971,REF002971,ACC079,S04,INT04,2025-06-19,Received,Medicaid,Infusion,2026-08-31 12:00:00,2026-08-31 18:00:00
ROW0005602,REF005602,ACC017,S01,INT01,2025-04-04,VISIT COMPLETE,Commercial,Infusion,2026-08-31 12:00:00,2026-08-31 18:00:00
ROW0003260,REF003260,ACC076,S04,INT04,2026-04-14,complete,Commercial,Injection,2026-08-31 12:00:00,2026-08-31 18:00:00
ROW0001704,REF001704,ACC029,S02,INT02,2025-01-09,VISIT COMPLETE,Commercial,Infusion,2026-08-31 12:00:00,2026-08-31 18:00:00
ROW0001847,REF001847,ACC010,S01,INT01,2026-08-15,in_review,Traditional Medicare,Other outpatient,2026-08-31 12:00:00,2026-08-31 18:00:00
ROW0001115,REF001115,ACC097,S05,INT05,2026-07-09,completed,Medicare Advantage,Injection,2026-08-31 12:00:00,2026-08-31 18:00:00
ROW0001257,REF001257,ACC075,S04,INT04,2025-08-07,VISIT COMPLETE,Medicare Advantage,Infusion,2026-08-31 12:00:00,2026-08-31 18:00:00
ROW0005234,REF005234,ACC097,S05,INT05,2025-09-08,complete,Traditional Medicare,Injection,2026-08-31 12:00:00,2026-08-31 18:00:00
ROW0001339,REF001339,ACC006,S01,INT01,2025-05-15,completed,Commercial,Infusion,2026-08-31 12:00:00,2026-08-31 18:00:00
ROW0003971,REF003971,ACC080,S04,INT04,2025-12-27,completed,Other,Infusion,2026-08-31 12:00:00,2026-08-31 18:00:00
ROW0000127,REF000127,ACC015,S01,INT01,2026-03-18,completed,Commercial,Injection,2026-08-31 12:00:00,2026-08-31 18:00:00
ROW0001684,REF001684,ACC044,S07,INT07,2025-12-27,cancelled,Medicare Advantage,Other outpatient,2026-08-31 12:00:00,2026-08-31 18:00:00
ROW0004831,REF004831,ACC001,S01,INT01,2026-06-28,completed,Commercial,Injection,2026-08-31 12:00:00,2026-08-31 18:00:00
ROW0001100,REF001100,ACC004,S01,INT01,2025-05-19,CLOSED - NO VISIT,Other,Infusion,2026-08-31 12:00:00,2026-08-31 18:00:00
ROW0004883,REF004883,ACC020,S01,INT01,2025-09-14,closed,Commercial,Infusion,2026-08-31 12:00:00,2026-08-31 18:00:00
ROW0002904,REF002904,ACC048,S07,INT07,2026-08-16,review,Medicare Advantage,Infusion,2026-08-31 12:00:00,2026-08-31 18:00:00
ROW0002021,REF002021,ACC070,S04,INT04,2025-11-20,complete,Commercial,Infusion,2026-08-31 12:00:00,2026-08-31 18:00:00
ROW0001741,REF001741,ACC091,S05,INT05,2025-08-18,closed,Medicare Advantage,Injection,2026-08-31 12:00:00,2026-08-31 18:00:00
ROW0006200,REF001700,ACC015,S01,INT01,2025-03-21,complete,Traditional Medicare,Infusion,2026-08-31 12:00:00,2026-08-31 19:00:00
ROW0004720,REF004720,ACC042,S07,INT07,2025-06-01,CLOSED - NO VISIT,Commercial,Infusion,2026-08-31 12:00:00,2026-08-31 18:00:00
ROW0005334,REF005334,ACC031,S02,INT02,2026-05-10,CLOSED - NO VISIT,Commercial,Injection,2026-08-31 12:00:00,2026-08-31 18:00:00
ROW0001624,REF001624,ACC022,S02,INT02,2025-05-16,CLOSED - NO VISIT,Commercial,Infusion,2026-08-31 12:00:00,2026-08-31 18:00:00
ROW0000778,REF000778,ACC004,S01,INT01,2026-04-22,completed,Medicare Advantage,Infusion,2026-08-31 12:00:00,2026-08-31 18:00:00
ROW0003938,REF003938,ACC032,S02,INT02,2026-04-12,completed,Medicaid,Other outpatient,2026-08-31 12:00:00,2026-08-31 18:00:00
ROW0005450,REF005450,ACC049,S03,INT03,2025-07-10,completed,Commercial,Other outpatient,2026-08-31 12:00:00,2026-08-31 18:00:00
ROW0004023,REF004023,ACC001,S01,INT01,2026-04-21,complete,Commercial,Infusion,2026-08-31 12:00:00,2026-08-31 18:00:00
ROW0003123,REF003123,ACC069,S04,INT04,2026-04-13,completed,Medicaid,Injection,2026-08-31 12:00:00,2026-08-31 18:00:00
ROW0005309,REF005309,ACC048,S03,INT03,2025-11-06,VISIT COMPLETE,Medicare Advantage,Infusion,2026-08-31 12:00:00,2026-08-31 18:00:00
ROW0006242,REF002416,ACC045,S03,INT03,2025-01-10,VISIT COMPLETE,Traditional Medicare,Infusion,2026-08-31 12:00:00,2026-08-31 19:00:00
ROW0003064,REF003064,ACC086,S05,INT05,2025-07-24,complete,Medicare Advantage,Injection,2026-08-31 12:00:00,2026-08-31 18:00:00
ROW0002909,REF002909,ACC014,S01,INT01,2026-08-06,complete,Medicare Advantage,Other outpatient,2026-08-31 12:00:00,2026-08-31 18:00:00
ROW0005924,REF005924,ACC060,S07,INT07,2026-08-17,Ready_to_Schedule,Medicare Advantage,Infusion,2026-08-31 12:00:00,2026-08-31 18:00:00
ROW0001877,REF001877,ACC091,S05,INT05,2025-08-05,received,Commercial,Infusion,2026-08-31 12:00:00,2026-08-31 18:00:00
ROW0001528,REF001528,ACC061,S04,INT04,2026-07-12,closed,Commercial,Infusion,2026-08-31 12:00:00,2026-08-31 18:00:00
ROW0000154,REF000154,ACC007,S01,INT01,2026-07-19,booked,Commercial,Injection,2026-08-31 12:00:00,2026-08-31 18:00:00
ROW0004025,REF004025,ACC025,S02,INT02,2026-06-26,completed,Commercial,Infusion,2026-08-31 12:00:00,2026-08-31 18:00:00
ROW0000219,REF000219,ACC070,S04,INT04,2026-06-02,cancelled,Traditional Medicare,Injection,2026-08-31 12:00:00,2026-08-31 18:00:00
ROW0001034,REF001034,ACC072,S04,INT04,2025-07-17,completed,Commercial,Other outpatient,2026-08-31 12:00:00,2026-08-31 18:00:00
ROW0001192,REF001192,ACC011,S01,INT01,,complete,Commercial,Injection,2026-08-31 12:00:00,2026-08-31 18:00:00
ROW0001503,REF001503,ACC085,S05,INT05,2025-04-26,completed,Traditional Medicare,Injection,2026-08-31 12:00:00,2026-08-31 18:00:00
ROW0005145,REF005145,ACC023,S02,INT02,2026-04-19,completed,Commercial,Infusion,2026-08-31 12:00:00,2026-08-31 18:00:00
ROW0002847,REF002847,ACC061,S04,INT04,2025-09-27,CLOSED - NO VISIT,Traditional Medicare,Infusion,2026-08-31 12:00:00,2026-08-31 18:00:00
ROW0001374,REF001374,ACC028,S02,,2025-11-09,VISIT COMPLETE,Commercial,Infusion,2026-08-31 12:00:00,2026-08-31 18:00:00
ROW0001169,REF001169,ACC025,S02,INT02,2026-03-05,VISIT COMPLETE,Medicare Advantage,Injection,2026-08-31 12:00:00,2026-08-31 18:00:00
ROW0004900,REF004900,ACC026,S02,INT02,2025-12-07,completed,Medicaid,Infusion,2026-08-31 12:00:00,2026-08-31 18:00:00
ROW0001706,REF001706,ACC016,S01,INT01,2026-05-01,In Review,Commercial,Infusion,2026-08-31 12:00:00,2026-08-31 18:00:00
ROW0003698,REF003698,ACC057,S07,INT07,2025-01-29,ready to schedule,Medicare Advantage,Infusion,2026-08-31 12:00:00,2026-08-31 18:00:00
ROW0000580,REF000580,ACC013,S01,INT01,2025-02-12,completed,Commercial,Infusion,2026-08-31 12:00:00,2026-08-31 18:00:00
ROW0003129,REF003129,ACC065,S04,INT04,2025-07-22,complete,Commercial,Injection,2026-08-31 12:00:00,2026-08-31 18:00:00
ROW0005230,REF005230,ACC073,S04,INT04,2026-06-11,completed,Medicare Advantage,Infusion,2026-08-31 12:00:00,2026-08-31 18:00:00
ROW0001447,REF001447,ACC015,S01,INT01,2026-05-29,CLOSED - NO VISIT,Medicare Advantage,Infusion,2026-08-31 12:00:00,2026-08-31 18:00:00
ROW0005707,REF005707,ACC116,S06,INT06,2025-12-24,VISIT COMPLETE,Traditional Medicare,Infusion,2026-08-31 12:00:00,2026-08-31 18:00:00
ROW0006038,REF002021,ACC070,S04,INT04,2025-11-20,received,Commercial,Infusion,2026-08-30 12:00:00,2026-08-31 19:00:00
ROW0002228,REF002228,ACC035,S02,INT02,2025-10-27,completed,Medicaid,Infusion,2026-08-31 12:00:00,2026-08-31 18:00:00
ROW0000693,REF000693,ACC017,S01,INT01,2026-03-12,CLOSED - NO VISIT,Medicaid,Infusion,2026-08-31 12:00:00,2026-08-31 18:00:00
ROW0005679,REF005679,ACC034,S02,INT02,2026-07-09,CLOSED - NO VISIT,Commercial,Infusion,2026-08-31 12:00:00,2026-08-31 18:00:00
ROW0006058,REF001868,ACC110,S06,INT06,2026-03-20,complete,Medicare Advantage,Injection,2026-08-31 12:00:00,2026-08-31 19:00:00
ROW0002815,REF002815,ACC027,S02,INT02,,completed,Medicaid,Infusion,2026-08-31 12:00:00,2026-08-31 18:00:00
ROW0001039,REF001039,ACC056,S07,INT07,2026-05-09,completed,Commercial,Infusion,2026-08-31 12:00:00,2026-08-31 18:00:00
ROW0001701,REF001701,ACC072,S04,INT04,2026-02-11,completed,Medicare Advantage,Infusion,2026-08-31 12:00:00,2026-08-31 18:00:00
ROW0001403,REF001403,ACC071,S04,INT04,2026-03-15,VISIT COMPLETE,Medicare Advantage,Infusion,2026-08-31 12:00:00,2026-08-31 18:00:00
ROW0000707,REF000707,ACC062,S04,INT04,2026-06-15,VISIT COMPLETE,Medicare Advantage,Injection,2026-08-31 12:00:00,2026-08-31 18:00:00
ROW0005399,REF005399,ACC089,S05,INT05,2025-03-22,completed,Medicare Advantage,Injection,2026-08-31 12:00:00,2026-08-31 18:00:00
ROW0002432,REF002432,ACC060,S03,INT03,2025-02-22,CLOSED - NO VISIT,Commercial,Infusion,2026-08-31 12:00:00,2026-08-31 18:00:00
ROW0006027,REF001110,ACC087,S05,INT05,2026-08-12,received,Medicare Advantage,Other outpatient,2026-08-30 12:00:00,2026-08-31 19:00:00
ROW0002945,REF002945,ACC079,S04,INT04,2026-02-09,Received,Commercial,Infusion,2026-08-31 12:00:00,2026-08-31 18:00:00
ROW0001135,REF001135,ACC079,S04,INT04,2026-05-07,VISIT COMPLETE,Other,Infusion,2026-08-31 12:00:00,2026-08-31 18:00:00
ROW0002881,REF002881,ACC015,S01,INT01,2026-07-19,booked,Medicare Advantage,Infusion,2026-08-31 12:00:00,2026-08-31 18:00:00
ROW0001451,REF001451,ACC034,S02,INT02,2025-06-07,In Review,Medicare Advantage,Injection,2026-08-31 12:00:00,2026-08-31 18:00:00
ROW0000126,REF000126,ACC077,S04,INT04,2026-08-31, NEW ,Medicare Advantage,Infusion,2026-08-31 12:00:00,2026-08-31 18:00:00
ROW0002119,REF002119,ACC006,S01,INT01,2026-04-21,complete,Medicare Advantage,Infusion,2026-08-31 12:00:00,2026-08-31 18:00:00
ROW0001665,REF001665,ACC023,S02,INT02,2026-05-29,VISIT COMPLETE,Commercial,Infusion,2026-08-31 12:00:00,2026-08-31 18:00:00
ROW0002645,REF002645,ACC093,S05,INT05,2025-01-25,complete,Commercial,Injection,2026-08-31 12:00:00,2026-08-31 18:00:00
ROW0004970,REF004970,ACC006,S01,INT01,2026-07-08,VISIT COMPLETE,Medicaid,Infusion,2026-08-31 12:00:00,2026-08-31 18:00:00
ROW0002470,REF002470,ACC108,S08,INT08,2026-08-04,scheduled,Commercial,Infusion,2026-08-31 12:00:00,2026-08-31 18:00:00
ROW0003640,REF003640,ACC039,S02,INT02,2026-01-10,VISIT COMPLETE,Commercial,Injection,2026-08-31 12:00:00,2026-08-31 18:00:00
ROW0000225,REF000225,ACC064,S04,INT04,2026-04-28,complete,Traditional Medicare,Injection,2026-08-31 12:00:00,2026-08-31 18:00:00
ROW0001375,REF001375,ACC039,S02,INT02,2025-04-27, NEW ,Medicare Advantage,Infusion,2026-08-31 12:00:00,2026-08-31 18:00:00
ROW0004507,REF004507,ACC012,S01,INT01,2025-06-28,review,Commercial,Infusion,2026-08-31 12:00:00,2026-08-31 18:00:00
ROW0003435,REF003435,ACC050,S07,INT07,2025-12-13,complete,Traditional Medicare,Other outpatient,2026-08-31 12:00:00,2026-08-31 18:00:00
ROW0003146,REF003146,ACC015,S01,INT01,2026-05-29,VISIT COMPLETE,Medicare Advantage,Infusion,2026-08-31 12:00:00,2026-08-31 18:00:00
ROW0003611,REF003611,ACC008,S01,INT01,2025-05-27,VISIT COMPLETE,Medicaid,Injection,2026-08-31 12:00:00,2026-08-31 18:00:00
ROW0002641,REF002641,ACC017,S01,INT01,2026-03-27,completed,Traditional Medicare,Infusion,2026-08-31 12:00:00,2026-08-31 18:00:00
ROW0000112,REF000112,ACC036,S02,INT02,2025-05-07,complete,Commercial,Other outpatient,2026-08-31 12:00:00,2026-08-31 18:00:00
ROW0004388,REF004388,ACC048,S07,INT07,2025-05-04,in_review,Other,Infusion,2026-08-31 12:00:00,2026-08-31 18:00:00
ROW0005406,REF005406,ACC016,S01,INT01,2025-01-07,VISIT COMPLETE,Other,Injection,2026-08-31 12:00:00,2026-08-31 18:00:00
ROW0000192,REF000192,ACC016,S01,INT01,2026-01-13,cancelled,Medicare Advantage,Injection,2026-08-31 12:00:00,2026-08-31 18:00:00
ROW0002595,REF002595,ACC080,S04,INT04,2026-01-27,VISIT COMPLETE,Commercial,Infusion,2026-08-31 12:00:00,2026-08-31 18:00:00
ROW0005381,REF005381,ACC080,S04,INT04,2025-02-24,VISIT COMPLETE,Medicare Advantage,Infusion,2026-08-31 12:00:00,2026-08-31 18:00:00
ROW0001267,REF001267,ACC087,S05,INT05,,CLOSED - NO VISIT,Commercial,Infusion,2026-08-31 12:00:00,2026-08-31 18:00:00
ROW0004283,REF004283,ACC073,S04,INT04,2025-09-27,cancelled,Commercial,Infusion,2026-08-31 12:00:00,2026-08-31 18:00:00
ROW0000168,REF000168,ACC095,S05,INT05,2026-01-20,Received,Medicare Advantage,Infusion,2026-08-31 12:00:00,2026-08-31 18:00:00
ROW0000710,REF000710,ACC063,S04,INT04,2025-07-02,cancelled,Medicare Advantage,Infusion,2026-08-31 12:00:00,2026-08-31 18:00:00
ROW0002924,REF002924,ACC042,S03,INT03,2026-03-15,CLOSED - NO VISIT,Medicare Advantage,Infusion,2026-08-31 12:00:00,2026-08-31 18:00:00
ROW0003414,REF003414,ACC014,S01,INT01,2026-04-17,complete,Medicare Advantage,Other outpatient,2026-08-31 12:00:00,2026-08-31 18:00:00
ROW0005571,REF005571,ACC077,S04,INT04,2025-06-24,complete,Medicaid,Infusion,2026-08-31 12:00:00,2026-08-31 18:00:00
ROW0003734,REF003734,ACC038,S02,INT02,2026-01-09,complete,Medicare Advantage,Injection,2026-08-31 12:00:00,2026-08-31 18:00:00
ROW0004499,REF004499,ACC120,S08,INT08,2025-05-05,complete,Traditional Medicare,Infusion,2026-08-31 12:00:00,2026-08-31 18:00:00
ROW0002647,REF002647,ACC085,S05,INT05,2026-03-23,VISIT COMPLETE,Traditional Medicare,Injection,2026-08-31 12:00:00,2026-08-31 18:00:00
ROW0001935,REF001935,ACC110,S08,INT08,2025-04-16,completed,Commercial,Infusion,2026-08-31 12:00:00,2026-08-31 18:00:00
ROW0003228,REF003228,ACC081,S05,INT05,2025-06-30,completed,Medicaid,Injection,2026-08-31 12:00:00,2026-08-31 18:00:00
ROW0005612,REF005612,ACC018,S01,INT01,2025-07-16,closed,Commercial,Infusion,2026-08-31 12:00:00,2026-08-31 18:00:00
ROW0002867,REF002867,ACC070,S04,INT04,2026-05-14,complete,Commercial,Other outpatient,2026-08-31 12:00:00,2026-08-31 18:00:00
ROW0002177,REF002177,ACC018,S01,INT01,2026-03-05,VISIT COMPLETE,Commercial,Injection,2026-08-31 12:00:00,2026-08-31 18:00:00
ROW0000063,REF000063,ACC065,S04,INT04,2026-05-17,Ready_to_Schedule,Commercial,Infusion,2026-08-31 12:00:00,2026-08-31 18:00:00
ROW0002366,REF002366,ACC018,S01,INT01,2025-06-07,completed,Medicare Advantage,Infusion,2026-08-31 12:00:00,2026-08-31 18:00:00
ROW0000544,REF000544,ACC033,S02,INT02,2025-08-22,completed,Traditional Medicare,Infusion,2026-08-31 12:00:00,2026-08-31 18:00:00
ROW0002732,REF002732,ACC073,S04,INT04,2025-12-31,CLOSED - NO VISIT,Commercial,Infusion,2026-08-31 12:00:00,2026-08-31 18:00:00
ROW0000599,REF000599,ACC008,S01,INT01,2026-02-26,CLOSED - NO VISIT,Commercial,Injection,2026-08-31 12:00:00,2026-08-31 18:00:00
ROW0003950,REF003950,ACC011,S01,INT01,2026-07-02,completed,Medicare Advantage,Injection,2026-08-31 12:00:00,2026-08-31 18:00:00
ROW0001470,REF001470,ACC002,S01,INT01,2026-02-18,VISIT COMPLETE,Commercial,Infusion,2026-08-31 12:00:00,2026-08-31 18:00:00
ROW0002240,REF002240,ACC010,S01,INT01,2026-06-11,complete,Medicare Advantage,Infusion,2026-08-31 12:00:00,2026-08-31 18:00:00
ROW0002262,REF002262,ACC011,S01,INT01,2026-05-30,complete,Medicare Advantage,Infusion,2026-08-31 12:00:00,2026-08-31 18:00:00
ROW0002890,REF002890,ACC085,S05,INT05,2025-05-14,completed,Medicare Advantage,Infusion,2026-08-31 12:00:00,2026-08-31 18:00:00
ROW0004636,REF004636,ACC046,S07,INT07,2026-01-17,closed,Traditional Medicare,Infusion,2026-08-31 12:00:00,2026-08-31 18:00:00
ROW0001762,REF001762,ACC008,S01,INT01,2025-12-29,completed,Other,Other outpatient,2026-08-31 12:00:00,2026-08-31 18:00:00
ROW0005397,REF005397,ACC101,S08,INT08,2026-05-10,completed,Medicare Advantage,Infusion,2026-08-31 12:00:00,2026-08-31 18:00:00
ROW0002768,REF002768,ACC034,S02,INT02,2026-03-06,VISIT COMPLETE,Medicare Advantage,Infusion,2026-08-31 12:00:00,2026-08-31 18:00:00
ROW0005716,REF005716,ACC119,S08,INT08,2025-09-08,completed,Medicare Advantage,Other outpatient,2026-08-31 12:00:00,2026-08-31 18:00:00
ROW0001886,REF001886,ACC046,S03,INT03,2025-05-02,In Review,Traditional Medicare,Infusion,2026-08-31 12:00:00,2026-08-31 18:00:00
ROW0003502,REF003502,ACC051,S07,INT07,2025-03-01,complete,Medicare Advantage,Infusion,2026-08-31 12:00:00,2026-08-31 18:00:00
ROW0002231,REF002231,ACC100,S05,INT05,2026-07-13,VISIT COMPLETE,Commercial,Infusion,2026-08-31 12:00:00,2026-08-31 18:00:00
ROW0000026,REF000026,ACC089,S05,INT05,2026-06-11,completed,Commercial,Infusion,2026-08-31 12:00:00,2026-08-31 18:00:00
ROW0000232,REF000232,ACC011,S01,INT01,2025-10-11,VISIT COMPLETE,Commercial,Infusion,2026-08-31 12:00:00,2026-08-31 18:00:00
ROW0001920,REF001920,ACC085,S05,INT05,2026-01-03,completed,Traditional Medicare,Infusion,2026-08-31 12:00:00,2026-08-31 18:00:00
ROW0002107,REF002107,ACC023,S02,INT02,2026-01-30,cancelled,Commercial,Injection,2026-08-31 12:00:00,2026-08-31 18:00:00
ROW0003166,REF003166,ACC072,S04,INT04,2025-12-02,completed,Commercial,Infusion,2026-08-31 12:00:00,2026-08-31 18:00:00
ROW0001420,REF001420,ACC089,S05,INT05,2025-07-19,closed,Medicaid,Infusion,2026-08-31 12:00:00,2026-08-31 18:00:00
ROW0001458,REF001458,ACC011,S01,INT01,2025-11-22,closed,Commercial,Infusion,2026-08-31 12:00:00,2026-08-31 18:00:00
ROW0000730,REF000730,ACC087,S05,INT05,2026-02-19,VISIT COMPLETE,Medicare Advantage,Infusion,2026-08-31 12:00:00,2026-08-31 18:00:00
ROW0004204,REF004204,ACC107,S06,INT06,2025-04-11,VISIT COMPLETE,Medicare Advantage,Infusion,2026-08-31 12:00:00,2026-08-31 18:00:00
ROW0003499,REF003499,ACC002,S01,INT01,2026-05-06,VISIT COMPLETE,Commercial,Injection,2026-08-31 12:00:00,2026-08-31 18:00:00
ROW0004114,REF004114,ACC063,S04,INT04,2025-07-12,complete,Medicare Advantage,Injection,2026-08-31 12:00:00,2026-08-31 18:00:00
ROW0000482,REF000482,ACC065,S04,INT04,2026-02-08,completed,Traditional Medicare,Injection,2026-08-31 12:00:00,2026-08-31 18:00:00
ROW0000754,REF000754,ACC051,S07,INT07,2026-05-20,complete,Other,Other outpatient,2026-08-31 12:00:00,2026-08-31 18:00:00
ROW0000042,REF000042,ACC111,S06,INT06,2025-06-02,VISIT COMPLETE,Traditional Medicare,Injection,2026-08-31 12:00:00,2026-08-31 18:00:00
ROW0002106,REF002106,ACC065,S04,INT04,2026-01-18,VISIT COMPLETE,Traditional Medicare,Infusion,2026-08-31 12:00:00,2026-08-31 18:00:00
ROW0002743,REF002743,ACC047,S03,INT03,2026-08-02,complete,Medicare Advantage,Injection,2026-08-31 12:00:00,2026-08-31 18:00:00
ROW0003412,REF003412,ACC026,S02,INT02,2026-08-11,Ready_to_Schedule,Medicare Advantage,Injection,2026-08-31 12:00:00,2026-08-31 18:00:00
ROW0005388,REF005388,ACC038,S02,INT02,2026-06-30, NEW ,Other,Other outpatient,2026-08-31 12:00:00,2026-08-31 18:00:00
ROW0000794,REF000794,ACC065,S04,INT04,2026-06-18,complete,Medicaid,Injection,2026-08-31 12:00:00,2026-08-31 18:00:00
ROW0003736,REF003736,ACC082,S05,INT05,2025-09-21,completed,Commercial,Other outpatient,2026-08-31 12:00:00,2026-08-31 18:00:00
ROW0002600,REF002600,ACC024,S02,INT02,2026-06-05,complete,Medicare Advantage,Infusion,2026-08-31 12:00:00,2026-08-31 18:00:00
ROW0005641,REF005641,ACC099,S05,INT05,2026-08-20,completed,Commercial,Infusion,2026-08-31 12:00:00,2026-08-31 18:00:00
ROW0004542,REF004542,ACC060,S03,INT03,2026-02-01,completed,Medicare Advantage,Injection,2026-08-31 12:00:00,2026-08-31 18:00:00
ROW0000943,REF000943,ACC094,S05,INT05,2025-06-22,CLOSED - NO VISIT,Medicare Advantage,Injection,2026-08-31 12:00:00,2026-08-31 18:00:00
ROW0004639,REF004639,ACC079,S04,INT04,2026-02-25,completed,Commercial,Other outpatient,2026-08-31 12:00:00,2026-08-31 18:00:00
ROW0006225,REF005479,ACC083,S05,INT05,2025-11-06,completed,Traditional Medicare,Injection,2026-08-31 12:00:00,2026-08-31 19:00:00
ROW0005040,REF005040,ACC042,S03,INT03,2025-12-13,completed,Commercial,Injection,2026-08-31 12:00:00,2026-08-31 18:00:00
ROW0001037,REF001037,ACC081,S05,INT05,2026-07-19,VISIT COMPLETE,Commercial,Injection,2026-08-31 12:00:00,2026-08-31 18:00:00
ROW0001699,REF001699,ACC049,S07,INT07,2026-01-15,complete,Medicare Advantage,Infusion,2026-08-31 12:00:00,2026-08-31 18:00:00
ROW0001504,REF001504,ACC085,S05,INT05,2025-06-10,closed,Other,Infusion,2026-08-31 12:00:00,2026-08-31 18:00:00
ROW0001410,REF001410,ACC006,S01,INT01,2025-06-19,CLOSED - NO VISIT,Commercial,Injection,2026-08-31 12:00:00,2026-08-31 18:00:00
ROW0002524,REF002524,ACC059,S03,INT03,2026-03-26,completed,Medicare Advantage,Injection,2026-08-31 12:00:00,2026-08-31 18:00:00
ROW0002688,REF002688,ACC040,S02,INT02,2025-07-07,closed,Traditional Medicare,Infusion,2026-08-31 12:00:00,2026-08-31 18:00:00
ROW0003306,REF003306,ACC086,S05,INT05,2026-06-14,VISIT COMPLETE,Medicare Advantage,Infusion,2026-08-31 12:00:00,2026-08-31 18:00:00
ROW0005383,REF005383,ACC079,S04,INT04,2025-03-16,complete,Commercial,Infusion,2026-08-31 12:00:00,2026-08-31 18:00:00
ROW0000890,REF000890,ACC029,S02,INT02,2026-02-03,complete,Medicare Advantage,Injection,2026-08-31 12:00:00,2026-08-31 18:00:00
ROW0004887,REF004887,ACC118,S06,INT06,2025-11-16,CLOSED - NO VISIT,Traditional Medicare,Infusion,2026-08-31 12:00:00,2026-08-31 18:00:00
ROW0000722,REF000722,ACC107,S06,INT06,2025-01-02,complete,Commercial,Infusion,2026-08-31 12:00:00,2026-08-31 18:00:00
ROW0001094,REF001094,ACC101,S06,INT06,2025-12-10,completed,Medicaid,Infusion,2026-08-31 12:00:00,2026-08-31 18:00:00
ROW0005155,REF005155,ACC002,S01,INT01,2026-02-25,VISIT COMPLETE,Medicare Advantage,Infusion,2026-08-31 12:00:00,2026-08-31 18:00:00
ROW0003953,REF003953,ACC029,S02,INT02,2025-01-21,complete,Medicare Advantage,Infusion,2026-08-31 12:00:00,2026-08-31 18:00:00
ROW0004139,REF004139,ACC100,S05,INT05,2025-07-09,completed,Traditional Medicare,Infusion,2026-08-31 12:00:00,2026-08-31 18:00:00
ROW0004054,REF004054,ACC059,S03,INT03,2026-04-17,completed,Commercial,Infusion,2026-08-31 12:00:00,2026-08-31 18:00:00
ROW0000907,REF000907,ACC050,S03,INT03,2026-06-14,ready,Commercial,Injection,2026-08-31 12:00:00,2026-08-31 18:00:00
ROW0002963,REF002963,ACC054,S07,INT07,2025-06-03,in_review,Commercial,Injection,2026-08-31 12:00:00,2026-08-31 18:00:00
ROW0003944,REF003944,ACC021,S02,INT02,2026-04-08,completed,Traditional Medicare,Other outpatient,2026-08-31 12:00:00,2026-08-31 18:00:00
ROW0000636,REF000636,ACC019,S01,INT01,2025-06-01,VISIT COMPLETE,Commercial,Infusion,2026-08-31 12:00:00,2026-08-31 18:00:00
ROW0005241,REF005241,ACC065,S04,INT04,2025-11-05,CLOSED - NO VISIT,Medicaid,Infusion,2026-08-31 12:00:00,2026-08-31 18:00:00
ROW0005007,REF005007,ACC074,S04,INT04,2026-05-11,completed,Medicare Advantage,Infusion,2026-08-31 12:00:00,2026-08-31 18:00:00
ROW0001254,REF001254,ACC016,S01,INT01,2025-06-24,VISIT COMPLETE,Commercial,Infusion,2026-08-31 12:00:00,2026-08-31 18:00:00
ROW0001862,REF001862,ACC119,S06,INT06,2026-07-21,complete,Commercial,Injection,2026-08-31 12:00:00,2026-08-31 18:00:00
ROW0000199,REF000199,ACC109,S06,INT06,2025-05-25,completed,Commercial,Injection,2026-08-31 12:00:00,2026-08-31 18:00:00
ROW0004430,REF004430,ACC070,S04,,2026-02-27,completed,Medicare Advantage,Injection,2026-08-31 12:00:00,2026-08-31 18:00:00
ROW0003468,REF003468,ACC081,S05,INT05,2026-06-28,VISIT COMPLETE,Commercial,Infusion,2026-08-31 12:00:00,2026-08-31 18:00:00
ROW0000891,REF000891,ACC042,S03,INT03,2025-12-20,completed,Commercial,Infusion,2026-08-31 12:00:00,2026-08-31 18:00:00
ROW0000481,REF000481,ACC028,S02,INT02,2026-05-01,VISIT COMPLETE,Medicaid,Infusion,2026-08-31 12:00:00,2026-08-31 18:00:00
ROW0000917,REF000917,ACC072,S04,INT04,2025-06-29,complete,Traditional Medicare,Infusion,2026-08-31 12:00:00,2026-08-31 18:00:00
ROW0006036,REF004901,ACC056,S03,INT03,2025-10-10,received,Commercial,Infusion,2026-08-30 12:00:00,2026-08-31 19:00:00
ROW0006167,REF004156,ACC016,S01,INT01,2025-01-11,completed,Commercial,Infusion,2026-08-31 12:00:00,2026-08-31 19:00:00
ROW0003746,REF003746,ACC011,S01,INT01,2026-07-08,VISIT COMPLETE,Medicare Advantage,Infusion,2026-08-31 12:00:00,2026-08-31 18:00:00
ROW0004609,REF004609,ACC036,S02,INT02,2025-03-26,VISIT COMPLETE,Commercial,Infusion,2026-08-31 12:00:00,2026-08-31 18:00:00
ROW0001456,REF001456,ACC089,S05,INT05,2026-05-13,complete,Medicare Advantage,Other outpatient,2026-08-31 12:00:00,2026-08-31 18:00:00
ROW0003774,REF003774,ACC099,S05,INT05,2025-03-26,CLOSED - NO VISIT,Medicaid,Injection,2026-08-31 12:00:00,2026-08-31 18:00:00
ROW0001730,REF001730,ACC077,S04,INT04,2025-09-07,VISIT COMPLETE,Medicare Advantage,Injection,2026-08-31 12:00:00,2026-08-31 18:00:00
ROW0003011,REF003011,ACC110,S08,INT08,2026-05-10,VISIT COMPLETE,Medicare Advantage,Infusion,2026-08-31 12:00:00,2026-08-31 18:00:00
ROW0000551,REF000551,ACC016,S01,INT01,2025-01-31,complete,Traditional Medicare,Other outpatient,2026-08-31 12:00:00,2026-08-31 18:00:00
ROW0002578,REF002578,ACC118,S06,,2025-06-07,VISIT COMPLETE,Commercial,Infusion,2026-08-31 12:00:00,2026-08-31 18:00:00
ROW0006269,REF002562,ACC009,S01,INT01,2025-06-23,in_review,Commercial,Infusion,2026-08-31 12:00:00,2026-08-31 19:00:00
ROW0002833,REF002833,ACC011,S01,INT01,2026-05-23,completed,Traditional Medicare,Injection,2026-08-31 12:00:00,2026-08-31 18:00:00
ROW0002508,REF002508,ACC021,S02,INT02,2025-10-20,VISIT COMPLETE,Commercial,Injection,2026-08-31 12:00:00,2026-08-31 18:00:00
ROW0004899,REF004899,ACC062,S04,INT04,2026-06-05,completed,Commercial,Injection,2026-08-31 12:00:00,2026-08-31 18:00:00
ROW0001116,REF001116,ACC039,S02,INT02,2025-01-31,CLOSED - NO VISIT,Commercial,Infusion,2026-08-31 12:00:00,2026-08-31 18:00:00
ROW0005479,REF005479,ACC083,S05,INT05,2025-11-06,completed,Traditional Medicare,Injection,2026-08-31 12:00:00,2026-08-31 18:00:00
ROW0001336,REF001336,ACC110,S06,INT06,2025-03-17,VISIT COMPLETE,Commercial,Infusion,2026-08-31 12:00:00,2026-08-31 18:00:00
ROW0000376,REF000376,ACC042,S07,INT07,2026-06-10,Ready_to_Schedule,Other,Injection,2026-08-31 12:00:00,2026-08-31 18:00:00
ROW0005437,REF005437,ACC062,S04,INT04,2025-11-29,completed,Medicare Advantage,Infusion,2026-08-31 12:00:00,2026-08-31 18:00:00
ROW0004774,REF004774,ACC101,S06,INT06,2026-05-18,VISIT COMPLETE,Traditional Medicare,Injection,2026-08-31 12:00:00,2026-08-31 18:00:00
ROW0004041,REF004041,ACC004,S01,INT01,2026-07-01,completed,Commercial,Infusion,2026-08-31 12:00:00,2026-08-31 18:00:00
ROW0005244,REF005244,ACC058,S03,INT03,2026-01-09,complete,Medicare Advantage,Infusion,2026-08-31 12:00:00,2026-08-31 18:00:00
ROW0003606,REF003606,ACC096,S05,INT05,2025-07-07,complete,Medicare Advantage,Injection,2026-08-31 12:00:00,2026-08-31 18:00:00
ROW0001396,REF001396,ACC061,S04,INT04,2025-12-24,VISIT COMPLETE,Traditional Medicare,Injection,2026-08-31 12:00:00,2026-08-31 18:00:00
ROW0002878,REF002878,ACC025,S02,INT02,2025-10-26,in_review,Commercial,Infusion,2026-08-31 12:00:00,2026-08-31 18:00:00
ROW0001027,REF001027,ACC078,S04,INT04,2026-06-19,review,Medicare Advantage,Infusion,2026-08-31 12:00:00,2026-08-31 18:00:00
ROW0000147,REF000147,ACC054,S07,INT07,2025-11-29,complete,Commercial,Injection,2026-08-31 12:00:00,2026-08-31 18:00:00
ROW0003127,REF003127,ACC120,S08,INT08,2026-08-22,review,Commercial,Infusion,2026-08-31 12:00:00,2026-08-31 18:00:00
ROW0002368,REF002368,ACC042,S03,INT03,2026-04-26,VISIT COMPLETE,Medicare Advantage,Infusion,2026-08-31 12:00:00,2026-08-31 18:00:00
ROW0002150,REF002150,ACC073,S04,INT04,2025-11-15,completed,Traditional Medicare,Injection,2026-08-31 12:00:00,2026-08-31 18:00:00
ROW0002576,REF002576,ACC118,S06,INT06,2026-08-21,ready,Traditional Medicare,Infusion,2026-08-31 12:00:00,2026-08-31 18:00:00
ROW0000720,REF000720,ACC044,S07,INT07,2025-05-18,completed,Other,Infusion,2026-08-31 12:00:00,2026-08-31 18:00:00
ROW0001688,REF001688,ACC106,S06,INT06,2026-06-18,complete,Commercial,Infusion,2026-08-31 12:00:00,2026-08-31 18:00:00
ROW0000123,REF000123,ACC049,S03,INT03,2026-05-20,closed,Medicare Advantage,Injection,2026-08-31 12:00:00,2026-08-31 18:00:00
ROW0000389,REF000389,ACC108,S06,INT06,2026-06-15,VISIT COMPLETE,Commercial,Infusion,2026-08-31 12:00:00,2026-08-31 18:00:00
ROW0002893,REF002893,ACC103,S08,INT08,2025-01-15,Ready_to_Schedule,Medicare Advantage,Injection,2026-08-31 12:00:00,2026-08-31 18:00:00
ROW0003978,REF003978,ACC026,S02,INT02,2025-12-23,complete,Traditional Medicare,Infusion,2026-08-31 12:00:00,2026-08-31 18:00:00
ROW0001258,REF001258,ACC015,S01,INT01,2025-03-27,Received,Commercial,Injection,2026-08-31 12:00:00,2026-08-31 18:00:00
ROW0003884,REF003884,ACC019,S01,INT01,2025-01-12,completed,Commercial,Infusion,2026-08-31 12:00:00,2026-08-31 18:00:00
ROW0004386,REF004386,ACC046,S07,INT07,2025-05-10,complete,Medicare Advantage,Infusion,2026-08-31 12:00:00,2026-08-31 18:00:00
ROW0005168,REF005168,ACC059,S07,INT07,2025-02-11,Ready_to_Schedule,Commercial,Infusion,2026-08-31 12:00:00,2026-08-31 18:00:00
ROW0002806,REF002806,ACC072,S04,INT04,2025-09-06,completed,Traditional Medicare,Infusion,2026-08-31 12:00:00,2026-08-31 18:00:00
ROW0005138,REF005138,ACC043,S03,INT03,2026-08-07,In Review,Commercial,Infusion,2026-08-31 12:00:00,2026-08-31 18:00:00
ROW0002280,REF002280,ACC011,S01,INT01,2026-08-03, SCHED ,Medicare Advantage,Injection,2026-08-31 12:00:00,2026-08-31 18:00:00
ROW0005845,REF005845,ACC062,S04,INT04,2026-06-02,VISIT COMPLETE,Commercial,Infusion,2026-08-31 12:00:00,2026-08-31 18:00:00
ROW0004657,REF004657,ACC005,S01,INT01,2025-07-25,completed,Medicaid,Infusion,2026-08-31 12:00:00,2026-08-31 18:00:00
ROW0002311,REF002311,ACC035,S02,INT02,2026-04-16,completed,Traditional Medicare,Injection,2026-08-31 12:00:00,2026-08-31 18:00:00
ROW0005775,REF005775,ACC088,S05,INT05,2025-05-09,completed,Medicare Advantage,Infusion,2026-08-31 12:00:00,2026-08-31 18:00:00
ROW0004694,REF004694,ACC047,S07,INT07,2026-05-23,completed,Traditional Medicare,Injection,2026-08-31 12:00:00,2026-08-31 18:00:00
ROW0000434,REF000434,ACC034,S02,INT02,2026-07-05,completed,Commercial,Infusion,2026-08-31 12:00:00,2026-08-31 18:00:00
ROW0004207,REF004207,ACC019,S01,INT01,2025-04-24,cancelled,Traditional Medicare,Infusion,2026-08-31 12:00:00,2026-08-31 18:00:00
ROW0003235,REF003235,ACC116,S08,INT08,2026-04-21,cancelled,Medicare Advantage,Injection,2026-08-31 12:00:00,2026-08-31 18:00:00
ROW0006025,REF003675,ACC065,S04,INT04,2026-04-02,received,Other,Infusion,2026-08-30 12:00:00,2026-08-31 19:00:00
ROW0001771,REF001771,ACC004,S01,INT01,2025-07-19,completed,Commercial,Injection,2026-08-31 12:00:00,2026-08-31 18:00:00
ROW0001465,REF001465,ACC022,S02,INT02,2026-03-17,received,Medicare Advantage,Injection,2026-08-31 12:00:00,2026-08-31 18:00:00
ROW0002270,REF002270,ACC040,S02,INT02,2026-05-27,CLOSED - NO VISIT,Commercial,Infusion,2026-08-31 12:00:00,2026-08-31 18:00:00
ROW0002053,REF002053,ACC075,S04,INT04,2025-05-14,complete,Commercial,Infusion,2026-08-31 12:00:00,2026-08-31 18:00:00
ROW0003040,REF003040,ACC056,S03,INT03,2026-02-14,VISIT COMPLETE,Medicare Advantage,Other outpatient,2026-08-31 12:00:00,2026-08-31 18:00:00
ROW0001555,REF001555,ACC101,S06,INT06,2025-04-25,completed,Commercial,Infusion,2026-08-31 12:00:00,2026-08-31 18:00:00
ROW0005361,REF005361,ACC039,S02,INT02,2025-01-09,VISIT COMPLETE,Commercial,Infusion,2026-08-31 12:00:00,2026-08-31 18:00:00
ROW0000097,REF000097,ACC080,S04,INT04,2026-04-01,VISIT COMPLETE,Commercial,Infusion,2026-08-31 12:00:00,2026-08-31 18:00:00
ROW0005802,REF005802,ACC065,S04,INT04,2025-02-16,completed,Commercial,Injection,2026-08-31 12:00:00,2026-08-31 18:00:00
ROW0000989,REF000989,ACC039,S02,INT02,2026-03-31,complete,Commercial,Infusion,2026-08-31 12:00:00,2026-08-31 18:00:00
ROW0004082,REF004082,ACC097,S05,INT05,2025-07-05,completed,Medicare Advantage,Injection,2026-08-31 12:00:00,2026-08-31 18:00:00
ROW0005583,REF005583,ACC019,S01,INT01,2026-01-26,complete,Commercial,Other outpatient,2026-08-31 12:00:00,2026-08-31 18:00:00
ROW0003816,REF003816,ACC026,S02,INT02,2025-04-16,review,Commercial,Injection,2026-08-31 12:00:00,2026-08-31 18:00:00
ROW0003872,REF003872,ACC001,S01,INT01,2025-04-28,In Review,Commercial,Infusion,2026-08-31 12:00:00,2026-08-31 18:00:00
ROW0000478,REF000478,ACC088,S05,INT05,2026-02-06,VISIT COMPLETE,Commercial,Infusion,2026-08-31 12:00:00,2026-08-31 18:00:00
ROW0005229,REF005229,ACC060,S07,INT07,2026-07-31,scheduled,Commercial,Infusion,2026-08-31 12:00:00,2026-08-31 18:00:00
ROW0001245,REF001245,ACC119,S06,INT06,2026-07-02,completed,Medicare Advantage,Injection,2026-08-31 12:00:00,2026-08-31 18:00:00
ROW0006177,REF005802,ACC065,S04,INT04,2025-02-16,completed,Commercial,Injection,2026-08-31 12:00:00,2026-08-31 19:00:00
ROW0002421,REF002421,ACC013,S01,INT01,2025-04-08,VISIT COMPLETE,Medicaid,Injection,2026-08-31 12:00:00,2026-08-31 18:00:00
ROW0004575,REF004575,ACC088,S05,INT05,2025-09-27,complete,Commercial,Other outpatient,2026-08-31 12:00:00,2026-08-31 18:00:00
ROW0003234,REF003234,ACC028,S02,INT02,2025-12-15,VISIT COMPLETE,Commercial,Infusion,2026-08-31 12:00:00,2026-08-31 18:00:00
ROW0005141,REF005141,ACC091,S05,INT05,2026-02-28,VISIT COMPLETE,Medicaid,Infusion,2026-08-31 12:00:00,2026-08-31 18:00:00
ROW0005157,REF005157,ACC018,S01,INT01,2025-04-03,complete,Commercial,Infusion,2026-08-31 12:00:00,2026-08-31 18:00:00
ROW0006086,REF005323,ACC087,S05,INT05,2026-08-09, SCHED ,Medicaid,Infusion,2026-08-31 12:00:00,2026-08-31 19:00:00
ROW0001449,REF001449,ACC087,S05,INT05,2026-03-27,VISIT COMPLETE,Commercial,Infusion,2026-08-31 12:00:00,2026-08-31 18:00:00
ROW0005480,REF005480,ACC082,S05,INT05,2026-02-14,completed,Medicare Advantage,Infusion,2026-08-31 12:00:00,2026-08-31 18:00:00
ROW0004820,REF004820,ACC026,S02,INT02,2026-01-15,VISIT COMPLETE,Traditional Medicare,Infusion,2026-08-31 12:00:00,2026-08-31 18:00:00
ROW0004176,REF004176,ACC085,S05,INT05,2026-01-16,received,Medicare Advantage,Infusion,2026-08-31 12:00:00,2026-08-31 18:00:00
ROW0002437,REF002437,ACC083,S05,INT05,2025-05-08,completed,Medicare Advantage,Infusion,2026-08-31 12:00:00,2026-08-31 18:00:00
ROW0001454,REF001454,ACC031,S02,INT02,2025-05-17,closed,Traditional Medicare,Injection,2026-08-31 12:00:00,2026-08-31 18:00:00
ROW0004696,REF004696,ACC051,S07,INT07,2025-02-02,closed,Commercial,Infusion,2026-08-31 12:00:00,2026-08-31 18:00:00
ROW0003313,REF003313,ACC024,S02,INT02,2025-01-20,VISIT COMPLETE,Medicaid,Other outpatient,2026-08-31 12:00:00,2026-08-31 18:00:00
ROW0000763,REF000763,ACC071,S04,INT04,2025-06-30,cancelled,Medicaid,Injection,2026-08-31 12:00:00,2026-08-31 18:00:00
ROW0001156,REF001156,ACC115,S08,INT08,2025-06-24,closed,Traditional Medicare,Other outpatient,2026-08-31 12:00:00,2026-08-31 18:00:00
ROW0004227,REF004227,ACC001,S01,INT01,2026-04-02,complete,Commercial,Injection,2026-08-31 12:00:00,2026-08-31 18:00:00
ROW0003781,REF003781,ACC018,S01,INT01,2026-02-24,completed,Medicare Advantage,Infusion,2026-08-31 12:00:00,2026-08-31 18:00:00
ROW0002713,REF002713,ACC047,S03,INT03,2025-05-02,complete,Traditional Medicare,Injection,2026-08-31 12:00:00,2026-08-31 18:00:00
ROW0003968,REF003968,ACC053,S03,INT03,2026-08-18,ready,Traditional Medicare,Infusion,2026-08-31 12:00:00,2026-08-31 18:00:00
ROW0001971,REF001971,ACC074,S04,INT04,2026-01-11,VISIT COMPLETE,Medicare Advantage,Infusion,2026-08-31 12:00:00,2026-08-31 18:00:00
ROW0000781,REF000781,ACC097,S05,INT05,2025-10-15,VISIT COMPLETE,Medicare Advantage,Infusion,2026-08-31 12:00:00,2026-08-31 18:00:00
ROW0005961,REF005961,ACC012,S01,INT01,2026-06-02,complete,Commercial,Injection,2026-08-31 12:00:00,2026-08-31 18:00:00
ROW0005294,REF005294,ACC039,S02,INT02,2025-06-05,complete,Commercial,Injection,2026-08-31 12:00:00,2026-08-31 18:00:00
ROW0002509,REF002509,ACC073,S04,INT04,2025-12-04,closed,Commercial,Infusion,2026-08-31 12:00:00,2026-08-31 18:00:00
ROW0001661,REF001661,ACC116,S08,INT08,2026-06-15,complete,Medicare Advantage,Injection,2026-08-31 12:00:00,2026-08-31 18:00:00
ROW0004363,REF004363,ACC045,S07,INT07,2026-05-15,Received,Commercial,Infusion,2026-08-31 12:00:00,2026-08-31 18:00:00
ROW0003442,REF003442,ACC013,S01,INT01,2026-02-08,VISIT COMPLETE,Traditional Medicare,Infusion,2026-08-31 12:00:00,2026-08-31 18:00:00
ROW0002597,REF002597,ACC085,S05,INT05,2025-10-18,ready to schedule,Commercial,Infusion,2026-08-31 12:00:00,2026-08-31 18:00:00
ROW0004287,REF004287,ACC053,S03,INT03,2025-12-23,completed,Other,Other outpatient,2026-08-31 12:00:00,2026-08-31 18:00:00
ROW0005357,REF005357,ACC011,S01,INT01,2025-06-01,closed,Commercial,Infusion,2026-08-31 12:00:00,2026-08-31 18:00:00
ROW0001785,REF001785,ACC010,S01,INT01,2025-04-19,CLOSED - NO VISIT,Traditional Medicare,Injection,2026-08-31 12:00:00,2026-08-31 18:00:00
ROW0001335,REF001335,ACC012,S01,INT01,2026-01-31,CLOSED - NO VISIT,Medicare Advantage,Other outpatient,2026-08-31 12:00:00,2026-08-31 18:00:00
ROW0001496,REF001496,ACC118,S08,INT08,2025-01-13,VISIT COMPLETE,Traditional Medicare,Infusion,2026-08-31 12:00:00,2026-08-31 18:00:00
ROW0006097,REF004608,ACC018,S01,INT01,2025-01-24,complete,Commercial,Infusion,2026-08-31 12:00:00,2026-08-31 19:00:00
ROW0001891,REF001891,ACC054,S07,INT07,2025-10-23,VISIT COMPLETE,Commercial,Infusion,2026-08-31 12:00:00,2026-08-31 18:00:00
ROW0005005,REF005005,ACC065,S04,INT04,2025-09-03,completed,Traditional Medicare,Other outpatient,2026-08-31 12:00:00,2026-08-31 18:00:00
ROW0002652,REF002652,ACC017,S01,INT01,2025-10-13,complete,Medicare Advantage,Injection,2026-08-31 12:00:00,2026-08-31 18:00:00
ROW0000949,REF000949,ACC019,S01,INT01,2025-03-14,VISIT COMPLETE,Medicare Advantage,Infusion,2026-08-31 12:00:00,2026-08-31 18:00:00
ROW0003025,REF003025,ACC006,S01,INT01,2025-10-12,VISIT COMPLETE,Commercial,Infusion,2026-08-31 12:00:00,2026-08-31 18:00:00
ROW0001983,REF001983,ACC059,S07,INT07,2025-04-23,VISIT COMPLETE,Commercial,Injection,2026-08-31 12:00:00,2026-08-31 18:00:00
ROW0006059,REF002386,ACC003,S01,INT01,2025-02-10,complete,Medicare Advantage,Infusion,2026-08-31 12:00:00,2026-08-31 19:00:00
ROW0002801,REF002801,ACC110,S08,INT08,2025-01-09,CLOSED - NO VISIT,Commercial,Infusion,2026-08-31 12:00:00,2026-08-31 18:00:00
ROW0004843,REF004843,ACC086,S05,INT05,2026-07-30,complete,Medicare Advantage,Infusion,2026-08-31 12:00:00,2026-08-31 18:00:00
ROW0003977,REF003977,ACC010,S01,INT01,2025-11-14,VISIT COMPLETE,Medicare Advantage,Infusion,2026-08-31 12:00:00,2026-08-31 18:00:00
ROW0002435,REF002435,ACC057,S03,INT03,2025-09-12,closed,Medicare Advantage,Injection,2026-08-31 12:00:00,2026-08-31 18:00:00
ROW0004546,REF004546,ACC061,S04,INT04,2026-04-20,complete,Traditional Medicare,Infusion,2026-08-31 12:00:00,2026-08-31 18:00:00
ROW0001600,REF001600,ACC098,S05,INT05,2026-07-02,CLOSED - NO VISIT,Medicare Advantage,Infusion,2026-08-31 12:00:00,2026-08-31 18:00:00
ROW0003147,REF003147,ACC074,S04,INT04,2026-06-17,complete,Commercial,Injection,2026-08-31 12:00:00,2026-08-31 18:00:00
ROW0002155,REF002155,ACC113,S08,INT08,2026-04-13,closed,Traditional Medicare,Infusion,2026-08-31 12:00:00,2026-08-31 18:00:00
ROW0004314,REF004314,ACC101,S06,INT06,2026-05-29,complete,Medicare Advantage,Infusion,2026-08-31 12:00:00,2026-08-31 18:00:00
ROW0004543,REF004543,ACC067,S04,INT04,2026-03-08,complete,Traditional Medicare,Infusion,2026-08-31 12:00:00,2026-08-31 18:00:00
ROW0004800,REF004800,ACC014,S01,INT01,2025-02-01,completed,Commercial,Infusion,2026-08-31 12:00:00,2026-08-31 18:00:00
ROW0003743,REF003743,ACC104,S06,INT06,2025-11-26, NEW ,Medicaid,Injection,2026-08-31 12:00:00,2026-08-31 18:00:00
ROW0004245,REF004245,ACC061,S04,,2025-09-22,completed,Other,Infusion,2026-08-31 12:00:00,2026-08-31 18:00:00
ROW0000306,REF000306,ACC077,S04,INT04,2025-08-30,completed,Commercial,Infusion,2026-08-31 12:00:00,2026-08-31 18:00:00
ROW0003339,REF003339,ACC068,S04,INT04,2026-08-02,ready,Medicare Advantage,Infusion,2026-08-31 12:00:00,2026-08-31 18:00:00
ROW0003883,REF003883,ACC060,S07,INT07,2026-05-17,closed,Commercial,Injection,2026-08-31 12:00:00,2026-08-31 18:00:00
ROW0002274,REF002274,ACC108,S06,INT06,2026-04-04,completed,Medicaid,Injection,2026-08-31 12:00:00,2026-08-31 18:00:00
ROW0005204,REF005204,ACC073,S04,INT04,2025-07-23,completed,Medicare Advantage,Infusion,2026-08-31 12:00:00,2026-08-31 18:00:00
ROW0001675,REF001675,ACC087,S05,INT05,2026-03-03,VISIT COMPLETE,Commercial,Infusion,2026-08-31 12:00:00,2026-08-31 18:00:00
ROW0001843,REF001843,ACC016,S01,INT01,2025-04-06,complete,Commercial,Infusion,2026-08-31 12:00:00,2026-08-31 18:00:00
ROW0000185,REF000185,ACC085,S05,INT05,2026-02-06,complete,Medicare Advantage,Infusion,2026-08-31 12:00:00,2026-08-31 18:00:00
ROW0005017,REF005017,ACC031,S02,INT02,2025-09-20,complete,Medicare Advantage,Injection,2026-08-31 12:00:00,2026-08-31 18:00:00
ROW0005347,REF005347,ACC046,S07,INT07,2026-02-27,completed,Medicaid,Injection,2026-08-31 12:00:00,2026-08-31 18:00:00
ROW0005488,REF005488,ACC016,S01,INT01,2026-02-14,completed,Commercial,Injection,2026-08-31 12:00:00,2026-08-31 18:00:00
ROW0005680,REF005680,ACC036,S02,INT02,2025-04-01,complete,Medicare Advantage,Infusion,2026-08-31 12:00:00,2026-08-31 18:00:00
ROW0001959,REF001959,ACC084,S05,INT05,2025-02-08,VISIT COMPLETE,Other,Infusion,2026-08-31 12:00:00,2026-08-31 18:00:00
ROW0005321,REF005321,ACC087,S05,INT05,2025-08-04,complete,Medicare Advantage,Infusion,2026-08-31 12:00:00,2026-08-31 18:00:00
ROW0006115,REF003979,ACC077,S04,INT04,2026-03-06,complete,Medicare Advantage,Injection,2026-08-31 12:00:00,2026-08-31 19:00:00
ROW0003326,REF003326,ACC037,S02,INT02,2026-06-12,completed,Medicare Advantage,Infusion,2026-08-31 12:00:00,2026-08-31 18:00:00
ROW0003058,REF003058,ACC065,S04,INT04,2025-07-31,complete,Medicare Advantage,Infusion,2026-08-31 12:00:00,2026-08-31 18:00:00
ROW0005675,REF005675,ACC053,S03,INT03,2026-05-20,complete,Commercial,Infusion,2026-08-31 12:00:00,2026-08-31 18:00:00
ROW0003315,REF003315,ACC013,S01,INT01,2025-10-07,completed,Medicare Advantage,Infusion,2026-08-31 12:00:00,2026-08-31 18:00:00
ROW0003170,REF003170,ACC049,S07,INT07,2026-01-12,completed,Traditional Medicare,Infusion,2026-08-31 12:00:00,2026-08-31 18:00:00
ROW0003034,REF003034,ACC050,S03,INT03,2026-08-08,booked,Medicare Advantage,Injection,2026-08-31 12:00:00,2026-08-31 18:00:00
ROW0003175,REF003175,ACC099,S05,INT05,2026-07-27,closed,Medicare Advantage,Infusion,2026-08-31 12:00:00,2026-08-31 18:00:00
ROW0000039,REF000039,ACC062,S04,INT04,2025-04-24,VISIT COMPLETE,Commercial,Infusion,2026-08-31 12:00:00,2026-08-31 18:00:00
ROW0000156,REF000156,ACC018,S01,INT01,2025-09-19,completed,Commercial,Injection,2026-08-31 12:00:00,2026-08-31 18:00:00
ROW0003650,REF003650,ACC028,S02,INT02,2026-03-17,review,Commercial,Infusion,2026-08-31 12:00:00,2026-08-31 18:00:00
ROW0004717,REF004717,ACC037,S02,,2025-08-29,completed,Other,Infusion,2026-08-31 12:00:00,2026-08-31 18:00:00
ROW0004711,REF004711,ACC090,S05,INT05,2026-06-03,completed,Commercial,Injection,2026-08-31 12:00:00,2026-08-31 18:00:00
ROW0002967,REF002967,ACC074,S04,INT04,2025-05-18,review,Medicaid,Infusion,2026-08-31 12:00:00,2026-08-31 18:00:00
ROW0004076,REF004076,ACC063,S04,INT04,2026-06-06,In Review,Medicaid,Injection,2026-08-31 12:00:00,2026-08-31 18:00:00
ROW0005473,REF005473,ACC057,S03,INT03,2026-02-11,completed,Traditional Medicare,Infusion,2026-08-31 12:00:00,2026-08-31 18:00:00
ROW0001433,REF001433,ACC060,S07,INT07,2025-06-26,closed,Commercial,Injection,2026-08-31 12:00:00,2026-08-31 18:00:00
ROW0002735,REF002735,ACC054,S03,INT03,2025-09-27,VISIT COMPLETE,Medicare Advantage,Infusion,2026-08-31 12:00:00,2026-08-31 18:00:00
ROW0006231,REF003193,ACC046,S07,INT07,2026-08-03,ready,Medicare Advantage,Infusion,2026-08-31 12:00:00,2026-08-31 19:00:00
ROW0005451,REF005451,ACC018,S01,INT01,2026-01-03,completed,Medicaid,Infusion,2026-08-31 12:00:00,2026-08-31 18:00:00
ROW0002725,REF002725,ACC100,S05,INT05,2026-05-15,completed,Traditional Medicare,Other outpatient,2026-08-31 12:00:00,2026-08-31 18:00:00
ROW0005103,REF005103,ACC098,S05,INT05,2026-04-09,VISIT COMPLETE,Medicare Advantage,Infusion,2026-08-31 12:00:00,2026-08-31 18:00:00
ROW0000096,REF000096,ACC016,S01,INT01,2026-05-22,complete,Traditional Medicare,Injection,2026-08-31 12:00:00,2026-08-31 18:00:00
ROW0004724,REF004724,ACC084,S05,INT05,2026-07-26,complete,Commercial,Infusion,2026-08-31 12:00:00,2026-08-31 18:00:00
ROW0004789,REF004789,ACC076,S04,INT04,2025-10-26,completed,Medicaid,Injection,2026-08-31 12:00:00,2026-08-31 18:00:00
ROW0002550,REF002550,ACC115,S06,INT06,2025-12-14,completed,Traditional Medicare,Other outpatient,2026-08-31 12:00:00,2026-08-31 18:00:00
ROW0004058,REF004058,ACC042,S07,INT07,2025-11-18,VISIT COMPLETE,Commercial,Other outpatient,2026-08-31 12:00:00,2026-08-31 18:00:00
ROW0002546,REF002546,ACC099,S05,INT05,2025-11-24,VISIT COMPLETE,Commercial,Infusion,2026-08-31 12:00:00,2026-08-31 18:00:00
ROW0002739,REF002739,ACC020,S01,INT01,2026-03-06, NEW ,Medicare Advantage,Infusion,2026-08-31 12:00:00,2026-08-31 18:00:00
ROW0002208,REF002208,ACC042,S07,INT07,2025-09-11,completed,Medicare Advantage,Injection,2026-08-31 12:00:00,2026-08-31 18:00:00
ROW0005506,REF005506,ACC065,S04,INT04,2025-06-20,VISIT COMPLETE,Commercial,Infusion,2026-08-31 12:00:00,2026-08-31 18:00:00
ROW0000688,REF000688,ACC016,S01,INT01,2025-12-01,complete,Commercial,Infusion,2026-08-31 12:00:00,2026-08-31 18:00:00
ROW0002249,REF002249,ACC043,S07,INT07,2026-05-23,closed,Commercial,Other outpatient,2026-08-31 12:00:00,2026-08-31 18:00:00
ROW0002516,REF002516,ACC048,S07,INT07,2026-05-17,VISIT COMPLETE,Traditional Medicare,Infusion,2026-08-31 12:00:00,2026-08-31 18:00:00
ROW0005078,REF005078,ACC006,S01,INT01,2025-09-29,complete,Medicare Advantage,Infusion,2026-08-31 12:00:00,2026-08-31 18:00:00
ROW0001606,REF001606,ACC077,S04,INT04,2025-04-25,completed,Traditional Medicare,Infusion,2026-08-31 12:00:00,2026-08-31 18:00:00
ROW0004291,REF004291,ACC086,S05,INT05,2026-08-15, SCHED ,Traditional Medicare,Infusion,2026-08-31 12:00:00,2026-08-31 18:00:00
ROW0004826,REF004826,ACC068,S04,INT04,2026-07-03,Received,Commercial,Injection,2026-08-31 12:00:00,2026-08-31 18:00:00
ROW0005482,REF005482,ACC104,S06,INT06,2025-02-17,completed,Commercial,Injection,2026-08-31 12:00:00,2026-08-31 18:00:00
ROW0004591,REF004591,ACC064,S04,INT04,2026-08-18,ready to schedule,Traditional Medicare,Injection,2026-08-31 12:00:00,2026-08-31 18:00:00
ROW0005972,REF005972,ACC049,S07,INT07,2025-09-22,complete,Medicaid,Infusion,2026-08-31 12:00:00,2026-08-31 18:00:00
ROW0000440,REF000440,ACC026,S02,INT02,2025-10-26,VISIT COMPLETE,Medicare Advantage,Injection,2026-08-31 12:00:00,2026-08-31 18:00:00
ROW0004021,REF004021,ACC050,S07,INT07,2025-03-16,complete,Medicare Advantage,Infusion,2026-08-31 12:00:00,2026-08-31 18:00:00
ROW0000894,REF000894,ACC063,S04,INT04,2025-11-22,complete,Medicare Advantage,Infusion,2026-08-31 12:00:00,2026-08-31 18:00:00
ROW0005930,REF005930,ACC069,S04,INT04,2026-06-09,completed,Medicare Advantage,Infusion,2026-08-31 12:00:00,2026-08-31 18:00:00
ROW0003424,REF003424,ACC025,S02,INT02,2026-04-06,complete,Commercial,Infusion,2026-08-31 12:00:00,2026-08-31 18:00:00
ROW0002000,REF002000,ACC051,S07,INT07,2026-01-07,closed,Other,Infusion,2026-08-31 12:00:00,2026-08-31 18:00:00
ROW0005927,REF005927,ACC011,S01,INT01,2025-02-21,complete,Medicare Advantage,Infusion,2026-08-31 12:00:00,2026-08-31 18:00:00
ROW0003229,REF003229,ACC058,S03,INT03,2025-11-12,complete,Traditional Medicare,Infusion,2026-08-31 12:00:00,2026-08-31 18:00:00
ROW0001168,REF001168,ACC065,S04,INT04,2025-05-01,VISIT COMPLETE,Medicare Advantage,Injection,2026-08-31 12:00:00,2026-08-31 18:00:00
ROW0002935,REF002935,ACC083,S05,INT05,2025-08-25,VISIT COMPLETE,Medicaid,Other outpatient,2026-08-31 12:00:00,2026-08-31 18:00:00
ROW0002584,REF002584,ACC120,S06,INT06,2025-09-05,VISIT COMPLETE,Medicare Advantage,Other outpatient,2026-08-31 12:00:00,2026-08-31 18:00:00
ROW0002205,REF002205,ACC007,S01,INT01,2025-09-25,VISIT COMPLETE,Medicaid,Infusion,2026-08-31 12:00:00,2026-08-31 18:00:00
ROW0002118,REF002118,ACC112,S08,INT08,2026-01-06,complete,Medicare Advantage,Infusion,2026-08-31 12:00:00,2026-08-31 18:00:00
ROW0000990,REF000990,ACC087,S05,INT05,2025-05-14,VISIT COMPLETE,Commercial,Infusion,2026-08-31 12:00:00,2026-08-31 18:00:00
ROW0005664,REF005664,ACC015,S01,INT01,2026-06-30,closed,Medicare Advantage,Injection,2026-08-31 12:00:00,2026-08-31 18:00:00
ROW0000813,REF000813,ACC057,S03,INT03,2025-06-18,completed,Medicare Advantage,Infusion,2026-08-31 12:00:00,2026-08-31 18:00:00
ROW0000638,REF000638,ACC026,S02,INT02,2025-09-25,completed,Commercial,Injection,2026-08-31 12:00:00,2026-08-31 18:00:00
ROW0002353,REF002353,ACC035,S02,INT02,2025-06-22,complete,Commercial,Infusion,2026-08-31 12:00:00,2026-08-31 18:00:00
ROW0000120,REF000120,ACC002,S01,INT01,2025-05-15,Received,Commercial,Injection,2026-08-31 12:00:00,2026-08-31 18:00:00
ROW0001337,REF001337,ACC026,S02,INT02,2026-05-22,VISIT COMPLETE,Commercial,Injection,2026-08-31 12:00:00,2026-08-31 18:00:00
ROW0005846,REF005846,ACC025,S02,INT02,2026-04-24,complete,Medicaid,Infusion,2026-08-31 12:00:00,2026-08-31 18:00:00
ROW0001664,REF001664,ACC033,S02,INT02,2026-02-20,VISIT COMPLETE,Commercial,Injection,2026-08-31 12:00:00,2026-08-31 18:00:00
ROW0004429,REF004429,ACC079,S04,INT04,2025-06-29,complete,Medicaid,Injection,2026-08-31 12:00:00,2026-08-31 18:00:00
ROW0002354,REF002354,ACC089,S05,INT05,2026-01-30,complete,Commercial,Injection,2026-08-31 12:00:00,2026-08-31 18:00:00
ROW0004848,REF004848,ACC023,S02,INT02,2026-05-03,complete,Medicaid,Injection,2026-08-31 12:00:00,2026-08-31 18:00:00
ROW0001089,REF001089,ACC026,S02,INT02,2025-10-14,ready to schedule,Commercial,Infusion,2026-08-31 12:00:00,2026-08-31 18:00:00
ROW0005219,REF005219,ACC071,S04,,2026-02-03,VISIT COMPLETE,Medicare Advantage,Infusion,2026-08-31 12:00:00,2026-08-31 18:00:00
ROW0006118,REF004998,ACC014,S01,INT01,2026-06-18,closed,Commercial,Injection,2026-08-31 12:00:00,2026-08-31 19:00:00
ROW0005257,REF005257,ACC099,S05,INT05,2026-07-22,complete,Medicaid,Infusion,2026-08-31 12:00:00,2026-08-31 18:00:00
ROW0000024,REF000024,ACC011,S01,INT01,2025-08-30,completed,Medicaid,Injection,2026-08-31 12:00:00,2026-08-31 18:00:00
ROW0003924,REF003924,ACC066,S04,INT04,2025-01-23,VISIT COMPLETE,Medicare Advantage,Infusion,2026-08-31 12:00:00,2026-08-31 18:00:00
ROW0005996,REF005996,ACC042,S07,INT07,2026-04-04,completed,Commercial,Infusion,2026-08-31 12:00:00,2026-08-31 18:00:00
ROW0003373,REF003373,ACC110,S08,INT08,2026-05-14,CLOSED - NO VISIT,Commercial,Infusion,2026-08-31 12:00:00,2026-08-31 18:00:00
ROW0006174,REF000358,ACC042,S03,INT03,2025-05-19,completed,Commercial,Injection,2026-08-31 12:00:00,2026-08-31 19:00:00
ROW0003803,REF003803,ACC098,S05,INT05,2026-03-02,VISIT COMPLETE,Traditional Medicare,Injection,2026-08-31 12:00:00,2026-08-31 18:00:00
ROW0001177,REF001177,ACC022,S02,INT02,2026-07-22,completed,Medicare Advantage,Infusion,2026-08-31 12:00:00,2026-08-31 18:00:00
ROW0003693,REF003693,ACC114,S06,INT06,2026-05-07,complete,Commercial,Injection,2026-08-31 12:00:00,2026-08-31 18:00:00
ROW0001732,REF001732,ACC052,S07,INT07,2025-11-23,VISIT COMPLETE,Traditional Medicare,Infusion,2026-08-31 12:00:00,2026-08-31 18:00:00
ROW0004148,REF004148,ACC014,S01,INT01,2025-02-21,complete,Commercial,Injection,2026-08-31 12:00:00,2026-08-31 18:00:00
ROW0006136,REF001959,ACC084,S05,INT05,2025-02-08,VISIT COMPLETE,Other,Infusion,2026-08-31 12:00:00,2026-08-31 19:00:00
ROW0001945,REF001945,ACC025,S02,INT02,2026-07-01,CLOSED - NO VISIT,Medicaid,Injection,2026-08-31 12:00:00,2026-08-31 18:00:00
ROW0003338,REF003338,ACC029,S02,INT02,2025-04-15,completed,Other,Infusion,2026-08-31 12:00:00,2026-08-31 18:00:00
ROW0001943,REF001943,ACC112,S08,INT08,2026-04-21,complete,Traditional Medicare,Injection,2026-08-31 12:00:00,2026-08-31 18:00:00
ROW0000951,REF000951,ACC103,S08,INT08,2025-04-11,completed,Commercial,Infusion,2026-08-31 12:00:00,2026-08-31 18:00:00
ROW0002284,REF002284,ACC089,S05,INT05,2025-07-31,completed,Commercial,Infusion,2026-08-31 12:00:00,2026-08-31 18:00:00
ROW0000295,REF000295,ACC072,S04,INT04,2026-04-22,closed,Medicare Advantage,Infusion,2026-08-31 12:00:00,2026-08-31 18:00:00
ROW0001686,REF001686,ACC049,S03,INT03,2026-02-22,complete,Medicare Advantage,Infusion,2026-08-31 12:00:00,2026-08-31 18:00:00
ROW0004475,REF004475,ACC116,S08,INT08,2026-06-04,complete,Medicare Advantage,Infusion,2026-08-31 12:00:00,2026-08-31 18:00:00
ROW0000818,REF000818,ACC063,S04,,2025-10-17,completed,Medicare Advantage,Infusion,2026-08-31 12:00:00,2026-08-31 18:00:00
ROW0001275,REF001275,ACC045,S07,INT07,2025-03-09,closed,Medicare Advantage,Infusion,2026-08-31 12:00:00,2026-08-31 18:00:00
ROW0004209,REF004209,ACC080,S04,INT04,2025-03-04,VISIT COMPLETE,Commercial,Infusion,2026-08-31 12:00:00,2026-08-31 18:00:00
ROW0001545,REF001545,ACC019,S01,INT01,2025-01-07,complete,Commercial,Other outpatient,2026-08-31 12:00:00,2026-08-31 18:00:00
ROW0001923,REF001923,ACC086,S05,INT05,2026-05-09,In Review,Medicaid,Infusion,2026-08-31 12:00:00,2026-08-31 18:00:00
ROW0001520,REF001520,ACC077,S04,INT04,2025-10-09,closed,Commercial,Injection,2026-08-31 12:00:00,2026-08-31 18:00:00
ROW0003688,REF003688,ACC072,S04,INT04,2026-03-18,VISIT COMPLETE,Commercial,Other outpatient,2026-08-31 12:00:00,2026-08-31 18:00:00
ROW0006266,REF002013,ACC008,S01,INT01,2025-12-06,complete,Commercial,Infusion,2026-08-31 12:00:00,2026-08-31 19:00:00
ROW0005634,REF005634,ACC071,S04,INT04,2026-08-05,CLOSED - NO VISIT,Medicare Advantage,Infusion,2026-08-31 12:00:00,2026-08-31 18:00:00
ROW0003066,REF003066,ACC072,S04,,2025-08-02,completed,Medicaid,Infusion,2026-08-31 12:00:00,2026-08-31 18:00:00
ROW0006011,REF003766,ACC031,S02,INT02,2026-08-09,received,Medicare Advantage,Infusion,2026-08-30 12:00:00,2026-08-31 19:00:00
ROW0005601,REF005601,ACC059,S07,INT07,2025-03-01,cancelled,Other,Injection,2026-08-31 12:00:00,2026-08-31 18:00:00
ROW0001919,REF001919,ACC093,S05,INT05,2026-02-10,completed,Medicare Advantage,Infusion,2026-08-31 12:00:00,2026-08-31 18:00:00
ROW0004940,REF004940,ACC059,S07,INT07,2025-08-15,completed,Medicaid,Injection,2026-08-31 12:00:00,2026-08-31 18:00:00
ROW0004479,REF004479,ACC117,S08,INT08,2026-03-30,complete,Commercial,Infusion,2026-08-31 12:00:00,2026-08-31 18:00:00
ROW0001773,REF001773,ACC101,S08,INT08,2026-05-26,complete,Commercial,Infusion,2026-08-31 12:00:00,2026-08-31 18:00:00
ROW0004212,REF004212,ACC033,S02,INT02,2025-09-06,VISIT COMPLETE,Medicaid,Infusion,2026-08-31 12:00:00,2026-08-31 18:00:00
ROW0001376,REF001376,ACC031,S02,INT02,2025-10-31,complete,Medicare Advantage,Injection,2026-08-31 12:00:00,2026-08-31 18:00:00
ROW0001858,REF001858,ACC087,S05,INT05,2025-05-15,VISIT COMPLETE,Medicare Advantage,Infusion,2026-08-31 12:00:00,2026-08-31 18:00:00
ROW0003243,REF003243,ACC103,S06,INT06,2026-04-24,completed,Medicare Advantage,Injection,2026-08-31 12:00:00,2026-08-31 18:00:00
ROW0006127,REF000557,ACC102,S06,INT06,2025-01-26,VISIT COMPLETE,Commercial,Infusion,2026-08-31 12:00:00,2026-08-31 19:00:00
ROW0004667,REF004667,ACC107,S08,INT08,2026-04-25,complete,Medicare Advantage,Infusion,2026-08-31 12:00:00,2026-08-31 18:00:00
ROW0000661,REF000661,ACC003,S01,INT01,2025-08-03,completed,Medicare Advantage,Injection,2026-08-31 12:00:00,2026-08-31 18:00:00
ROW0004011,REF004011,ACC094,S05,INT05,2026-03-10,VISIT COMPLETE,Commercial,Injection,2026-08-31 12:00:00,2026-08-31 18:00:00
ROW0000642,REF000642,ACC104,S06,INT06,2026-04-05,CLOSED - NO VISIT,Commercial,Infusion,2026-08-31 12:00:00,2026-08-31 18:00:00
ROW0005960,REF005960,ACC107,S06,,2025-07-07,VISIT COMPLETE,Commercial,Infusion,2026-08-31 12:00:00,2026-08-31 18:00:00
ROW0005156,REF005156,ACC099,S05,INT05,2026-06-27,completed,Commercial,Infusion,2026-08-31 12:00:00,2026-08-31 18:00:00
ROW0005733,REF005733,ACC076,S04,INT04,2026-08-13,in progress?,Medicare Advantage,Infusion,2026-08-31 12:00:00,2026-08-31 18:00:00
ROW0003220,REF003220,ACC021,S02,INT02,2026-03-13,VISIT COMPLETE,Commercial,Infusion,2026-08-31 12:00:00,2026-08-31 18:00:00
ROW0000750,REF000750,ACC054,S03,INT03,2025-07-12,complete,Medicare Advantage,Infusion,2026-08-31 12:00:00,2026-08-31 18:00:00
ROW0006278,REF000377,ACC031,S02,INT02,2025-05-07,completed,Commercial,Infusion,2026-08-31 12:00:00,2026-08-31 19:00:00
ROW0002412,REF002412,ACC074,S04,INT04,2026-04-27,VISIT COMPLETE,Medicare Advantage,Infusion,2026-08-31 12:00:00,2026-08-31 18:00:00
ROW0000573,REF000573,ACC085,S05,INT05,2025-02-09,in_review,Commercial,Infusion,2026-08-31 12:00:00,2026-08-31 18:00:00
ROW0004186,REF004186,ACC074,S04,INT04,2025-03-03,VISIT COMPLETE,Medicare Advantage,Infusion,2026-08-31 12:00:00,2026-08-31 18:00:00
ROW0006122,REF005219,ACC071,S04,,2026-02-03,VISIT COMPLETE,Medicare Advantage,Infusion,2026-08-31 12:00:00,2026-08-31 19:00:00
ROW0001153,REF001153,ACC087,S05,INT05,2025-10-02,VISIT COMPLETE,Medicare Advantage,Infusion,2026-08-31 12:00:00,2026-08-31 18:00:00
ROW0003271,REF003271,ACC059,S07,INT07,2026-04-30,complete,Commercial,Injection,2026-08-31 12:00:00,2026-08-31 18:00:00
ROW0001230,REF001230,ACC119,S08,INT08,2025-03-08,CLOSED - NO VISIT,Medicaid,Other outpatient,2026-08-31 12:00:00,2026-08-31 18:00:00
ROW0005765,REF005765,ACC085,S05,INT05,2025-08-18,review,Commercial,Infusion,2026-08-31 12:00:00,2026-08-31 18:00:00
ROW0005518,REF005518,ACC008,S01,INT01,2025-11-24,VISIT COMPLETE,Commercial,Infusion,2026-08-31 12:00:00,2026-08-31 18:00:00
ROW0005245,REF005245,ACC114,S08,INT08,2025-12-24,VISIT COMPLETE,Commercial,Injection,2026-08-31 12:00:00,2026-08-31 18:00:00
ROW0000889,REF000889,ACC085,S05,INT05,2026-02-05,complete,Medicare Advantage,Other outpatient,2026-08-31 12:00:00,2026-08-31 18:00:00
ROW0004411,REF004411,ACC008,S01,INT01,2026-08-11,complete,Commercial,Injection,2026-08-31 12:00:00,2026-08-31 18:00:00
ROW0002539,REF002539,ACC077,S04,INT04,2025-04-25,completed,Other,Injection,2026-08-31 12:00:00,2026-08-31 18:00:00
ROW0004885,REF004885,ACC063,S04,INT04,2025-05-28,VISIT COMPLETE,Traditional Medicare,Infusion,2026-08-31 12:00:00,2026-08-31 18:00:00
ROW0000337,REF000337,ACC078,S04,INT04,2026-02-04,closed,Traditional Medicare,Injection,2026-08-31 12:00:00,2026-08-31 18:00:00
ROW0003016,REF003016,ACC058,S07,INT07,2025-09-19,VISIT COMPLETE,Commercial,Injection,2026-08-31 12:00:00,2026-08-31 18:00:00
ROW0003687,REF003687,ACC029,S02,INT02,2025-08-17,completed,Other,Other outpatient,2026-08-31 12:00:00,2026-08-31 18:00:00
ROW0005211,REF005211,ACC116,S06,INT06,2025-07-28,complete,Medicare Advantage,Infusion,2026-08-31 12:00:00,2026-08-31 18:00:00
ROW0006257,REF000965,ACC120,S06,INT06,2026-03-05,closed,Traditional Medicare,Other outpatient,2026-08-31 12:00:00,2026-08-31 19:00:00
ROW0005046,REF005046,ACC011,S01,INT01,2025-09-28,VISIT COMPLETE,Medicare Advantage,Other outpatient,2026-08-31 12:00:00,2026-08-31 18:00:00
ROW0004844,REF004844,ACC029,S02,INT02,2025-05-25,completed,Commercial,Infusion,2026-08-31 12:00:00,2026-08-31 18:00:00
ROW0005195,REF005195,ACC086,S05,INT05,2025-03-26,VISIT COMPLETE,Medicare Advantage,Other outpatient,2026-08-31 12:00:00,2026-08-31 18:00:00
ROW0006184,REF000977,ACC103,S06,INT06,2026-03-27,complete,Medicare Advantage,Infusion,2026-08-31 12:00:00,2026-08-31 19:00:00
ROW0005809,REF005809,ACC035,S02,INT02,2025-03-08,review,Commercial,Infusion,2026-08-31 12:00:00,2026-08-31 18:00:00
ROW0001392,REF001392,ACC031,S02,INT02,2026-05-17,completed,Commercial,Infusion,2026-08-31 12:00:00,2026-08-31 18:00:00
ROW0006144,REF002285,ACC012,S01,INT01,2025-09-15,VISIT COMPLETE,Traditional Medicare,Injection,2026-08-31 12:00:00,2026-08-31 19:00:00
ROW0000539,REF000539,ACC010,S01,INT01,2025-04-17,VISIT COMPLETE,Medicare Advantage,Infusion,2026-08-31 12:00:00,2026-08-31 18:00:00
ROW0006017,REF003207,ACC036,S02,INT02,2025-10-03,received,Medicare Advantage,Injection,2026-08-30 12:00:00,2026-08-31 19:00:00
ROW0003043,REF003043,ACC030,S02,INT02,2025-06-21, NEW ,Medicare Advantage,Injection,2026-08-31 12:00:00,2026-08-31 18:00:00
ROW0000824,REF000824,ACC097,S05,INT05,2025-02-07,complete,Commercial,Injection,2026-08-31 12:00:00,2026-08-31 18:00:00
ROW0004367,REF004367,ACC080,S04,INT04,2026-08-05, SCHED ,Commercial,Other outpatient,2026-08-31 12:00:00,2026-08-31 18:00:00
ROW0004222,REF004222,ACC008,S01,INT01,2025-02-25,complete,Medicare Advantage,Infusion,2026-08-31 12:00:00,2026-08-31 18:00:00
ROW0004293,REF004293,ACC001,S01,INT01,2026-02-20,closed,Commercial,Injection,2026-08-31 12:00:00,2026-08-31 18:00:00
ROW0002039,REF002039,ACC026,S02,INT02,2026-05-20,completed,Medicare Advantage,Infusion,2026-08-31 12:00:00,2026-08-31 18:00:00
ROW0000443,REF000443,ACC078,S04,INT04,2026-06-29,complete,Medicaid,Infusion,2026-08-31 12:00:00,2026-08-31 18:00:00
ROW0005614,REF005614,ACC053,S03,INT03,2025-06-20,ready,Commercial,Injection,2026-08-31 12:00:00,2026-08-31 18:00:00
ROW0005655,REF005655,ACC065,S04,INT04,2026-01-25,VISIT COMPLETE,Traditional Medicare,Infusion,2026-08-31 12:00:00,2026-08-31 18:00:00
ROW0003155,REF003155,ACC001,S01,INT01,2025-04-24,complete,Medicare Advantage,Injection,2026-08-31 12:00:00,2026-08-31 18:00:00
ROW0000606,REF000606,ACC108,S08,INT08,2025-09-14,completed,Commercial,Injection,2026-08-31 12:00:00,2026-08-31 18:00:00
ROW0004473,REF004473,ACC074,S04,INT04,2026-04-10,VISIT COMPLETE,Medicare Advantage,Injection,2026-08-31 12:00:00,2026-08-31 18:00:00
ROW0004135,REF004135,ACC044,S03,INT03,2025-06-06,VISIT COMPLETE,Medicare Advantage,Injection,2026-08-31 12:00:00,2026-08-31 18:00:00
ROW0000280,REF000280,ACC057,S03,INT03,2025-04-01,complete,Commercial,Injection,2026-08-31 12:00:00,2026-08-31 18:00:00
ROW0000189,REF000189,ACC016,S01,INT01,2025-06-19,VISIT COMPLETE,Commercial,Infusion,2026-08-31 12:00:00,2026-08-31 18:00:00
ROW0005890,REF005890,ACC013,S01,INT01,2026-02-18,complete,Medicaid,Infusion,2026-08-31 12:00:00,2026-08-31 18:00:00
ROW0002808,REF002808,ACC076,S04,INT04,2026-07-02,complete,Commercial,Injection,2026-08-31 12:00:00,2026-08-31 18:00:00
ROW0001157,REF001157,ACC030,S02,INT02,2025-02-10,Ready_to_Schedule,Traditional Medicare,Injection,2026-08-31 12:00:00,2026-08-31 18:00:00
ROW0006048,REF001510,ACC057,S07,INT07,2026-04-05,VISIT COMPLETE,Medicare Advantage,Infusion,2026-08-31 12:00:00,2026-08-31 19:00:00
ROW0004758,REF004758,ACC110,S06,INT06,2026-03-06,complete,Commercial,Injection,2026-08-31 12:00:00,2026-08-31 18:00:00
ROW0006284,REF000524,ACC120,S08,INT08,2026-05-10,VISIT COMPLETE,Traditional Medicare,Injection,2026-08-31 12:00:00,2026-08-31 19:00:00
ROW0003282,REF003282,ACC078,S04,INT04,2026-06-15,complete,Commercial,Infusion,2026-08-31 12:00:00,2026-08-31 18:00:00
ROW0001067,REF001067,ACC059,S07,INT07,2025-01-29,cancelled,Traditional Medicare,Other outpatient,2026-08-31 12:00:00,2026-08-31 18:00:00
ROW0005004,REF005004,ACC047,S03,INT03,2025-10-20,completed,Traditional Medicare,Infusion,2026-08-31 12:00:00,2026-08-31 18:00:00
ROW0002898,REF002898,ACC080,S04,INT04,2026-06-25,completed,Medicare Advantage,Injection,2026-08-31 12:00:00,2026-08-31 18:00:00
ROW0002811,REF002811,ACC049,S03,INT03,2025-05-08,complete,Medicare Advantage,Infusion,2026-08-31 12:00:00,2026-08-31 18:00:00
ROW0001651,REF001651,ACC110,S08,INT08,2025-11-07,complete,Traditional Medicare,Infusion,2026-08-31 12:00:00,2026-08-31 18:00:00
ROW0006280,REF005456,ACC018,S01,INT01,2025-03-15,complete,Commercial,Injection,2026-08-31 12:00:00,2026-08-31 19:00:00
ROW0000327,REF000327,ACC056,S03,INT03,2026-02-07,completed,Commercial,Infusion,2026-08-31 12:00:00,2026-08-31 18:00:00
ROW0000079,REF000079,ACC014,S01,INT01,2025-02-23,complete,Medicaid,Injection,2026-08-31 12:00:00,2026-08-31 18:00:00
ROW0005611,REF005611,ACC037,S02,INT02,2025-12-24,Ready_to_Schedule,Medicare Advantage,Other outpatient,2026-08-31 12:00:00,2026-08-31 18:00:00
ROW0003213,REF003213,ACC094,S05,INT05,2025-12-29,complete,Traditional Medicare,Infusion,2026-08-31 12:00:00,2026-08-31 18:00:00
ROW0005718,REF005718,ACC062,S04,,2026-08-28,in_review,Traditional Medicare,Infusion,2026-08-31 12:00:00,2026-08-31 18:00:00
ROW0001184,REF001184,ACC039,S02,INT02,2025-05-12,VISIT COMPLETE,Medicaid,Injection,2026-08-31 12:00:00,2026-08-31 18:00:00
ROW0002619,REF002619,ACC008,S01,INT01,2026-08-31,Received,Medicare Advantage,Infusion,2026-08-31 12:00:00,2026-08-31 18:00:00
ROW0000462,REF000462,ACC027,S02,INT02,2026-01-16,completed,Medicaid,Infusion,2026-08-31 12:00:00,2026-08-31 18:00:00
ROW0001319,REF001319,ACC089,S05,INT05,2025-06-16,CLOSED - NO VISIT,Other,Injection,2026-08-31 12:00:00,2026-08-31 18:00:00
ROW0000017,REF000017,ACC020,S01,INT01,2025-01-07,VISIT COMPLETE,Commercial,Injection,2026-08-31 12:00:00,2026-08-31 18:00:00
ROW0005080,REF005080,ACC083,S05,INT05,2026-04-27,completed,Medicare Advantage,Injection,2026-08-31 12:00:00,2026-08-31 18:00:00
ROW0000831,REF000831,ACC079,S04,INT04,2025-05-04,completed,Traditional Medicare,Infusion,2026-08-31 12:00:00,2026-08-31 18:00:00
ROW0002265,REF002265,ACC008,S01,INT01,2025-08-29,completed,Commercial,Infusion,2026-08-31 12:00:00,2026-08-31 18:00:00
ROW0003511,REF003511,ACC065,S04,INT04,2025-11-27,cancelled,Commercial,Infusion,2026-08-31 12:00:00,2026-08-31 18:00:00
ROW0001279,REF001279,ACC054,S03,INT03,2025-07-03,completed,Commercial,Infusion,2026-08-31 12:00:00,2026-08-31 18:00:00
ROW0002791,REF002791,ACC063,S04,INT04,2025-01-05,complete,Medicare Advantage,Infusion,2026-08-31 12:00:00,2026-08-31 18:00:00
ROW0005597,REF005597,ACC026,S02,INT02,2026-03-06,completed,Commercial,Injection,2026-08-31 12:00:00,2026-08-31 18:00:00
ROW0004155,REF004155,ACC061,S04,INT04,2026-05-23,In Review,Medicare Advantage,Other outpatient,2026-08-31 12:00:00,2026-08-31 18:00:00
ROW0002063,REF002063,ACC040,S02,INT02,2025-02-06,cancelled,Traditional Medicare,Injection,2026-08-31 12:00:00,2026-08-31 18:00:00
ROW0005721,REF005721,ACC059,S03,INT03,2026-04-04,VISIT COMPLETE,Medicare Advantage,Injection,2026-08-31 12:00:00,2026-08-31 18:00:00
ROW0005122,REF005122,ACC104,S08,INT08,2026-06-03,complete,Commercial,Infusion,2026-08-31 12:00:00,2026-08-31 18:00:00
ROW0003976,REF003976,ACC072,S04,INT04,2025-07-25,VISIT COMPLETE,Commercial,Infusion,2026-08-31 12:00:00,2026-08-31 18:00:00
ROW0000583,REF000583,ACC089,S05,INT05,2026-07-04,completed,Medicaid,Infusion,2026-08-31 12:00:00,2026-08-31 18:00:00
ROW0002130,REF002130,ACC072,S04,INT04,2026-05-04,completed,Medicare Advantage,Injection,2026-08-31 12:00:00,2026-08-31 18:00:00
ROW0003993,REF003993,ACC005,S01,INT01,2025-03-10,VISIT COMPLETE,Medicare Advantage,Injection,2026-08-31 12:00:00,2026-08-31 18:00:00
ROW0003951,REF003951,ACC048,S07,INT07,2025-01-30,VISIT COMPLETE,Medicare Advantage,Injection,2026-08-31 12:00:00,2026-08-31 18:00:00
ROW0002468,REF002468,ACC021,S02,INT02,2026-07-19,VISIT COMPLETE,Medicare Advantage,Infusion,2026-08-31 12:00:00,2026-08-31 18:00:00
ROW0001807,REF001807,ACC036,S02,INT02,2026-03-15,complete,Commercial,Infusion,2026-08-31 12:00:00,2026-08-31 18:00:00
ROW0001582,REF001582,ACC025,S02,INT02,2026-08-03,complete,Commercial,Infusion,2026-08-31 12:00:00,2026-08-31 18:00:00
ROW0003876,REF003876,ACC008,S01,INT01,2026-08-16, SCHED ,Medicaid,Other outpatient,2026-08-31 12:00:00,2026-08-31 18:00:00
ROW0005511,REF005511,ACC111,S06,INT06,2026-05-25,completed,Traditional Medicare,Other outpatient,2026-08-31 12:00:00,2026-08-31 18:00:00
ROW0001082,REF001082,ACC112,S08,INT08,2025-04-28,complete,Commercial,Infusion,2026-08-31 12:00:00,2026-08-31 18:00:00
ROW0005284,REF005284,ACC087,S05,INT05,2025-03-19,completed,Medicare Advantage,Injection,2026-08-31 12:00:00,2026-08-31 18:00:00
ROW0004252,REF004252,ACC114,S08,INT08,2026-07-21, NEW ,Commercial,Injection,2026-08-31 12:00:00,2026-08-31 18:00:00
ROW0002413,REF002413,ACC021,S02,INT02,2026-02-12,VISIT COMPLETE,Commercial,Infusion,2026-08-31 12:00:00,2026-08-31 18:00:00
ROW0000676,REF000676,ACC035,S02,INT02,2025-01-25,complete,Medicare Advantage,Injection,2026-08-31 12:00:00,2026-08-31 18:00:00
ROW0004770,REF004770,ACC044,S07,INT07,2025-08-30,VISIT COMPLETE,Traditional Medicare,Infusion,2026-08-31 12:00:00,2026-08-31 18:00:00
ROW0000037,REF000037,ACC104,S08,INT08,2025-10-05,complete,Commercial,Infusion,2026-08-31 12:00:00,2026-08-31 18:00:00
ROW0004795,REF004795,ACC001,S01,INT01,2025-09-05,completed,Medicare Advantage,Other outpatient,2026-08-31 12:00:00,2026-08-31 18:00:00
ROW0004754,REF004754,ACC092,S05,INT05,,complete,Medicare Advantage,Infusion,2026-08-31 12:00:00,2026-08-31 18:00:00
ROW0002637,REF002637,ACC031,S02,INT02,2026-05-13,completed,Medicare Advantage,Infusion,2026-08-31 12:00:00,2026-08-31 18:00:00
ROW0005815,REF005815,ACC095,S05,INT05,2025-06-10,VISIT COMPLETE,Other,Infusion,2026-08-31 12:00:00,2026-08-31 18:00:00
ROW0004288,REF004288,ACC073,S04,INT04,2025-01-06,completed,Commercial,Infusion,2026-08-31 12:00:00,2026-08-31 18:00:00
ROW0001974,REF001974,ACC071,S04,INT04,2025-04-04,VISIT COMPLETE,Traditional Medicare,Infusion,2026-08-31 12:00:00,2026-08-31 18:00:00
ROW0003612,REF003612,ACC019,S01,INT01,2025-06-14,completed,Traditional Medicare,Infusion,2026-08-31 12:00:00,2026-08-31 18:00:00
ROW0004365,REF004365,ACC016,S01,INT01,2025-02-03,closed,Commercial,Injection,2026-08-31 12:00:00,2026-08-31 18:00:00
ROW0003466,REF003466,ACC008,S01,INT01,2025-10-21, NEW ,Medicare Advantage,Infusion,2026-08-31 12:00:00,2026-08-31 18:00:00
ROW0001883,REF001883,ACC072,S04,INT04,2025-12-17,complete,Other,Injection,2026-08-31 12:00:00,2026-08-31 18:00:00
ROW0005695,REF005695,ACC059,S03,INT03,2026-04-17,cancelled,Traditional Medicare,Infusion,2026-08-31 12:00:00,2026-08-31 18:00:00
ROW0000035,REF000035,ACC058,S07,INT07,2026-05-31,complete,Medicare Advantage,Other outpatient,2026-08-31 12:00:00,2026-08-31 18:00:00
ROW0004768,REF004768,ACC006,S01,INT01,2026-06-15,VISIT COMPLETE,Medicare Advantage,Injection,2026-08-31 12:00:00,2026-08-31 18:00:00
ROW0001020,REF001020,ACC026,S02,INT02,2025-07-19,cancelled,Traditional Medicare,Other outpatient,2026-08-31 12:00:00,2026-08-31 18:00:00
ROW0005771,REF005771,ACC075,S04,,2026-03-23,completed,Commercial,Infusion,2026-08-31 12:00:00,2026-08-31 18:00:00
ROW0000538,REF000538,ACC051,S07,INT07,2025-03-08,completed,Commercial,Injection,2026-08-31 12:00:00,2026-08-31 18:00:00
ROW0001460,REF001460,ACC047,S07,INT07,2025-08-27,VISIT COMPLETE,Traditional Medicare,Infusion,2026-08-31 12:00:00,2026-08-31 18:00:00
ROW0003783,REF003783,ACC081,S05,INT05,2025-03-10,complete,Commercial,Infusion,2026-08-31 12:00:00,2026-08-31 18:00:00
ROW0005895,REF005895,ACC047,S03,INT03,2026-03-08,complete,Commercial,Injection,2026-08-31 12:00:00,2026-08-31 18:00:00
ROW0004179,REF004179,ACC050,S07,INT07,2026-02-28,complete,Traditional Medicare,Injection,2026-08-31 12:00:00,2026-08-31 18:00:00
ROW0006264,REF002596,ACC084,S05,INT05,2025-02-15,completed,Medicaid,Infusion,2026-08-31 12:00:00,2026-08-31 19:00:00
ROW0002116,REF002116,ACC112,S08,INT08,2026-08-27,ready,Traditional Medicare,Injection,2026-08-31 12:00:00,2026-08-31 18:00:00
ROW0000970,REF000970,ACC042,S07,INT07,2025-06-27,completed,Medicare Advantage,Infusion,2026-08-31 12:00:00,2026-08-31 18:00:00
ROW0004119,REF004119,ACC002,S01,INT01,2025-03-01,cancelled,Commercial,Infusion,2026-08-31 12:00:00,2026-08-31 18:00:00
ROW0004361,REF004361,ACC002,S01,INT01,2025-01-04,VISIT COMPLETE,Medicare Advantage,Injection,2026-08-31 12:00:00,2026-08-31 18:00:00
ROW0000843,REF000843,ACC016,S01,INT01,2026-04-01,complete,Commercial,Infusion,2026-08-31 12:00:00,2026-08-31 18:00:00
ROW0003407,REF003407,ACC060,S03,INT03,2026-05-10,VISIT COMPLETE,Medicaid,Infusion,2026-08-31 12:00:00,2026-08-31 18:00:00
ROW0000083,REF000083,ACC040,S02,INT02,2025-11-13,ready,Traditional Medicare,Injection,2026-08-31 12:00:00,2026-08-31 18:00:00
ROW0003550,REF003550,ACC111,S06,INT06,2026-08-15,scheduled,Commercial,Injection,2026-08-31 12:00:00,2026-08-31 18:00:00
ROW0000865,REF000865,ACC119,S08,INT08,2026-07-31,completed,Commercial,Infusion,2026-08-31 12:00:00,2026-08-31 18:00:00
ROW0002022,REF002022,ACC080,S04,INT04,2025-09-28,CLOSED - NO VISIT,Medicaid,Infusion,2026-08-31 12:00:00,2026-08-31 18:00:00
ROW0002112,REF002112,ACC016,S01,INT01,2026-02-06,completed,Medicaid,Other outpatient,2026-08-31 12:00:00,2026-08-31 18:00:00
ROW0001605,REF001605,ACC037,S02,INT02,2026-08-08,booked,Commercial,Injection,2026-08-31 12:00:00,2026-08-31 18:00:00
ROW0002941,REF002941,ACC026,S02,INT02,2025-07-13,complete,Commercial,Infusion,2026-08-31 12:00:00,2026-08-31 18:00:00
ROW0004431,REF004431,ACC066,S04,INT04,2026-07-17,cancelled,Commercial,Infusion,2026-08-31 12:00:00,2026-08-31 18:00:00
ROW0004116,REF004116,ACC073,S04,INT04,2025-05-29,completed,Commercial,Infusion,2026-08-31 12:00:00,2026-08-31 18:00:00
ROW0004249,REF004249,ACC075,S04,INT04,2026-04-28,completed,Commercial,Infusion,2026-08-31 12:00:00,2026-08-31 18:00:00
ROW0005965,REF005965,ACC104,S08,INT08,2026-05-15,complete,Medicare Advantage,Injection,2026-08-31 12:00:00,2026-08-31 18:00:00
ROW0004764,REF004764,ACC021,S02,INT02,2026-01-14,CLOSED - NO VISIT,Commercial,Infusion,2026-08-31 12:00:00,2026-08-31 18:00:00
ROW0005884,REF005884,ACC026,S02,INT02,2025-07-23,In Review,Medicare Advantage,Infusion,2026-08-31 12:00:00,2026-08-31 18:00:00
ROW0002071,REF002071,ACC012,S01,INT01,2025-08-24,completed,Medicare Advantage,Other outpatient,2026-08-31 12:00:00,2026-08-31 18:00:00
ROW0003207,REF003207,ACC036,S02,INT02,2025-10-03,completed,Medicare Advantage,Injection,2026-08-31 12:00:00,2026-08-31 18:00:00
ROW0001506,REF001506,ACC094,S05,INT05,2025-06-11,complete,Traditional Medicare,Infusion,2026-08-31 12:00:00,2026-08-31 18:00:00
ROW0001462,REF001462,ACC012,S01,INT01,2025-12-29,complete,Medicaid,Other outpatient,2026-08-31 12:00:00,2026-08-31 18:00:00
ROW0004659,REF004659,ACC014,S01,INT01,2026-04-13,complete,Commercial,Injection,2026-08-31 12:00:00,2026-08-31 18:00:00
ROW0003785,REF003785,ACC062,S04,INT04,2026-06-05,VISIT COMPLETE,Commercial,Injection,2026-08-31 12:00:00,2026-08-31 18:00:00
ROW0001788,REF001788,ACC065,S04,INT04,2026-03-22,complete,Medicare Advantage,Injection,2026-08-31 12:00:00,2026-08-31 18:00:00
ROW0003634,REF003634,ACC073,S04,INT04,2026-06-15,VISIT COMPLETE,Medicare Advantage,Injection,2026-08-31 12:00:00,2026-08-31 18:00:00
ROW0004641,REF004641,ACC047,S07,INT07,2025-10-11,VISIT COMPLETE,Commercial,Infusion,2026-08-31 12:00:00,2026-08-31 18:00:00
ROW0003817,REF003817,ACC042,S03,INT03,2025-04-27,VISIT COMPLETE,Medicare Advantage,Infusion,2026-08-31 12:00:00,2026-08-31 18:00:00
ROW0000498,REF000498,ACC005,S01,INT01,2026-07-11,Ready_to_Schedule,Traditional Medicare,Infusion,2026-08-31 12:00:00,2026-08-31 18:00:00
ROW0000269,REF000269,ACC021,S02,INT02,2026-08-13, SCHED ,Traditional Medicare,Infusion,2026-08-31 12:00:00,2026-08-31 18:00:00
ROW0001400,REF001400,ACC085,S05,INT05,2025-03-05,closed,Traditional Medicare,Injection,2026-08-31 12:00:00,2026-08-31 18:00:00
ROW0003828,REF003828,ACC027,S02,INT02,2026-07-05,CLOSED - NO VISIT,Commercial,Infusion,2026-08-31 12:00:00,2026-08-31 18:00:00
ROW0004256,REF004256,ACC116,S06,INT06,,VISIT COMPLETE,Medicare Advantage,Infusion,2026-08-31 12:00:00,2026-08-31 18:00:00
ROW0001251,REF001251,ACC008,S01,,2026-03-27,complete,Medicare Advantage,Infusion,2026-08-31 12:00:00,2026-08-31 18:00:00
ROW0003371,REF003371,ACC061,S04,INT04,2026-08-16,ready,Commercial,Infusion,2026-08-31 12:00:00,2026-08-31 18:00:00
ROW0005380,REF005380,ACC036,S02,INT02,2025-11-21,VISIT COMPLETE,Medicare Advantage,Infusion,2026-08-31 12:00:00,2026-08-31 18:00:00
ROW0003264,REF003264,ACC115,S06,INT06,2025-08-01,complete,Traditional Medicare,Injection,2026-08-31 12:00:00,2026-08-31 18:00:00
ROW0004981,REF004981,ACC073,S04,INT04,2025-09-26,completed,Commercial,Other outpatient,2026-08-31 12:00:00,2026-08-31 18:00:00
ROW0001955,REF001955,ACC063,S04,INT04,2026-05-12,completed,Commercial,Injection,2026-08-31 12:00:00,2026-08-31 18:00:00
ROW0000909,REF000909,ACC010,S01,INT01,2025-11-27,VISIT COMPLETE,Commercial,Infusion,2026-08-31 12:00:00,2026-08-31 18:00:00
ROW0006283,REF000725,ACC119,S08,INT08,2025-08-20,completed,Commercial,Infusion,2026-08-31 12:00:00,2026-08-31 19:00:00
ROW0006120,REF002437,ACC083,S05,INT05,2025-05-08,completed,Medicare Advantage,Infusion,2026-08-31 12:00:00,2026-08-31 19:00:00
ROW0000757,REF000757,ACC077,S04,INT04,2025-11-28,completed,Medicare Advantage,Infusion,2026-08-31 12:00:00,2026-08-31 18:00:00
ROW0000061,REF000061,ACC046,S07,INT07,2026-06-23,closed,Medicare Advantage,Injection,2026-08-31 12:00:00,2026-08-31 18:00:00
ROW0001825,REF001825,ACC042,S07,INT07,2025-10-22,cancelled,Medicare Advantage,Infusion,2026-08-31 12:00:00,2026-08-31 18:00:00
ROW0002948,REF002948,ACC057,S07,INT07,2025-03-19,completed,Commercial,Infusion,2026-08-31 12:00:00,2026-08-31 18:00:00
ROW0006156,REF003615,ACC042,S07,INT07,2026-02-09,completed,Other,Infusion,2026-08-31 12:00:00,2026-08-31 19:00:00
ROW0001853,REF001853,ACC072,S04,INT04,2025-09-09,completed,Medicare Advantage,Infusion,2026-08-31 12:00:00,2026-08-31 18:00:00
ROW0002279,REF002279,ACC106,S06,INT06,2026-03-14,Ready_to_Schedule,Medicare Advantage,Infusion,2026-08-31 12:00:00,2026-08-31 18:00:00
ROW0002570,REF002570,ACC016,S01,INT01,2025-12-10,completed,Commercial,Infusion,2026-08-31 12:00:00,2026-08-31 18:00:00
ROW0000129,REF000129,ACC074,S04,INT04,2025-09-16,completed,Medicare Advantage,Infusion,2026-08-31 12:00:00,2026-08-31 18:00:00
ROW0003508,REF003508,ACC033,S02,INT02,2026-08-08,complete,Medicare Advantage,Injection,2026-08-31 12:00:00,2026-08-31 18:00:00
ROW0002692,REF002692,ACC017,S01,INT01,2025-06-23,completed,Traditional Medicare,Injection,2026-08-31 12:00:00,2026-08-31 18:00:00
ROW0001973,REF001973,ACC073,S04,INT04,2025-11-09,complete,Traditional Medicare,Infusion,2026-08-31 12:00:00,2026-08-31 18:00:00
ROW0002911,REF002911,ACC034,S02,INT02,2025-09-09,complete,Traditional Medicare,Infusion,2026-08-31 12:00:00,2026-08-31 18:00:00
ROW0005071,REF005071,ACC058,S07,INT07,2025-05-06,complete,Medicare Advantage,Infusion,2026-08-31 12:00:00,2026-08-31 18:00:00
ROW0005813,REF005813,ACC105,S06,INT06,2025-07-30,completed,Medicaid,Injection,2026-08-31 12:00:00,2026-08-31 18:00:00
ROW0004622,REF004622,ACC105,S06,INT06,2025-01-02,VISIT COMPLETE,Medicaid,Infusion,2026-08-31 12:00:00,2026-08-31 18:00:00
ROW0002485,REF002485,ACC075,S04,INT04,2025-09-06,completed,Medicare Advantage,Other outpatient,2026-08-31 12:00:00,2026-08-31 18:00:00
ROW0000352,REF000352,ACC057,S03,INT03,2025-01-11,completed,Commercial,Injection,2026-08-31 12:00:00,2026-08-31 18:00:00
ROW0005285,REF005285,ACC022,S02,INT02,2025-12-31,VISIT COMPLETE,Medicare Advantage,Injection,2026-08-31 12:00:00,2026-08-31 18:00:00
ROW0004482,REF004482,ACC071,S04,INT04,2026-03-09,VISIT COMPLETE,Traditional Medicare,Infusion,2026-08-31 12:00:00,2026-08-31 18:00:00
ROW0004669,REF004669,ACC023,S02,,2026-06-12,complete,Medicare Advantage,Infusion,2026-08-31 12:00:00,2026-08-31 18:00:00
ROW0003601,REF003601,ACC120,S06,INT06,2025-02-03,completed,Traditional Medicare,Injection,2026-08-31 12:00:00,2026-08-31 18:00:00
ROW0002076,REF002076,ACC033,S02,INT02,2026-08-26,In Review,Commercial,Infusion,2026-08-31 12:00:00,2026-08-31 18:00:00
ROW0001774,REF001774,ACC114,S08,INT08,2026-08-07,scheduled,Traditional Medicare,Injection,2026-08-31 12:00:00,2026-08-31 18:00:00
ROW0004346,REF004346,ACC031,S02,INT02,2025-11-22, NEW ,Commercial,Infusion,2026-08-31 12:00:00,2026-08-31 18:00:00
ROW0004553,REF004553,ACC079,S04,INT04,2025-07-31,Received,Commercial,Injection,2026-08-31 12:00:00,2026-08-31 18:00:00
ROW0002139,REF002139,ACC061,S04,INT04,2026-04-06,closed,Medicaid,Infusion,2026-08-31 12:00:00,2026-08-31 18:00:00
ROW0003594,REF003594,ACC114,S08,INT08,2025-10-29,complete,Medicaid,Other outpatient,2026-08-31 12:00:00,2026-08-31 18:00:00
ROW0004417,REF004417,ACC016,S01,INT01,2025-04-26,complete,Medicaid,Infusion,2026-08-31 12:00:00,2026-08-31 18:00:00
ROW0005830,REF005830,ACC105,S06,INT06,2025-09-29,completed,Medicare Advantage,Injection,2026-08-31 12:00:00,2026-08-31 18:00:00
ROW0001903,REF001903,ACC062,S04,INT04,2025-12-10,VISIT COMPLETE,Medicare Advantage,Infusion,2026-08-31 12:00:00,2026-08-31 18:00:00
ROW0003962,REF003962,ACC074,S04,INT04,2026-07-28,complete,Medicaid,Injection,2026-08-31 12:00:00,2026-08-31 18:00:00
ROW0000673,REF000673,ACC103,S06,INT06,2025-06-27,VISIT COMPLETE,Commercial,Other outpatient,2026-08-31 12:00:00,2026-08-31 18:00:00
ROW0000448,REF000448,ACC051,S03,INT03,2026-01-06,complete,Medicare Advantage,Infusion,2026-08-31 12:00:00,2026-08-31 18:00:00
ROW0004289,REF004289,ACC031,S02,INT02,2025-04-14,VISIT COMPLETE,Commercial,Injection,2026-08-31 12:00:00,2026-08-31 18:00:00
ROW0002749,REF002749,ACC014,S01,INT01,2026-03-20,completed,Medicare Advantage,Injection,2026-08-31 12:00:00,2026-08-31 18:00:00
ROW0005621,REF005621,ACC004,S01,INT01,2026-04-30,completed,Commercial,Infusion,2026-08-31 12:00:00,2026-08-31 18:00:00
ROW0006087,REF000684,ACC085,S05,INT05,2025-05-19,VISIT COMPLETE,Traditional Medicare,Infusion,2026-08-31 12:00:00,2026-08-31 19:00:00
ROW0003959,REF003959,ACC054,S07,INT07,2025-08-05,VISIT COMPLETE,Commercial,Infusion,2026-08-31 12:00:00,2026-08-31 18:00:00
ROW0006057,REF005032,ACC076,S04,INT04,2025-08-04,completed,Medicaid,Infusion,2026-08-31 12:00:00,2026-08-31 19:00:00
ROW0001269,REF001269,ACC054,S03,INT03,2025-11-16,In Review,Commercial,Infusion,2026-08-31 12:00:00,2026-08-31 18:00:00
ROW0001342,REF001342,ACC034,S02,INT02,2026-05-15,complete,Medicaid,Infusion,2026-08-31 12:00:00,2026-08-31 18:00:00
ROW0004608,REF004608,ACC018,S01,INT01,2025-01-24,complete,Commercial,Infusion,2026-08-31 12:00:00,2026-08-31 18:00:00
ROW0003436,REF003436,ACC001,S01,INT01,2025-05-14,complete,Medicare Advantage,Injection,2026-08-31 12:00:00,2026-08-31 18:00:00
ROW0001077,REF001077,ACC105,S06,INT06,2026-01-15,complete,Traditional Medicare,Other outpatient,2026-08-31 12:00:00,2026-08-31 18:00:00
ROW0003893,REF003893,ACC061,S04,INT04,2025-06-29,VISIT COMPLETE,Commercial,Injection,2026-08-31 12:00:00,2026-08-31 18:00:00
ROW0002629,REF002629,ACC031,S02,INT02,2026-06-05,VISIT COMPLETE,Traditional Medicare,Injection,2026-08-31 12:00:00,2026-08-31 18:00:00
ROW0005045,REF005045,ACC005,S01,INT01,2025-03-03,cancelled,Medicare Advantage,Infusion,2026-08-31 12:00:00,2026-08-31 18:00:00
ROW0002332,REF002332,ACC075,S04,INT04,2026-08-14,scheduled,Traditional Medicare,Injection,2026-08-31 12:00:00,2026-08-31 18:00:00
ROW0002399,REF002399,ACC036,S02,INT02,2025-12-11,completed,Medicare Advantage,Infusion,2026-08-31 12:00:00,2026-08-31 18:00:00
ROW0000605,REF000605,ACC034,S02,INT02,2025-06-14,complete,Medicare Advantage,Infusion,2026-08-31 12:00:00,2026-08-31 18:00:00
ROW0005622,REF005622,ACC093,S05,INT05,2025-03-23,completed,Medicare Advantage,Infusion,2026-08-31 12:00:00,2026-08-31 18:00:00
ROW0002239,REF002239,ACC012,S01,INT01,2026-04-02,completed,Commercial,Infusion,2026-08-31 12:00:00,2026-08-31 18:00:00
ROW0003137,REF003137,ACC118,S08,INT08,2025-09-10,complete,Medicaid,Infusion,2026-08-31 12:00:00,2026-08-31 18:00:00
ROW0001991,REF001991,ACC076,S04,INT04,2026-07-14,VISIT COMPLETE,Commercial,Injection,2026-08-31 12:00:00,2026-08-31 18:00:00
ROW0005639,REF005639,ACC076,S04,INT04,2025-12-21,completed,Medicare Advantage,Injection,2026-08-31 12:00:00,2026-08-31 18:00:00
ROW0002923,REF002923,ACC074,S04,INT04,2025-10-09,in_review,Medicare Advantage,Injection,2026-08-31 12:00:00,2026-08-31 18:00:00
ROW0005971,REF005971,ACC112,S08,INT08,2025-01-04,VISIT COMPLETE,Medicare Advantage,Injection,2026-08-31 12:00:00,2026-08-31 18:00:00
ROW0003377,REF003377,ACC019,S01,INT01,2025-06-27,completed,Commercial,Other outpatient,2026-08-31 12:00:00,2026-08-31 18:00:00
ROW0001579,REF001579,ACC030,S02,INT02,2025-05-24, NEW ,Medicare Advantage,Injection,2026-08-31 12:00:00,2026-08-31 18:00:00
ROW0002012,REF002012,ACC072,S04,INT04,2025-04-18,completed,Commercial,Injection,2026-08-31 12:00:00,2026-08-31 18:00:00
ROW0003830,REF003830,ACC073,S04,INT04,2025-05-26,completed,Commercial,Infusion,2026-08-31 12:00:00,2026-08-31 18:00:00
ROW0001805,REF001805,ACC065,S04,INT04,2026-01-21,VISIT COMPLETE,Commercial,Other outpatient,2026-08-31 12:00:00,2026-08-31 18:00:00
ROW0004634,REF004634,ACC084,S05,INT05,2026-03-22,closed,Medicare Advantage,Infusion,2026-08-31 12:00:00,2026-08-31 18:00:00
ROW0000899,REF000899,ACC113,S06,INT06,2026-02-28,cancelled,Other,Infusion,2026-08-31 12:00:00,2026-08-31 18:00:00
ROW0002017,REF002017,ACC098,S05,INT05,2025-02-17,closed,Commercial,Injection,2026-08-31 12:00:00,2026-08-31 18:00:00
ROW0006244,REF004718,ACC004,S01,INT01,2025-02-06,complete,Commercial,Infusion,2026-08-31 12:00:00,2026-08-31 19:00:00
ROW0003513,REF003513,ACC040,S02,INT02,2025-05-26,VISIT COMPLETE,Commercial,Infusion,2026-08-31 12:00:00,2026-08-31 18:00:00
ROW0001608,REF001608,ACC009,S01,INT01,2025-12-07,completed,Traditional Medicare,Other outpatient,2026-08-31 12:00:00,2026-08-31 18:00:00
ROW0005453,REF005453,ACC081,S05,INT05,2025-03-28,VISIT COMPLETE,Traditional Medicare,Injection,2026-08-31 12:00:00,2026-08-31 18:00:00
ROW0005304,REF005304,ACC074,S04,INT04,2025-02-18,complete,Medicare Advantage,Injection,2026-08-31 12:00:00,2026-08-31 18:00:00
ROW0000210,REF000210,ACC090,S05,INT05,2025-06-16,completed,Traditional Medicare,Injection,2026-08-31 12:00:00,2026-08-31 18:00:00
ROW0001639,REF001639,ACC117,S08,INT08,2026-06-05,complete,Commercial,Infusion,2026-08-31 12:00:00,2026-08-31 18:00:00
ROW0001398,REF001398,ACC119,S08,INT08,2026-04-11,completed,Medicare Advantage,Injection,2026-08-31 12:00:00,2026-08-31 18:00:00
ROW0002196,REF002196,ACC046,S03,INT03,2026-02-02,complete,Traditional Medicare,Infusion,2026-08-31 12:00:00,2026-08-31 18:00:00
ROW0003328,REF003328,ACC057,S07,INT07,2026-04-03,completed,Commercial,Other outpatient,2026-08-31 12:00:00,2026-08-31 18:00:00
ROW0000735,REF000735,ACC072,S04,INT04,2026-07-29, SCHED ,Medicaid,Other outpatient,2026-08-31 12:00:00,2026-08-31 18:00:00
ROW0005550,REF005550,ACC080,S04,INT04,2025-04-27,CLOSED - NO VISIT,Commercial,Injection,2026-08-31 12:00:00,2026-08-31 18:00:00
ROW0005743,REF005743,ACC025,S02,INT02,2026-05-09,closed,Commercial,Infusion,2026-08-31 12:00:00,2026-08-31 18:00:00
ROW0006299,REF000885,ACC111,S06,INT06,2026-03-04,completed,Commercial,Injection,2026-08-31 12:00:00,2026-08-31 19:00:00
ROW0000829,REF000829,ACC088,S05,INT05,2026-01-14,VISIT COMPLETE,Medicare Advantage,Infusion,2026-08-31 12:00:00,2026-08-31 18:00:00
ROW0000328,REF000328,ACC107,S06,INT06,2025-08-15,in progress?,Medicare Advantage,Infusion,2026-08-31 12:00:00,2026-08-31 18:00:00
ROW0003196,REF003196,ACC078,S04,INT04,2026-04-10,VISIT COMPLETE,Commercial,Infusion,2026-08-31 12:00:00,2026-08-31 18:00:00
ROW0000619,REF000619,ACC028,S02,INT02,2025-12-27,VISIT COMPLETE,Medicare Advantage,Infusion,2026-08-31 12:00:00,2026-08-31 18:00:00
ROW0005705,REF005705,ACC002,S01,INT01,2025-09-06,CLOSED - NO VISIT,Medicaid,Infusion,2026-08-31 12:00:00,2026-08-31 18:00:00
ROW0003890,REF003890,ACC065,S04,INT04,2026-07-30,complete,Medicare Advantage,Infusion,2026-08-31 12:00:00,2026-08-31 18:00:00
ROW0005976,REF005976,ACC018,S01,INT01,2025-07-19,completed,Commercial,Other outpatient,2026-08-31 12:00:00,2026-08-31 18:00:00
ROW0002640,REF002640,ACC047,S07,INT07,2026-05-02,completed,Traditional Medicare,Injection,2026-08-31 12:00:00,2026-08-31 18:00:00
ROW0005784,REF005784,ACC096,S05,INT05,2025-08-24,complete,Traditional Medicare,Infusion,2026-08-31 12:00:00,2026-08-31 18:00:00
ROW0002754,REF002754,ACC014,S01,INT01,2025-10-03,completed,Traditional Medicare,Infusion,2026-08-31 12:00:00,2026-08-31 18:00:00
ROW0004277,REF004277,ACC047,S07,INT07,2025-09-12,VISIT COMPLETE,Other,Infusion,2026-08-31 12:00:00,2026-08-31 18:00:00
ROW0001006,REF001006,ACC074,S04,INT04,2026-04-05,VISIT COMPLETE,Medicaid,Infusion,2026-08-31 12:00:00,2026-08-31 18:00:00
ROW0001754,REF001754,ACC080,S04,INT04,2026-08-25,ready,Commercial,Infusion,2026-08-31 12:00:00,2026-08-31 18:00:00
ROW0004989,REF004989,ACC084,S05,INT05,2025-09-08,ready to schedule,Commercial,Infusion,2026-08-31 12:00:00,2026-08-31 18:00:00
ROW0000082,REF000082,ACC035,S02,INT02,2026-02-27,complete,Commercial,Infusion,2026-08-31 12:00:00,2026-08-31 18:00:00
ROW0001965,REF001965,ACC021,S02,INT02,2025-02-07,VISIT COMPLETE,Medicare Advantage,Infusion,2026-08-31 12:00:00,2026-08-31 18:00:00
ROW0005674,REF005674,ACC011,S01,INT01,2025-03-22,VISIT COMPLETE,Commercial,Infusion,2026-08-31 12:00:00,2026-08-31 18:00:00
ROW0005863,REF005863,ACC021,S02,INT02,2026-04-21,complete,Medicare Advantage,Injection,2026-08-31 12:00:00,2026-08-31 18:00:00
ROW0003013,REF003013,ACC107,S08,INT08,2025-10-09,in_review,Commercial,Infusion,2026-08-31 12:00:00,2026-08-31 18:00:00
ROW0001343,REF001343,ACC015,S01,INT01,2025-09-09,cancelled,Traditional Medicare,Injection,2026-08-31 12:00:00,2026-08-31 18:00:00
ROW0002589,REF002589,ACC047,S07,INT07,2025-02-20,VISIT COMPLETE,Medicare Advantage,Injection,2026-08-31 12:00:00,2026-08-31 18:00:00
ROW0003021,REF003021,ACC070,S04,INT04,2026-01-07,CLOSED - NO VISIT,Commercial,Infusion,2026-08-31 12:00:00,2026-08-31 18:00:00
ROW0003615,REF003615,ACC042,S07,INT07,2026-02-09,completed,Other,Infusion,2026-08-31 12:00:00,2026-08-31 18:00:00
ROW0002870,REF002870,ACC093,S05,INT05,2025-09-21,closed,Medicaid,Infusion,2026-08-31 12:00:00,2026-08-31 18:00:00
ROW0005301,REF005301,ACC099,S05,INT05,2026-06-27,VISIT COMPLETE,Medicare Advantage,Infusion,2026-08-31 12:00:00,2026-08-31 18:00:00
ROW0001019,REF001019,ACC120,S06,INT06,2026-02-05,complete,Medicare Advantage,Injection,2026-08-31 12:00:00,2026-08-31 18:00:00
ROW0006132,REF004970,ACC006,S01,INT01,2026-07-08,VISIT COMPLETE,Medicaid,Infusion,2026-08-31 12:00:00,2026-08-31 19:00:00
ROW0000911,REF000911,ACC060,S07,INT07,2025-06-26,completed,Commercial,Infusion,2026-08-31 12:00:00,2026-08-31 18:00:00
ROW0000100,REF000100,ACC072,S04,INT04,2026-03-12,cancelled,Medicare Advantage,Injection,2026-08-31 12:00:00,2026-08-31 18:00:00
ROW0002127,REF002127,ACC094,S05,INT05,2026-06-20,CLOSED - NO VISIT,Commercial,Injection,2026-08-31 12:00:00,2026-08-31 18:00:00
ROW0004028,REF004028,ACC028,S02,INT02,2025-02-20,complete,Commercial,Injection,2026-08-31 12:00:00,2026-08-31 18:00:00
ROW0000864,REF000864,ACC063,S04,INT04,2025-10-04,VISIT COMPLETE,Medicare Advantage,Infusion,2026-08-31 12:00:00,2026-08-31 18:00:00
ROW0002200,REF002200,ACC006,S01,INT01,2026-07-14,complete,Traditional Medicare,Infusion,2026-08-31 12:00:00,2026-08-31 18:00:00
ROW0000957,REF000957,ACC119,S08,INT08,2025-04-23,VISIT COMPLETE,Medicare Advantage,Infusion,2026-08-31 12:00:00,2026-08-31 18:00:00
ROW0001641,REF001641,ACC076,S04,INT04,2026-02-10,VISIT COMPLETE,Medicare Advantage,Infusion,2026-08-31 12:00:00,2026-08-31 18:00:00
ROW0005300,REF005300,ACC067,S04,INT04,2026-05-09,cancelled,Commercial,Infusion,2026-08-31 12:00:00,2026-08-31 18:00:00
ROW0001550,REF001550,ACC075,S04,INT04,2026-06-05,completed,Traditional Medicare,Infusion,2026-08-31 12:00:00,2026-08-31 18:00:00
ROW0002444,REF002444,ACC053,S03,INT03,2026-02-23,complete,Traditional Medicare,Injection,2026-08-31 12:00:00,2026-08-31 18:00:00
ROW0005720,REF005720,ACC011,S01,INT01,2025-06-11,VISIT COMPLETE,Commercial,Infusion,2026-08-31 12:00:00,2026-08-31 18:00:00
ROW0002428,REF002428,ACC115,S08,INT08,2025-09-20,complete,Other,Infusion,2026-08-31 12:00:00,2026-08-31 18:00:00
ROW0004495,REF004495,ACC057,S03,INT03,2026-06-28,VISIT COMPLETE,Commercial,Infusion,2026-08-31 12:00:00,2026-08-31 18:00:00
ROW0002784,REF002784,ACC004,S01,INT01,2025-11-10,VISIT COMPLETE,Commercial,Other outpatient,2026-08-31 12:00:00,2026-08-31 18:00:00
ROW0001171,REF001171,ACC025,S02,INT02,2025-12-03,complete,Commercial,Infusion,2026-08-31 12:00:00,2026-08-31 18:00:00
ROW0005616,REF005616,ACC025,S02,INT02,2026-06-24,closed,Traditional Medicare,Infusion,2026-08-31 12:00:00,2026-08-31 18:00:00
ROW0001963,REF001963,ACC026,S02,INT02,2026-03-05,completed,Medicare Advantage,Infusion,2026-08-31 12:00:00,2026-08-31 18:00:00
ROW0005404,REF005404,ACC014,S01,INT01,2025-07-15,completed,Medicare Advantage,Infusion,2026-08-31 12:00:00,2026-08-31 18:00:00
ROW0004339,REF004339,ACC034,S02,INT02,2026-01-13,complete,Medicare Advantage,Other outpatient,2026-08-31 12:00:00,2026-08-31 18:00:00
ROW0003515,REF003515,ACC099,S05,INT05,2026-06-14,closed,Medicare Advantage,Infusion,2026-08-31 12:00:00,2026-08-31 18:00:00
ROW0002105,REF002105,ACC039,S02,INT02,2025-02-05,VISIT COMPLETE,Medicare Advantage,Infusion,2026-08-31 12:00:00,2026-08-31 18:00:00
ROW0000326,REF000326,ACC040,S02,INT02,2025-09-07,completed,Commercial,Other outpatient,2026-08-31 12:00:00,2026-08-31 18:00:00
ROW0005632,REF005632,ACC103,S06,INT06,2025-05-10,completed,Medicare Advantage,Infusion,2026-08-31 12:00:00,2026-08-31 18:00:00
ROW0005092,REF005092,ACC054,S03,INT03,2025-07-22,VISIT COMPLETE,Medicare Advantage,Infusion,2026-08-31 12:00:00,2026-08-31 18:00:00
ROW0001142,REF001142,ACC088,S05,INT05,2026-02-07,completed,Traditional Medicare,Infusion,2026-08-31 12:00:00,2026-08-31 18:00:00
ROW0000723,REF000723,ACC031,S02,INT02,2026-06-05,CLOSED - NO VISIT,Medicare Advantage,Infusion,2026-08-31 12:00:00,2026-08-31 18:00:00
ROW0004945,REF004945,ACC089,S05,INT05,2026-01-24,complete,Commercial,Infusion,2026-08-31 12:00:00,2026-08-31 18:00:00
ROW0003778,REF003778,ACC043,S07,INT07,2026-08-15,Ready_to_Schedule,Medicare Advantage,Injection,2026-08-31 12:00:00,2026-08-31 18:00:00
ROW0006130,REF002300,ACC095,S05,INT05,2025-12-23,complete,Commercial,Injection,2026-08-31 12:00:00,2026-08-31 19:00:00
ROW0006249,REF000345,ACC025,S02,INT02,2026-06-11,complete,Commercial,Other outpatient,2026-08-31 12:00:00,2026-08-31 19:00:00
ROW0005524,REF005524,ACC119,S06,INT06,2025-10-28,VISIT COMPLETE,Medicare Advantage,Injection,2026-08-31 12:00:00,2026-08-31 18:00:00
ROW0002961,REF002961,ACC092,S05,INT05,2025-06-08,VISIT COMPLETE,Commercial,Infusion,2026-08-31 12:00:00,2026-08-31 18:00:00
ROW0001700,REF001700,ACC015,S01,INT01,2025-03-21,complete,Traditional Medicare,Infusion,2026-08-31 12:00:00,2026-08-31 18:00:00
ROW0003158,REF003158,ACC034,S02,INT02,2026-07-11,complete,Traditional Medicare,Injection,2026-08-31 12:00:00,2026-08-31 18:00:00
ROW0004483,REF004483,ACC081,S05,INT05,2025-05-11,VISIT COMPLETE,Medicare Advantage,Other outpatient,2026-08-31 12:00:00,2026-08-31 18:00:00
ROW0002779,REF002779,ACC054,S03,INT03,2025-08-27,complete,Medicare Advantage,Other outpatient,2026-08-31 12:00:00,2026-08-31 18:00:00
ROW0002313,REF002313,ACC119,S08,INT08,2026-07-15,closed,Medicare Advantage,Infusion,2026-08-31 12:00:00,2026-08-31 18:00:00
ROW0004611,REF004611,ACC076,S04,INT04,2025-02-10,completed,Traditional Medicare,Infusion,2026-08-31 12:00:00,2026-08-31 18:00:00
ROW0001078,REF001078,ACC011,S01,INT01,2026-03-11,complete,Medicare Advantage,Infusion,2026-08-31 12:00:00,2026-08-31 18:00:00
ROW0003994,REF003994,ACC031,S02,INT02,2025-01-03,CLOSED - NO VISIT,Commercial,Injection,2026-08-31 12:00:00,2026-08-31 18:00:00
ROW0000815,REF000815,ACC095,S05,INT05,2026-03-10,completed,Medicare Advantage,Injection,2026-08-31 12:00:00,2026-08-31 18:00:00
ROW0002891,REF002891,ACC072,S04,INT04,2026-08-03,scheduled,Commercial,Other outpatient,2026-08-31 12:00:00,2026-08-31 18:00:00
ROW0000195,REF000195,ACC054,S03,INT03,2025-01-30,complete,Traditional Medicare,Infusion,2026-08-31 12:00:00,2026-08-31 18:00:00
ROW0002046,REF002046,ACC011,S01,INT01,2025-01-28,received,Other,Injection,2026-08-31 12:00:00,2026-08-31 18:00:00
ROW0002710,REF002710,ACC084,S05,INT05,2025-07-14,VISIT COMPLETE,Commercial,Injection,2026-08-31 12:00:00,2026-08-31 18:00:00
ROW0001167,REF001167,ACC073,S04,INT04,2026-07-08,cancelled,Medicare Advantage,Infusion,2026-08-31 12:00:00,2026-08-31 18:00:00
ROW0001461,REF001461,ACC074,S04,INT04,2026-02-06,CLOSED - NO VISIT,Other,Infusion,2026-08-31 12:00:00,2026-08-31 18:00:00
ROW0006044,REF002587,ACC103,S08,INT08,2026-03-04,complete,Medicaid,Infusion,2026-08-31 12:00:00,2026-08-31 19:00:00
ROW0001876,REF001876,ACC095,S05,INT05,2025-06-16,VISIT COMPLETE,Medicare Advantage,Infusion,2026-08-31 12:00:00,2026-08-31 18:00:00
ROW0000613,REF000613,ACC075,S04,INT04,2025-12-15,VISIT COMPLETE,Medicare Advantage,Injection,2026-08-31 12:00:00,2026-08-31 18:00:00
ROW0000338,REF000338,ACC116,S06,INT06,2025-06-17,cancelled,Medicare Advantage,Infusion,2026-08-31 12:00:00,2026-08-31 18:00:00
ROW0005186,REF005186,ACC055,S03,INT03,2026-08-15,cancelled,Traditional Medicare,Injection,2026-08-31 12:00:00,2026-08-31 18:00:00
ROW0000616,REF000616,ACC022,S02,INT02,2025-06-09,VISIT COMPLETE,Traditional Medicare,Infusion,2026-08-31 12:00:00,2026-08-31 18:00:00
ROW0004652,REF004652,ACC019,S01,,2025-07-20,CLOSED - NO VISIT,Other,Infusion,2026-08-31 12:00:00,2026-08-31 18:00:00
ROW0004651,REF004651,ACC023,S02,INT02,2025-10-15,complete,Traditional Medicare,Injection,2026-08-31 12:00:00,2026-08-31 18:00:00
ROW0002824,REF002824,ACC119,S06,,2026-07-24,Received,Commercial,Injection,2026-08-31 12:00:00,2026-08-31 18:00:00
ROW0002124,REF002124,ACC094,S05,INT05,2026-03-27,completed,Commercial,Infusion,2026-08-31 12:00:00,2026-08-31 18:00:00
ROW0000962,REF000962,ACC116,S06,INT06,2026-01-03,completed,Medicare Advantage,Other outpatient,2026-08-31 12:00:00,2026-08-31 18:00:00
ROW0003004,REF003004,ACC059,S03,INT03,2025-10-07,cancelled,Medicare Advantage,Infusion,2026-08-31 12:00:00,2026-08-31 18:00:00
ROW0005620,REF005620,ACC054,S03,INT03,2026-08-24,review,Commercial,Infusion,2026-08-31 12:00:00,2026-08-31 18:00:00
ROW0003446,REF003446,ACC083,S05,INT05,2026-08-23,ready,Medicaid,Infusion,2026-08-31 12:00:00,2026-08-31 18:00:00
ROW0002115,REF002115,ACC109,S08,INT08,2025-10-18,complete,Medicare Advantage,Infusion,2026-08-31 12:00:00,2026-08-31 18:00:00
ROW0002747,REF002747,ACC025,S02,,2026-06-16,complete,Medicare Advantage,Injection,2026-08-31 12:00:00,2026-08-31 18:00:00
ROW0005088,REF005088,ACC112,S06,INT06,2026-04-28,completed,Other,Infusion,2026-08-31 12:00:00,2026-08-31 18:00:00
ROW0003024,REF003024,ACC119,S06,INT06,2025-03-23,CLOSED - NO VISIT,Other,Infusion,2026-08-31 12:00:00,2026-08-31 18:00:00
ROW0001748,REF001748,ACC120,S06,INT06,2025-07-22,CLOSED - NO VISIT,Traditional Medicare,Injection,2026-08-31 12:00:00,2026-08-31 18:00:00
ROW0001585,REF001585,ACC062,S04,INT04,2025-05-08,complete,Commercial,Injection,2026-08-31 12:00:00,2026-08-31 18:00:00
ROW0002669,REF002669,ACC033,S02,INT02,2025-05-26,completed,Medicare Advantage,Injection,2026-08-31 12:00:00,2026-08-31 18:00:00
ROW0006298,REF003506,ACC067,S04,INT04,2025-04-08,ready,Traditional Medicare,Other outpatient,2026-08-31 12:00:00,2026-08-31 19:00:00
ROW0006125,REF004598,ACC103,S08,INT08,2026-01-04,completed,Commercial,Infusion,2026-08-31 12:00:00,2026-08-31 19:00:00
ROW0002950,REF002950,ACC062,S04,INT04,2026-07-09,in_review,Medicare Advantage,Infusion,2026-08-31 12:00:00,2026-08-31 18:00:00
ROW0004882,REF004882,ACC117,S06,INT06,2025-03-25,completed,Medicaid,Infusion,2026-08-31 12:00:00,2026-08-31 18:00:00
ROW0000319,REF000319,ACC120,S08,INT08,2025-02-14,CLOSED - NO VISIT,Other,Infusion,2026-08-31 12:00:00,2026-08-31 18:00:00
ROW0002675,REF002675,ACC042,S03,INT03,2026-05-21,complete,Medicare Advantage,Infusion,2026-08-31 12:00:00,2026-08-31 18:00:00
ROW0002733,REF002733,ACC073,S04,INT04,2025-11-11,VISIT COMPLETE,Commercial,Infusion,2026-08-31 12:00:00,2026-08-31 18:00:00
ROW0000879,REF000879,ACC054,S03,INT03,2025-01-10,completed,Commercial,Injection,2026-08-31 12:00:00,2026-08-31 18:00:00
ROW0002706,REF002706,ACC094,S05,INT05,2025-04-23,closed,Commercial,Infusion,2026-08-31 12:00:00,2026-08-31 18:00:00
ROW0002536,REF002536,ACC072,S04,INT04,2026-05-28,VISIT COMPLETE,Medicare Advantage,Infusion,2026-08-31 12:00:00,2026-08-31 18:00:00
ROW0000145,REF000145,ACC074,S04,INT04,2026-01-14,Received,Commercial,Infusion,2026-08-31 12:00:00,2026-08-31 18:00:00
ROW0004583,REF004583,ACC074,S04,INT04,2025-10-18,completed,Medicare Advantage,Injection,2026-08-31 12:00:00,2026-08-31 18:00:00
ROW0000779,REF000779,ACC028,S02,INT02,2026-04-22,completed,Traditional Medicare,Injection,2026-08-31 12:00:00,2026-08-31 18:00:00
ROW0001966,REF001966,ACC042,S07,INT07,2025-12-27,completed,Commercial,Infusion,2026-08-31 12:00:00,2026-08-31 18:00:00
ROW0002439,REF002439,ACC004,S01,INT01,2026-05-17,completed,Commercial,Infusion,2026-08-31 12:00:00,2026-08-31 18:00:00
ROW0002930,REF002930,ACC023,S02,,2026-03-07,completed,Traditional Medicare,Infusion,2026-08-31 12:00:00,2026-08-31 18:00:00
ROW0004715,REF004715,ACC110,S08,INT08,2025-03-13,completed,Medicare Advantage,Infusion,2026-08-31 12:00:00,2026-08-31 18:00:00
ROW0000614,REF000614,ACC027,S02,INT02,2025-10-24,VISIT COMPLETE,Medicare Advantage,Infusion,2026-08-31 12:00:00,2026-08-31 18:00:00
ROW0000887,REF000887,ACC072,S04,INT04,2025-11-03,completed,Medicare Advantage,Infusion,2026-08-31 12:00:00,2026-08-31 18:00:00
ROW0001666,REF001666,ACC035,S02,INT02,2026-01-14,VISIT COMPLETE,Medicaid,Other outpatient,2026-08-31 12:00:00,2026-08-31 18:00:00
ROW0006180,REF002222,ACC041,S03,INT03,2026-03-11,VISIT COMPLETE,Medicare Advantage,Injection,2026-08-31 12:00:00,2026-08-31 19:00:00
ROW0003216,REF003216,ACC076,S04,INT04,2025-11-30,complete,Commercial,Injection,2026-08-31 12:00:00,2026-08-31 18:00:00
ROW0001088,REF001088,ACC002,S01,INT01,2025-06-23, NEW ,Medicaid,Infusion,2026-08-31 12:00:00,2026-08-31 18:00:00
ROW0005050,REF005050,ACC001,S01,INT01,2025-03-17,completed,Commercial,Other outpatient,2026-08-31 12:00:00,2026-08-31 18:00:00
ROW0001175,REF001175,ACC098,S05,INT05,2025-07-23,VISIT COMPLETE,Traditional Medicare,Infusion,2026-08-31 12:00:00,2026-08-31 18:00:00
ROW0004092,REF004092,ACC114,S08,INT08,2025-11-02,VISIT COMPLETE,Medicaid,Injection,2026-08-31 12:00:00,2026-08-31 18:00:00
ROW0005340,REF005340,ACC054,S03,INT03,2026-08-20,review,Traditional Medicare,Infusion,2026-08-31 12:00:00,2026-08-31 18:00:00
ROW0000237,REF000237,ACC097,S05,INT05,2025-05-02,completed,Medicare Advantage,Infusion,2026-08-31 12:00:00,2026-08-31 18:00:00
ROW0004099,REF004099,ACC014,S01,INT01,2026-03-16,completed,Traditional Medicare,Infusion,2026-08-31 12:00:00,2026-08-31 18:00:00
ROW0005776,REF005776,ACC098,S05,INT05,2026-06-24,completed,Traditional Medicare,Injection,2026-08-31 12:00:00,2026-08-31 18:00:00
ROW0004792,REF004792,ACC037,S02,INT02,2026-04-25,completed,Commercial,Infusion,2026-08-31 12:00:00,2026-08-31 18:00:00
ROW0003858,REF003858,ACC048,S07,INT07,2026-02-23,complete,Medicare Advantage,Infusion,2026-08-31 12:00:00,2026-08-31 18:00:00
ROW0002994,REF002994,ACC118,S06,INT06,2025-08-02,VISIT COMPLETE,Medicare Advantage,Infusion,2026-08-31 12:00:00,2026-08-31 18:00:00
ROW0005818,REF005818,ACC025,S02,INT02,2025-03-23,Received,Commercial,Injection,2026-08-31 12:00:00,2026-08-31 18:00:00
ROW0001999,REF001999,ACC096,S05,INT05,2026-03-28,completed,Medicaid,Infusion,2026-08-31 12:00:00,2026-08-31 18:00:00
ROW0005691,REF005691,ACC048,S07,INT07,2025-03-04,complete,Commercial,Infusion,2026-08-31 12:00:00,2026-08-31 18:00:00
ROW0001960,REF001960,ACC092,S05,INT05,2026-06-23,complete,Other,Injection,2026-08-31 12:00:00,2026-08-31 18:00:00
ROW0006103,REF004174,ACC120,S06,INT06,2026-04-19,VISIT COMPLETE,Medicare Advantage,Injection,2026-08-31 12:00:00,2026-08-31 19:00:00
ROW0005673,REF005673,ACC020,S01,INT01,2026-02-27,CLOSED - NO VISIT,Other,Injection,2026-08-31 12:00:00,2026-08-31 18:00:00
ROW0000220,REF000220,ACC028,S02,INT02,2026-04-22,complete,Medicare Advantage,Infusion,2026-08-31 12:00:00,2026-08-31 18:00:00
ROW0004008,REF004008,ACC107,S06,INT06,2026-04-22,VISIT COMPLETE,Medicare Advantage,Infusion,2026-08-31 12:00:00,2026-08-31 18:00:00
ROW0000797,REF000797,ACC049,S03,INT03,2026-05-19,VISIT COMPLETE,Medicare Advantage,Injection,2026-08-31 12:00:00,2026-08-31 18:00:00
ROW0006133,REF004763,ACC069,S04,INT04,2026-06-02,completed,Commercial,Infusion,2026-08-31 12:00:00,2026-08-31 19:00:00
ROW0000795,REF000795,ACC010,S01,INT01,2025-03-17,VISIT COMPLETE,Medicare Advantage,Injection,2026-08-31 12:00:00,2026-08-31 18:00:00
ROW0000350,REF000350,ACC088,S05,INT05,2026-06-10,Received,Commercial,Infusion,2026-08-31 12:00:00,2026-08-31 18:00:00
ROW0006194,REF002678,ACC021,S02,INT02,2025-02-15,CLOSED - NO VISIT,Medicaid,Infusion,2026-08-31 12:00:00,2026-08-31 19:00:00
ROW0001697,REF001697,ACC110,S08,INT08,2026-02-25,VISIT COMPLETE,Commercial,Injection,2026-08-31 12:00:00,2026-08-31 18:00:00
ROW0002551,REF002551,ACC011,S01,INT01,2026-06-15,completed,Commercial,Infusion,2026-08-31 12:00:00,2026-08-31 18:00:00
ROW0002363,REF002363,ACC119,S06,INT06,2026-06-23,complete,Commercial,Infusion,2026-08-31 12:00:00,2026-08-31 18:00:00
ROW0001968,REF001968,ACC051,S03,INT03,2026-07-21,Received,Other,Infusion,2026-08-31 12:00:00,2026-08-31 18:00:00
ROW0002011,REF002011,ACC018,S01,INT01,2025-11-02,complete,Commercial,Infusion,2026-08-31 12:00:00,2026-08-31 18:00:00
ROW0005722,REF005722,ACC110,S06,INT06,2025-12-02,completed,Commercial,Infusion,2026-08-31 12:00:00,2026-08-31 18:00:00
ROW0004638,REF004638,ACC102,S08,INT08,2026-04-24,cancelled,Commercial,Infusion,2026-08-31 12:00:00,2026-08-31 18:00:00
ROW0003477,REF003477,ACC084,S05,INT05,2025-06-09,CLOSED - NO VISIT,Medicare Advantage,Injection,2026-08-31 12:00:00,2026-08-31 18:00:00
ROW0005642,REF005642,ACC002,S01,INT01,2025-12-10,VISIT COMPLETE,Commercial,Infusion,2026-08-31 12:00:00,2026-08-31 18:00:00
ROW0001735,REF001735,ACC114,S08,INT08,2026-03-16,complete,Medicare Advantage,Injection,2026-08-31 12:00:00,2026-08-31 18:00:00
ROW0004599,REF004599,ACC099,S05,INT05,2025-12-23,completed,Medicare Advantage,Injection,2026-08-31 12:00:00,2026-08-31 18:00:00
ROW0004766,REF004766,ACC059,S03,,2026-05-13,completed,Traditional Medicare,Infusion,2026-08-31 12:00:00,2026-08-31 18:00:00
ROW0001868,REF001868,ACC110,S06,INT06,2026-03-20,complete,Medicare Advantage,Injection,2026-08-31 12:00:00,2026-08-31 18:00:00
ROW0005530,REF005530,ACC054,S07,INT07,2026-05-01,completed,Medicaid,Other outpatient,2026-08-31 12:00:00,2026-08-31 18:00:00
ROW0003654,REF003654,ACC075,S04,INT04,2026-02-03,VISIT COMPLETE,Medicaid,Other outpatient,2026-08-31 12:00:00,2026-08-31 18:00:00
ROW0002400,REF002400,ACC004,S01,INT01,2026-07-17, SCHED ,Medicare Advantage,Infusion,2026-08-31 12:00:00,2026-08-31 18:00:00
ROW0002656,REF002656,ACC077,S04,INT04,2026-06-02,ready,Commercial,Infusion,2026-08-31 12:00:00,2026-08-31 18:00:00
ROW0001117,REF001117,ACC055,S07,INT07,2025-06-13,VISIT COMPLETE,Medicare Advantage,Other outpatient,2026-08-31 12:00:00,2026-08-31 18:00:00
ROW0003627,REF003627,ACC110,S08,INT08,2026-08-07,scheduled,Commercial,Injection,2026-08-31 12:00:00,2026-08-31 18:00:00
ROW0001390,REF001390,ACC115,S08,INT08,2025-04-07,completed,Commercial,Infusion,2026-08-31 12:00:00,2026-08-31 18:00:00
ROW0003167,REF003167,ACC018,S01,INT01,2025-06-13,complete,Traditional Medicare,Infusion,2026-08-31 12:00:00,2026-08-31 18:00:00
ROW0002078,REF002078,ACC103,S06,INT06,2026-07-31,booked,Commercial,Infusion,2026-08-31 12:00:00,2026-08-31 18:00:00
ROW0003494,REF003494,ACC119,S08,INT08,2025-12-20,VISIT COMPLETE,Medicaid,Infusion,2026-08-31 12:00:00,2026-08-31 18:00:00
ROW0001783,REF001783,ACC049,S03,INT03,2025-01-11,completed,Traditional Medicare,Other outpatient,2026-08-31 12:00:00,2026-08-31 18:00:00
ROW0004655,REF004655,ACC015,S01,INT01,2026-01-14,VISIT COMPLETE,Traditional Medicare,Infusion,2026-08-31 12:00:00,2026-08-31 18:00:00
ROW0001098,REF001098,ACC024,S02,INT02,2025-04-29,VISIT COMPLETE,Commercial,Injection,2026-08-31 12:00:00,2026-08-31 18:00:00
ROW0005933,REF005933,ACC117,S06,INT06,2025-08-04,CLOSED - NO VISIT,Medicare Advantage,Infusion,2026-08-31 12:00:00,2026-08-31 18:00:00
ROW0001892,REF001892,ACC015,S01,INT01,2026-08-11,Ready_to_Schedule,Medicaid,Injection,2026-08-31 12:00:00,2026-08-31 18:00:00
ROW0000807,REF000807,ACC064,S04,INT04,2026-04-12,completed,Commercial,Infusion,2026-08-31 12:00:00,2026-08-31 18:00:00
ROW0002829,REF002829,ACC050,S03,INT03,2025-07-30,complete,Medicare Advantage,Infusion,2026-08-31 12:00:00,2026-08-31 18:00:00
ROW0000663,REF000663,ACC014,S01,INT01,2025-01-13,completed,Traditional Medicare,Injection,2026-08-31 12:00:00,2026-08-31 18:00:00
ROW0005344,REF005344,ACC096,S05,INT05,2026-07-05,VISIT COMPLETE,Traditional Medicare,Infusion,2026-08-31 12:00:00,2026-08-31 18:00:00
ROW0003643,REF003643,ACC103,S08,INT08,2025-11-06,complete,Medicare Advantage,Injection,2026-08-31 12:00:00,2026-08-31 18:00:00
ROW0005599,REF005599,ACC063,S04,INT04,2025-11-10,VISIT COMPLETE,Medicaid,Infusion,2026-08-31 12:00:00,2026-08-31 18:00:00
ROW0002183,REF002183,ACC054,S03,INT03,2025-11-29,completed,Commercial,Other outpatient,2026-08-31 12:00:00,2026-08-31 18:00:00
ROW0003691,REF003691,ACC074,S04,INT04,2025-02-03,Ready_to_Schedule,Medicare Advantage,Infusion,2026-08-31 12:00:00,2026-08-31 18:00:00
ROW0006248,REF000486,ACC001,S01,INT01,2025-11-21,completed,Commercial,Infusion,2026-08-31 12:00:00,2026-08-31 19:00:00
ROW0000117,REF000117,ACC022,S02,INT02,2026-08-09,review,Commercial,Infusion,2026-08-31 12:00:00,2026-08-31 18:00:00
ROW0003430,REF003430,ACC032,S02,INT02,2026-02-13,complete,Medicare Advantage,Infusion,2026-08-31 12:00:00,2026-08-31 18:00:00
ROW0004024,REF004024,ACC065,S04,INT04,2026-04-17,completed,Commercial,Infusion,2026-08-31 12:00:00,2026-08-31 18:00:00
ROW0001434,REF001434,ACC039,S02,INT02,2026-03-09,CLOSED - NO VISIT,Commercial,Infusion,2026-08-31 12:00:00,2026-08-31 18:00:00
ROW0001907,REF001907,ACC010,S01,INT01,2025-08-02,closed,Commercial,Injection,2026-08-31 12:00:00,2026-08-31 18:00:00
ROW0004528,REF004528,ACC014,S01,INT01,2026-05-06,completed,Traditional Medicare,Infusion,2026-08-31 12:00:00,2026-08-31 18:00:00
ROW0000049,REF000049,ACC049,S03,INT03,2025-07-08,complete,Medicare Advantage,Infusion,2026-08-31 12:00:00,2026-08-31 18:00:00
ROW0005654,REF005654,ACC008,S01,INT01,2026-03-06,complete,Other,Infusion,2026-08-31 12:00:00,2026-08-31 18:00:00
ROW0002812,REF002812,ACC046,S07,INT07,2025-09-04,complete,Medicaid,Infusion,2026-08-31 12:00:00,2026-08-31 18:00:00
ROW0004570,REF004570,ACC011,S01,INT01,2025-08-29,VISIT COMPLETE,Traditional Medicare,Infusion,2026-08-31 12:00:00,2026-08-31 18:00:00
ROW0001297,REF001297,ACC108,S08,INT08,2026-06-07,complete,Medicare Advantage,Other outpatient,2026-08-31 12:00:00,2026-08-31 18:00:00
ROW0003417,REF003417,ACC116,S08,INT08,2025-04-29, NEW ,Traditional Medicare,Infusion,2026-08-31 12:00:00,2026-08-31 18:00:00
ROW0005098,REF005098,ACC086,S05,INT05,2026-01-27,closed,Traditional Medicare,Other outpatient,2026-08-31 12:00:00,2026-08-31 18:00:00
ROW0002686,REF002686,ACC047,S07,INT07,2025-03-28,VISIT COMPLETE,Commercial,Other outpatient,2026-08-31 12:00:00,2026-08-31 18:00:00
ROW0004853,REF004853,ACC092,S05,INT05,2026-08-15,CLOSED - NO VISIT,Medicaid,Infusion,2026-08-31 12:00:00,2026-08-31 18:00:00
ROW0004701,REF004701,ACC089,S05,,2025-11-18,In Review,Medicare Advantage,Infusion,2026-08-31 12:00:00,2026-08-31 18:00:00
ROW0000427,REF000427,ACC028,S02,INT02,2025-10-11,VISIT COMPLETE,Commercial,Other outpatient,2026-08-31 12:00:00,2026-08-31 18:00:00
ROW0003364,REF003364,ACC061,S04,INT04,2025-02-05,closed,Commercial,Injection,2026-08-31 12:00:00,2026-08-31 18:00:00
ROW0001119,REF001119,ACC103,S06,INT06,2026-02-02,Ready_to_Schedule,Commercial,Infusion,2026-08-31 12:00:00,2026-08-31 18:00:00
ROW0003660,REF003660,ACC053,S07,INT07,2026-03-01,complete,Medicaid,Infusion,2026-08-31 12:00:00,2026-08-31 18:00:00
ROW0004607,REF004607,ACC102,S06,INT06,2025-11-07,VISIT COMPLETE,Medicare Advantage,Infusion,2026-08-31 12:00:00,2026-08-31 18:00:00
ROW0002185,REF002185,ACC059,S07,INT07,2025-05-18,complete,Traditional Medicare,Infusion,2026-08-31 12:00:00,2026-08-31 18:00:00
ROW0003460,REF003460,ACC047,S03,INT03,2025-04-21,cancelled,Medicare Advantage,Infusion,2026-08-31 12:00:00,2026-08-31 18:00:00
ROW0000837,REF000837,ACC034,S02,INT02,2025-02-27,complete,Medicare Advantage,Infusion,2026-08-31 12:00:00,2026-08-31 18:00:00
ROW0002458,REF002458,ACC094,S05,INT05,2025-06-03,complete,Medicare Advantage,Other outpatient,2026-08-31 12:00:00,2026-08-31 18:00:00
ROW0002772,REF002772,ACC072,S04,INT04,2026-07-29,booked,Traditional Medicare,Other outpatient,2026-08-31 12:00:00,2026-08-31 18:00:00
ROW0004167,REF004167,ACC013,S01,INT01,2025-12-22,completed,Medicaid,Infusion,2026-08-31 12:00:00,2026-08-31 18:00:00
ROW0000812,REF000812,ACC004,S01,INT01,2026-05-21,completed,Commercial,Injection,2026-08-31 12:00:00,2026-08-31 18:00:00
ROW0004040,REF004040,ACC070,S04,INT04,2026-02-01,completed,Commercial,Infusion,2026-08-31 12:00:00,2026-08-31 18:00:00
ROW0002032,REF002032,ACC085,S05,INT05,2025-05-12,completed,Commercial,Injection,2026-08-31 12:00:00,2026-08-31 18:00:00
ROW0005386,REF005386,ACC032,S02,INT02,,complete,Commercial,Infusion,2026-08-31 12:00:00,2026-08-31 18:00:00
ROW0002717,REF002717,ACC054,S07,INT07,2026-07-12,VISIT COMPLETE,Medicaid,Injection,2026-08-31 12:00:00,2026-08-31 18:00:00
ROW0005484,REF005484,ACC049,S03,INT03,2025-03-31,VISIT COMPLETE,Medicare Advantage,Infusion,2026-08-31 12:00:00,2026-08-31 18:00:00
ROW0003992,REF003992,ACC026,S02,INT02,2025-02-20,completed,Commercial,Infusion,2026-08-31 12:00:00,2026-08-31 18:00:00
ROW0000674,REF000674,ACC006,S01,INT01,2026-01-20,cancelled,Commercial,Infusion,2026-08-31 12:00:00,2026-08-31 18:00:00
ROW0003069,REF003069,ACC049,S07,INT07,2026-03-19,completed,Traditional Medicare,Infusion,2026-08-31 12:00:00,2026-08-31 18:00:00
ROW0001482,REF001482,ACC104,S06,INT06,2025-09-07,complete,Medicare Advantage,Infusion,2026-08-31 12:00:00,2026-08-31 18:00:00
ROW0005417,REF005417,ACC042,S03,INT03,2025-10-08,CLOSED - NO VISIT,Commercial,Other outpatient,2026-08-31 12:00:00,2026-08-31 18:00:00
ROW0002355,REF002355,ACC073,S04,INT04,2025-10-20,completed,Medicare Advantage,Infusion,2026-08-31 12:00:00,2026-08-31 18:00:00
ROW0000930,REF000930,ACC015,S01,INT01,2025-06-06,complete,Traditional Medicare,Infusion,2026-08-31 12:00:00,2026-08-31 18:00:00
ROW0002095,REF002095,ACC095,S05,INT05,2025-04-03,completed,Medicare Advantage,Infusion,2026-08-31 12:00:00,2026-08-31 18:00:00
ROW0002986,REF002986,ACC042,S07,INT07,2025-12-19,closed,Traditional Medicare,Injection,2026-08-31 12:00:00,2026-08-31 18:00:00
ROW0006046,REF001799,ACC072,S04,INT04,2026-05-06,closed,Commercial,Infusion,2026-08-31 12:00:00,2026-08-31 19:00:00
ROW0004684,REF004684,ACC045,S03,INT03,2025-09-02,VISIT COMPLETE,Commercial,Other outpatient,2026-08-31 12:00:00,2026-08-31 18:00:00
ROW0005167,REF005167,ACC084,S05,INT05,2025-07-06,complete,Commercial,Injection,2026-08-31 12:00:00,2026-08-31 18:00:00
ROW0001152,REF001152,ACC102,S06,INT06,2026-08-12,booked,Commercial,Infusion,2026-08-31 12:00:00,2026-08-31 18:00:00
ROW0000786,REF000786,ACC018,S01,INT01,2025-11-06,VISIT COMPLETE,Medicare Advantage,Injection,2026-08-31 12:00:00,2026-08-31 18:00:00
ROW0002538,REF002538,ACC072,S04,INT04,2025-01-19,complete,Commercial,Infusion,2026-08-31 12:00:00,2026-08-31 18:00:00
ROW0001244,REF001244,ACC087,S05,INT05,2025-06-05,in_review,Medicare Advantage,Other outpatient,2026-08-31 12:00:00,2026-08-31 18:00:00
ROW0001002,REF001002,ACC065,S04,INT04,2025-01-12,CLOSED - NO VISIT,Commercial,Injection,2026-08-31 12:00:00,2026-08-31 18:00:00
ROW0005116,REF005116,ACC054,S03,INT03,2026-05-06,completed,Medicare Advantage,Infusion,2026-08-31 12:00:00,2026-08-31 18:00:00
ROW0002910,REF002910,ACC118,S08,INT08,2025-08-05,VISIT COMPLETE,Commercial,Injection,2026-08-31 12:00:00,2026-08-31 18:00:00
ROW0004753,REF004753,ACC015,S01,INT01,2025-03-05,complete,Medicare Advantage,Infusion,2026-08-31 12:00:00,2026-08-31 18:00:00
ROW0006102,REF004781,ACC062,S04,INT04,2026-02-27,VISIT COMPLETE,Other,Injection,2026-08-31 12:00:00,2026-08-31 19:00:00
ROW0000108,REF000108,ACC048,S07,INT07,2025-11-05,VISIT COMPLETE,Commercial,Infusion,2026-08-31 12:00:00,2026-08-31 18:00:00
ROW0005337,REF005337,ACC111,S08,INT08,2025-09-11,completed,Commercial,Other outpatient,2026-08-31 12:00:00,2026-08-31 18:00:00
ROW0003561,REF003561,ACC114,S08,INT08,2025-09-27,complete,Commercial,Infusion,2026-08-31 12:00:00,2026-08-31 18:00:00
ROW0002184,REF002184,ACC079,S04,INT04,2026-04-05,in_review,Commercial,Infusion,2026-08-31 12:00:00,2026-08-31 18:00:00
ROW0004905,REF004905,ACC078,S04,INT04,2025-05-22,complete,Commercial,Injection,2026-08-31 12:00:00,2026-08-31 18:00:00
ROW0005558,REF005558,ACC095,S05,INT05,2025-08-26,VISIT COMPLETE,Commercial,Infusion,2026-08-31 12:00:00,2026-08-31 18:00:00
ROW0000929,REF000929,ACC012,S01,INT01,2025-11-05,complete,Commercial,Infusion,2026-08-31 12:00:00,2026-08-31 18:00:00
ROW0001831,REF001831,ACC117,S08,INT08,2026-07-18,complete,Commercial,Other outpatient,2026-08-31 12:00:00,2026-08-31 18:00:00
ROW0003935,REF003935,ACC117,S06,INT06,2026-02-08,complete,Commercial,Infusion,2026-08-31 12:00:00,2026-08-31 18:00:00
ROW0000239,REF000239,ACC034,S02,INT02,2026-02-09,cancelled,Medicaid,Infusion,2026-08-31 12:00:00,2026-08-31 18:00:00
ROW0005770,REF005770,ACC056,S07,INT07,2025-07-25,Received,Medicare Advantage,Infusion,2026-08-31 12:00:00,2026-08-31 18:00:00
ROW0003963,REF003963,ACC112,S06,INT06,2026-03-13,VISIT COMPLETE,Commercial,Infusion,2026-08-31 12:00:00,2026-08-31 18:00:00
ROW0003488,REF003488,ACC015,S01,INT01,2025-05-05,complete,Commercial,Injection,2026-08-31 12:00:00,2026-08-31 18:00:00
ROW0004226,REF004226,ACC021,S02,INT02,2025-05-05,VISIT COMPLETE,Medicare Advantage,Infusion,2026-08-31 12:00:00,2026-08-31 18:00:00
ROW0002160,REF002160,ACC044,S03,INT03,2025-10-11,complete,Traditional Medicare,Injection,2026-08-31 12:00:00,2026-08-31 18:00:00
ROW0001845,REF001845,ACC047,S07,INT07,2026-01-25,VISIT COMPLETE,Medicaid,Infusion,2026-08-31 12:00:00,2026-08-31 18:00:00
ROW0001383,REF001383,ACC042,S03,INT03,2026-06-10,CLOSED - NO VISIT,Traditional Medicare,Injection,2026-08-31 12:00:00,2026-08-31 18:00:00
ROW0001667,REF001667,ACC055,S03,INT03,2026-05-24,completed,Commercial,Infusion,2026-08-31 12:00:00,2026-08-31 18:00:00
ROW0006271,REF004259,ACC065,S04,INT04,2025-10-03,VISIT COMPLETE,Medicaid,Injection,2026-08-31 12:00:00,2026-08-31 19:00:00
ROW0005083,REF005083,ACC120,S08,INT08,2025-09-20,completed,Traditional Medicare,Infusion,2026-08-31 12:00:00,2026-08-31 18:00:00
ROW0005291,REF005291,ACC071,S04,INT04,2026-03-14,closed,Commercial,Injection,2026-08-31 12:00:00,2026-08-31 18:00:00
ROW0000745,REF000745,ACC062,S04,INT04,2025-12-27,completed,Medicaid,Injection,2026-08-31 12:00:00,2026-08-31 18:00:00
ROW0000566,REF000566,ACC120,S06,INT06,2026-06-18,complete,Traditional Medicare,Infusion,2026-08-31 12:00:00,2026-08-31 18:00:00
ROW0000937,REF000937,ACC089,S05,INT05,2026-06-02,completed,Traditional Medicare,Other outpatient,2026-08-31 12:00:00,2026-08-31 18:00:00
ROW0002449,REF002449,ACC079,S04,INT04,2025-05-04,completed,Commercial,Infusion,2026-08-31 12:00:00,2026-08-31 18:00:00
ROW0003059,REF003059,ACC015,S01,INT01,2025-06-06,cancelled,Commercial,Infusion,2026-08-31 12:00:00,2026-08-31 18:00:00
ROW0001025,REF001025,ACC069,S04,INT04,2025-02-18,completed,Traditional Medicare,Infusion,2026-08-31 12:00:00,2026-08-31 18:00:00
ROW0004460,REF004460,ACC011,S01,INT01,2026-01-23,VISIT COMPLETE,Medicare Advantage,Injection,2026-08-31 12:00:00,2026-08-31 18:00:00
ROW0000626,REF000626,ACC094,S05,INT05,2025-07-16,closed,Medicare Advantage,Injection,2026-08-31 12:00:00,2026-08-31 18:00:00
ROW0001881,REF001881,ACC111,S08,INT08,2025-06-20,VISIT COMPLETE,Commercial,Injection,2026-08-31 12:00:00,2026-08-31 18:00:00
ROW0005277,REF005277,ACC017,S01,INT01,2025-04-28,completed,Commercial,Injection,2026-08-31 12:00:00,2026-08-31 18:00:00
ROW0000305,REF000305,ACC094,S05,INT05,2026-07-27,completed,Medicare Advantage,Injection,2026-08-31 12:00:00,2026-08-31 18:00:00
ROW0003383,REF003383,ACC041,S07,INT07,2026-06-13,ready to schedule,Medicaid,Injection,2026-08-31 12:00:00,2026-08-31 18:00:00
ROW0005580,REF005580,ACC054,S03,,2026-03-07,complete,Commercial,Infusion,2026-08-31 12:00:00,2026-08-31 18:00:00
ROW0003445,REF003445,ACC036,S02,INT02,2026-05-15,ready,Medicare Advantage,Injection,2026-08-31 12:00:00,2026-08-31 18:00:00
ROW0002423,REF002423,ACC097,S05,INT05,2026-07-11,completed,Commercial,Infusion,2026-08-31 12:00:00,2026-08-31 18:00:00
ROW0005984,REF005984,ACC060,S03,INT03,2026-06-11,closed,Medicare Advantage,Infusion,2026-08-31 12:00:00,2026-08-31 18:00:00
ROW0004125,REF004125,ACC078,S04,INT04,2025-07-23,complete,Medicaid,Infusion,2026-08-31 12:00:00,2026-08-31 18:00:00
ROW0003399,REF003399,ACC013,S01,INT01,2025-06-18,VISIT COMPLETE,Medicare Advantage,Infusion,2026-08-31 12:00:00,2026-08-31 18:00:00
ROW0000278,REF000278,ACC062,S04,INT04,2025-08-09,VISIT COMPLETE,Commercial,Infusion,2026-08-31 12:00:00,2026-08-31 18:00:00
ROW0002544,REF002544,ACC087,S05,INT05,2025-05-12,complete,Other,Other outpatient,2026-08-31 12:00:00,2026-08-31 18:00:00
ROW0003544,REF003544,ACC057,S07,INT07,2025-10-29, NEW ,Commercial,Infusion,2026-08-31 12:00:00,2026-08-31 18:00:00
ROW0003440,REF003440,ACC118,S06,INT06,2025-10-26,ready to schedule,Commercial,Other outpatient,2026-08-31 12:00:00,2026-08-31 18:00:00
ROW0002954,REF002954,ACC062,S04,INT04,2026-01-29,VISIT COMPLETE,Traditional Medicare,Injection,2026-08-31 12:00:00,2026-08-31 18:00:00
ROW0004966,REF004966,ACC040,S02,INT02,2025-04-05,VISIT COMPLETE,Traditional Medicare,Injection,2026-08-31 12:00:00,2026-08-31 18:00:00
ROW0004819,REF004819,ACC026,S02,INT02,2025-08-07,cancelled,Traditional Medicare,Injection,2026-08-31 12:00:00,2026-08-31 18:00:00
ROW0004053,REF004053,ACC076,S04,INT04,2025-05-21,complete,Commercial,Injection,2026-08-31 12:00:00,2026-08-31 18:00:00
ROW0001075,REF001075,ACC008,S01,INT01,2026-05-28,complete,Medicare Advantage,Infusion,2026-08-31 12:00:00,2026-08-31 18:00:00
ROW0005732,REF005732,ACC006,S01,INT01,2026-08-01,booked,Medicare Advantage,Other outpatient,2026-08-31 12:00:00,2026-08-31 18:00:00
ROW0003104,REF003104,ACC076,S04,INT04,2025-07-07,VISIT COMPLETE,Traditional Medicare,Infusion,2026-08-31 12:00:00,2026-08-31 18:00:00
ROW0000519,REF000519,ACC053,S07,INT07,2026-08-23,In Review,Commercial,Infusion,2026-08-31 12:00:00,2026-08-31 18:00:00
ROW0004918,REF004918,ACC074,S04,INT04,2025-12-05,VISIT COMPLETE,Commercial,Injection,2026-08-31 12:00:00,2026-08-31 18:00:00
ROW0003110,REF003110,ACC062,S04,,2025-04-08,completed,Traditional Medicare,Infusion,2026-08-31 12:00:00,2026-08-31 18:00:00
ROW0003672,REF003672,ACC015,S01,INT01,2025-04-13,VISIT COMPLETE,Commercial,Other outpatient,2026-08-31 12:00:00,2026-08-31 18:00:00
ROW0001081,REF001081,ACC094,S05,INT05,2025-12-29,VISIT COMPLETE,Traditional Medicare,Other outpatient,2026-08-31 12:00:00,2026-08-31 18:00:00
ROW0000884,REF000884,ACC102,S08,INT08,2025-10-24,VISIT COMPLETE,Medicare Advantage,Injection,2026-08-31 12:00:00,2026-08-31 18:00:00
ROW0005114,REF005114,ACC010,S01,INT01,2025-12-09,VISIT COMPLETE,Medicare Advantage,Injection,2026-08-31 12:00:00,2026-08-31 18:00:00
ROW0004327,REF004327,ACC063,S04,INT04,2026-06-25,in_review,Medicaid,Infusion,2026-08-31 12:00:00,2026-08-31 18:00:00
ROW0002260,REF002260,ACC026,S02,INT02,2026-03-29,completed,Medicaid,Infusion,2026-08-31 12:00:00,2026-08-31 18:00:00
ROW0003552,REF003552,ACC065,S04,INT04,2025-06-29,VISIT COMPLETE,Commercial,Injection,2026-08-31 12:00:00,2026-08-31 18:00:00
ROW0005179,REF005179,ACC087,S05,INT05,2026-02-02,VISIT COMPLETE,Medicare Advantage,Injection,2026-08-31 12:00:00,2026-08-31 18:00:00
ROW0000920,REF000920,ACC120,S08,INT08,2026-03-15,VISIT COMPLETE,Medicare Advantage,Infusion,2026-08-31 12:00:00,2026-08-31 18:00:00
ROW0000980,REF000980,ACC074,S04,INT04,2026-02-04,VISIT COMPLETE,Medicare Advantage,Infusion,2026-08-31 12:00:00,2026-08-31 18:00:00
ROW0001990,REF001990,ACC087,S05,INT05,2025-04-11,completed,Commercial,Infusion,2026-08-31 12:00:00,2026-08-31 18:00:00
ROW0004136,REF004136,ACC006,S01,INT01,2026-08-05,scheduled,Traditional Medicare,Injection,2026-08-31 12:00:00,2026-08-31 18:00:00
ROW0001347,REF001347,ACC091,S05,INT05,2025-06-20,received,Commercial,Infusion,2026-08-31 12:00:00,2026-08-31 18:00:00
ROW0005174,REF005174,ACC119,S08,INT08,2026-08-31,received,Commercial,Infusion,2026-08-31 12:00:00,2026-08-31 18:00:00
ROW0000732,REF000732,ACC018,S01,INT01,2025-06-18,completed,Commercial,Injection,2026-08-31 12:00:00,2026-08-31 18:00:00
ROW0003651,REF003651,ACC037,S02,INT02,2026-03-21,completed,Commercial,Infusion,2026-08-31 12:00:00,2026-08-31 18:00:00
ROW0005108,REF005108,ACC102,S06,INT06,2026-06-16,cancelled,Commercial,Injection,2026-08-31 12:00:00,2026-08-31 18:00:00
ROW0003731,REF003731,ACC087,S05,INT05,2026-07-13,completed,Traditional Medicare,Other outpatient,2026-08-31 12:00:00,2026-08-31 18:00:00
ROW0000618,REF000618,ACC097,S05,INT05,2025-12-01,complete,Medicaid,Other outpatient,2026-08-31 12:00:00,2026-08-31 18:00:00
ROW0005276,REF005276,ACC042,S03,INT03,2025-09-01,VISIT COMPLETE,Medicaid,Infusion,2026-08-31 12:00:00,2026-08-31 18:00:00
ROW0006165,REF003438,ACC072,S04,INT04,2026-04-30,completed,Medicare Advantage,Injection,2026-08-31 12:00:00,2026-08-31 19:00:00
ROW0000110,REF000110,ACC105,S08,INT08,2026-07-25,ready to schedule,Medicaid,Injection,2026-08-31 12:00:00,2026-08-31 18:00:00
ROW0004871,REF004871,ACC083,S05,INT05,2026-02-08,complete,Medicare Advantage,Infusion,2026-08-31 12:00:00,2026-08-31 18:00:00
ROW0004619,REF004619,ACC102,S06,INT06,2026-07-08,completed,Medicare Advantage,Infusion,2026-08-31 12:00:00,2026-08-31 18:00:00
ROW0002756,REF002756,ACC033,S02,INT02,2025-04-11,VISIT COMPLETE,Commercial,Infusion,2026-08-31 12:00:00,2026-08-31 18:00:00
ROW0000122,REF000122,ACC079,S04,INT04,2025-06-29,completed,Medicare Advantage,Injection,2026-08-31 12:00:00,2026-08-31 18:00:00
ROW0003692,REF003692,ACC094,S05,INT05,2026-01-16,completed,Commercial,Infusion,2026-08-31 12:00:00,2026-08-31 18:00:00
ROW0004884,REF004884,ACC056,S03,INT03,2025-05-04,completed,Commercial,Injection,2026-08-31 12:00:00,2026-08-31 18:00:00
ROW0003418,REF003418,ACC033,S02,INT02,2025-03-20,Ready_to_Schedule,Commercial,Infusion,2026-08-31 12:00:00,2026-08-31 18:00:00
ROW0005063,REF005063,ACC073,S04,INT04,2026-07-14,Ready_to_Schedule,Medicare Advantage,Infusion,2026-08-31 12:00:00,2026-08-31 18:00:00
ROW0004206,REF004206,ACC032,S02,INT02,2025-12-02,VISIT COMPLETE,Commercial,Infusion,2026-08-31 12:00:00,2026-08-31 18:00:00
ROW0004928,REF004928,ACC037,S02,INT02,2026-04-14,VISIT COMPLETE,Other,Injection,2026-08-31 12:00:00,2026-08-31 18:00:00
ROW0000469,REF000469,ACC012,S01,INT01,2026-07-05,VISIT COMPLETE,Medicare Advantage,Infusion,2026-08-31 12:00:00,2026-08-31 18:00:00
ROW0003948,REF003948,ACC038,S02,INT02,2025-12-22,VISIT COMPLETE,Commercial,Infusion,2026-08-31 12:00:00,2026-08-31 18:00:00
ROW0004306,REF004306,ACC011,S01,INT01,2025-11-11,Ready_to_Schedule,Traditional Medicare,Infusion,2026-08-31 12:00:00,2026-08-31 18:00:00
ROW0002079,REF002079,ACC031,S02,INT02,2026-03-16,cancelled,Medicare Advantage,Injection,2026-08-31 12:00:00,2026-08-31 18:00:00
ROW0003470,REF003470,ACC087,S05,INT05,2026-06-03,complete,Commercial,Injection,2026-08-31 12:00:00,2026-08-31 18:00:00
ROW0006289,REF004302,ACC056,S03,INT03,2026-06-05,VISIT COMPLETE,Medicare Advantage,Infusion,2026-08-31 12:00:00,2026-08-31 19:00:00
ROW0006012,REF003272,ACC085,S05,INT05,2026-02-25,received,Traditional Medicare,Other outpatient,2026-08-30 12:00:00,2026-08-31 19:00:00
ROW0002771,REF002771,ACC039,S02,INT02,2025-12-17,complete,Traditional Medicare,Injection,2026-08-31 12:00:00,2026-08-31 18:00:00
ROW0005223,REF005223,ACC087,S05,INT05,2026-08-07,closed,Medicaid,Infusion,2026-08-31 12:00:00,2026-08-31 18:00:00
ROW0006108,REF002672,ACC010,S01,INT01,2026-02-03,VISIT COMPLETE,Medicare Advantage,Other outpatient,2026-08-31 12:00:00,2026-08-31 19:00:00
ROW0005803,REF005803,ACC079,S04,INT04,2025-03-16,completed,Medicare Advantage,Infusion,2026-08-31 12:00:00,2026-08-31 18:00:00
ROW0004891,REF004891,ACC107,S06,INT06,2025-08-15,completed,Commercial,Infusion,2026-08-31 12:00:00,2026-08-31 18:00:00
ROW0002787,REF002787,ACC050,S03,INT03,2026-04-06,complete,Commercial,Infusion,2026-08-31 12:00:00,2026-08-31 18:00:00
ROW0004334,REF004334,ACC004,S01,INT01,2026-05-06,complete,Traditional Medicare,Infusion,2026-08-31 12:00:00,2026-08-31 18:00:00
ROW0001722,REF001722,ACC057,S03,INT03,2026-08-02,scheduled,Commercial,Infusion,2026-08-31 12:00:00,2026-08-31 18:00:00
ROW0000554,REF000554,ACC007,S01,INT01,2025-11-14,VISIT COMPLETE,Medicare Advantage,Infusion,2026-08-31 12:00:00,2026-08-31 18:00:00
ROW0005997,REF005997,ACC065,S04,INT04,2025-12-27,complete,Commercial,Infusion,2026-08-31 12:00:00,2026-08-31 18:00:00
ROW0003300,REF003300,ACC053,S03,INT03,2026-06-23,VISIT COMPLETE,Medicaid,Infusion,2026-08-31 12:00:00,2026-08-31 18:00:00
ROW0006185,REF000412,ACC071,S04,INT04,2025-05-08,cancelled,Medicaid,Injection,2026-08-31 12:00:00,2026-08-31 19:00:00
ROW0002058,REF002058,ACC018,S01,INT01,2025-06-27,complete,Commercial,Infusion,2026-08-31 12:00:00,2026-08-31 18:00:00
ROW0005093,REF005093,ACC033,S02,INT02,2025-09-30,completed,Traditional Medicare,Injection,2026-08-31 12:00:00,2026-08-31 18:00:00
ROW0005022,REF005022,ACC110,S08,INT08,2026-05-18,VISIT COMPLETE,Commercial,Infusion,2026-08-31 12:00:00,2026-08-31 18:00:00
ROW0002842,REF002842,ACC033,S02,INT02,2025-12-06,completed,Commercial,Injection,2026-08-31 12:00:00,2026-08-31 18:00:00
ROW0000753,REF000753,ACC065,S04,INT04,2026-01-08, NEW ,Commercial,Other outpatient,2026-08-31 12:00:00,2026-08-31 18:00:00
ROW0001544,REF001544,ACC079,S04,INT04,2025-10-14,In Review,Traditional Medicare,Injection,2026-08-31 12:00:00,2026-08-31 18:00:00
ROW0001809,REF001809,ACC073,S04,INT04,2026-03-02,complete,Commercial,Infusion,2026-08-31 12:00:00,2026-08-31 18:00:00
ROW0005395,REF005395,ACC091,S05,INT05,2025-04-11,completed,Commercial,Infusion,2026-08-31 12:00:00,2026-08-31 18:00:00
ROW0001635,REF001635,ACC105,S06,INT06,2025-05-12,completed,Traditional Medicare,Infusion,2026-08-31 12:00:00,2026-08-31 18:00:00
ROW0001609,REF001609,ACC095,S05,,2025-06-15,received,Traditional Medicare,Injection,2026-08-31 12:00:00,2026-08-31 18:00:00
ROW0001984,REF001984,ACC099,S05,INT05,2026-01-08,VISIT COMPLETE,Commercial,Injection,2026-08-31 12:00:00,2026-08-31 18:00:00
ROW0004150,REF004150,ACC079,S04,INT04,2026-06-25,VISIT COMPLETE,Medicare Advantage,Injection,2026-08-31 12:00:00,2026-08-31 18:00:00
ROW0003796,REF003796,ACC081,S05,INT05,2025-04-09,VISIT COMPLETE,Traditional Medicare,Infusion,2026-08-31 12:00:00,2026-08-31 18:00:00
ROW0003849,REF003849,ACC031,S02,INT02,2026-05-31,complete,Medicare Advantage,Infusion,2026-08-31 12:00:00,2026-08-31 18:00:00
ROW0002359,REF002359,ACC071,S04,INT04,2026-06-20,received,Traditional Medicare,Other outpatient,2026-08-31 12:00:00,2026-08-31 18:00:00
ROW0000386,REF000386,ACC095,S05,INT05,2025-07-06,completed,Commercial,Injection,2026-08-31 12:00:00,2026-08-31 18:00:00
ROW0003138,REF003138,ACC046,S07,INT07,2026-08-03,booked,Medicare Advantage,Injection,2026-08-31 12:00:00,2026-08-31 18:00:00
ROW0002691,REF002691,ACC010,S01,INT01,2025-11-27,complete,Medicare Advantage,Infusion,2026-08-31 12:00:00,2026-08-31 18:00:00
ROW0004501,REF004501,ACC107,S08,INT08,2025-05-10,complete,Commercial,Injection,2026-08-31 12:00:00,2026-08-31 18:00:00
ROW0005950,REF005950,ACC026,S02,INT02,2025-10-10,completed,Commercial,Injection,2026-08-31 12:00:00,2026-08-31 18:00:00
ROW0001507,REF001507,ACC025,S02,INT02,2025-07-04,VISIT COMPLETE,Commercial,Infusion,2026-08-31 12:00:00,2026-08-31 18:00:00
ROW0004878,REF004878,ACC097,S05,INT05,2026-03-30,VISIT COMPLETE,Commercial,Infusion,2026-08-31 12:00:00,2026-08-31 18:00:00
ROW0004019,REF004019,ACC050,S07,INT07,2026-06-25,completed,Commercial,Infusion,2026-08-31 12:00:00,2026-08-31 18:00:00
ROW0000681,REF000681,ACC050,S07,INT07,2026-06-12,complete,Commercial,Injection,2026-08-31 12:00:00,2026-08-31 18:00:00
ROW0003886,REF003886,ACC113,S08,INT08,2025-09-15,VISIT COMPLETE,Medicare Advantage,Other outpatient,2026-08-31 12:00:00,2026-08-31 18:00:00
ROW0002179,REF002179,ACC013,S01,INT01,2025-12-14,completed,Medicare Advantage,Injection,2026-08-31 12:00:00,2026-08-31 18:00:00
ROW0006065,REF000144,ACC099,S05,INT05,2026-08-06,scheduled,Medicare Advantage,Infusion,2026-08-31 12:00:00,2026-08-31 19:00:00
ROW0002364,REF002364,ACC008,S01,INT01,2026-07-18,VISIT COMPLETE,Commercial,Infusion,2026-08-31 12:00:00,2026-08-31 18:00:00
ROW0001154,REF001154,ACC031,S02,INT02,2026-03-07,closed,Traditional Medicare,Injection,2026-08-31 12:00:00,2026-08-31 18:00:00
ROW0002757,REF002757,ACC050,S03,INT03,2025-09-01,VISIT COMPLETE,Commercial,Infusion,2026-08-31 12:00:00,2026-08-31 18:00:00
ROW0001424,REF001424,ACC015,S01,,2025-03-22,complete,Commercial,Infusion,2026-08-31 12:00:00,2026-08-31 18:00:00
ROW0000258,REF000258,ACC079,S04,INT04,2025-07-06,complete,Traditional Medicare,Infusion,2026-08-31 12:00:00,2026-08-31 18:00:00
ROW0006163,REF005624,ACC070,S04,INT04,2026-02-20, NEW ,Traditional Medicare,Infusion,2026-08-31 12:00:00,2026-08-31 19:00:00
ROW0001513,REF001513,ACC050,S07,INT07,2026-05-24,completed,Traditional Medicare,Injection,2026-08-31 12:00:00,2026-08-31 18:00:00
ROW0003602,REF003602,ACC048,S03,INT03,2026-01-13,completed,Commercial,Injection,2026-08-31 12:00:00,2026-08-31 18:00:00
ROW0000358,REF000358,ACC042,S03,INT03,2025-05-19,completed,Commercial,Injection,2026-08-31 12:00:00,2026-08-31 18:00:00
ROW0000456,REF000456,ACC076,S04,INT04,2026-02-21,completed,Traditional Medicare,Injection,2026-08-31 12:00:00,2026-08-31 18:00:00
ROW0001715,REF001715,ACC035,S02,INT02,2025-12-19,VISIT COMPLETE,Commercial,Infusion,2026-08-31 12:00:00,2026-08-31 18:00:00
ROW0000897,REF000897,ACC106,S08,INT08,2026-05-04,complete,Commercial,Injection,2026-08-31 12:00:00,2026-08-31 18:00:00
ROW0000746,REF000746,ACC074,S04,INT04,2025-11-28,complete,Commercial,Injection,2026-08-31 12:00:00,2026-08-31 18:00:00
ROW0005536,REF005536,ACC008,S01,INT01,2025-08-23,CLOSED - NO VISIT,Commercial,Injection,2026-08-31 12:00:00,2026-08-31 18:00:00
ROW0002252,REF002252,ACC027,S02,INT02,2025-02-01,VISIT COMPLETE,Commercial,Injection,2026-08-31 12:00:00,2026-08-31 18:00:00
ROW0002602,REF002602,ACC062,S04,INT04,2025-10-22,VISIT COMPLETE,Traditional Medicare,Infusion,2026-08-31 12:00:00,2026-08-31 18:00:00
ROW0005755,REF005755,ACC068,S04,INT04,2025-01-24,VISIT COMPLETE,Commercial,Infusion,2026-08-31 12:00:00,2026-08-31 18:00:00
ROW0004671,REF004671,ACC011,S01,INT01,2025-06-12,VISIT COMPLETE,Medicaid,Injection,2026-08-31 12:00:00,2026-08-31 18:00:00
ROW0001070,REF001070,ACC110,S06,INT06,2025-02-20,complete,Commercial,Infusion,2026-08-31 12:00:00,2026-08-31 18:00:00
ROW0003464,REF003464,ACC103,S08,INT08,2026-03-17,VISIT COMPLETE,Commercial,Infusion,2026-08-31 12:00:00,2026-08-31 18:00:00
ROW0005688,REF005688,ACC045,S03,INT03,2026-03-12,completed,Traditional Medicare,Injection,2026-08-31 12:00:00,2026-08-31 18:00:00
ROW0004458,REF004458,ACC051,S07,INT07,2026-01-12,VISIT COMPLETE,Traditional Medicare,Infusion,2026-08-31 12:00:00,2026-08-31 18:00:00
ROW0004782,REF004782,ACC008,S01,INT01,2026-01-10,complete,Traditional Medicare,Injection,2026-08-31 12:00:00,2026-08-31 18:00:00
ROW0004731,REF004731,ACC104,S08,INT08,2026-07-18,VISIT COMPLETE,Medicare Advantage,Infusion,2026-08-31 12:00:00,2026-08-31 18:00:00
ROW0000368,REF000368,ACC045,S03,INT03,2025-08-01,cancelled,Medicare Advantage,Infusion,2026-08-31 12:00:00,2026-08-31 18:00:00
ROW0004349,REF004349,ACC064,S04,INT04,2026-06-23,VISIT COMPLETE,Medicare Advantage,Infusion,2026-08-31 12:00:00,2026-08-31 18:00:00
ROW0006191,REF005395,ACC091,S05,INT05,2025-04-11,completed,Commercial,Infusion,2026-08-31 12:00:00,2026-08-31 19:00:00
ROW0001616,REF001616,ACC011,S01,INT01,2026-03-12,completed,Medicare Advantage,Injection,2026-08-31 12:00:00,2026-08-31 18:00:00
ROW0005254,REF005254,ACC085,S05,INT05,2025-10-16,complete,Commercial,Injection,2026-08-31 12:00:00,2026-08-31 18:00:00
ROW0002036,REF002036,ACC111,S06,,2026-08-06,complete,Medicare Advantage,Injection,2026-08-31 12:00:00,2026-08-31 18:00:00
ROW0005935,REF005935,ACC102,S06,INT06,2026-03-16,complete,Commercial,Infusion,2026-08-31 12:00:00,2026-08-31 18:00:00
ROW0005700,REF005700,ACC110,S08,INT08,2026-03-23,completed,Commercial,Injection,2026-08-31 12:00:00,2026-08-31 18:00:00
ROW0005308,REF005308,ACC112,S08,INT08,2026-08-13,Ready_to_Schedule,Commercial,Injection,2026-08-31 12:00:00,2026-08-31 18:00:00
ROW0006043,REF003757,ACC008,S01,INT01,2025-12-30,Ready_to_Schedule,Commercial,Infusion,2026-08-31 12:00:00,2026-08-31 19:00:00
ROW0002051,REF002051,ACC037,S02,INT02,2025-08-30,CLOSED - NO VISIT,Medicare Advantage,Infusion,2026-08-31 12:00:00,2026-08-31 18:00:00
ROW0003479,REF003479,ACC012,S01,INT01,2026-07-13,complete,Commercial,Other outpatient,2026-08-31 12:00:00,2026-08-31 18:00:00
ROW0003902,REF003902,ACC029,S02,INT02,2025-12-31,complete,Commercial,Injection,2026-08-31 12:00:00,2026-08-31 18:00:00
ROW0001818,REF001818,ACC007,S01,INT01,2025-03-02, NEW ,Medicare Advantage,Infusion,2026-08-31 12:00:00,2026-08-31 18:00:00
ROW0001124,REF001124,ACC048,S03,INT03,2025-09-28,completed,Medicare Advantage,Injection,2026-08-31 12:00:00,2026-08-31 18:00:00
ROW0005669,REF005669,ACC114,S06,INT06,2025-12-05,closed,Commercial,Infusion,2026-08-31 12:00:00,2026-08-31 18:00:00
ROW0006090,REF003053,ACC107,S08,INT08,2025-10-03,complete,Medicare Advantage,Other outpatient,2026-08-31 12:00:00,2026-08-31 19:00:00
ROW0004078,REF004078,ACC078,S04,INT04,2026-01-18,complete,Commercial,Infusion,2026-08-31 12:00:00,2026-08-31 18:00:00
ROW0003107,REF003107,ACC025,S02,,2025-06-04,complete,Other,Infusion,2026-08-31 12:00:00,2026-08-31 18:00:00
ROW0001205,REF001205,ACC029,S02,INT02,2025-05-26,CLOSED - NO VISIT,Medicare Advantage,Infusion,2026-08-31 12:00:00,2026-08-31 18:00:00
ROW0005446,REF005446,ACC018,S01,INT01,2026-04-17, NEW ,Traditional Medicare,Injection,2026-08-31 12:00:00,2026-08-31 18:00:00
ROW0005104,REF005104,ACC029,S02,INT02,2025-02-18,completed,Medicare Advantage,Infusion,2026-08-31 12:00:00,2026-08-31 18:00:00
ROW0001163,REF001163,ACC097,S05,INT05,2025-02-05,completed,Commercial,Injection,2026-08-31 12:00:00,2026-08-31 18:00:00
ROW0006112,REF005796,ACC087,S05,INT05,2025-01-01,completed,Medicare Advantage,Infusion,2026-08-31 12:00:00,2026-08-31 19:00:00
ROW0005144,REF005144,ACC084,S05,INT05,2026-06-28,completed,Medicare Advantage,Injection,2026-08-31 12:00:00,2026-08-31 18:00:00
ROW0004067,REF004067,ACC024,S02,INT02,2025-12-03,VISIT COMPLETE,Medicare Advantage,Infusion,2026-08-31 12:00:00,2026-08-31 18:00:00
ROW0003089,REF003089,ACC064,S04,INT04,2026-04-25,VISIT COMPLETE,Commercial,Infusion,2026-08-31 12:00:00,2026-08-31 18:00:00
ROW0004695,REF004695,ACC015,S01,INT01,2025-07-05,VISIT COMPLETE,Commercial,Injection,2026-08-31 12:00:00,2026-08-31 18:00:00
ROW0005609,REF005609,ACC024,S02,INT02,2026-04-21,Ready_to_Schedule,Commercial,Infusion,2026-08-31 12:00:00,2026-08-31 18:00:00
ROW0001601,REF001601,ACC033,S02,INT02,2026-02-19,CLOSED - NO VISIT,Traditional Medicare,Infusion,2026-08-31 12:00:00,2026-08-31 18:00:00
ROW0004169,REF004169,ACC107,S08,INT08,2025-11-22,VISIT COMPLETE,Medicare Advantage,Infusion,2026-08-31 12:00:00,2026-08-31 18:00:00
ROW0000821,REF000821,ACC007,S01,INT01,2025-09-22,VISIT COMPLETE,Medicare Advantage,Infusion,2026-08-31 12:00:00,2026-08-31 18:00:00
ROW0001558,REF001558,ACC025,S02,INT02,2026-07-24,complete,Commercial,Infusion,2026-08-31 12:00:00,2026-08-31 18:00:00
ROW0002153,REF002153,ACC073,S04,INT04,2026-03-22,VISIT COMPLETE,Medicaid,Infusion,2026-08-31 12:00:00,2026-08-31 18:00:00
ROW0004049,REF004049,ACC010,S01,INT01,2026-07-16,VISIT COMPLETE,Commercial,Injection,2026-08-31 12:00:00,2026-08-31 18:00:00
ROW0004588,REF004588,ACC075,S04,INT04,2025-11-01,completed,Commercial,Infusion,2026-08-31 12:00:00,2026-08-31 18:00:00
ROW0003114,REF003114,ACC095,S05,INT05,2025-09-02,complete,Traditional Medicare,Infusion,2026-08-31 12:00:00,2026-08-31 18:00:00
ROW0004271,REF004271,ACC095,S05,INT05,2025-04-03,completed,Medicaid,Infusion,2026-08-31 12:00:00,2026-08-31 18:00:00
ROW0005000,REF005000,ACC041,S03,INT03,2025-10-29,VISIT COMPLETE,Traditional Medicare,Injection,2026-08-31 12:00:00,2026-08-31 18:00:00
ROW0005636,REF005636,ACC093,S05,INT05,2025-10-12,VISIT COMPLETE,Commercial,Injection,2026-08-31 12:00:00,2026-08-31 18:00:00
ROW0002028,REF002028,ACC090,S05,INT05,2026-08-15, SCHED ,Commercial,Injection,2026-08-31 12:00:00,2026-08-31 18:00:00
ROW0003263,REF003263,ACC028,S02,INT02,2026-03-10,VISIT COMPLETE,Medicare Advantage,Infusion,2026-08-31 12:00:00,2026-08-31 18:00:00
ROW0002373,REF002373,ACC038,S02,INT02,2025-04-04,ready to schedule,Medicare Advantage,Infusion,2026-08-31 12:00:00,2026-08-31 18:00:00
ROW0002964,REF002964,ACC049,S03,INT03,2026-06-18,CLOSED - NO VISIT,Medicare Advantage,Infusion,2026-08-31 12:00:00,2026-08-31 18:00:00
ROW0001367,REF001367,ACC028,S02,INT02,2025-05-10,completed,Traditional Medicare,Infusion,2026-08-31 12:00:00,2026-08-31 18:00:00
ROW0000946,REF000946,ACC102,S06,INT06,2026-07-10,completed,Traditional Medicare,Infusion,2026-08-31 12:00:00,2026-08-31 18:00:00
ROW0000161,REF000161,ACC006,S01,INT01,2025-05-22,completed,Medicare Advantage,Other outpatient,2026-08-31 12:00:00,2026-08-31 18:00:00
ROW0000267,REF000267,ACC046,S03,INT03,2025-09-19,VISIT COMPLETE,Medicaid,Infusion,2026-08-31 12:00:00,2026-08-31 18:00:00
ROW0005020,REF005020,ACC074,S04,INT04,2025-05-06,complete,Traditional Medicare,Infusion,2026-08-31 12:00:00,2026-08-31 18:00:00
ROW0004107,REF004107,ACC032,S02,INT02,2026-07-18,completed,Commercial,Infusion,2026-08-31 12:00:00,2026-08-31 18:00:00
ROW0001951,REF001951,ACC025,S02,INT02,2025-09-02,closed,Commercial,Infusion,2026-08-31 12:00:00,2026-08-31 18:00:00
ROW0002849,REF002849,ACC021,S02,INT02,2026-01-04,VISIT COMPLETE,Other,Injection,2026-08-31 12:00:00,2026-08-31 18:00:00
ROW0001384,REF001384,ACC016,S01,INT01,2026-07-23,complete,Commercial,Injection,2026-08-31 12:00:00,2026-08-31 18:00:00
ROW0001164,REF001164,ACC087,S05,INT05,2026-05-31,VISIT COMPLETE,Medicare Advantage,Infusion,2026-08-31 12:00:00,2026-08-31 18:00:00
ROW0000314,REF000314,ACC110,S06,INT06,2025-06-20,complete,Other,Infusion,2026-08-31 12:00:00,2026-08-31 18:00:00
ROW0005808,REF005808,ACC080,S04,INT04,2026-08-09,ready to schedule,Medicaid,Infusion,2026-08-31 12:00:00,2026-08-31 18:00:00
ROW0001092,REF001092,ACC072,S04,INT04,,closed,Traditional Medicare,Injection,2026-08-31 12:00:00,2026-08-31 18:00:00
ROW0001519,REF001519,ACC042,S07,INT07,2025-11-22,complete,Traditional Medicare,Infusion,2026-08-31 12:00:00,2026-08-31 18:00:00
ROW0003892,REF003892,ACC037,S02,INT02,2025-04-02,completed,Traditional Medicare,Infusion,2026-08-31 12:00:00,2026-08-31 18:00:00
ROW0004680,REF004680,ACC076,S04,INT04,2026-08-05,complete,Commercial,Infusion,2026-08-31 12:00:00,2026-08-31 18:00:00
ROW0004968,REF004968,ACC116,S08,INT08,2026-06-24,VISIT COMPLETE,Commercial,Infusion,2026-08-31 12:00:00,2026-08-31 18:00:00
ROW0001344,REF001344,ACC098,S05,INT05,2025-11-13,completed,Medicare Advantage,Injection,2026-08-31 12:00:00,2026-08-31 18:00:00
ROW0001538,REF001538,ACC026,S02,INT02,2025-05-21,VISIT COMPLETE,Medicare Advantage,Injection,2026-08-31 12:00:00,2026-08-31 18:00:00
ROW0001271,REF001271,ACC116,S08,INT08,2026-03-12,complete,Medicare Advantage,Injection,2026-08-31 12:00:00,2026-08-31 18:00:00
ROW0003896,REF003896,ACC036,S02,INT02,2025-09-09,VISIT COMPLETE,Commercial,Infusion,2026-08-31 12:00:00,2026-08-31 18:00:00
ROW0004403,REF004403,ACC098,S05,INT05,2025-03-31,VISIT COMPLETE,Commercial,Injection,2026-08-31 12:00:00,2026-08-31 18:00:00
ROW0000491,REF000491,ACC040,S02,INT02,2026-07-19,CLOSED - NO VISIT,Commercial,Infusion,2026-08-31 12:00:00,2026-08-31 18:00:00
ROW0002877,REF002877,ACC037,S02,INT02,2025-06-07,completed,Traditional Medicare,Infusion,2026-08-31 12:00:00,2026-08-31 18:00:00
ROW0006245,REF000328,ACC107,S06,INT06,2025-08-15,in progress?,Medicare Advantage,Infusion,2026-08-31 12:00:00,2026-08-31 19:00:00
ROW0001066,REF001066,ACC074,S04,INT04,2025-02-20,complete,Commercial,Injection,2026-08-31 12:00:00,2026-08-31 18:00:00
ROW0002025,REF002025,ACC059,S07,INT07,2025-11-08,CLOSED - NO VISIT,Medicare Advantage,Infusion,2026-08-31 12:00:00,2026-08-31 18:00:00
ROW0003802,REF003802,ACC047,S03,INT03,2026-03-27,complete,Commercial,Infusion,2026-08-31 12:00:00,2026-08-31 18:00:00
ROW0003048,REF003048,ACC047,S07,INT07,2026-04-09,completed,Medicaid,Infusion,2026-08-31 12:00:00,2026-08-31 18:00:00
ROW0006189,REF001512,ACC076,S04,INT04,2025-05-25,VISIT COMPLETE,Medicare Advantage,Infusion,2026-08-31 12:00:00,2026-08-31 19:00:00
ROW0001745,REF001745,ACC084,S05,INT05,2025-06-27,VISIT COMPLETE,Medicare Advantage,Infusion,2026-08-31 12:00:00,2026-08-31 18:00:00
ROW0005761,REF005761,ACC086,S05,INT05,2025-05-03,complete,Other,Infusion,2026-08-31 12:00:00,2026-08-31 18:00:00
ROW0002286,REF002286,ACC080,S04,INT04,2025-09-11,VISIT COMPLETE,Medicare Advantage,Injection,2026-08-31 12:00:00,2026-08-31 18:00:00
ROW0004788,REF004788,ACC120,S08,INT08,2026-01-13,completed,Commercial,Injection,2026-08-31 12:00:00,2026-08-31 18:00:00
ROW0000385,REF000385,ACC029,S02,INT02,2026-01-03,Received,Traditional Medicare,Injection,2026-08-31 12:00:00,2026-08-31 18:00:00
ROW0001627,REF001627,ACC039,S02,INT02,2025-04-14,complete,Commercial,Infusion,2026-08-31 12:00:00,2026-08-31 18:00:00
ROW0001561,REF001561,ACC012,S01,INT01,2026-04-01,completed,Medicare Advantage,Infusion,2026-08-31 12:00:00,2026-08-31 18:00:00
ROW0001052,REF001052,ACC048,S07,INT07,2025-11-30,complete,Medicaid,Injection,2026-08-31 12:00:00,2026-08-31 18:00:00
ROW0000076,REF000076,ACC017,S01,INT01,2026-04-23,completed,Traditional Medicare,Infusion,2026-08-31 12:00:00,2026-08-31 18:00:00
ROW0004276,REF004276,ACC094,S05,INT05,2026-01-24,complete,Traditional Medicare,Infusion,2026-08-31 12:00:00,2026-08-31 18:00:00
ROW0003103,REF003103,ACC078,S04,INT04,2026-08-29, NEW ,Commercial,Infusion,2026-08-31 12:00:00,2026-08-31 18:00:00
ROW0002575,REF002575,ACC033,S02,INT02,2026-05-06,completed,Commercial,Infusion,2026-08-31 12:00:00,2026-08-31 18:00:00
ROW0002504,REF002504,ACC011,S01,INT01,2026-04-12,complete,Commercial,Infusion,2026-08-31 12:00:00,2026-08-31 18:00:00
ROW0000567,REF000567,ACC057,S03,INT03,2025-12-08,CLOSED - NO VISIT,Medicaid,Infusion,2026-08-31 12:00:00,2026-08-31 18:00:00
ROW0003888,REF003888,ACC020,S01,INT01,2025-02-11,VISIT COMPLETE,Traditional Medicare,Injection,2026-08-31 12:00:00,2026-08-31 18:00:00
ROW0001889,REF001889,ACC065,S04,,2025-03-12,completed,Commercial,Injection,2026-08-31 12:00:00,2026-08-31 18:00:00
ROW0005181,REF005181,ACC096,S05,INT05,2025-06-06,received,Commercial,Infusion,2026-08-31 12:00:00,2026-08-31 18:00:00
ROW0003859,REF003859,ACC056,S07,INT07,2025-03-06,VISIT COMPLETE,Medicaid,Infusion,2026-08-31 12:00:00,2026-08-31 18:00:00
ROW0003899,REF003899,ACC007,S01,INT01,2025-09-25,VISIT COMPLETE,Medicare Advantage,Infusion,2026-08-31 12:00:00,2026-08-31 18:00:00
ROW0004298,REF004298,ACC091,S05,INT05,2025-04-20,complete,Commercial,Injection,2026-08-31 12:00:00,2026-08-31 18:00:00
ROW0002325,REF002325,ACC047,S03,INT03,2025-02-08,CLOSED - NO VISIT,Other,Infusion,2026-08-31 12:00:00,2026-08-31 18:00:00
ROW0001276,REF001276,ACC049,S07,INT07,2025-12-07,Ready_to_Schedule,Other,Infusion,2026-08-31 12:00:00,2026-08-31 18:00:00
ROW0003198,REF003198,ACC049,S07,INT07,2025-09-18,completed,Commercial,Infusion,2026-08-31 12:00:00,2026-08-31 18:00:00
ROW0001224,REF001224,ACC018,S01,INT01,2026-07-13,CLOSED - NO VISIT,Medicare Advantage,Injection,2026-08-31 12:00:00,2026-08-31 18:00:00
ROW0000530,REF000530,ACC108,S06,INT06,2025-10-16,VISIT COMPLETE,Medicaid,Infusion,2026-08-31 12:00:00,2026-08-31 18:00:00
ROW0002682,REF002682,ACC035,S02,INT02,2026-05-27,complete,Traditional Medicare,Infusion,2026-08-31 12:00:00,2026-08-31 18:00:00
ROW0005508,REF005508,ACC039,S02,INT02,2025-06-19,complete,Medicare Advantage,Infusion,2026-08-31 12:00:00,2026-08-31 18:00:00
ROW0004324,REF004324,ACC076,S04,INT04,2026-08-22,ready to schedule,Medicare Advantage,Injection,2026-08-31 12:00:00,2026-08-31 18:00:00
ROW0001625,REF001625,ACC067,S04,INT04,2025-08-11,closed,Traditional Medicare,Infusion,2026-08-31 12:00:00,2026-08-31 18:00:00
ROW0004623,REF004623,ACC066,S04,INT04,2026-02-21,completed,Traditional Medicare,Injection,2026-08-31 12:00:00,2026-08-31 18:00:00
ROW0003685,REF003685,ACC004,S01,INT01,2025-03-22,VISIT COMPLETE,Traditional Medicare,Injection,2026-08-31 12:00:00,2026-08-31 18:00:00
ROW0005409,REF005409,ACC084,S05,INT05,2025-03-31,completed,Commercial,Infusion,2026-08-31 12:00:00,2026-08-31 18:00:00
ROW0000598,REF000598,ACC029,S02,INT02,,completed,Medicaid,Infusion,2026-08-31 12:00:00,2026-08-31 18:00:00
ROW0003985,REF003985,ACC120,S06,INT06,2025-03-18,complete,Medicare Advantage,Infusion,2026-08-31 12:00:00,2026-08-31 18:00:00
ROW0005648,REF005648,ACC118,S08,INT08,2026-04-03,VISIT COMPLETE,Commercial,Infusion,2026-08-31 12:00:00,2026-08-31 18:00:00
ROW0004120,REF004120,ACC099,S05,INT05,,completed,Medicare Advantage,Infusion,2026-08-31 12:00:00,2026-08-31 18:00:00
ROW0005617,REF005617,ACC065,S04,INT04,2026-02-14,completed,Commercial,Injection,2026-08-31 12:00:00,2026-08-31 18:00:00
ROW0000690,REF000690,ACC109,S08,INT08,2025-03-10,complete,Medicaid,Infusion,2026-08-31 12:00:00,2026-08-31 18:00:00
ROW0002960,REF002960,ACC087,S05,INT05,2025-03-24,complete,Traditional Medicare,Infusion,2026-08-31 12:00:00,2026-08-31 18:00:00
ROW0005048,REF005048,ACC050,S03,INT03,2025-09-11,closed,Medicare Advantage,Infusion,2026-08-31 12:00:00,2026-08-31 18:00:00
ROW0000412,REF000412,ACC071,S04,INT04,2025-05-08,cancelled,Medicaid,Injection,2026-08-31 12:00:00,2026-08-31 18:00:00
ROW0001516,REF001516,ACC073,S04,INT04,2026-04-09,completed,Medicaid,Infusion,2026-08-31 12:00:00,2026-08-31 18:00:00
ROW0005478,REF005478,ACC010,S01,INT01,2026-04-28,VISIT COMPLETE,Medicaid,Infusion,2026-08-31 12:00:00,2026-08-31 18:00:00
ROW0006106,REF001308,ACC006,S01,INT01,2025-02-07,VISIT COMPLETE,Medicare Advantage,Infusion,2026-08-31 12:00:00,2026-08-31 19:00:00
ROW0005069,REF005069,ACC087,S05,INT05,2026-04-27,VISIT COMPLETE,Traditional Medicare,Infusion,2026-08-31 12:00:00,2026-08-31 18:00:00
ROW0005899,REF005899,ACC113,S08,INT08,2025-01-12,completed,Medicare Advantage,Infusion,2026-08-31 12:00:00,2026-08-31 18:00:00
ROW0000071,REF000071,ACC103,S06,INT06,2025-03-22,completed,Commercial,Infusion,2026-08-31 12:00:00,2026-08-31 18:00:00
ROW0002848,REF002848,ACC042,S03,INT03,2026-03-29,completed,Medicare Advantage,Other outpatient,2026-08-31 12:00:00,2026-08-31 18:00:00
ROW0004312,REF004312,ACC094,S05,INT05,2025-04-29,closed,Medicaid,Infusion,2026-08-31 12:00:00,2026-08-31 18:00:00
ROW0004932,REF004932,ACC057,S07,INT07,2025-02-26,complete,Medicare Advantage,Injection,2026-08-31 12:00:00,2026-08-31 18:00:00
ROW0002382,REF002382,ACC010,S01,INT01,2025-04-29,completed,Medicare Advantage,Infusion,2026-08-31 12:00:00,2026-08-31 18:00:00
ROW0003286,REF003286,ACC099,S05,INT05,2025-10-10,completed,Traditional Medicare,Injection,2026-08-31 12:00:00,2026-08-31 18:00:00
ROW0005162,REF005162,ACC025,S02,INT02,2026-06-13,VISIT COMPLETE,Commercial,Injection,2026-08-31 12:00:00,2026-08-31 18:00:00
ROW0004463,REF004463,ACC110,S08,INT08,2026-06-11,closed,Commercial,Infusion,2026-08-31 12:00:00,2026-08-31 18:00:00
ROW0003005,REF003005,ACC047,S07,INT07,2025-06-02,VISIT COMPLETE,Traditional Medicare,Infusion,2026-08-31 12:00:00,2026-08-31 18:00:00
ROW0004785,REF004785,ACC107,S06,INT06,2026-02-22,completed,Traditional Medicare,Injection,2026-08-31 12:00:00,2026-08-31 18:00:00
ROW0004733,REF004733,ACC053,S03,INT03,2025-02-09,complete,Commercial,Injection,2026-08-31 12:00:00,2026-08-31 18:00:00
ROW0000549,REF000549,ACC004,S01,INT01,2026-03-16,complete,Traditional Medicare,Injection,2026-08-31 12:00:00,2026-08-31 18:00:00
ROW0004111,REF004111,ACC087,S05,INT05,2026-03-28,VISIT COMPLETE,Commercial,Injection,2026-08-31 12:00:00,2026-08-31 18:00:00
ROW0005448,REF005448,ACC064,S04,INT04,2025-03-21,complete,Traditional Medicare,Injection,2026-08-31 12:00:00,2026-08-31 18:00:00
ROW0003572,REF003572,ACC007,S01,INT01,2025-07-22,Received,Traditional Medicare,Infusion,2026-08-31 12:00:00,2026-08-31 18:00:00
ROW0006116,REF005641,ACC099,S05,INT05,2026-08-20,completed,Commercial,Infusion,2026-08-31 12:00:00,2026-08-31 19:00:00
ROW0002636,REF002636,ACC080,S04,INT04,2025-03-12,completed,Commercial,Infusion,2026-08-31 12:00:00,2026-08-31 18:00:00
ROW0004541,REF004541,ACC008,S01,INT01,2026-06-14,completed,Traditional Medicare,Infusion,2026-08-31 12:00:00,2026-08-31 18:00:00
ROW0003030,REF003030,ACC018,S01,INT01,2026-03-25,cancelled,Medicare Advantage,Infusion,2026-08-31 12:00:00,2026-08-31 18:00:00
ROW0005432,REF005432,ACC104,S06,INT06,2025-12-16,VISIT COMPLETE,Traditional Medicare,Infusion,2026-08-31 12:00:00,2026-08-31 18:00:00
ROW0000958,REF000958,ACC028,S02,INT02,2025-08-06,received,Medicaid,Infusion,2026-08-31 12:00:00,2026-08-31 18:00:00
ROW0001028,REF001028,ACC098,S05,INT05,2025-06-17,complete,Traditional Medicare,Injection,2026-08-31 12:00:00,2026-08-31 18:00:00
ROW0003585,REF003585,ACC033,S02,INT02,2026-04-21, NEW ,Medicare Advantage,Infusion,2026-08-31 12:00:00,2026-08-31 18:00:00
ROW0000441,REF000441,ACC012,S01,INT01,2025-08-10,complete,Commercial,Infusion,2026-08-31 12:00:00,2026-08-31 18:00:00
ROW0002024,REF002024,ACC087,S05,INT05,2025-03-28,completed,Commercial,Infusion,2026-08-31 12:00:00,2026-08-31 18:00:00
ROW0004845,REF004845,ACC072,S04,INT04,2025-01-08,VISIT COMPLETE,Commercial,Infusion,2026-08-31 12:00:00,2026-08-31 18:00:00
ROW0004002,REF004002,ACC019,S01,INT01,2026-03-04,closed,Medicare Advantage,Infusion,2026-08-31 12:00:00,2026-08-31 18:00:00
ROW0004922,REF004922,ACC015,S01,INT01,2025-06-25,closed,Commercial,Injection,2026-08-31 12:00:00,2026-08-31 18:00:00
ROW0003714,REF003714,ACC030,S02,,2026-02-02,closed,Commercial,Infusion,2026-08-31 12:00:00,2026-08-31 18:00:00
ROW0004202,REF004202,ACC012,S01,INT01,2026-06-24,completed,Medicaid,Infusion,2026-08-31 12:00:00,2026-08-31 18:00:00
ROW0005789,REF005789,ACC049,S03,INT03,2025-01-24,VISIT COMPLETE,Commercial,Infusion,2026-08-31 12:00:00,2026-08-31 18:00:00
ROW0001841,REF001841,ACC084,S05,INT05,2025-04-24,closed,Medicare Advantage,Infusion,2026-08-31 12:00:00,2026-08-31 18:00:00
ROW0001492,REF001492,ACC002,S01,INT01,2025-07-09,VISIT COMPLETE,Commercial,Other outpatient,2026-08-31 12:00:00,2026-08-31 18:00:00
ROW0004807,REF004807,ACC034,S02,INT02,2025-11-16,CLOSED - NO VISIT,Medicare Advantage,Infusion,2026-08-31 12:00:00,2026-08-31 18:00:00
ROW0006221,REF005211,ACC116,S06,INT06,2025-07-28,complete,Medicare Advantage,Infusion,2026-08-31 12:00:00,2026-08-31 19:00:00
ROW0005303,REF005303,ACC079,S04,INT04,2025-03-16,VISIT COMPLETE,Medicare Advantage,Infusion,2026-08-31 12:00:00,2026-08-31 18:00:00
ROW0000827,REF000827,ACC066,S04,INT04,2026-07-30,completed,Commercial,Infusion,2026-08-31 12:00:00,2026-08-31 18:00:00
ROW0005252,REF005252,ACC006,S01,INT01,2026-01-13,completed,Commercial,Other outpatient,2026-08-31 12:00:00,2026-08-31 18:00:00
ROW0003177,REF003177,ACC080,S04,INT04,2025-08-08,VISIT COMPLETE,Medicare Advantage,Infusion,2026-08-31 12:00:00,2026-08-31 18:00:00
ROW0003331,REF003331,ACC085,S05,INT05,2026-04-15,complete,Other,Other outpatient,2026-08-31 12:00:00,2026-08-31 18:00:00
ROW0000142,REF000142,ACC001,S01,INT01,2026-06-03,completed,Traditional Medicare,Injection,2026-08-31 12:00:00,2026-08-31 18:00:00
ROW0000608,REF000608,ACC038,S02,INT02,2025-03-03,complete,Commercial,Infusion,2026-08-31 12:00:00,2026-08-31 18:00:00
ROW0003897,REF003897,ACC089,S05,INT05,2026-03-18,completed,Medicare Advantage,Other outpatient,2026-08-31 12:00:00,2026-08-31 18:00:00
ROW0005146,REF005146,ACC051,S07,INT07,2026-07-04,VISIT COMPLETE,Medicaid,Infusion,2026-08-31 12:00:00,2026-08-31 18:00:00
ROW0001436,REF001436,ACC004,S01,INT01,2025-10-24,VISIT COMPLETE,Traditional Medicare,Injection,2026-08-31 12:00:00,2026-08-31 18:00:00
ROW0003539,REF003539,ACC014,S01,INT01,2025-04-21,VISIT COMPLETE,Medicare Advantage,Other outpatient,2026-08-31 12:00:00,2026-08-31 18:00:00
ROW0006259,REF001754,ACC080,S04,INT04,2026-08-25,ready,Commercial,Infusion,2026-08-31 12:00:00,2026-08-31 19:00:00
ROW0003218,REF003218,ACC087,S05,INT05,2025-12-04,ready,Commercial,Injection,2026-08-31 12:00:00,2026-08-31 18:00:00
ROW0000590,REF000590,ACC059,S03,INT03,2026-01-31,VISIT COMPLETE,Traditional Medicare,Other outpatient,2026-08-31 12:00:00,2026-08-31 18:00:00
ROW0003975,REF003975,ACC057,S07,INT07,2026-03-24,complete,Commercial,Infusion,2026-08-31 12:00:00,2026-08-31 18:00:00
ROW0000186,REF000186,ACC084,S05,INT05,2026-07-20,closed,Medicaid,Injection,2026-08-31 12:00:00,2026-08-31 18:00:00
ROW0003961,REF003961,ACC029,S02,INT02,2026-05-26,completed,Traditional Medicare,Infusion,2026-08-31 12:00:00,2026-08-31 18:00:00
ROW0004462,REF004462,ACC026,S02,INT02,2025-12-25,VISIT COMPLETE,Commercial,Infusion,2026-08-31 12:00:00,2026-08-31 18:00:00
ROW0002541,REF002541,ACC110,S08,INT08,2026-08-26,review,Other,Infusion,2026-08-31 12:00:00,2026-08-31 18:00:00
ROW0000300,REF000300,ACC078,S04,INT04,2026-02-14,completed,Medicare Advantage,Infusion,2026-08-31 12:00:00,2026-08-31 18:00:00
ROW0005868,REF005868,ACC004,S01,INT01,2025-10-28,closed,Medicaid,Infusion,2026-08-31 12:00:00,2026-08-31 18:00:00
ROW0005224,REF005224,ACC062,S04,INT04,2026-06-10,VISIT COMPLETE,Commercial,Infusion,2026-08-31 12:00:00,2026-08-31 18:00:00
ROW0004586,REF004586,ACC067,S04,INT04,2026-04-20,complete,Commercial,Other outpatient,2026-08-31 12:00:00,2026-08-31 18:00:00
ROW0004994,REF004994,ACC059,S07,INT07,2026-06-06,review,Commercial,Infusion,2026-08-31 12:00:00,2026-08-31 18:00:00
ROW0004359,REF004359,ACC110,S06,INT06,2026-07-18,closed,Commercial,Infusion,2026-08-31 12:00:00,2026-08-31 18:00:00
ROW0003798,REF003798,ACC073,S04,INT04,2026-08-21,review,Medicaid,Injection,2026-08-31 12:00:00,2026-08-31 18:00:00
ROW0000055,REF000055,ACC075,S04,INT04,2026-05-13,completed,Medicare Advantage,Infusion,2026-08-31 12:00:00,2026-08-31 18:00:00
ROW0000149,REF000149,ACC016,S01,INT01,2025-06-22,completed,Commercial,Infusion,2026-08-31 12:00:00,2026-08-31 18:00:00
ROW0000902,REF000902,ACC112,S06,INT06,2025-06-30,VISIT COMPLETE,Traditional Medicare,Other outpatient,2026-08-31 12:00:00,2026-08-31 18:00:00
ROW0003222,REF003222,ACC065,S04,INT04,2025-08-07,completed,Traditional Medicare,Injection,2026-08-31 12:00:00,2026-08-31 18:00:00
ROW0000684,REF000684,ACC085,S05,INT05,2025-05-19,VISIT COMPLETE,Traditional Medicare,Infusion,2026-08-31 12:00:00,2026-08-31 18:00:00
ROW0001812,REF001812,ACC016,S01,INT01,2026-02-19,cancelled,Traditional Medicare,Injection,2026-08-31 12:00:00,2026-08-31 18:00:00
ROW0002401,REF002401,ACC054,S07,INT07,2026-01-07,cancelled,Medicare Advantage,Injection,2026-08-31 12:00:00,2026-08-31 18:00:00
ROW0005372,REF005372,ACC015,S01,INT01,2026-06-12,completed,Commercial,Injection,2026-08-31 12:00:00,2026-08-31 18:00:00
ROW0000140,REF000140,ACC068,S04,INT04,2025-07-27,cancelled,Commercial,Injection,2026-08-31 12:00:00,2026-08-31 18:00:00
ROW0004818,REF004818,ACC093,S05,INT05,2025-04-24,complete,Commercial,Infusion,2026-08-31 12:00:00,2026-08-31 18:00:00
ROW0004902,REF004902,ACC106,S08,INT08,2026-01-09,VISIT COMPLETE,Commercial,Other outpatient,2026-08-31 12:00:00,2026-08-31 18:00:00
ROW0001233,REF001233,ACC107,S08,INT08,2025-05-14,VISIT COMPLETE,Other,Infusion,2026-08-31 12:00:00,2026-08-31 18:00:00
ROW0005435,REF005435,ACC054,S07,INT07,2025-03-15,completed,Medicaid,Infusion,2026-08-31 12:00:00,2026-08-31 18:00:00
ROW0002621,REF002621,ACC010,S01,INT01,2026-02-20,VISIT COMPLETE,Commercial,Injection,2026-08-31 12:00:00,2026-08-31 18:00:00
ROW0006005,REF005668,ACC027,S02,INT02,2026-04-15,received,Medicare Advantage,Infusion,2026-08-30 12:00:00,2026-08-31 19:00:00
ROW0005256,REF005256,ACC022,S02,INT02,2026-01-19,VISIT COMPLETE,Medicaid,Infusion,2026-08-31 12:00:00,2026-08-31 18:00:00
ROW0006251,REF005212,ACC049,S03,INT03,2026-06-02,completed,Traditional Medicare,Infusion,2026-08-31 12:00:00,2026-08-31 19:00:00
ROW0003995,REF003995,ACC045,S03,INT03,2026-02-04,completed,Traditional Medicare,Infusion,2026-08-31 12:00:00,2026-08-31 18:00:00
ROW0005461,REF005461,ACC079,S04,INT04,2025-02-22,completed,Medicare Advantage,Infusion,2026-08-31 12:00:00,2026-08-31 18:00:00
ROW0003800,REF003800,ACC089,S05,INT05,2026-01-11,CLOSED - NO VISIT,Commercial,Injection,2026-08-31 12:00:00,2026-08-31 18:00:00
ROW0002726,REF002726,ACC022,S02,INT02,2025-03-17,complete,Commercial,Injection,2026-08-31 12:00:00,2026-08-31 18:00:00
ROW0001096,REF001096,ACC012,S01,INT01,2026-06-02,completed,Traditional Medicare,Infusion,2026-08-31 12:00:00,2026-08-31 18:00:00
ROW0004746,REF004746,ACC054,S07,INT07,2025-12-27,completed,Commercial,Injection,2026-08-31 12:00:00,2026-08-31 18:00:00
ROW0004273,REF004273,ACC062,S04,INT04,2026-08-11,booked,Medicare Advantage,Injection,2026-08-31 12:00:00,2026-08-31 18:00:00
ROW0002496,REF002496,ACC036,S02,INT02,2025-11-23,ready,Medicaid,Infusion,2026-08-31 12:00:00,2026-08-31 18:00:00
ROW0001440,REF001440,ACC074,S04,INT04,2026-07-20,cancelled,Traditional Medicare,Injection,2026-08-31 12:00:00,2026-08-31 18:00:00
ROW0003609,REF003609,ACC078,S04,INT04,2025-08-11,cancelled,Medicare Advantage,Infusion,2026-08-31 12:00:00,2026-08-31 18:00:00
ROW0003293,REF003293,ACC061,S04,INT04,2025-08-03,completed,Traditional Medicare,Infusion,2026-08-31 12:00:00,2026-08-31 18:00:00
ROW0004815,REF004815,ACC024,S02,INT02,2025-04-26,complete,Medicare Advantage,Infusion,2026-08-31 12:00:00,2026-08-31 18:00:00
ROW0002276,REF002276,ACC067,S04,INT04,2025-12-17,VISIT COMPLETE,Traditional Medicare,Injection,2026-08-31 12:00:00,2026-08-31 18:00:00
ROW0005898,REF005898,ACC080,S04,INT04,2025-10-26,cancelled,Medicaid,Infusion,2026-08-31 12:00:00,2026-08-31 18:00:00
ROW0002763,REF002763,ACC029,S02,INT02,2025-02-26,complete,Medicare Advantage,Other outpatient,2026-08-31 12:00:00,2026-08-31 18:00:00
ROW0002522,REF002522,ACC085,S05,INT05,2026-04-24,closed,Medicare Advantage,Infusion,2026-08-31 12:00:00,2026-08-31 18:00:00
ROW0005869,REF005869,ACC110,S06,INT06,2025-07-22,ready to schedule,Traditional Medicare,Injection,2026-08-31 12:00:00,2026-08-31 18:00:00
ROW0003548,REF003548,ACC057,S03,INT03,2026-06-04,VISIT COMPLETE,Traditional Medicare,Injection,2026-08-31 12:00:00,2026-08-31 18:00:00
ROW0001769,REF001769,ACC033,S02,INT02,2025-05-31,VISIT COMPLETE,Medicare Advantage,Injection,2026-08-31 12:00:00,2026-08-31 18:00:00
ROW0002611,REF002611,ACC111,S08,INT08,2026-06-03,complete,Commercial,Injection,2026-08-31 12:00:00,2026-08-31 18:00:00
ROW0005541,REF005541,ACC057,S07,INT07,2025-04-26,complete,Commercial,Infusion,2026-08-31 12:00:00,2026-08-31 18:00:00
ROW0006286,REF005154,ACC070,S04,INT04,2025-04-26,VISIT COMPLETE,Commercial,Infusion,2026-08-31 12:00:00,2026-08-31 19:00:00
ROW0000704,REF000704,ACC050,S07,INT07,2026-02-12,complete,Commercial,Injection,2026-08-31 12:00:00,2026-08-31 18:00:00
ROW0003801,REF003801,ACC081,S05,INT05,2025-02-23,completed,Commercial,Infusion,2026-08-31 12:00:00,2026-08-31 18:00:00
ROW0006135,REF002163,ACC060,S07,INT07,2026-08-21,In Review,Commercial,Injection,2026-08-31 12:00:00,2026-08-31 19:00:00
ROW0005744,REF005744,ACC018,S01,INT01,2026-01-20,closed,Medicaid,Infusion,2026-08-31 12:00:00,2026-08-31 18:00:00
ROW0000488,REF000488,ACC022,S02,INT02,2026-04-14,VISIT COMPLETE,Commercial,Infusion,2026-08-31 12:00:00,2026-08-31 18:00:00
ROW0004910,REF004910,ACC078,S04,INT04,2025-03-21,complete,Commercial,Infusion,2026-08-31 12:00:00,2026-08-31 18:00:00
ROW0002660,REF002660,ACC019,S01,INT01,2025-08-05,completed,Medicare Advantage,Injection,2026-08-31 12:00:00,2026-08-31 18:00:00
ROW0002466,REF002466,ACC107,S06,INT06,2026-07-28,closed,Medicare Advantage,Injection,2026-08-31 12:00:00,2026-08-31 18:00:00
ROW0002189,REF002189,ACC052,S07,INT07,2026-02-04,VISIT COMPLETE,Medicare Advantage,Infusion,2026-08-31 12:00:00,2026-08-31 18:00:00
ROW0001317,REF001317,ACC006,S01,INT01,2025-11-19,completed,Traditional Medicare,Injection,2026-08-31 12:00:00,2026-08-31 18:00:00
ROW0000372,REF000372,ACC073,S04,INT04,2025-01-31,closed,Medicare Advantage,Infusion,2026-08-31 12:00:00,2026-08-31 18:00:00
ROW0003524,REF003524,ACC116,S06,INT06,2025-08-21,completed,Commercial,Infusion,2026-08-31 12:00:00,2026-08-31 18:00:00
ROW0000470,REF000470,ACC026,S02,INT02,2025-08-15,completed,Medicare Advantage,Infusion,2026-08-31 12:00:00,2026-08-31 18:00:00
ROW0005024,REF005024,ACC107,S06,INT06,2025-09-11,in_review,Commercial,Infusion,2026-08-31 12:00:00,2026-08-31 18:00:00
ROW0002073,REF002073,ACC057,S07,INT07,,complete,Other,Infusion,2026-08-31 12:00:00,2026-08-31 18:00:00
ROW0004337,REF004337,ACC087,S05,INT05,2026-05-07,completed,Commercial,Injection,2026-08-31 12:00:00,2026-08-31 18:00:00
ROW0004013,REF004013,ACC118,S06,INT06,2026-08-27,Received,Traditional Medicare,Infusion,2026-08-31 12:00:00,2026-08-31 18:00:00
ROW0005011,REF005011,ACC118,S06,INT06,2025-09-16,closed,Traditional Medicare,Infusion,2026-08-31 12:00:00,2026-08-31 18:00:00
ROW0000764,REF000764,ACC077,S04,INT04,2025-03-04,completed,Medicare Advantage,Infusion,2026-08-31 12:00:00,2026-08-31 18:00:00
ROW0000084,REF000084,ACC015,S01,INT01,2026-02-05,completed,Medicare Advantage,Infusion,2026-08-31 12:00:00,2026-08-31 18:00:00
ROW0004294,REF004294,ACC088,S05,INT05,2025-12-27,VISIT COMPLETE,Traditional Medicare,Injection,2026-08-31 12:00:00,2026-08-31 18:00:00
ROW0001978,REF001978,ACC094,S05,INT05,2026-05-13,completed,Traditional Medicare,Infusion,2026-08-31 12:00:00,2026-08-31 18:00:00
ROW0000877,REF000877,ACC080,S04,INT04,2025-07-16, NEW ,Medicaid,Injection,2026-08-31 12:00:00,2026-08-31 18:00:00
ROW0003809,REF003809,ACC081,S05,INT05,2026-08-17,ready to schedule,Traditional Medicare,Infusion,2026-08-31 12:00:00,2026-08-31 18:00:00
ROW0005053,REF005053,ACC111,S06,INT06,2025-08-12,completed,Medicaid,Infusion,2026-08-31 12:00:00,2026-08-31 18:00:00
ROW0005087,REF005087,ACC051,S03,INT03,2025-11-13,CLOSED - NO VISIT,Medicaid,Infusion,2026-08-31 12:00:00,2026-08-31 18:00:00
ROW0000381,REF000381,ACC051,S03,INT03,2026-08-20,in_review,Commercial,Other outpatient,2026-08-31 12:00:00,2026-08-31 18:00:00
ROW0002873,REF002873,ACC027,S02,INT02,2025-04-14,cancelled,Commercial,Infusion,2026-08-31 12:00:00,2026-08-31 18:00:00
ROW0000359,REF000359,ACC027,S02,INT02,2026-05-01,VISIT COMPLETE,Commercial,Infusion,2026-08-31 12:00:00,2026-08-31 18:00:00
ROW0005307,REF005307,ACC039,S02,INT02,2026-03-03,VISIT COMPLETE,Medicare Advantage,Infusion,2026-08-31 12:00:00,2026-08-31 18:00:00
ROW0005799,REF005799,ACC037,S02,INT02,2025-08-14,complete,Medicare Advantage,Injection,2026-08-31 12:00:00,2026-08-31 18:00:00
ROW0000871,REF000871,ACC110,S06,INT06,2026-05-03,VISIT COMPLETE,Commercial,Infusion,2026-08-31 12:00:00,2026-08-31 18:00:00
ROW0000363,REF000363,ACC094,S05,INT05,2025-03-27,completed,Medicare Advantage,Injection,2026-08-31 12:00:00,2026-08-31 18:00:00
ROW0002227,REF002227,ACC021,S02,INT02,2025-08-26,complete,Medicare Advantage,Infusion,2026-08-31 12:00:00,2026-08-31 18:00:00
ROW0001897,REF001897,ACC075,S04,INT04,2026-02-20,completed,Commercial,Infusion,2026-08-31 12:00:00,2026-08-31 18:00:00
ROW0001393,REF001393,ACC044,S03,INT03,2026-07-04,completed,Commercial,Other outpatient,2026-08-31 12:00:00,2026-08-31 18:00:00
ROW0005034,REF005034,ACC025,S02,INT02,2026-04-07,VISIT COMPLETE,Commercial,Other outpatient,2026-08-31 12:00:00,2026-08-31 18:00:00
ROW0006217,REF003659,ACC012,S01,INT01,2026-02-17,CLOSED - NO VISIT,Medicare Advantage,Injection,2026-08-31 12:00:00,2026-08-31 19:00:00
ROW0003790,REF003790,ACC076,S04,INT04,2025-09-23,completed,Medicare Advantage,Infusion,2026-08-31 12:00:00,2026-08-31 18:00:00
ROW0003835,REF003835,ACC019,S01,INT01,2025-01-05,complete,Medicaid,Infusion,2026-08-31 12:00:00,2026-08-31 18:00:00
ROW0004585,REF004585,ACC100,S05,INT05,2025-01-28,completed,Commercial,Infusion,2026-08-31 12:00:00,2026-08-31 18:00:00
ROW0000369,REF000369,ACC078,S04,INT04,2026-03-26,VISIT COMPLETE,Commercial,Injection,2026-08-31 12:00:00,2026-08-31 18:00:00
ROW0003247,REF003247,ACC067,S04,INT04,2025-08-05,closed,Commercial,Infusion,2026-08-31 12:00:00,2026-08-31 18:00:00
ROW0003908,REF003908,ACC013,S01,INT01,2025-01-11,closed,Medicare Advantage,Other outpatient,2026-08-31 12:00:00,2026-08-31 18:00:00
ROW0002128,REF002128,ACC016,S01,INT01,2025-07-29,VISIT COMPLETE,Commercial,Infusion,2026-08-31 12:00:00,2026-08-31 18:00:00
ROW0003447,REF003447,ACC013,S01,INT01,2025-09-26,complete,Commercial,Other outpatient,2026-08-31 12:00:00,2026-08-31 18:00:00
ROW0005925,REF005925,ACC107,S08,INT08,2026-02-24,VISIT COMPLETE,Medicare Advantage,Infusion,2026-08-31 12:00:00,2026-08-31 18:00:00
ROW0004906,REF004906,ACC029,S02,INT02,2026-05-07,complete,Commercial,Infusion,2026-08-31 12:00:00,2026-08-31 18:00:00
ROW0004084,REF004084,ACC047,S07,INT07,2026-07-24,complete,Medicare Advantage,Injection,2026-08-31 12:00:00,2026-08-31 18:00:00
ROW0002113,REF002113,ACC110,S06,INT06,2025-01-23,completed,Medicare Advantage,Infusion,2026-08-31 12:00:00,2026-08-31 18:00:00
ROW0000351,REF000351,ACC110,S08,INT08,2026-02-21,ready,Medicare Advantage,Infusion,2026-08-31 12:00:00,2026-08-31 18:00:00
ROW0003822,REF003822,ACC110,S06,INT06,2025-07-03,completed,Traditional Medicare,Injection,2026-08-31 12:00:00,2026-08-31 18:00:00
ROW0002988,REF002988,ACC098,S05,INT05,2026-06-30,completed,Medicare Advantage,Infusion,2026-08-31 12:00:00,2026-08-31 18:00:00
ROW0000401,REF000401,ACC011,S01,,2026-05-15,complete,Commercial,Infusion,2026-08-31 12:00:00,2026-08-31 18:00:00
ROW0001726,REF001726,ACC014,S01,INT01,2025-04-25,Received,Commercial,Infusion,2026-08-31 12:00:00,2026-08-31 18:00:00
ROW0001939,REF001939,ACC069,S04,INT04,2025-06-04,completed,Medicaid,Other outpatient,2026-08-31 12:00:00,2026-08-31 18:00:00
ROW0003662,REF003662,ACC004,S01,INT01,2025-01-06,complete,Commercial,Other outpatient,2026-08-31 12:00:00,2026-08-31 18:00:00
ROW0002285,REF002285,ACC012,S01,INT01,2025-09-15,VISIT COMPLETE,Traditional Medicare,Injection,2026-08-31 12:00:00,2026-08-31 18:00:00
ROW0005562,REF005562,ACC117,S06,INT06,2025-02-15,received,Commercial,Injection,2026-08-31 12:00:00,2026-08-31 18:00:00
ROW0000789,REF000789,ACC114,S06,INT06,2025-11-10,completed,Commercial,Injection,2026-08-31 12:00:00,2026-08-31 18:00:00
ROW0003336,REF003336,ACC008,S01,INT01,2026-06-07,completed,Traditional Medicare,Infusion,2026-08-31 12:00:00,2026-08-31 18:00:00
ROW0005957,REF005957,ACC016,S01,INT01,2026-04-09,completed,Commercial,Injection,2026-08-31 12:00:00,2026-08-31 18:00:00
ROW0005353,REF005353,ACC004,S01,INT01,2026-01-03,completed,Other,Infusion,2026-08-31 12:00:00,2026-08-31 18:00:00
ROW0006146,REF003642,ACC008,S01,INT01,2026-08-21,Ready_to_Schedule,Traditional Medicare,Infusion,2026-08-31 12:00:00,2026-08-31 19:00:00
ROW0001363,REF001363,ACC042,S07,INT07,2026-08-10,ready,Commercial,Other outpatient,2026-08-31 12:00:00,2026-08-31 18:00:00
ROW0004697,REF004697,ACC079,S04,INT04,2025-01-10,completed,Medicaid,Infusion,2026-08-31 12:00:00,2026-08-31 18:00:00
ROW0004162,REF004162,ACC059,S07,INT07,2026-06-06,complete,Medicare Advantage,Infusion,2026-08-31 12:00:00,2026-08-31 18:00:00
ROW0003201,REF003201,ACC113,S06,INT06,2025-03-22,in_review,Medicare Advantage,Infusion,2026-08-31 12:00:00,2026-08-31 18:00:00
ROW0003607,REF003607,ACC047,S03,INT03,2025-02-03,complete,Medicare Advantage,Infusion,2026-08-31 12:00:00,2026-08-31 18:00:00
ROW0003281,REF003281,ACC102,S06,INT06,2026-06-28,VISIT COMPLETE,Medicare Advantage,Infusion,2026-08-31 12:00:00,2026-08-31 18:00:00
ROW0004282,REF004282,ACC001,S01,INT01,2025-07-13,completed,Medicaid,Infusion,2026-08-31 12:00:00,2026-08-31 18:00:00
ROW0005109,REF005109,ACC101,S08,INT08,2026-07-25,complete,Other,Injection,2026-08-31 12:00:00,2026-08-31 18:00:00
ROW0002860,REF002860,ACC002,S01,INT01,2025-06-25,completed,Medicare Advantage,Injection,2026-08-31 12:00:00,2026-08-31 18:00:00
ROW0005920,REF005920,ACC099,S05,,2025-10-14,In Review,Medicare Advantage,Infusion,2026-08-31 12:00:00,2026-08-31 18:00:00
ROW0002047,REF002047,ACC024,S02,INT02,2025-07-27,completed,Commercial,Infusion,2026-08-31 12:00:00,2026-08-31 18:00:00
ROW0000399,REF000399,ACC105,S06,INT06,2026-05-23,complete,Commercial,Infusion,2026-08-31 12:00:00,2026-08-31 18:00:00
ROW0004533,REF004533,ACC021,S02,INT02,2025-05-31,VISIT COMPLETE,Commercial,Other outpatient,2026-08-31 12:00:00,2026-08-31 18:00:00
ROW0003918,REF003918,ACC044,S07,INT07,2025-09-07,completed,Medicaid,Infusion,2026-08-31 12:00:00,2026-08-31 18:00:00
ROW0002238,REF002238,ACC015,S01,INT01,2026-05-14,complete,Commercial,Injection,2026-08-31 12:00:00,2026-08-31 18:00:00
ROW0003386,REF003386,ACC025,S02,INT02,2025-06-16,VISIT COMPLETE,Medicare Advantage,Infusion,2026-08-31 12:00:00,2026-08-31 18:00:00
ROW0004401,REF004401,ACC087,S05,INT05,2025-10-10,complete,Commercial,Injection,2026-08-31 12:00:00,2026-08-31 18:00:00
ROW0002826,REF002826,ACC036,S02,INT02,2025-03-17,CLOSED - NO VISIT,Medicaid,Infusion,2026-08-31 12:00:00,2026-08-31 18:00:00
ROW0000138,REF000138,ACC053,S07,INT07,2025-05-10,VISIT COMPLETE,Commercial,Infusion,2026-08-31 12:00:00,2026-08-31 18:00:00
ROW0005378,REF005378,ACC077,S04,INT04,2026-06-26,complete,Medicare Advantage,Infusion,2026-08-31 12:00:00,2026-08-31 18:00:00
ROW0002720,REF002720,ACC118,S08,INT08,2026-05-19,completed,Traditional Medicare,Other outpatient,2026-08-31 12:00:00,2026-08-31 18:00:00
ROW0001854,REF001854,ACC078,S04,INT04,2025-03-05,CLOSED - NO VISIT,Medicaid,Injection,2026-08-31 12:00:00,2026-08-31 18:00:00
ROW0002667,REF002667,ACC035,S02,INT02,2025-07-16,VISIT COMPLETE,Commercial,Injection,2026-08-31 12:00:00,2026-08-31 18:00:00
ROW0002090,REF002090,ACC006,S01,INT01,2025-06-07,complete,Medicare Advantage,Infusion,2026-08-31 12:00:00,2026-08-31 18:00:00
ROW0001837,REF001837,ACC001,S01,INT01,2025-02-13,VISIT COMPLETE,Medicare Advantage,Injection,2026-08-31 12:00:00,2026-08-31 18:00:00
ROW0000366,REF000366,ACC118,S06,INT06,2025-05-06,VISIT COMPLETE,Commercial,Injection,2026-08-31 12:00:00,2026-08-31 18:00:00
ROW0001373,REF001373,ACC075,S04,INT04,2026-02-22,cancelled,Commercial,Infusion,2026-08-31 12:00:00,2026-08-31 18:00:00
ROW0003531,REF003531,ACC072,S04,INT04,2025-08-26,VISIT COMPLETE,Medicare Advantage,Infusion,2026-08-31 12:00:00,2026-08-31 18:00:00
ROW0004077,REF004077,ACC034,S02,INT02,2025-07-01,VISIT COMPLETE,Commercial,Infusion,2026-08-31 12:00:00,2026-08-31 18:00:00
ROW0005151,REF005151,ACC060,S03,INT03,2025-03-07,completed,Commercial,Injection,2026-08-31 12:00:00,2026-08-31 18:00:00
ROW0004642,REF004642,ACC007,S01,INT01,2025-01-11,VISIT COMPLETE,Commercial,Other outpatient,2026-08-31 12:00:00,2026-08-31 18:00:00
ROW0000254,REF000254,ACC042,S07,INT07,2025-06-20,VISIT COMPLETE,Medicaid,Infusion,2026-08-31 12:00:00,2026-08-31 18:00:00
ROW0003921,REF003921,ACC071,S04,INT04,2025-12-09,cancelled,Medicaid,Infusion,2026-08-31 12:00:00,2026-08-31 18:00:00
ROW0002825,REF002825,ACC071,S04,INT04,2025-05-15,CLOSED - NO VISIT,Commercial,Infusion,2026-08-31 12:00:00,2026-08-31 18:00:00
ROW0005127,REF005127,ACC117,S06,INT06,2025-07-09,VISIT COMPLETE,Medicare Advantage,Infusion,2026-08-31 12:00:00,2026-08-31 18:00:00
ROW0002573,REF002573,ACC065,S04,INT04,2025-11-07,cancelled,Traditional Medicare,Infusion,2026-08-31 12:00:00,2026-08-31 18:00:00
ROW0004018,REF004018,ACC098,S05,INT05,2025-09-30,VISIT COMPLETE,Commercial,Injection,2026-08-31 12:00:00,2026-08-31 18:00:00
ROW0001222,REF001222,ACC097,S05,INT05,2026-06-09,VISIT COMPLETE,Medicare Advantage,Other outpatient,2026-08-31 12:00:00,2026-08-31 18:00:00
ROW0005033,REF005033,ACC109,S06,INT06,2025-05-13,completed,Commercial,Injection,2026-08-31 12:00:00,2026-08-31 18:00:00
ROW0000997,REF000997,ACC071,S04,INT04,2025-12-31,cancelled,Traditional Medicare,Infusion,2026-08-31 12:00:00,2026-08-31 18:00:00
ROW0003844,REF003844,ACC039,S02,INT02,2025-07-06,completed,Medicare Advantage,Injection,2026-08-31 12:00:00,2026-08-31 18:00:00
ROW0003911,REF003911,ACC073,S04,INT04,2026-07-13,CLOSED - NO VISIT,Medicare Advantage,Injection,2026-08-31 12:00:00,2026-08-31 18:00:00
ROW0004852,REF004852,ACC120,S08,INT08,2026-01-23,complete,Traditional Medicare,Injection,2026-08-31 12:00:00,2026-08-31 18:00:00
ROW0006267,REF003268,ACC087,S05,INT05,2025-04-23,cancelled,Commercial,Infusion,2026-08-31 12:00:00,2026-08-31 19:00:00
ROW0003238,REF003238,ACC108,S08,INT08,2026-04-25,VISIT COMPLETE,Commercial,Injection,2026-08-31 12:00:00,2026-08-31 18:00:00
ROW0000820,REF000820,ACC086,S05,,2025-10-05,complete,Other,Infusion,2026-08-31 12:00:00,2026-08-31 18:00:00
ROW0001196,REF001196,ACC011,S01,INT01,2025-12-02,completed,Commercial,Infusion,2026-08-31 12:00:00,2026-08-31 18:00:00
ROW0005305,REF005305,ACC026,S02,INT02,2025-03-22,VISIT COMPLETE,Traditional Medicare,Injection,2026-08-31 12:00:00,2026-08-31 18:00:00
ROW0002789,REF002789,ACC040,S02,INT02,2026-05-19,cancelled,Medicare Advantage,Infusion,2026-08-31 12:00:00,2026-08-31 18:00:00
ROW0001195,REF001195,ACC036,S02,INT02,2026-03-08,closed,Commercial,Infusion,2026-08-31 12:00:00,2026-08-31 18:00:00
ROW0004620,REF004620,ACC034,S02,INT02,2025-07-28,complete,Medicare Advantage,Other outpatient,2026-08-31 12:00:00,2026-08-31 18:00:00
ROW0005780,REF005780,ACC107,S06,INT06,2025-08-03,VISIT COMPLETE,Commercial,Infusion,2026-08-31 12:00:00,2026-08-31 18:00:00
ROW0000238,REF000238,ACC113,S08,INT08,2026-03-20,completed,Medicare Advantage,Other outpatient,2026-08-31 12:00:00,2026-08-31 18:00:00
ROW0001985,REF001985,ACC086,S05,,2026-06-25,completed,Commercial,Other outpatient,2026-08-31 12:00:00,2026-08-31 18:00:00
ROW0005684,REF005684,ACC072,S04,INT04,2025-02-28,completed,Medicare Advantage,Injection,2026-08-31 12:00:00,2026-08-31 18:00:00
ROW0005489,REF005489,ACC109,S06,INT06,2025-12-07,complete,Medicare Advantage,Infusion,2026-08-31 12:00:00,2026-08-31 18:00:00
ROW0001170,REF001170,ACC025,S02,INT02,2025-05-24, NEW ,Medicaid,Infusion,2026-08-31 12:00:00,2026-08-31 18:00:00
ROW0002310,REF002310,ACC082,S05,,2025-10-17,cancelled,Medicaid,Injection,2026-08-31 12:00:00,2026-08-31 18:00:00
ROW0004494,REF004494,ACC120,S08,INT08,2026-01-04,complete,Commercial,Injection,2026-08-31 12:00:00,2026-08-31 18:00:00
ROW0006013,REF004837,ACC031,S02,INT02,2025-11-21,received,Commercial,Infusion,2026-08-30 12:00:00,2026-08-31 19:00:00
ROW0001954,REF001954,ACC063,S04,INT04,2025-02-13, NEW ,Commercial,Infusion,2026-08-31 12:00:00,2026-08-31 18:00:00
ROW0002607,REF002607,ACC096,S05,INT05,2025-04-25,closed,Medicare Advantage,Infusion,2026-08-31 12:00:00,2026-08-31 18:00:00
ROW0005658,REF005658,ACC047,S03,INT03,2026-03-23,VISIT COMPLETE,Commercial,Infusion,2026-08-31 12:00:00,2026-08-31 18:00:00
ROW0004175,REF004175,ACC091,S05,INT05,2026-03-08,completed,Commercial,Injection,2026-08-31 12:00:00,2026-08-31 18:00:00
ROW0002685,REF002685,ACC019,S01,INT01,2025-07-23,VISIT COMPLETE,Medicare Advantage,Infusion,2026-08-31 12:00:00,2026-08-31 18:00:00
ROW0000251,REF000251,ACC115,S08,INT08,2026-06-03,complete,Traditional Medicare,Infusion,2026-08-31 12:00:00,2026-08-31 18:00:00
ROW0001284,REF001284,ACC063,S04,INT04,2025-02-18,VISIT COMPLETE,Medicaid,Injection,2026-08-31 12:00:00,2026-08-31 18:00:00
ROW0003032,REF003032,ACC026,S02,INT02,2025-09-27,In Review,Commercial,Injection,2026-08-31 12:00:00,2026-08-31 18:00:00
ROW0004145,REF004145,ACC110,S08,INT08,2026-01-26, NEW ,Commercial,Infusion,2026-08-31 12:00:00,2026-08-31 18:00:00
ROW0006071,REF003960,ACC112,S06,INT06,2025-06-17,completed,Commercial,Infusion,2026-08-31 12:00:00,2026-08-31 19:00:00
ROW0004874,REF004874,ACC006,S01,INT01,2025-06-08,completed,Commercial,Injection,2026-08-31 12:00:00,2026-08-31 18:00:00
ROW0005946,REF005946,ACC018,S01,INT01,2025-10-01,VISIT COMPLETE,Medicaid,Infusion,2026-08-31 12:00:00,2026-08-31 18:00:00
ROW0002616,REF002616,ACC057,S07,INT07,2026-06-30,complete,Medicare Advantage,Infusion,2026-08-31 12:00:00,2026-08-31 18:00:00
ROW0005328,REF005328,ACC001,S01,INT01,2025-02-08,complete,Traditional Medicare,Infusion,2026-08-31 12:00:00,2026-08-31 18:00:00
ROW0000471,REF000471,ACC006,S01,INT01,2026-03-04,VISIT COMPLETE,Commercial,Injection,2026-08-31 12:00:00,2026-08-31 18:00:00
ROW0004357,REF004357,ACC074,S04,INT04,2025-05-04,CLOSED - NO VISIT,Commercial,Infusion,2026-08-31 12:00:00,2026-08-31 18:00:00
ROW0002785,REF002785,ACC103,S08,INT08,2025-04-03,VISIT COMPLETE,Medicare Advantage,Infusion,2026-08-31 12:00:00,2026-08-31 18:00:00
ROW0000202,REF000202,ACC111,S06,INT06,2026-05-10,completed,Commercial,Infusion,2026-08-31 12:00:00,2026-08-31 18:00:00
ROW0000601,REF000601,ACC048,S03,INT03,2026-07-31,cancelled,Medicare Advantage,Other outpatient,2026-08-31 12:00:00,2026-08-31 18:00:00
ROW0005767,REF005767,ACC099,S05,INT05,,complete,Medicare Advantage,Injection,2026-08-31 12:00:00,2026-08-31 18:00:00
ROW0005354,REF005354,ACC084,S05,INT05,2025-10-23,CLOSED - NO VISIT,Medicaid,Other outpatient,2026-08-31 12:00:00,2026-08-31 18:00:00
ROW0006296,REF002633,ACC023,S02,INT02,2026-06-18,complete,Commercial,Infusion,2026-08-31 12:00:00,2026-08-31 19:00:00
ROW0000816,REF000816,ACC118,S08,INT08,2025-02-02,completed,Commercial,Infusion,2026-08-31 12:00:00,2026-08-31 18:00:00
ROW0004661,REF004661,ACC059,S07,INT07,2025-05-27,VISIT COMPLETE,Commercial,Injection,2026-08-31 12:00:00,2026-08-31 18:00:00
ROW0006124,REF002269,ACC028,S02,,2025-12-02,CLOSED - NO VISIT,Commercial,Injection,2026-08-31 12:00:00,2026-08-31 19:00:00
ROW0001884,REF001884,ACC118,S06,INT06,2025-12-25,completed,Commercial,Other outpatient,2026-08-31 12:00:00,2026-08-31 18:00:00
ROW0000025,REF000025,ACC029,S02,INT02,2025-03-08,In Review,Other,Injection,2026-08-31 12:00:00,2026-08-31 18:00:00
ROW0003261,REF003261,ACC026,S02,INT02,2026-07-10,CLOSED - NO VISIT,Commercial,Infusion,2026-08-31 12:00:00,2026-08-31 18:00:00
ROW0006018,REF000063,ACC065,S04,INT04,2026-05-17,received,Commercial,Infusion,2026-08-30 12:00:00,2026-08-31 19:00:00
ROW0005094,REF005094,ACC074,S04,INT04,2026-04-22,VISIT COMPLETE,Medicaid,Infusion,2026-08-31 12:00:00,2026-08-31 18:00:00
ROW0003804,REF003804,ACC011,S01,INT01,2026-02-14,completed,Medicare Advantage,Infusion,2026-08-31 12:00:00,2026-08-31 18:00:00
ROW0003998,REF003998,ACC116,S06,INT06,2026-02-14,complete,Medicare Advantage,Infusion,2026-08-31 12:00:00,2026-08-31 18:00:00
ROW0000124,REF000124,ACC054,S07,INT07,2026-05-27,ready,Medicare Advantage,Injection,2026-08-31 12:00:00,2026-08-31 18:00:00
ROW0003573,REF003573,ACC039,S02,INT02,2026-02-12,in_review,Medicaid,Injection,2026-08-31 12:00:00,2026-08-31 18:00:00
ROW0001531,REF001531,ACC100,S05,INT05,2026-08-26,closed,Medicaid,Infusion,2026-08-31 12:00:00,2026-08-31 18:00:00
ROW0001790,REF001790,ACC062,S04,INT04,2025-07-11,CLOSED - NO VISIT,Medicare Advantage,Infusion,2026-08-31 12:00:00,2026-08-31 18:00:00
ROW0004047,REF004047,ACC112,S06,INT06,2025-12-31,cancelled,Commercial,Injection,2026-08-31 12:00:00,2026-08-31 18:00:00
ROW0006229,REF001066,ACC074,S04,INT04,2025-02-20,complete,Commercial,Injection,2026-08-31 12:00:00,2026-08-31 19:00:00
ROW0001249,REF001249,ACC064,S04,INT04,2026-07-26,VISIT COMPLETE,Commercial,Infusion,2026-08-31 12:00:00,2026-08-31 18:00:00
ROW0006077,REF001545,ACC019,S01,INT01,2025-01-07,complete,Commercial,Other outpatient,2026-08-31 12:00:00,2026-08-31 19:00:00
ROW0001055,REF001055,ACC102,S06,INT06,2026-08-08,scheduled,Medicare Advantage,Infusion,2026-08-31 12:00:00,2026-08-31 18:00:00
ROW0001348,REF001348,ACC110,S08,INT08,2025-06-26,closed,Commercial,Infusion,2026-08-31 12:00:00,2026-08-31 18:00:00
ROW0002968,REF002968,ACC087,S05,INT05,2026-04-17,Received,Traditional Medicare,Infusion,2026-08-31 12:00:00,2026-08-31 18:00:00
ROW0001707,REF001707,ACC073,S04,INT04,2026-01-26,completed,Commercial,Infusion,2026-08-31 12:00:00,2026-08-31 18:00:00
ROW0001720,REF001720,ACC050,S03,INT03,2026-02-15,completed,Commercial,Infusion,2026-08-31 12:00:00,2026-08-31 18:00:00
ROW0001766,REF001766,ACC011,S01,INT01,2026-01-11,completed,Commercial,Infusion,2026-08-31 12:00:00,2026-08-31 18:00:00
ROW0003964,REF003964,ACC062,S04,INT04,2026-02-24,completed,Medicare Advantage,Infusion,2026-08-31 12:00:00,2026-08-31 18:00:00
ROW0005003,REF005003,ACC011,S01,INT01,2025-10-31,CLOSED - NO VISIT,Medicare Advantage,Infusion,2026-08-31 12:00:00,2026-08-31 18:00:00
ROW0003084,REF003084,ACC097,S05,INT05,2025-11-03,completed,Commercial,Infusion,2026-08-31 12:00:00,2026-08-31 18:00:00
ROW0004877,REF004877,ACC119,S06,INT06,2025-04-21,ready,Medicare Advantage,Infusion,2026-08-31 12:00:00,2026-08-31 18:00:00
ROW0003031,REF003031,ACC063,S04,INT04,2025-07-06,complete,Medicare Advantage,Infusion,2026-08-31 12:00:00,2026-08-31 18:00:00
ROW0001976,REF001976,ACC037,S02,INT02,2025-10-25,VISIT COMPLETE,Medicare Advantage,Infusion,2026-08-31 12:00:00,2026-08-31 18:00:00
ROW0003826,REF003826,ACC012,S01,INT01,2025-12-28,complete,Commercial,Injection,2026-08-31 12:00:00,2026-08-31 18:00:00
ROW0000880,REF000880,ACC099,S05,INT05,2025-08-17,CLOSED - NO VISIT,Medicaid,Injection,2026-08-31 12:00:00,2026-08-31 18:00:00
ROW0000383,REF000383,ACC119,S06,INT06,2026-04-07,cancelled,Medicare Advantage,Infusion,2026-08-31 12:00:00,2026-08-31 18:00:00
ROW0003396,REF003396,ACC063,S04,INT04,2026-03-09,VISIT COMPLETE,Medicare Advantage,Infusion,2026-08-31 12:00:00,2026-08-31 18:00:00
ROW0000857,REF000857,ACC072,S04,INT04,2025-05-27,complete,Medicare Advantage,Infusion,2026-08-31 12:00:00,2026-08-31 18:00:00
ROW0003626,REF003626,ACC059,S03,INT03,2026-08-23,in_review,Medicare Advantage,Injection,2026-08-31 12:00:00,2026-08-31 18:00:00
ROW0002697,REF002697,ACC038,S02,INT02,2026-04-01,complete,Commercial,Other outpatient,2026-08-31 12:00:00,2026-08-31 18:00:00
ROW0005883,REF005883,ACC041,S07,INT07,2026-06-19,completed,Other,Infusion,2026-08-31 12:00:00,2026-08-31 18:00:00
ROW0004199,REF004199,ACC066,S04,INT04,2026-04-29,VISIT COMPLETE,Medicare Advantage,Infusion,2026-08-31 12:00:00,2026-08-31 18:00:00
ROW0000751,REF000751,ACC006,S01,INT01,2026-08-07,ready,Medicaid,Infusion,2026-08-31 12:00:00,2026-08-31 18:00:00
ROW0005512,REF005512,ACC047,S03,INT03,2026-04-11,VISIT COMPLETE,Medicare Advantage,Infusion,2026-08-31 12:00:00,2026-08-31 18:00:00
ROW0000439,REF000439,ACC101,S06,INT06,2026-06-20,VISIT COMPLETE,Traditional Medicare,Other outpatient,2026-08-31 12:00:00,2026-08-31 18:00:00
ROW0000113,REF000113,ACC042,S03,INT03,2025-07-13,VISIT COMPLETE,Other,Other outpatient,2026-08-31 12:00:00,2026-08-31 18:00:00
ROW0004020,REF004020,ACC112,S08,INT08,2025-09-29,completed,Commercial,Other outpatient,2026-08-31 12:00:00,2026-08-31 18:00:00
ROW0006288,REF002090,ACC006,S01,INT01,2025-06-07,complete,Medicare Advantage,Infusion,2026-08-31 12:00:00,2026-08-31 19:00:00
ROW0000630,REF000630,ACC097,S05,INT05,2026-08-01,completed,Commercial,Infusion,2026-08-31 12:00:00,2026-08-31 18:00:00
ROW0005970,REF005970,ACC026,S02,,2026-06-27,completed,Medicaid,Infusion,2026-08-31 12:00:00,2026-08-31 18:00:00
ROW0002232,REF002232,ACC021,S02,INT02,2025-01-05,closed,Commercial,Infusion,2026-08-31 12:00:00,2026-08-31 18:00:00
ROW0000198,REF000198,ACC019,S01,INT01,2026-06-12,complete,Commercial,Infusion,2026-08-31 12:00:00,2026-08-31 18:00:00
ROW0004606,REF004606,ACC030,S02,INT02,2025-03-08,complete,Medicare Advantage,Infusion,2026-08-31 12:00:00,2026-08-31 18:00:00
ROW0001033,REF001033,ACC025,S02,INT02,2025-04-01,review,Commercial,Infusion,2026-08-31 12:00:00,2026-08-31 18:00:00
ROW0002425,REF002425,ACC104,S06,INT06,2025-06-16,CLOSED - NO VISIT,Medicare Advantage,Injection,2026-08-31 12:00:00,2026-08-31 18:00:00
ROW0000416,REF000416,ACC081,S05,INT05,2026-01-25,completed,Traditional Medicare,Injection,2026-08-31 12:00:00,2026-08-31 18:00:00
ROW0000921,REF000921,ACC068,S04,,2026-03-23,cancelled,Medicare Advantage,Other outpatient,2026-08-31 12:00:00,2026-08-31 18:00:00
ROW0004486,REF004486,ACC106,S08,INT08,2026-06-08,complete,Traditional Medicare,Infusion,2026-08-31 12:00:00,2026-08-31 18:00:00
ROW0001926,REF001926,ACC029,S02,INT02,2025-02-26,complete,Medicare Advantage,Injection,2026-08-31 12:00:00,2026-08-31 18:00:00
ROW0005320,REF005320,ACC072,S04,INT04,2026-07-27, SCHED ,Medicare Advantage,Injection,2026-08-31 12:00:00,2026-08-31 18:00:00
ROW0002679,REF002679,ACC102,S08,INT08,2025-05-22,in_review,Medicare Advantage,Infusion,2026-08-31 12:00:00,2026-08-31 18:00:00
ROW0002212,REF002212,ACC107,S06,INT06,2026-06-14,completed,Medicaid,Injection,2026-08-31 12:00:00,2026-08-31 18:00:00
ROW0000971,REF000971,ACC025,S02,INT02,2025-09-10,cancelled,Medicare Advantage,Infusion,2026-08-31 12:00:00,2026-08-31 18:00:00
ROW0003395,REF003395,ACC005,S01,INT01,2025-03-21,completed,Other,Infusion,2026-08-31 12:00:00,2026-08-31 18:00:00
ROW0000285,REF000285,ACC058,S07,INT07,2025-08-03,complete,Medicaid,Infusion,2026-08-31 12:00:00,2026-08-31 18:00:00
ROW0000660,REF000660,ACC054,S07,INT07,2025-11-25,complete,Commercial,Infusion,2026-08-31 12:00:00,2026-08-31 18:00:00
ROW0004045,REF004045,ACC083,S05,INT05,2025-07-03,Received,Medicare Advantage,Other outpatient,2026-08-31 12:00:00,2026-08-31 18:00:00
ROW0005273,REF005273,ACC028,S02,,2025-06-05,closed,Medicaid,Infusion,2026-08-31 12:00:00,2026-08-31 18:00:00
ROW0004597,REF004597,ACC096,S05,INT05,2026-04-30,Received,Medicaid,Infusion,2026-08-31 12:00:00,2026-08-31 18:00:00
ROW0002403,REF002403,ACC045,S03,INT03,,review,Medicaid,Infusion,2026-08-31 12:00:00,2026-08-31 18:00:00
ROW0003623,REF003623,ACC025,S02,INT02,2026-05-28,completed,Traditional Medicare,Injection,2026-08-31 12:00:00,2026-08-31 18:00:00
ROW0005645,REF005645,ACC085,S05,INT05,2026-04-15,cancelled,Other,Infusion,2026-08-31 12:00:00,2026-08-31 18:00:00
ROW0002666,REF002666,ACC047,S03,INT03,2025-05-01,Ready_to_Schedule,Commercial,Infusion,2026-08-31 12:00:00,2026-08-31 18:00:00
ROW0000321,REF000321,ACC045,S07,INT07,2025-07-30,VISIT COMPLETE,Medicare Advantage,Infusion,2026-08-31 12:00:00,2026-08-31 18:00:00
ROW0005902,REF005902,ACC092,S05,INT05,2025-09-05,In Review,Medicare Advantage,Infusion,2026-08-31 12:00:00,2026-08-31 18:00:00
ROW0005569,REF005569,ACC059,S03,INT03,2026-03-09,VISIT COMPLETE,Commercial,Infusion,2026-08-31 12:00:00,2026-08-31 18:00:00
ROW0000424,REF000424,ACC094,S05,INT05,2026-02-27,complete,Traditional Medicare,Injection,2026-08-31 12:00:00,2026-08-31 18:00:00
ROW0002517,REF002517,ACC115,S08,INT08,2025-09-08,completed,Commercial,Other outpatient,2026-08-31 12:00:00,2026-08-31 18:00:00
ROW0002788,REF002788,ACC064,S04,INT04,2025-09-02,complete,Commercial,Other outpatient,2026-08-31 12:00:00,2026-08-31 18:00:00
ROW0000631,REF000631,ACC022,S02,INT02,2026-01-08,VISIT COMPLETE,Medicaid,Infusion,2026-08-31 12:00:00,2026-08-31 18:00:00
ROW0004752,REF004752,ACC103,S06,INT06,2025-07-23,complete,Commercial,Infusion,2026-08-31 12:00:00,2026-08-31 18:00:00
ROW0001021,REF001021,ACC035,S02,INT02,2026-06-29,completed,Medicaid,Other outpatient,2026-08-31 12:00:00,2026-08-31 18:00:00
ROW0002143,REF002143,ACC037,S02,INT02,2025-04-20,CLOSED - NO VISIT,Commercial,Injection,2026-08-31 12:00:00,2026-08-31 18:00:00
ROW0003794,REF003794,ACC060,S07,INT07,2025-01-02,VISIT COMPLETE,Medicaid,Injection,2026-08-31 12:00:00,2026-08-31 18:00:00
ROW0005824,REF005824,ACC044,S07,INT07,2025-06-16,review,Traditional Medicare,Infusion,2026-08-31 12:00:00,2026-08-31 18:00:00
ROW0001597,REF001597,ACC003,S01,INT01,2025-12-18,complete,Medicare Advantage,Infusion,2026-08-31 12:00:00,2026-08-31 18:00:00
ROW0002719,REF002719,ACC107,S08,INT08,2026-03-15,completed,Other,Infusion,2026-08-31 12:00:00,2026-08-31 18:00:00
ROW0004516,REF004516,ACC025,S02,INT02,2026-02-16,VISIT COMPLETE,Medicare Advantage,Infusion,2026-08-31 12:00:00,2026-08-31 18:00:00
ROW0004187,REF004187,ACC114,S08,INT08,2026-06-26,VISIT COMPLETE,Commercial,Infusion,2026-08-31 12:00:00,2026-08-31 18:00:00
ROW0004999,REF004999,ACC086,S05,INT05,2026-05-17,Ready_to_Schedule,Commercial,Injection,2026-08-31 12:00:00,2026-08-31 18:00:00
ROW0000644,REF000644,ACC073,S04,INT04,2026-08-31,received,Commercial,Injection,2026-08-31 12:00:00,2026-08-31 18:00:00
ROW0002885,REF002885,ACC065,S04,INT04,2025-02-16,completed,Commercial,Infusion,2026-08-31 12:00:00,2026-08-31 18:00:00
ROW0003824,REF003824,ACC059,S03,INT03,2026-08-16, SCHED ,Commercial,Infusion,2026-08-31 12:00:00,2026-08-31 18:00:00
ROW0005452,REF005452,ACC033,S02,INT02,2026-06-04,in progress?,Medicare Advantage,Infusion,2026-08-31 12:00:00,2026-08-31 18:00:00
ROW0005188,REF005188,ACC108,S06,INT06,2025-04-05,cancelled,Other,Other outpatient,2026-08-31 12:00:00,2026-08-31 18:00:00
ROW0002901,REF002901,ACC112,S06,INT06,2026-05-28,CLOSED - NO VISIT,Commercial,Injection,2026-08-31 12:00:00,2026-08-31 18:00:00
ROW0003534,REF003534,ACC018,S01,INT01,2026-08-08,scheduled,Traditional Medicare,Injection,2026-08-31 12:00:00,2026-08-31 18:00:00
ROW0001011,REF001011,ACC056,S03,INT03,2026-01-05,complete,Commercial,Infusion,2026-08-31 12:00:00,2026-08-31 18:00:00
ROW0002029,REF002029,ACC105,S08,INT08,2026-05-12,in_review,Medicare Advantage,Infusion,2026-08-31 12:00:00,2026-08-31 18:00:00
ROW0000048,REF000048,ACC084,S05,INT05,2025-05-15,completed,Traditional Medicare,Other outpatient,2026-08-31 12:00:00,2026-08-31 18:00:00
ROW0004931,REF004931,ACC056,S03,INT03,2026-03-08,VISIT COMPLETE,Commercial,Infusion,2026-08-31 12:00:00,2026-08-31 18:00:00
ROW0003980,REF003980,ACC016,S01,INT01,2025-07-12,cancelled,Traditional Medicare,Injection,2026-08-31 12:00:00,2026-08-31 18:00:00
ROW0002593,REF002593,ACC105,S08,INT08,2026-02-15,VISIT COMPLETE,Traditional Medicare,Injection,2026-08-31 12:00:00,2026-08-31 18:00:00
ROW0004006,REF004006,ACC049,S03,INT03,2025-03-22,VISIT COMPLETE,Medicare Advantage,Infusion,2026-08-31 12:00:00,2026-08-31 18:00:00
ROW0002266,REF002266,ACC047,S07,INT07,2026-01-09, NEW ,Medicare Advantage,Infusion,2026-08-31 12:00:00,2026-08-31 18:00:00
ROW0002680,REF002680,ACC095,S05,INT05,2025-01-29,completed,Medicare Advantage,Injection,2026-08-31 12:00:00,2026-08-31 18:00:00
ROW0002455,REF002455,ACC092,S05,INT05,2025-08-08,closed,Medicare Advantage,Infusion,2026-08-31 12:00:00,2026-08-31 18:00:00
ROW0003863,REF003863,ACC060,S03,INT03,2026-05-17,completed,Medicare Advantage,Infusion,2026-08-31 12:00:00,2026-08-31 18:00:00
ROW0001497,REF001497,ACC116,S08,INT08,2025-01-29,completed,Medicare Advantage,Infusion,2026-08-31 12:00:00,2026-08-31 18:00:00
ROW0001498,REF001498,ACC099,S05,INT05,2025-03-01,complete,Commercial,Infusion,2026-08-31 12:00:00,2026-08-31 18:00:00
ROW0002452,REF002452,ACC059,S03,INT03,2026-05-15,completed,Commercial,Infusion,2026-08-31 12:00:00,2026-08-31 18:00:00
ROW0004427,REF004427,ACC023,S02,INT02,2025-12-14,ready to schedule,Commercial,Infusion,2026-08-31 12:00:00,2026-08-31 18:00:00
ROW0004374,REF004374,ACC118,S06,INT06,2025-11-23,complete,Commercial,Other outpatient,2026-08-31 12:00:00,2026-08-31 18:00:00
ROW0001060,REF001060,ACC035,S02,INT02,2025-01-17,complete,Commercial,Infusion,2026-08-31 12:00:00,2026-08-31 18:00:00
ROW0000345,REF000345,ACC025,S02,INT02,2026-06-11,complete,Commercial,Other outpatient,2026-08-31 12:00:00,2026-08-31 18:00:00
ROW0004809,REF004809,ACC096,S05,INT05,2026-06-15,complete,Commercial,Infusion,2026-08-31 12:00:00,2026-08-31 18:00:00
ROW0003730,REF003730,ACC099,S05,INT05,2026-02-20,ready to schedule,Medicaid,Infusion,2026-08-31 12:00:00,2026-08-31 18:00:00
ROW0005900,REF005900,ACC004,S01,INT01,2026-02-25,complete,Medicaid,Injection,2026-08-31 12:00:00,2026-08-31 18:00:00
ROW0003157,REF003157,ACC021,S02,INT02,2026-06-30,completed,Commercial,Infusion,2026-08-31 12:00:00,2026-08-31 18:00:00
ROW0002592,REF002592,ACC059,S03,,2025-10-31,complete,Medicare Advantage,Injection,2026-08-31 12:00:00,2026-08-31 18:00:00
ROW0000091,REF000091,ACC025,S02,INT02,2026-08-20, SCHED ,Commercial,Injection,2026-08-31 12:00:00,2026-08-31 18:00:00
ROW0004419,REF004419,ACC117,S06,INT06,2026-06-21,VISIT COMPLETE,Traditional Medicare,Infusion,2026-08-31 12:00:00,2026-08-31 18:00:00
ROW0005325,REF005325,ACC036,S02,INT02,2025-01-08,ready,Medicaid,Infusion,2026-08-31 12:00:00,2026-08-31 18:00:00
ROW0002464,REF002464,ACC086,S05,INT05,2025-09-05,cancelled,Medicaid,Injection,2026-08-31 12:00:00,2026-08-31 18:00:00
ROW0004635,REF004635,ACC089,S05,INT05,2026-08-28,Received,Commercial,Infusion,2026-08-31 12:00:00,2026-08-31 18:00:00
ROW0002764,REF002764,ACC087,S05,INT05,2026-08-23,in progress?,Commercial,Injection,2026-08-31 12:00:00,2026-08-31 18:00:00
ROW0002953,REF002953,ACC076,S04,INT04,2026-01-05,complete,Medicare Advantage,Infusion,2026-08-31 12:00:00,2026-08-31 18:00:00
ROW0005086,REF005086,ACC002,S01,INT01,2025-06-03,VISIT COMPLETE,Medicare Advantage,Infusion,2026-08-31 12:00:00,2026-08-31 18:00:00
ROW0003078,REF003078,ACC114,S06,INT06,2025-03-15,cancelled,Medicare Advantage,Other outpatient,2026-08-31 12:00:00,2026-08-31 18:00:00
ROW0002804,REF002804,ACC010,S01,INT01,2026-08-02,booked,Other,Injection,2026-08-31 12:00:00,2026-08-31 18:00:00
ROW0005051,REF005051,ACC024,S02,INT02,2026-05-26,completed,Commercial,Infusion,2026-08-31 12:00:00,2026-08-31 18:00:00
ROW0005509,REF005509,ACC080,S04,INT04,2026-03-12,ready,Medicare Advantage,Infusion,2026-08-31 12:00:00,2026-08-31 18:00:00
ROW0002001,REF002001,ACC070,S04,INT04,2026-07-17,completed,Commercial,Infusion,2026-08-31 12:00:00,2026-08-31 18:00:00
ROW0005497,REF005497,ACC010,S01,INT01,2026-04-28,complete,Medicare Advantage,Other outpatient,2026-08-31 12:00:00,2026-08-31 18:00:00
ROW0001653,REF001653,ACC037,S02,INT02,2026-01-28,complete,Commercial,Infusion,2026-08-31 12:00:00,2026-08-31 18:00:00
ROW0000692,REF000692,ACC036,S02,INT02,2025-01-14,VISIT COMPLETE,Medicare Advantage,Injection,2026-08-31 12:00:00,2026-08-31 18:00:00
ROW0004435,REF004435,ACC086,S05,INT05,2025-03-27,VISIT COMPLETE,Medicare Advantage,Injection,2026-08-31 12:00:00,2026-08-31 18:00:00
ROW0006230,REF002512,ACC099,S05,INT05,2026-05-10,complete,Commercial,Infusion,2026-08-31 12:00:00,2026-08-31 19:00:00
ROW0003335,REF003335,ACC116,S08,INT08,2025-11-26,completed,Commercial,Infusion,2026-08-31 12:00:00,2026-08-31 18:00:00
ROW0004124,REF004124,ACC004,S01,INT01,2026-06-05,completed,Medicare Advantage,Injection,2026-08-31 12:00:00,2026-08-31 18:00:00
ROW0004990,REF004990,ACC034,S02,INT02,2025-03-31,cancelled,Commercial,Injection,2026-08-31 12:00:00,2026-08-31 18:00:00
ROW0000235,REF000235,ACC056,S07,INT07,2025-02-05,ready to schedule,Traditional Medicare,Injection,2026-08-31 12:00:00,2026-08-31 18:00:00
ROW0002163,REF002163,ACC060,S07,INT07,2026-08-21,In Review,Commercial,Injection,2026-08-31 12:00:00,2026-08-31 18:00:00
ROW0002970,REF002970,ACC057,S07,,2025-08-31,CLOSED - NO VISIT,Medicare Advantage,Injection,2026-08-31 12:00:00,2026-08-31 18:00:00
ROW0003002,REF003002,ACC006,S01,INT01,2025-09-14,Received,Traditional Medicare,Infusion,2026-08-31 12:00:00,2026-08-31 18:00:00
ROW0000709,REF000709,ACC044,S07,INT07,2025-06-29,completed,Commercial,Other outpatient,2026-08-31 12:00:00,2026-08-31 18:00:00
ROW0004231,REF004231,ACC005,S01,INT01,2026-05-29,VISIT COMPLETE,Commercial,Infusion,2026-08-31 12:00:00,2026-08-31 18:00:00
ROW0001464,REF001464,ACC087,S05,INT05,2026-05-01,complete,Commercial,Infusion,2026-08-31 12:00:00,2026-08-31 18:00:00
ROW0003582,REF003582,ACC110,S06,INT06,2025-07-10,VISIT COMPLETE,Medicare Advantage,Other outpatient,2026-08-31 12:00:00,2026-08-31 18:00:00
ROW0004275,REF004275,ACC042,S07,INT07,2025-02-18,closed,Commercial,Injection,2026-08-31 12:00:00,2026-08-31 18:00:00
ROW0001612,REF001612,ACC072,S04,,2026-02-19,complete,Traditional Medicare,Infusion,2026-08-31 12:00:00,2026-08-31 18:00:00
ROW0003186,REF003186,ACC070,S04,INT04,2025-02-03,VISIT COMPLETE,Commercial,Infusion,2026-08-31 12:00:00,2026-08-31 18:00:00
ROW0006023,REF004577,ACC107,S06,INT06,2026-08-09,received,Commercial,Injection,2026-08-30 12:00:00,2026-08-31 19:00:00
ROW0000167,REF000167,ACC108,S06,INT06,2026-08-04,CLOSED - NO VISIT,Medicare Advantage,Infusion,2026-08-31 12:00:00,2026-08-31 18:00:00
ROW0004679,REF004679,ACC025,S02,INT02,2025-06-27,CLOSED - NO VISIT,Commercial,Infusion,2026-08-31 12:00:00,2026-08-31 18:00:00
ROW0002045,REF002045,ACC093,S05,INT05,2025-04-10,complete,Commercial,Infusion,2026-08-31 12:00:00,2026-08-31 18:00:00
ROW0001683,REF001683,ACC002,S01,INT01,2026-03-14,completed,Medicare Advantage,Infusion,2026-08-31 12:00:00,2026-08-31 18:00:00
ROW0002456,REF002456,ACC006,S01,INT01,2026-04-23,closed,Medicare Advantage,Infusion,2026-08-31 12:00:00,2026-08-31 18:00:00
ROW0004348,REF004348,ACC058,S07,INT07,2025-11-16,CLOSED - NO VISIT,Medicare Advantage,Infusion,2026-08-31 12:00:00,2026-08-31 18:00:00
ROW0005396,REF005396,ACC034,S02,INT02,2025-03-20,VISIT COMPLETE,Medicare Advantage,Infusion,2026-08-31 12:00:00,2026-08-31 18:00:00
ROW0005467,REF005467,ACC061,S04,INT04,2025-08-04,VISIT COMPLETE,Medicare Advantage,Infusion,2026-08-31 12:00:00,2026-08-31 18:00:00
ROW0001764,REF001764,ACC008,S01,INT01,2026-02-27,completed,Commercial,Infusion,2026-08-31 12:00:00,2026-08-31 18:00:00
ROW0001165,REF001165,ACC103,S06,INT06,2026-06-10,completed,Commercial,Injection,2026-08-31 12:00:00,2026-08-31 18:00:00
ROW0001509,REF001509,ACC036,S02,INT02,2025-05-27,complete,Commercial,Infusion,2026-08-31 12:00:00,2026-08-31 18:00:00
ROW0001727,REF001727,ACC036,S02,INT02,2025-03-12,completed,Medicare Advantage,Infusion,2026-08-31 12:00:00,2026-08-31 18:00:00
ROW0002067,REF002067,ACC009,S01,INT01,2025-08-31,completed,Medicare Advantage,Infusion,2026-08-31 12:00:00,2026-08-31 18:00:00
ROW0004443,REF004443,ACC105,S08,INT08,2025-05-15,completed,Medicare Advantage,Infusion,2026-08-31 12:00:00,2026-08-31 18:00:00
ROW0000776,REF000776,ACC007,S01,INT01,2025-12-15,complete,Commercial,Infusion,2026-08-31 12:00:00,2026-08-31 18:00:00
ROW0001888,REF001888,ACC073,S04,INT04,2025-04-05,completed,Medicaid,Infusion,2026-08-31 12:00:00,2026-08-31 18:00:00
ROW0005827,REF005827,ACC058,S07,INT07,2026-01-16,closed,Commercial,Infusion,2026-08-31 12:00:00,2026-08-31 18:00:00
ROW0000377,REF000377,ACC031,S02,INT02,2025-05-07,completed,Commercial,Infusion,2026-08-31 12:00:00,2026-08-31 18:00:00
ROW0004554,REF004554,ACC071,S04,INT04,2026-05-17,closed,Commercial,Infusion,2026-08-31 12:00:00,2026-08-31 18:00:00
ROW0004402,REF004402,ACC100,S05,INT05,2026-07-09,completed,Medicare Advantage,Injection,2026-08-31 12:00:00,2026-08-31 18:00:00
ROW0004889,REF004889,ACC092,S05,INT05,2026-01-22,CLOSED - NO VISIT,Commercial,Infusion,2026-08-31 12:00:00,2026-08-31 18:00:00
ROW0004242,REF004242,ACC008,S01,INT01,2025-08-09,closed,Traditional Medicare,Infusion,2026-08-31 12:00:00,2026-08-31 18:00:00
ROW0000313,REF000313,ACC101,S08,INT08,2025-03-04,VISIT COMPLETE,Medicare Advantage,Injection,2026-08-31 12:00:00,2026-08-31 18:00:00
ROW0000624,REF000624,ACC108,S08,INT08,2025-07-31,VISIT COMPLETE,Traditional Medicare,Infusion,2026-08-31 12:00:00,2026-08-31 18:00:00
ROW0003481,REF003481,ACC021,S02,INT02,2026-01-19,CLOSED - NO VISIT,Medicare Advantage,Other outpatient,2026-08-31 12:00:00,2026-08-31 18:00:00
ROW0004812,REF004812,ACC029,S02,INT02,2026-04-27,CLOSED - NO VISIT,Traditional Medicare,Infusion,2026-08-31 12:00:00,2026-08-31 18:00:00
ROW0000405,REF000405,ACC083,S05,INT05,2026-02-22,VISIT COMPLETE,Commercial,Infusion,2026-08-31 12:00:00,2026-08-31 18:00:00
ROW0005759,REF005759,ACC051,S03,INT03,2026-02-20,completed,Commercial,Infusion,2026-08-31 12:00:00,2026-08-31 18:00:00
ROW0004727,REF004727,ACC057,S07,INT07,2025-01-10,CLOSED - NO VISIT,Commercial,Infusion,2026-08-31 12:00:00,2026-08-31 18:00:00
ROW0003697,REF003697,ACC025,S02,INT02,2025-05-19,ready to schedule,Medicare Advantage,Infusion,2026-08-31 12:00:00,2026-08-31 18:00:00
ROW0004895,REF004895,ACC111,S08,INT08,2025-11-28,in_review,Medicare Advantage,Infusion,2026-08-31 12:00:00,2026-08-31 18:00:00
ROW0001129,REF001129,ACC024,S02,INT02,2026-08-21,In Review,Medicare Advantage,Injection,2026-08-31 12:00:00,2026-08-31 18:00:00
ROW0005928,REF005928,ACC093,S05,INT05,2025-08-21,VISIT COMPLETE,Medicaid,Infusion,2026-08-31 12:00:00,2026-08-31 18:00:00
ROW0000316,REF000316,ACC001,S01,INT01,2025-04-01, NEW ,Medicaid,Injection,2026-08-31 12:00:00,2026-08-31 18:00:00
ROW0005528,REF005528,ACC015,S01,INT01,2026-05-02,cancelled,Other,Infusion,2026-08-31 12:00:00,2026-08-31 18:00:00
ROW0004410,REF004410,ACC099,S05,INT05,2025-03-02,completed,Commercial,Infusion,2026-08-31 12:00:00,2026-08-31 18:00:00
ROW0001216,REF001216,ACC019,S01,INT01,2025-12-06,completed,Traditional Medicare,Injection,2026-08-31 12:00:00,2026-08-31 18:00:00
ROW0001139,REF001139,ACC055,S07,INT07,2025-03-01,complete,Medicare Advantage,Injection,2026-08-31 12:00:00,2026-08-31 18:00:00
ROW0006198,REF001105,ACC019,S01,INT01,2026-05-29,completed,Commercial,Infusion,2026-08-31 12:00:00,2026-08-31 19:00:00
ROW0002420,REF002420,ACC108,S08,,2026-05-04,ready,Commercial,Infusion,2026-08-31 12:00:00,2026-08-31 18:00:00
ROW0005817,REF005817,ACC050,S07,INT07,2025-12-03,complete,Commercial,Injection,2026-08-31 12:00:00,2026-08-31 18:00:00
ROW0002091,REF002091,ACC006,S01,INT01,2025-08-10,received,Commercial,Injection,2026-08-31 12:00:00,2026-08-31 18:00:00
ROW0004892,REF004892,ACC029,S02,INT02,2025-10-25,completed,Commercial,Infusion,2026-08-31 12:00:00,2026-08-31 18:00:00
ROW0002054,REF002054,ACC080,S04,INT04,2025-05-28,completed,Medicaid,Injection,2026-08-31 12:00:00,2026-08-31 18:00:00
ROW0000433,REF000433,ACC118,S06,INT06,2026-07-21,ready,Medicaid,Injection,2026-08-31 12:00:00,2026-08-31 18:00:00
ROW0001214,REF001214,ACC097,S05,INT05,2026-03-09,complete,Commercial,Injection,2026-08-31 12:00:00,2026-08-31 18:00:00
ROW0005331,REF005331,ACC119,S06,INT06,2025-09-18,VISIT COMPLETE,Traditional Medicare,Injection,2026-08-31 12:00:00,2026-08-31 18:00:00
ROW0004759,REF004759,ACC097,S05,INT05,2025-05-25,complete,Other,Infusion,2026-08-31 12:00:00,2026-08-31 18:00:00
ROW0000561,REF000561,ACC120,S08,INT08,2026-06-14,complete,Traditional Medicare,Infusion,2026-08-31 12:00:00,2026-08-31 18:00:00
ROW0004552,REF004552,ACC110,S08,INT08,2025-05-11,complete,Traditional Medicare,Injection,2026-08-31 12:00:00,2026-08-31 18:00:00
ROW0004917,REF004917,ACC070,S04,INT04,2026-05-06,complete,Medicare Advantage,Infusion,2026-08-31 12:00:00,2026-08-31 18:00:00
ROW0003204,REF003204,ACC050,S07,INT07,2025-08-19,completed,Other,Injection,2026-08-31 12:00:00,2026-08-31 18:00:00
ROW0003276,REF003276,ACC065,S04,INT04,2025-03-07,completed,Traditional Medicare,Injection,2026-08-31 12:00:00,2026-08-31 18:00:00
ROW0004484,REF004484,ACC019,S01,INT01,2026-01-20,complete,Medicare Advantage,Injection,2026-08-31 12:00:00,2026-08-31 18:00:00
ROW0003188,REF003188,ACC116,S08,INT08,2025-11-10,complete,Commercial,Infusion,2026-08-31 12:00:00,2026-08-31 18:00:00
ROW0001493,REF001493,ACC018,S01,,2025-01-30,CLOSED - NO VISIT,Other,Infusion,2026-08-31 12:00:00,2026-08-31 18:00:00
ROW0004692,REF004692,ACC004,S01,,2026-06-07,VISIT COMPLETE,Commercial,Infusion,2026-08-31 12:00:00,2026-08-31 18:00:00
ROW0002005,REF002005,ACC118,S08,INT08,2026-06-15,cancelled,Medicare Advantage,Infusion,2026-08-31 12:00:00,2026-08-31 18:00:00
ROW0000115,REF000115,ACC040,S02,INT02,2025-07-21,completed,Commercial,Infusion,2026-08-31 12:00:00,2026-08-31 18:00:00
ROW0002197,REF002197,ACC079,S04,INT04,2026-01-02,VISIT COMPLETE,Traditional Medicare,Injection,2026-08-31 12:00:00,2026-08-31 18:00:00
ROW0003433,REF003433,ACC087,S05,INT05,2025-12-28,Ready_to_Schedule,Medicare Advantage,Infusion,2026-08-31 12:00:00,2026-08-31 18:00:00
ROW0003053,REF003053,ACC107,S08,INT08,2025-10-03,complete,Medicare Advantage,Other outpatient,2026-08-31 12:00:00,2026-08-31 18:00:00
ROW0004531,REF004531,ACC030,S02,INT02,2026-07-24,complete,Other,Infusion,2026-08-31 12:00:00,2026-08-31 18:00:00
ROW0006276,REF004930,ACC040,S02,INT02,2026-05-02,complete,Commercial,Infusion,2026-08-31 12:00:00,2026-08-31 19:00:00
ROW0004065,REF004065,ACC091,S05,INT05,2026-03-15,completed,Medicaid,Infusion,2026-08-31 12:00:00,2026-08-31 18:00:00
ROW0000893,REF000893,ACC071,S04,INT04,2025-09-30,completed,Traditional Medicare,Infusion,2026-08-31 12:00:00,2026-08-31 18:00:00
ROW0005427,REF005427,ACC048,S03,INT03,2026-04-03,complete,Medicare Advantage,Infusion,2026-08-31 12:00:00,2026-08-31 18:00:00
ROW0005261,REF005261,ACC086,S05,INT05,2025-07-14,completed,Medicare Advantage,Infusion,2026-08-31 12:00:00,2026-08-31 18:00:00
ROW0002481,REF002481,ACC089,S05,INT05,2025-05-07,VISIT COMPLETE,Other,Infusion,2026-08-31 12:00:00,2026-08-31 18:00:00
ROW0002828,REF002828,ACC033,S02,INT02,2026-03-04,completed,Medicare Advantage,Injection,2026-08-31 12:00:00,2026-08-31 18:00:00
ROW0004046,REF004046,ACC085,S05,INT05,2026-04-16,cancelled,Medicare Advantage,Injection,2026-08-31 12:00:00,2026-08-31 18:00:00
ROW0003658,REF003658,ACC104,S08,INT08,2026-07-19,complete,Medicaid,Other outpatient,2026-08-31 12:00:00,2026-08-31 18:00:00
ROW0000067,REF000067,ACC089,S05,INT05,2026-06-25,Ready_to_Schedule,Commercial,Injection,2026-08-31 12:00:00,2026-08-31 18:00:00
ROW0001467,REF001467,ACC073,S04,INT04,2025-11-12,CLOSED - NO VISIT,Commercial,Injection,2026-08-31 12:00:00,2026-08-31 18:00:00
ROW0006139,REF005569,ACC059,S03,INT03,2026-03-09,VISIT COMPLETE,Commercial,Infusion,2026-08-31 12:00:00,2026-08-31 19:00:00
ROW0003041,REF003041,ACC048,S07,INT07,2025-08-03,completed,Commercial,Injection,2026-08-31 12:00:00,2026-08-31 18:00:00
ROW0004890,REF004890,ACC066,S04,INT04,2026-06-02,VISIT COMPLETE,Medicare Advantage,Infusion,2026-08-31 12:00:00,2026-08-31 18:00:00
ROW0002525,REF002525,ACC086,S05,INT05,2025-07-29,complete,Traditional Medicare,Other outpatient,2026-08-31 12:00:00,2026-08-31 18:00:00
ROW0000497,REF000497,ACC044,S03,INT03,2025-07-26,complete,Medicare Advantage,Infusion,2026-08-31 12:00:00,2026-08-31 18:00:00
ROW0003353,REF003353,ACC031,S02,INT02,2026-08-10,Ready_to_Schedule,Commercial,Injection,2026-08-31 12:00:00,2026-08-31 18:00:00
ROW0003382,REF003382,ACC085,S05,INT05,2025-07-03,In Review,Medicare Advantage,Infusion,2026-08-31 12:00:00,2026-08-31 18:00:00
ROW0001280,REF001280,ACC013,S01,INT01,2026-03-08,completed,Commercial,Injection,2026-08-31 12:00:00,2026-08-31 18:00:00
ROW0000825,REF000825,ACC008,S01,INT01,2025-08-15,VISIT COMPLETE,Commercial,Infusion,2026-08-31 12:00:00,2026-08-31 18:00:00
ROW0003588,REF003588,ACC038,S02,INT02,2026-05-09,complete,Other,Infusion,2026-08-31 12:00:00,2026-08-31 18:00:00
ROW0005773,REF005773,ACC114,S06,INT06,2026-02-09,closed,Commercial,Injection,2026-08-31 12:00:00,2026-08-31 18:00:00
ROW0000132,REF000132,ACC018,S01,INT01,2026-03-27,complete,Medicare Advantage,Infusion,2026-08-31 12:00:00,2026-08-31 18:00:00
ROW0000592,REF000592,ACC022,S02,INT02,2026-01-22,complete,Traditional Medicare,Injection,2026-08-31 12:00:00,2026-08-31 18:00:00
ROW0002537,REF002537,ACC053,S07,INT07,2026-02-27,closed,Traditional Medicare,Injection,2026-08-31 12:00:00,2026-08-31 18:00:00
ROW0003655,REF003655,ACC019,S01,INT01,2026-03-07,completed,Other,Infusion,2026-08-31 12:00:00,2026-08-31 18:00:00
ROW0005056,REF005056,ACC087,S05,INT05,2026-07-19,complete,Commercial,Infusion,2026-08-31 12:00:00,2026-08-31 18:00:00
ROW0006290,REF000647,ACC016,S01,INT01,2025-02-01,completed,Traditional Medicare,Infusion,2026-08-31 12:00:00,2026-08-31 19:00:00
ROW0001189,REF001189,ACC102,S08,INT08,2026-08-14,in progress?,Medicare Advantage,Other outpatient,2026-08-31 12:00:00,2026-08-31 18:00:00
ROW0005057,REF005057,ACC053,S03,INT03,2025-08-09,cancelled,Traditional Medicare,Infusion,2026-08-31 12:00:00,2026-08-31 18:00:00
ROW0001106,REF001106,ACC047,S03,INT03,2025-11-06,completed,Traditional Medicare,Injection,2026-08-31 12:00:00,2026-08-31 18:00:00
ROW0004478,REF004478,ACC062,S04,INT04,2026-07-30,VISIT COMPLETE,Commercial,Infusion,2026-08-31 12:00:00,2026-08-31 18:00:00
ROW0000109,REF000109,ACC002,S01,INT01,2026-03-20,VISIT COMPLETE,Medicare Advantage,Infusion,2026-08-31 12:00:00,2026-08-31 18:00:00
ROW0003549,REF003549,ACC050,S03,INT03,2025-07-07,complete,Commercial,Infusion,2026-08-31 12:00:00,2026-08-31 18:00:00
ROW0002422,REF002422,ACC015,S01,INT01,2025-06-28,complete,Commercial,Injection,2026-08-31 12:00:00,2026-08-31 18:00:00
ROW0000947,REF000947,ACC079,S04,INT04,2026-02-15,complete,Medicaid,Injection,2026-08-31 12:00:00,2026-08-31 18:00:00
ROW0001190,REF001190,ACC037,S02,INT02,2026-03-11,completed,Medicare Advantage,Other outpatient,2026-08-31 12:00:00,2026-08-31 18:00:00
ROW0005422,REF005422,ACC012,S01,INT01,2026-02-19,VISIT COMPLETE,Medicaid,Injection,2026-08-31 12:00:00,2026-08-31 18:00:00
ROW0004221,REF004221,ACC036,S02,INT02,2025-05-05,complete,Traditional Medicare,Infusion,2026-08-31 12:00:00,2026-08-31 18:00:00
ROW0005992,REF005992,ACC097,S05,INT05,2026-02-07,VISIT COMPLETE,Other,Injection,2026-08-31 12:00:00,2026-08-31 18:00:00
ROW0005719,REF005719,ACC095,S05,INT05,2026-01-01,completed,Medicaid,Other outpatient,2026-08-31 12:00:00,2026-08-31 18:00:00
ROW0002670,REF002670,ACC078,S04,INT04,2025-07-06,completed,Commercial,Injection,2026-08-31 12:00:00,2026-08-31 18:00:00
ROW0002929,REF002929,ACC075,S04,INT04,2026-06-10,review,Medicaid,Infusion,2026-08-31 12:00:00,2026-08-31 18:00:00
ROW0000303,REF000303,ACC028,S02,INT02,2025-05-03,completed,Traditional Medicare,Infusion,2026-08-31 12:00:00,2026-08-31 18:00:00
ROW0003251,REF003251,ACC045,S03,INT03,2025-12-11,closed,Medicare Advantage,Infusion,2026-08-31 12:00:00,2026-08-31 18:00:00
ROW0005191,REF005191,ACC018,S01,INT01,2025-11-17,completed,Medicare Advantage,Injection,2026-08-31 12:00:00,2026-08-31 18:00:00
ROW0002453,REF002453,ACC083,S05,INT05,2025-04-21,complete,Commercial,Infusion,2026-08-31 12:00:00,2026-08-31 18:00:00
ROW0003355,REF003355,ACC120,S08,INT08,2026-04-18,complete,Commercial,Infusion,2026-08-31 12:00:00,2026-08-31 18:00:00
ROW0003779,REF003779,ACC035,S02,,2026-06-22,complete,Commercial,Infusion,2026-08-31 12:00:00,2026-08-31 18:00:00
ROW0002348,REF002348,ACC007,S01,INT01,2025-08-09,complete,Traditional Medicare,Infusion,2026-08-31 12:00:00,2026-08-31 18:00:00
ROW0004093,REF004093,ACC079,S04,INT04,2026-04-17,VISIT COMPLETE,Medicare Advantage,Infusion,2026-08-31 12:00:00,2026-08-31 18:00:00
ROW0002317,REF002317,ACC088,S05,INT05,2025-04-27,completed,Commercial,Injection,2026-08-31 12:00:00,2026-08-31 18:00:00
ROW0004810,REF004810,ACC098,S05,INT05,2026-05-03,completed,Medicare Advantage,Injection,2026-08-31 12:00:00,2026-08-31 18:00:00
ROW0006294,REF005900,ACC004,S01,INT01,2026-02-25,complete,Medicaid,Injection,2026-08-31 12:00:00,2026-08-31 19:00:00
ROW0005756,REF005756,ACC007,S01,INT01,2025-04-18,VISIT COMPLETE,Medicare Advantage,Injection,2026-08-31 12:00:00,2026-08-31 18:00:00
ROW0005964,REF005964,ACC104,S08,INT08,2026-07-27,scheduled,Commercial,Infusion,2026-08-31 12:00:00,2026-08-31 18:00:00
ROW0000036,REF000036,ACC047,S07,INT07,2025-03-12,completed,Commercial,Infusion,2026-08-31 12:00:00,2026-08-31 18:00:00
ROW0000342,REF000342,ACC001,S01,INT01,2026-01-25,In Review,Commercial,Infusion,2026-08-31 12:00:00,2026-08-31 18:00:00
ROW0000634,REF000634,ACC031,S02,INT02,2026-04-13,VISIT COMPLETE,Medicaid,Infusion,2026-08-31 12:00:00,2026-08-31 18:00:00
ROW0005527,REF005527,ACC002,S01,INT01,2026-04-21,completed,Medicare Advantage,Injection,2026-08-31 12:00:00,2026-08-31 18:00:00
ROW0003287,REF003287,ACC120,S06,INT06,2025-02-02,VISIT COMPLETE,Commercial,Injection,2026-08-31 12:00:00,2026-08-31 18:00:00
ROW0002920,REF002920,ACC079,S04,INT04,2025-10-08,completed,Traditional Medicare,Infusion,2026-08-31 12:00:00,2026-08-31 18:00:00
ROW0004316,REF004316,ACC007,S01,INT01,2025-12-26,completed,Medicare Advantage,Injection,2026-08-31 12:00:00,2026-08-31 18:00:00
ROW0003369,REF003369,ACC009,S01,INT01,2025-11-26,complete,Medicaid,Infusion,2026-08-31 12:00:00,2026-08-31 18:00:00
ROW0001362,REF001362,ACC067,S04,INT04,2026-08-16,ready to schedule,Commercial,Injection,2026-08-31 12:00:00,2026-08-31 18:00:00
ROW0003873,REF003873,ACC012,S01,INT01,2025-09-25,complete,Commercial,Other outpatient,2026-08-31 12:00:00,2026-08-31 18:00:00
ROW0005249,REF005249,ACC072,S04,INT04,2026-07-07,complete,Traditional Medicare,Other outpatient,2026-08-31 12:00:00,2026-08-31 18:00:00
ROW0003357,REF003357,ACC060,S07,INT07,2025-12-05,completed,Commercial,Injection,2026-08-31 12:00:00,2026-08-31 18:00:00
ROW0006247,REF004895,ACC111,S08,INT08,2025-11-28,in_review,Medicare Advantage,Infusion,2026-08-31 12:00:00,2026-08-31 19:00:00
ROW0001183,REF001183,ACC062,S04,INT04,2025-11-07,completed,Commercial,Infusion,2026-08-31 12:00:00,2026-08-31 18:00:00
ROW0001871,REF001871,ACC018,S01,INT01,2025-09-29,complete,Commercial,Infusion,2026-08-31 12:00:00,2026-08-31 18:00:00
ROW0002020,REF002020,ACC050,S03,INT03,2025-06-27,VISIT COMPLETE,Commercial,Infusion,2026-08-31 12:00:00,2026-08-31 18:00:00
ROW0001186,REF001186,ACC113,S06,INT06,2026-06-14,complete,Commercial,Infusion,2026-08-31 12:00:00,2026-08-31 18:00:00
ROW0002275,REF002275,ACC076,S04,INT04,2025-07-05,completed,Medicare Advantage,Injection,2026-08-31 12:00:00,2026-08-31 18:00:00
ROW0002797,REF002797,ACC120,S06,INT06,2026-04-28,complete,Traditional Medicare,Infusion,2026-08-31 12:00:00,2026-08-31 18:00:00
ROW0006155,REF002786,ACC016,S01,INT01,2025-12-06,completed,Medicare Advantage,Other outpatient,2026-08-31 12:00:00,2026-08-31 19:00:00
ROW0004036,REF004036,ACC075,S04,INT04,2026-02-13,complete,Commercial,Infusion,2026-08-31 12:00:00,2026-08-31 18:00:00
ROW0000307,REF000307,ACC078,S04,INT04,2025-08-19,VISIT COMPLETE,Commercial,Injection,2026-08-31 12:00:00,2026-08-31 18:00:00
ROW0003224,REF003224,ACC053,S07,INT07,2025-02-21,completed,Commercial,Injection,2026-08-31 12:00:00,2026-08-31 18:00:00
ROW0006226,REF000186,ACC084,S05,INT05,2026-07-20,closed,Medicaid,Injection,2026-08-31 12:00:00,2026-08-31 19:00:00
ROW0000998,REF000998,ACC118,S08,INT08,2026-05-26,complete,Commercial,Injection,2026-08-31 12:00:00,2026-08-31 18:00:00
ROW0006003,REF001596,ACC012,S01,INT01,2025-08-27,received,Medicare Advantage,Injection,2026-08-30 12:00:00,2026-08-31 19:00:00
ROW0005947,REF005947,ACC055,S03,INT03,2026-03-13,completed,Medicare Advantage,Infusion,2026-08-31 12:00:00,2026-08-31 18:00:00
ROW0000925,REF000925,ACC074,S04,INT04,2026-06-26,review,Commercial,Infusion,2026-08-31 12:00:00,2026-08-31 18:00:00
ROW0001899,REF001899,ACC079,S04,INT04,2025-06-28,complete,Commercial,Infusion,2026-08-31 12:00:00,2026-08-31 18:00:00
ROW0000479,REF000479,ACC070,S04,INT04,2025-06-09,completed,Traditional Medicare,Infusion,2026-08-31 12:00:00,2026-08-31 18:00:00
ROW0000224,REF000224,ACC013,S01,INT01,2025-06-22,VISIT COMPLETE,Medicaid,Infusion,2026-08-31 12:00:00,2026-08-31 18:00:00
ROW0004385,REF004385,ACC006,S01,INT01,2025-01-27,completed,Medicare Advantage,Injection,2026-08-31 12:00:00,2026-08-31 18:00:00
ROW0003523,REF003523,ACC072,S04,INT04,2026-02-11,completed,Medicare Advantage,Infusion,2026-08-31 12:00:00,2026-08-31 18:00:00
ROW0002624,REF002624,ACC018,S01,INT01,2025-11-05,completed,Medicare Advantage,Infusion,2026-08-31 12:00:00,2026-08-31 18:00:00
ROW0005402,REF005402,ACC078,S04,INT04,2026-07-21,completed,Commercial,Other outpatient,2026-08-31 12:00:00,2026-08-31 18:00:00
ROW0002201,REF002201,ACC119,S08,INT08,2026-01-01,cancelled,Commercial,Other outpatient,2026-08-31 12:00:00,2026-08-31 18:00:00
ROW0003878,REF003878,ACC026,S02,INT02,2026-01-28,closed,Medicare Advantage,Injection,2026-08-31 12:00:00,2026-08-31 18:00:00
ROW0003568,REF003568,ACC084,S05,INT05,2026-07-03,complete,Traditional Medicare,Injection,2026-08-31 12:00:00,2026-08-31 18:00:00
ROW0004580,REF004580,ACC080,S04,INT04,2026-02-28,complete,Commercial,Infusion,2026-08-31 12:00:00,2026-08-31 18:00:00
ROW0004705,REF004705,ACC116,S06,INT06,2025-09-14,complete,Medicare Advantage,Infusion,2026-08-31 12:00:00,2026-08-31 18:00:00
ROW0003189,REF003189,ACC058,S07,INT07,2026-07-13,VISIT COMPLETE,Commercial,Injection,2026-08-31 12:00:00,2026-08-31 18:00:00
ROW0003733,REF003733,ACC046,S07,INT07,2025-02-11,complete,Medicare Advantage,Infusion,2026-08-31 12:00:00,2026-08-31 18:00:00
ROW0004476,REF004476,ACC044,S03,INT03,2025-04-25,VISIT COMPLETE,Commercial,Other outpatient,2026-08-31 12:00:00,2026-08-31 18:00:00
ROW0001840,REF001840,ACC011,S01,INT01,2026-06-15,complete,Medicaid,Infusion,2026-08-31 12:00:00,2026-08-31 18:00:00
ROW0001737,REF001737,ACC018,S01,INT01,2025-09-13,VISIT COMPLETE,Commercial,Infusion,2026-08-31 12:00:00,2026-08-31 18:00:00
ROW0003124,REF003124,ACC053,S03,INT03,2025-06-05,completed,Traditional Medicare,Injection,2026-08-31 12:00:00,2026-08-31 18:00:00
ROW0003840,REF003840,ACC099,S05,INT05,2026-01-16,VISIT COMPLETE,Medicare Advantage,Infusion,2026-08-31 12:00:00,2026-08-31 18:00:00
ROW0002003,REF002003,ACC017,S01,INT01,2025-05-23,complete,Medicare Advantage,Infusion,2026-08-31 12:00:00,2026-08-31 18:00:00
ROW0002417,REF002417,ACC074,S04,INT04,2025-11-30,VISIT COMPLETE,Traditional Medicare,Injection,2026-08-31 12:00:00,2026-08-31 18:00:00
ROW0005421,REF005421,ACC027,S02,INT02,2025-08-31,completed,Medicaid,Infusion,2026-08-31 12:00:00,2026-08-31 18:00:00
ROW0004598,REF004598,ACC103,S08,INT08,2026-01-04,completed,Commercial,Infusion,2026-08-31 12:00:00,2026-08-31 18:00:00
ROW0004127,REF004127,ACC026,S02,INT02,2026-05-18,VISIT COMPLETE,Commercial,Injection,2026-08-31 12:00:00,2026-08-31 18:00:00
ROW0000148,REF000148,ACC093,S05,INT05,,Received,Commercial,Infusion,2026-08-31 12:00:00,2026-08-31 18:00:00
ROW0003939,REF003939,ACC047,S03,INT03,2025-10-04,complete,Commercial,Infusion,2026-08-31 12:00:00,2026-08-31 18:00:00
ROW0005931,REF005931,ACC047,S07,INT07,2026-01-15,cancelled,Commercial,Infusion,2026-08-31 12:00:00,2026-08-31 18:00:00
ROW0000033,REF000033,ACC062,S04,INT04,2026-04-03,VISIT COMPLETE,Commercial,Infusion,2026-08-31 12:00:00,2026-08-31 18:00:00
ROW0005840,REF005840,ACC026,S02,INT02,2025-05-15,completed,Commercial,Infusion,2026-08-31 12:00:00,2026-08-31 18:00:00
ROW0003408,REF003408,ACC004,S01,INT01,2025-02-16,VISIT COMPLETE,Traditional Medicare,Infusion,2026-08-31 12:00:00,2026-08-31 18:00:00
ROW0002175,REF002175,ACC009,S01,INT01,2026-07-23,completed,Medicare Advantage,Other outpatient,2026-08-31 12:00:00,2026-08-31 18:00:00
ROW0000379,REF000379,ACC061,S04,INT04,2025-12-28,completed,Commercial,Infusion,2026-08-31 12:00:00,2026-08-31 18:00:00
ROW0004551,REF004551,ACC060,S07,INT07,2025-08-24,VISIT COMPLETE,Commercial,Other outpatient,2026-08-31 12:00:00,2026-08-31 18:00:00
ROW0001617,REF001617,ACC095,S05,INT05,2026-04-17,VISIT COMPLETE,Medicare Advantage,Other outpatient,2026-08-31 12:00:00,2026-08-31 18:00:00
ROW0003487,REF003487,ACC006,S01,INT01,2025-10-27,complete,Medicaid,Infusion,2026-08-31 12:00:00,2026-08-31 18:00:00
ROW0003942,REF003942,ACC063,S04,INT04,2026-05-01,complete,Traditional Medicare,Injection,2026-08-31 12:00:00,2026-08-31 18:00:00
ROW0002907,REF002907,ACC087,S05,INT05,2026-03-20,closed,Medicare Advantage,Infusion,2026-08-31 12:00:00,2026-08-31 18:00:00
ROW0000979,REF000979,ACC102,S06,INT06,2025-08-05,completed,Medicaid,Infusion,2026-08-31 12:00:00,2026-08-31 18:00:00
ROW0002672,REF002672,ACC010,S01,INT01,2026-02-03,VISIT COMPLETE,Medicare Advantage,Other outpatient,2026-08-31 12:00:00,2026-08-31 18:00:00
ROW0000993,REF000993,ACC108,S06,INT06,2025-12-26,completed,Traditional Medicare,Infusion,2026-08-31 12:00:00,2026-08-31 18:00:00
ROW0003252,REF003252,ACC065,S04,INT04,2026-03-24,complete,Traditional Medicare,Infusion,2026-08-31 12:00:00,2026-08-31 18:00:00
ROW0004056,REF004056,ACC026,S02,INT02,2025-11-26,complete,Medicare Advantage,Infusion,2026-08-31 12:00:00,2026-08-31 18:00:00
ROW0005576,REF005576,ACC036,S02,INT02,2025-10-05,VISIT COMPLETE,Traditional Medicare,Infusion,2026-08-31 12:00:00,2026-08-31 18:00:00
ROW0002973,REF002973,ACC047,S03,INT03,2025-08-17,complete,Commercial,Infusion,2026-08-31 12:00:00,2026-08-31 18:00:00
ROW0002976,REF002976,ACC091,S05,INT05,2025-01-29,complete,Medicaid,Infusion,2026-08-31 12:00:00,2026-08-31 18:00:00
ROW0000378,REF000378,ACC015,S01,INT01,2026-06-13,completed,Commercial,Infusion,2026-08-31 12:00:00,2026-08-31 18:00:00
ROW0001293,REF001293,ACC076,S04,INT04,2025-06-16,completed,Commercial,Injection,2026-08-31 12:00:00,2026-08-31 18:00:00
ROW0001656,REF001656,ACC006,S01,INT01,2025-01-21,review,Medicare Advantage,Infusion,2026-08-31 12:00:00,2026-08-31 18:00:00
ROW0001103,REF001103,ACC002,S01,INT01,2025-12-26,VISIT COMPLETE,Medicare Advantage,Infusion,2026-08-31 12:00:00,2026-08-31 18:00:00
ROW0004925,REF004925,ACC052,S03,INT03,2025-12-20,completed,Commercial,Infusion,2026-08-31 12:00:00,2026-08-31 18:00:00
ROW0001930,REF001930,ACC051,S03,INT03,2025-05-08,completed,Medicare Advantage,Infusion,2026-08-31 12:00:00,2026-08-31 18:00:00
ROW0002519,REF002519,ACC076,S04,INT04,2025-01-03,completed,Commercial,Infusion,2026-08-31 12:00:00,2026-08-31 18:00:00
ROW0000969,REF000969,ACC050,S07,INT07,2026-05-07,CLOSED - NO VISIT,Traditional Medicare,Infusion,2026-08-31 12:00:00,2026-08-31 18:00:00
ROW0002918,REF002918,ACC073,S04,INT04,2025-12-14,complete,Medicare Advantage,Infusion,2026-08-31 12:00:00,2026-08-31 18:00:00
ROW0001108,REF001108,ACC110,S06,INT06,2025-01-03,completed,Commercial,Injection,2026-08-31 12:00:00,2026-08-31 18:00:00
ROW0004102,REF004102,ACC004,S01,INT01,2026-06-12,VISIT COMPLETE,Medicare Advantage,Infusion,2026-08-31 12:00:00,2026-08-31 18:00:00
ROW0003584,REF003584,ACC120,S08,INT08,2025-11-06,complete,Commercial,Infusion,2026-08-31 12:00:00,2026-08-31 18:00:00
ROW0001795,REF001795,ACC025,S02,INT02,2025-12-07,complete,Commercial,Infusion,2026-08-31 12:00:00,2026-08-31 18:00:00
ROW0004907,REF004907,ACC040,S02,INT02,2026-07-01,complete,Medicaid,Injection,2026-08-31 12:00:00,2026-08-31 18:00:00
ROW0003710,REF003710,ACC038,S02,INT02,2025-10-07,completed,Traditional Medicare,Injection,2026-08-31 12:00:00,2026-08-31 18:00:00
ROW0002324,REF002324,ACC025,S02,INT02,2025-08-07,completed,Medicare Advantage,Infusion,2026-08-31 12:00:00,2026-08-31 18:00:00
ROW0005117,REF005117,ACC057,S03,INT03,2026-08-04,ready,Commercial,Infusion,2026-08-31 12:00:00,2026-08-31 18:00:00
ROW0004566,REF004566,ACC115,S06,INT06,2025-02-09,ready,Commercial,Injection,2026-08-31 12:00:00,2026-08-31 18:00:00
ROW0005391,REF005391,ACC072,S04,INT04,2025-01-17,VISIT COMPLETE,Traditional Medicare,Infusion,2026-08-31 12:00:00,2026-08-31 18:00:00
ROW0000667,REF000667,ACC047,S03,INT03,2026-01-10,CLOSED - NO VISIT,Medicare Advantage,Infusion,2026-08-31 12:00:00,2026-08-31 18:00:00
ROW0001574,REF001574,ACC057,S03,INT03,2025-08-07,complete,Commercial,Infusion,2026-08-31 12:00:00,2026-08-31 18:00:00
ROW0001489,REF001489,ACC087,S05,INT05,2026-03-01,VISIT COMPLETE,Medicare Advantage,Injection,2026-08-31 12:00:00,2026-08-31 18:00:00
ROW0000334,REF000334,ACC039,S02,INT02,2025-12-28,cancelled,Commercial,Infusion,2026-08-31 12:00:00,2026-08-31 18:00:00
ROW0004279,REF004279,ACC093,S05,INT05,2025-11-28,complete,Medicare Advantage,Infusion,2026-08-31 12:00:00,2026-08-31 18:00:00
ROW0004230,REF004230,ACC059,S03,INT03,2026-04-22,complete,Medicare Advantage,Injection,2026-08-31 12:00:00,2026-08-31 18:00:00
ROW0003808,REF003808,ACC021,S02,INT02,2025-04-22,VISIT COMPLETE,Medicare Advantage,Infusion,2026-08-31 12:00:00,2026-08-31 18:00:00
ROW0005867,REF005867,ACC002,S01,INT01,2025-06-10,completed,Commercial,Injection,2026-08-31 12:00:00,2026-08-31 18:00:00
ROW0003307,REF003307,ACC084,S05,INT05,2026-05-19,CLOSED - NO VISIT,Commercial,Injection,2026-08-31 12:00:00,2026-08-31 18:00:00
ROW0000264,REF000264,ACC077,S04,INT04,2025-09-08,complete,Other,Injection,2026-08-31 12:00:00,2026-08-31 18:00:00
ROW0004654,REF004654,ACC106,S08,INT08,2026-06-28,closed,Commercial,Injection,2026-08-31 12:00:00,2026-08-31 18:00:00
ROW0004350,REF004350,ACC087,S05,INT05,2026-08-03, SCHED ,Traditional Medicare,Infusion,2026-08-31 12:00:00,2026-08-31 18:00:00
ROW0005987,REF005987,ACC042,S07,INT07,2026-05-24,VISIT COMPLETE,Medicare Advantage,Injection,2026-08-31 12:00:00,2026-08-31 18:00:00
ROW0002744,REF002744,ACC049,S07,INT07,2026-02-20,VISIT COMPLETE,Medicare Advantage,Infusion,2026-08-31 12:00:00,2026-08-31 18:00:00
ROW0005313,REF005313,ACC029,S02,INT02,2026-04-01,In Review,Commercial,Infusion,2026-08-31 12:00:00,2026-08-31 18:00:00
ROW0005539,REF005539,ACC062,S04,INT04,2025-02-03,complete,Commercial,Injection,2026-08-31 12:00:00,2026-08-31 18:00:00
ROW0002172,REF002172,ACC096,S05,INT05,2025-01-18,CLOSED - NO VISIT,Medicare Advantage,Infusion,2026-08-31 12:00:00,2026-08-31 18:00:00
ROW0005330,REF005330,ACC028,S02,INT02,2025-02-25,VISIT COMPLETE,Medicaid,Injection,2026-08-31 12:00:00,2026-08-31 18:00:00
ROW0005625,REF005625,ACC044,S03,INT03,2026-04-15,complete,Medicaid,Infusion,2026-08-31 12:00:00,2026-08-31 18:00:00
ROW0002087,REF002087,ACC078,S04,INT04,2025-03-18,VISIT COMPLETE,Traditional Medicare,Infusion,2026-08-31 12:00:00,2026-08-31 18:00:00
ROW0005125,REF005125,ACC021,S02,INT02,2026-02-09,completed,Medicare Advantage,Infusion,2026-08-31 12:00:00,2026-08-31 18:00:00
ROW0001059,REF001059,ACC003,S01,INT01,2026-07-07,completed,Commercial,Infusion,2026-08-31 12:00:00,2026-08-31 18:00:00
ROW0005394,REF005394,ACC050,S03,INT03,2025-12-08,completed,Medicare Advantage,Injection,2026-08-31 12:00:00,2026-08-31 18:00:00
ROW0001346,REF001346,ACC001,S01,INT01,2026-01-20, NEW ,Medicare Advantage,Infusion,2026-08-31 12:00:00,2026-08-31 18:00:00
ROW0000594,REF000594,ACC035,S02,INT02,2025-12-03,VISIT COMPLETE,Medicare Advantage,Injection,2026-08-31 12:00:00,2026-08-31 18:00:00
ROW0000442,REF000442,ACC055,S03,INT03,2026-06-24,completed,Medicare Advantage,Injection,2026-08-31 12:00:00,2026-08-31 18:00:00
ROW0005697,REF005697,ACC008,S01,INT01,2026-04-13,completed,Commercial,Infusion,2026-08-31 12:00:00,2026-08-31 18:00:00
ROW0003507,REF003507,ACC118,S08,INT08,2026-02-25, NEW ,Traditional Medicare,Injection,2026-08-31 12:00:00,2026-08-31 18:00:00
ROW0001149,REF001149,ACC031,S02,INT02,2026-08-21,in_review,Medicare Advantage,Injection,2026-08-31 12:00:00,2026-08-31 18:00:00
ROW0000715,REF000715,ACC033,S02,INT02,2025-10-23,VISIT COMPLETE,Medicare Advantage,Infusion,2026-08-31 12:00:00,2026-08-31 18:00:00
ROW0004621,REF004621,ACC059,S03,INT03,2025-06-06,VISIT COMPLETE,Medicare Advantage,Injection,2026-08-31 12:00:00,2026-08-31 18:00:00
ROW0005633,REF005633,ACC060,S03,INT03,2025-07-16,Ready_to_Schedule,Commercial,Infusion,2026-08-31 12:00:00,2026-08-31 18:00:00
ROW0004355,REF004355,ACC046,S03,INT03,2025-02-06,complete,Commercial,Injection,2026-08-31 12:00:00,2026-08-31 18:00:00
ROW0005420,REF005420,ACC028,S02,INT02,2025-08-20,VISIT COMPLETE,Commercial,Infusion,2026-08-31 12:00:00,2026-08-31 18:00:00
ROW0001583,REF001583,ACC055,S07,INT07,2025-05-18,in_review,Medicare Advantage,Infusion,2026-08-31 12:00:00,2026-08-31 18:00:00
ROW0001341,REF001341,ACC101,S06,INT06,2026-08-10,ready,Medicaid,Injection,2026-08-31 12:00:00,2026-08-31 18:00:00
ROW0002651,REF002651,ACC072,S04,INT04,2025-03-19,VISIT COMPLETE,Medicare Advantage,Infusion,2026-08-31 12:00:00,2026-08-31 18:00:00
ROW0001354,REF001354,ACC080,S04,INT04,2025-07-09,completed,Medicare Advantage,Injection,2026-08-31 12:00:00,2026-08-31 18:00:00
ROW0004203,REF004203,ACC028,S02,INT02,2026-03-24,VISIT COMPLETE,Traditional Medicare,Infusion,2026-08-31 12:00:00,2026-08-31 18:00:00
ROW0000773,REF000773,ACC023,S02,INT02,2026-01-14,CLOSED - NO VISIT,Commercial,Infusion,2026-08-31 12:00:00,2026-08-31 18:00:00
ROW0003316,REF003316,ACC075,S04,INT04,2026-02-22,completed,Medicare Advantage,Infusion,2026-08-31 12:00:00,2026-08-31 18:00:00
ROW0004991,REF004991,ACC119,S08,INT08,2026-02-06,complete,Medicaid,Infusion,2026-08-31 12:00:00,2026-08-31 18:00:00
ROW0003514,REF003514,ACC070,S04,INT04,2026-01-09,closed,Traditional Medicare,Infusion,2026-08-31 12:00:00,2026-08-31 18:00:00
ROW0003334,REF003334,ACC080,S04,INT04,2025-07-31,completed,Commercial,Other outpatient,2026-08-31 12:00:00,2026-08-31 18:00:00
ROW0001872,REF001872,ACC002,S01,INT01,2026-06-22,VISIT COMPLETE,Traditional Medicare,Other outpatient,2026-08-31 12:00:00,2026-08-31 18:00:00
ROW0005424,REF005424,ACC007,S01,INT01,2026-07-06,complete,Commercial,Injection,2026-08-31 12:00:00,2026-08-31 18:00:00
ROW0001015,REF001015,ACC072,S04,INT04,2025-11-06,complete,Medicare Advantage,Injection,2026-08-31 12:00:00,2026-08-31 18:00:00
ROW0003805,REF003805,ACC059,S03,INT03,2025-09-01,in_review,Commercial,Infusion,2026-08-31 12:00:00,2026-08-31 18:00:00
ROW0000146,REF000146,ACC045,S03,INT03,2025-11-14,VISIT COMPLETE,Medicare Advantage,Injection,2026-08-31 12:00:00,2026-08-31 18:00:00
ROW0000247,REF000247,ACC026,S02,INT02,2025-05-20,completed,Traditional Medicare,Infusion,2026-08-31 12:00:00,2026-08-31 18:00:00
ROW0004756,REF004756,ACC016,S01,INT01,2026-08-16, SCHED ,Commercial,Infusion,2026-08-31 12:00:00,2026-08-31 18:00:00
ROW0001543,REF001543,ACC042,S07,INT07,2026-08-16,in_review,Medicare Advantage,Other outpatient,2026-08-31 12:00:00,2026-08-31 18:00:00
ROW0001315,REF001315,ACC028,S02,INT02,2026-05-26,complete,Traditional Medicare,Infusion,2026-08-31 12:00:00,2026-08-31 18:00:00
ROW0002778,REF002778,ACC087,S05,INT05,2026-02-22,complete,Commercial,Injection,2026-08-31 12:00:00,2026-08-31 18:00:00
ROW0005471,REF005471,ACC059,S03,INT03,2025-09-24,closed,Commercial,Infusion,2026-08-31 12:00:00,2026-08-31 18:00:00
ROW0001029,REF001029,ACC102,S08,INT08,2025-09-03,VISIT COMPLETE,Traditional Medicare,Infusion,2026-08-31 12:00:00,2026-08-31 18:00:00
ROW0004914,REF004914,ACC082,S05,INT05,2025-12-04,VISIT COMPLETE,Traditional Medicare,Infusion,2026-08-31 12:00:00,2026-08-31 18:00:00
ROW0006153,REF002055,ACC015,S01,INT01,2026-06-30,Ready_to_Schedule,Medicare Advantage,Injection,2026-08-31 12:00:00,2026-08-31 19:00:00
ROW0004091,REF004091,ACC027,S02,INT02,2025-11-10,complete,Medicare Advantage,Infusion,2026-08-31 12:00:00,2026-08-31 18:00:00
ROW0003007,REF003007,ACC071,S04,INT04,2026-03-17,VISIT COMPLETE,Commercial,Other outpatient,2026-08-31 12:00:00,2026-08-31 18:00:00
ROW0004901,REF004901,ACC056,S03,INT03,2025-10-10,Received,Commercial,Infusion,2026-08-31 12:00:00,2026-08-31 18:00:00
ROW0005604,REF005604,ACC010,S01,INT01,2025-10-11,VISIT COMPLETE,Medicaid,Infusion,2026-08-31 12:00:00,2026-08-31 18:00:00
ROW0001800,REF001800,ACC043,S07,INT07,2025-02-15,complete,Commercial,Injection,2026-08-31 12:00:00,2026-08-31 18:00:00
ROW0002114,REF002114,ACC099,S05,INT05,2026-03-04,complete,Commercial,Injection,2026-08-31 12:00:00,2026-08-31 18:00:00
ROW0006273,REF005006,ACC049,S03,INT03,2025-10-03,completed,Medicare Advantage,Injection,2026-08-31 12:00:00,2026-08-31 19:00:00
ROW0006214,REF003321,ACC075,S04,INT04,2026-07-21,VISIT COMPLETE,Commercial,Injection,2026-08-31 12:00:00,2026-08-31 19:00:00
ROW0003907,REF003907,ACC104,S08,INT08,2026-02-05,ready to schedule,Medicare Advantage,Infusion,2026-08-31 12:00:00,2026-08-31 18:00:00
ROW0004012,REF004012,ACC008,S01,INT01,2025-10-21,VISIT COMPLETE,Commercial,Infusion,2026-08-31 12:00:00,2026-08-31 18:00:00
ROW0005289,REF005289,ACC039,S02,INT02,2025-04-10,cancelled,Traditional Medicare,Infusion,2026-08-31 12:00:00,2026-08-31 18:00:00
ROW0002942,REF002942,ACC096,S05,INT05,2025-04-29,VISIT COMPLETE,Medicaid,Infusion,2026-08-31 12:00:00,2026-08-31 18:00:00
ROW0004059,REF004059,ACC018,S01,INT01,2026-07-21,Received,Medicare Advantage,Injection,2026-08-31 12:00:00,2026-08-31 18:00:00
ROW0002195,REF002195,ACC012,S01,INT01,2025-10-05,Ready_to_Schedule,Medicare Advantage,Infusion,2026-08-31 12:00:00,2026-08-31 18:00:00
ROW0004253,REF004253,ACC011,S01,INT01,2025-06-07,complete,Commercial,Injection,2026-08-31 12:00:00,2026-08-31 18:00:00
ROW0004648,REF004648,ACC033,S02,INT02,2026-01-15,completed,Commercial,Infusion,2026-08-31 12:00:00,2026-08-31 18:00:00
ROW0004197,REF004197,ACC095,S05,INT05,2026-04-26,complete,Traditional Medicare,Infusion,2026-08-31 12:00:00,2026-08-31 18:00:00
ROW0004370,REF004370,ACC098,S05,INT05,2026-07-19,VISIT COMPLETE,Medicare Advantage,Injection,2026-08-31 12:00:00,2026-08-31 18:00:00
ROW0000836,REF000836,ACC109,S06,INT06,2026-08-22,ready,Medicare Advantage,Infusion,2026-08-31 12:00:00,2026-08-31 18:00:00
ROW0002540,REF002540,ACC081,S05,INT05,2025-05-05,complete,Medicaid,Infusion,2026-08-31 12:00:00,2026-08-31 18:00:00
ROW0002620,REF002620,ACC049,S07,INT07,2025-12-07,CLOSED - NO VISIT,Commercial,Infusion,2026-08-31 12:00:00,2026-08-31 18:00:00
ROW0001634,REF001634,ACC016,S01,INT01,2025-11-11,complete,Traditional Medicare,Infusion,2026-08-31 12:00:00,2026-08-31 18:00:00
ROW0001739,REF001739,ACC035,S02,INT02,2026-01-05,VISIT COMPLETE,Medicare Advantage,Infusion,2026-08-31 12:00:00,2026-08-31 18:00:00
ROW0002498,REF002498,ACC008,S01,INT01,2025-03-04,completed,Commercial,Injection,2026-08-31 12:00:00,2026-08-31 18:00:00
ROW0000852,REF000852,ACC074,S04,INT04,2026-07-18,completed,Traditional Medicare,Other outpatient,2026-08-31 12:00:00,2026-08-31 18:00:00
ROW0003989,REF003989,ACC042,S07,INT07,2025-08-05,VISIT COMPLETE,Medicare Advantage,Infusion,2026-08-31 12:00:00,2026-08-31 18:00:00
ROW0002925,REF002925,ACC072,S04,INT04,2025-06-24,completed,Medicare Advantage,Infusion,2026-08-31 12:00:00,2026-08-31 18:00:00
ROW0005106,REF005106,ACC059,S03,INT03,2025-03-11,completed,Traditional Medicare,Other outpatient,2026-08-31 12:00:00,2026-08-31 18:00:00
ROW0005166,REF005166,ACC085,S05,INT05,2025-04-24,ready to schedule,Commercial,Infusion,2026-08-31 12:00:00,2026-08-31 18:00:00
ROW0004603,REF004603,ACC087,S05,INT05,2026-04-21,CLOSED - NO VISIT,Commercial,Infusion,2026-08-31 12:00:00,2026-08-31 18:00:00
ROW0000762,REF000762,ACC014,S01,INT01,2025-12-07,VISIT COMPLETE,Traditional Medicare,Infusion,2026-08-31 12:00:00,2026-08-31 18:00:00
ROW0001438,REF001438,ACC085,S05,INT05,2025-08-04,CLOSED - NO VISIT,Medicare Advantage,Infusion,2026-08-31 12:00:00,2026-08-31 18:00:00
ROW0002101,REF002101,ACC077,S04,INT04,2026-04-08,cancelled,Medicaid,Infusion,2026-08-31 12:00:00,2026-08-31 18:00:00
ROW0005532,REF005532,ACC013,S01,,2025-05-05,complete,Medicare Advantage,Other outpatient,2026-08-31 12:00:00,2026-08-31 18:00:00
ROW0002565,REF002565,ACC099,S05,INT05,2025-07-11,completed,Medicare Advantage,Injection,2026-08-31 12:00:00,2026-08-31 18:00:00
ROW0004246,REF004246,ACC119,S06,INT06,2026-07-20,VISIT COMPLETE,Commercial,Injection,2026-08-31 12:00:00,2026-08-31 18:00:00
ROW0001681,REF001681,ACC047,S03,INT03,2025-03-26,completed,Other,Injection,2026-08-31 12:00:00,2026-08-31 18:00:00
ROW0002483,REF002483,ACC091,S05,INT05,2025-01-22,completed,Commercial,Infusion,2026-08-31 12:00:00,2026-08-31 18:00:00
ROW0003471,REF003471,ACC091,S05,INT05,2026-06-28,complete,Medicare Advantage,Infusion,2026-08-31 12:00:00,2026-08-31 18:00:00
ROW0002450,REF002450,ACC060,S03,INT03,2026-01-19,VISIT COMPLETE,Commercial,Infusion,2026-08-31 12:00:00,2026-08-31 18:00:00
ROW0001441,REF001441,ACC071,S04,INT04,2025-06-10,closed,Commercial,Other outpatient,2026-08-31 12:00:00,2026-08-31 18:00:00
ROW0002122,REF002122,ACC106,S08,,2025-12-13,VISIT COMPLETE,Medicare Advantage,Other outpatient,2026-08-31 12:00:00,2026-08-31 18:00:00
ROW0003230,REF003230,ACC044,S07,INT07,2025-04-26,closed,Medicare Advantage,Infusion,2026-08-31 12:00:00,2026-08-31 18:00:00
ROW0004438,REF004438,ACC049,S07,,2025-01-05,received,Commercial,Injection,2026-08-31 12:00:00,2026-08-31 18:00:00
ROW0001272,REF001272,ACC031,S02,INT02,2025-04-19,completed,Medicare Advantage,Injection,2026-08-31 12:00:00,2026-08-31 18:00:00
ROW0002315,REF002315,ACC029,S02,,2026-06-10,complete,Commercial,Injection,2026-08-31 12:00:00,2026-08-31 18:00:00
ROW0003760,REF003760,ACC014,S01,INT01,2026-04-24,complete,Commercial,Infusion,2026-08-31 12:00:00,2026-08-31 18:00:00
ROW0005102,REF005102,ACC065,S04,INT04,2025-12-30,completed,Commercial,Injection,2026-08-31 12:00:00,2026-08-31 18:00:00
ROW0005522,REF005522,ACC087,S05,,2026-08-18,ready,Medicare Advantage,Injection,2026-08-31 12:00:00,2026-08-31 18:00:00
ROW0001957,REF001957,ACC119,S08,INT08,2026-03-10,VISIT COMPLETE,Commercial,Other outpatient,2026-08-31 12:00:00,2026-08-31 18:00:00
ROW0005373,REF005373,ACC044,S03,INT03,2025-02-16,VISIT COMPLETE,Traditional Medicare,Infusion,2026-08-31 12:00:00,2026-08-31 18:00:00
ROW0001031,REF001031,ACC005,S01,INT01,2026-03-18,VISIT COMPLETE,Medicare Advantage,Injection,2026-08-31 12:00:00,2026-08-31 18:00:00
ROW0000743,REF000743,ACC042,S03,INT03,2025-12-20,completed,Commercial,Infusion,2026-08-31 12:00:00,2026-08-31 18:00:00
ROW0005544,REF005544,ACC044,S03,INT03,2026-07-21, SCHED ,Commercial,Injection,2026-08-31 12:00:00,2026-08-31 18:00:00
ROW0003751,REF003751,ACC033,S02,INT02,2025-12-11,review,Commercial,Infusion,2026-08-31 12:00:00,2026-08-31 18:00:00
ROW0002133,REF002133,ACC079,S04,INT04,2026-04-12,complete,Commercial,Infusion,2026-08-31 12:00:00,2026-08-31 18:00:00
ROW0001776,REF001776,ACC054,S03,INT03,2025-06-10, NEW ,Commercial,Infusion,2026-08-31 12:00:00,2026-08-31 18:00:00
ROW0001409,REF001409,ACC120,S08,INT08,2026-04-29,complete,Commercial,Infusion,2026-08-31 12:00:00,2026-08-31 18:00:00
ROW0005180,REF005180,ACC073,S04,INT04,2025-09-06,complete,Traditional Medicare,Injection,2026-08-31 12:00:00,2026-08-31 18:00:00
ROW0005838,REF005838,ACC034,S02,INT02,2026-01-23,complete,Commercial,Infusion,2026-08-31 12:00:00,2026-08-31 18:00:00
ROW0006100,REF003545,ACC089,S05,INT05,2026-04-27,CLOSED - NO VISIT,Commercial,Infusion,2026-08-31 12:00:00,2026-08-31 19:00:00
ROW0000362,REF000362,ACC057,S03,INT03,2026-02-10,VISIT COMPLETE,Medicare Advantage,Injection,2026-08-31 12:00:00,2026-08-31 18:00:00
ROW0000615,REF000615,ACC114,S06,INT06,2025-04-02,VISIT COMPLETE,Medicare Advantage,Infusion,2026-08-31 12:00:00,2026-08-31 18:00:00
ROW0002642,REF002642,ACC092,S05,INT05,2026-01-31,completed,Medicaid,Infusion,2026-08-31 12:00:00,2026-08-31 18:00:00
ROW0000977,REF000977,ACC103,S06,INT06,2026-03-27,complete,Medicare Advantage,Infusion,2026-08-31 12:00:00,2026-08-31 18:00:00
ROW0005911,REF005911,ACC097,S05,INT05,2026-02-20,complete,Medicaid,Infusion,2026-08-31 12:00:00,2026-08-31 18:00:00
ROW0003168,REF003168,ACC073,S04,INT04,2026-02-17,completed,Traditional Medicare,Other outpatient,2026-08-31 12:00:00,2026-08-31 18:00:00
ROW0006129,REF000075,ACC110,S06,INT06,2025-03-15,CLOSED - NO VISIT,Commercial,Infusion,2026-08-31 12:00:00,2026-08-31 19:00:00
ROW0000176,REF000176,ACC001,S01,INT01,2025-02-16,completed,Medicare Advantage,Infusion,2026-08-31 12:00:00,2026-08-31 18:00:00
ROW0002861,REF002861,ACC079,S04,INT04,2025-11-15,in progress?,Commercial,Infusion,2026-08-31 12:00:00,2026-08-31 18:00:00
ROW0002800,REF002800,ACC059,S03,INT03,2025-12-16,CLOSED - NO VISIT,Medicare Advantage,Infusion,2026-08-31 12:00:00,2026-08-31 18:00:00
ROW0002639,REF002639,ACC097,S05,INT05,2026-06-07,completed,Traditional Medicare,Other outpatient,2026-08-31 12:00:00,2026-08-31 18:00:00
ROW0006098,REF000890,ACC029,S02,INT02,2026-02-03,complete,Medicare Advantage,Injection,2026-08-31 12:00:00,2026-08-31 19:00:00
ROW0000256,REF000256,ACC066,S04,INT04,2025-03-27,Ready_to_Schedule,Traditional Medicare,Infusion,2026-08-31 12:00:00,2026-08-31 18:00:00
ROW0005694,REF005694,ACC006,S01,INT01,2025-04-28,complete,Commercial,Injection,2026-08-31 12:00:00,2026-08-31 18:00:00
ROW0003943,REF003943,ACC006,S01,INT01,2025-08-10,closed,Medicaid,Injection,2026-08-31 12:00:00,2026-08-31 18:00:00
ROW0001658,REF001658,ACC072,S04,INT04,2026-05-13,closed,Traditional Medicare,Infusion,2026-08-31 12:00:00,2026-08-31 18:00:00
ROW0003847,REF003847,ACC117,S08,INT08,2026-04-23,CLOSED - NO VISIT,Medicaid,Injection,2026-08-31 12:00:00,2026-08-31 18:00:00
ROW0006114,REF003020,ACC032,S02,INT02,2025-04-04,cancelled,Commercial,Infusion,2026-08-31 12:00:00,2026-08-31 19:00:00
ROW0005503,REF005503,ACC096,S05,INT05,2025-03-19,completed,Medicare Advantage,Infusion,2026-08-31 12:00:00,2026-08-31 18:00:00
ROW0000241,REF000241,ACC080,S04,INT04,2025-07-01,VISIT COMPLETE,Medicare Advantage,Injection,2026-08-31 12:00:00,2026-08-31 18:00:00
ROW0006079,REF004289,ACC031,S02,INT02,2025-04-14,VISIT COMPLETE,Commercial,Injection,2026-08-31 12:00:00,2026-08-31 19:00:00
ROW0003880,REF003880,ACC084,S05,INT05,2026-06-26,complete,Medicare Advantage,Other outpatient,2026-08-31 12:00:00,2026-08-31 18:00:00
ROW0004817,REF004817,ACC116,S08,INT08,2025-12-09,complete,Commercial,Infusion,2026-08-31 12:00:00,2026-08-31 18:00:00
ROW0004615,REF004615,ACC053,S03,INT03,2026-04-29,CLOSED - NO VISIT,Commercial,Infusion,2026-08-31 12:00:00,2026-08-31 18:00:00
ROW0002715,REF002715,ACC007,S01,INT01,2025-08-01,Ready_to_Schedule,Medicare Advantage,Injection,2026-08-31 12:00:00,2026-08-31 18:00:00
ROW0003775,REF003775,ACC008,S01,INT01,2026-06-07,cancelled,Medicare Advantage,Injection,2026-08-31 12:00:00,2026-08-31 18:00:00
ROW0002219,REF002219,ACC108,S08,INT08,2025-02-03,complete,Medicare Advantage,Infusion,2026-08-31 12:00:00,2026-08-31 18:00:00
ROW0003317,REF003317,ACC098,S05,INT05,2026-03-13,cancelled,Medicare Advantage,Infusion,2026-08-31 12:00:00,2026-08-31 18:00:00
ROW0001193,REF001193,ACC046,S03,INT03,2025-09-02,complete,Commercial,Other outpatient,2026-08-31 12:00:00,2026-08-31 18:00:00
ROW0000770,REF000770,ACC050,S07,INT07,2025-10-17,complete,Commercial,Infusion,2026-08-31 12:00:00,2026-08-31 18:00:00
ROW0002210,REF002210,ACC085,S05,INT05,2026-03-29,VISIT COMPLETE,Medicare Advantage,Infusion,2026-08-31 12:00:00,2026-08-31 18:00:00
ROW0004035,REF004035,ACC034,S02,INT02,2026-08-16,CLOSED - NO VISIT,Commercial,Infusion,2026-08-31 12:00:00,2026-08-31 18:00:00
ROW0001260,REF001260,ACC080,S04,INT04,2025-05-26,completed,Medicare Advantage,Injection,2026-08-31 12:00:00,2026-08-31 18:00:00
ROW0005870,REF005870,ACC018,S01,INT01,2026-06-17,complete,Medicare Advantage,Infusion,2026-08-31 12:00:00,2026-08-31 18:00:00
ROW0004048,REF004048,ACC050,S03,INT03,2026-07-01,in_review,Medicare Advantage,Injection,2026-08-31 12:00:00,2026-08-31 18:00:00
ROW0002369,REF002369,ACC042,S03,INT03,2025-07-01,complete,Medicare Advantage,Injection,2026-08-31 12:00:00,2026-08-31 18:00:00
ROW0005557,REF005557,ACC066,S04,INT04,2025-10-10,completed,Medicare Advantage,Injection,2026-08-31 12:00:00,2026-08-31 18:00:00
ROW0004593,REF004593,ACC033,S02,INT02,2026-06-22,completed,Commercial,Other outpatient,2026-08-31 12:00:00,2026-08-31 18:00:00
ROW0002190,REF002190,ACC028,S02,INT02,2025-08-10,completed,Medicare Advantage,Infusion,2026-08-31 12:00:00,2026-08-31 18:00:00
ROW0004849,REF004849,ACC008,S01,,2025-02-12,VISIT COMPLETE,Commercial,Infusion,2026-08-31 12:00:00,2026-08-31 18:00:00
ROW0004911,REF004911,ACC105,S06,INT06,2026-06-08,completed,Commercial,Infusion,2026-08-31 12:00:00,2026-08-31 18:00:00
ROW0006063,REF000789,ACC114,S06,INT06,2025-11-10,completed,Commercial,Injection,2026-08-31 12:00:00,2026-08-31 19:00:00
ROW0001938,REF001938,ACC114,S06,INT06,2025-05-30,completed,Commercial,Injection,2026-08-31 12:00:00,2026-08-31 18:00:00
ROW0005708,REF005708,ACC065,S04,INT04,2025-11-01,complete,Commercial,Infusion,2026-08-31 12:00:00,2026-08-31 18:00:00
ROW0000047,REF000047,ACC008,S01,INT01,2025-12-30,complete,Commercial,Injection,2026-08-31 12:00:00,2026-08-31 18:00:00
ROW0004559,REF004559,ACC074,S04,INT04,2026-08-31, NEW ,Medicare Advantage,Injection,2026-08-31 12:00:00,2026-08-31 18:00:00
ROW0003491,REF003491,ACC065,S04,INT04,2026-03-30,complete,Commercial,Infusion,2026-08-31 12:00:00,2026-08-31 18:00:00
ROW0005794,REF005794,ACC060,S03,INT03,2026-04-16,closed,Medicare Advantage,Injection,2026-08-31 12:00:00,2026-08-31 18:00:00
ROW0002579,REF002579,ACC110,S08,INT08,2026-01-13,received,Medicare Advantage,Other outpatient,2026-08-31 12:00:00,2026-08-31 18:00:00
ROW0002436,REF002436,ACC111,S06,INT06,2026-08-17,review,Medicaid,Injection,2026-08-31 12:00:00,2026-08-31 18:00:00
ROW0002500,REF002500,ACC056,S03,INT03,2025-12-31,cancelled,Medicaid,Injection,2026-08-31 12:00:00,2026-08-31 18:00:00
ROW0003100,REF003100,ACC084,S05,INT05,2026-07-02,complete,Commercial,Infusion,2026-08-31 12:00:00,2026-08-31 18:00:00
ROW0000205,REF000205,ACC037,S02,INT02,2025-12-28,ready,Medicare Advantage,Injection,2026-08-31 12:00:00,2026-08-31 18:00:00
ROW0003236,REF003236,ACC072,S04,INT04,2025-05-30,completed,Commercial,Infusion,2026-08-31 12:00:00,2026-08-31 18:00:00
ROW0000159,REF000159,ACC120,S08,INT08,2025-07-25,cancelled,Medicare Advantage,Infusion,2026-08-31 12:00:00,2026-08-31 18:00:00
ROW0003665,REF003665,ACC016,S01,INT01,2025-11-05,VISIT COMPLETE,Commercial,Injection,2026-08-31 12:00:00,2026-08-31 18:00:00
ROW0003366,REF003366,ACC015,S01,INT01,2025-07-16,CLOSED - NO VISIT,Medicaid,Infusion,2026-08-31 12:00:00,2026-08-31 18:00:00
ROW0005233,REF005233,ACC010,S01,INT01,2026-05-08,completed,Medicare Advantage,Infusion,2026-08-31 12:00:00,2026-08-31 18:00:00
ROW0004579,REF004579,ACC064,S04,INT04,2025-02-27,complete,Medicare Advantage,Injection,2026-08-31 12:00:00,2026-08-31 18:00:00
ROW0000388,REF000388,ACC032,S02,INT02,2025-09-02,completed,Commercial,Injection,2026-08-31 12:00:00,2026-08-31 18:00:00
ROW0003096,REF003096,ACC028,S02,INT02,2025-02-01,complete,Commercial,Injection,2026-08-31 12:00:00,2026-08-31 18:00:00
ROW0003253,REF003253,ACC097,S05,INT05,2026-08-05, SCHED ,Medicare Advantage,Infusion,2026-08-31 12:00:00,2026-08-31 18:00:00
ROW0000075,REF000075,ACC110,S06,INT06,2025-03-15,CLOSED - NO VISIT,Commercial,Infusion,2026-08-31 12:00:00,2026-08-31 18:00:00
ROW0000089,REF000089,ACC044,S07,INT07,2026-08-13,ready to schedule,Commercial,Other outpatient,2026-08-31 12:00:00,2026-08-31 18:00:00
ROW0000072,REF000072,ACC078,S04,INT04,2026-08-14, SCHED ,Medicare Advantage,Injection,2026-08-31 12:00:00,2026-08-31 18:00:00
ROW0001479,REF001479,ACC012,S01,INT01,2026-03-22,complete,Commercial,Injection,2026-08-31 12:00:00,2026-08-31 18:00:00
ROW0001215,REF001215,ACC063,S04,INT04,2026-04-14,In Review,Commercial,Infusion,2026-08-31 12:00:00,2026-08-31 18:00:00
ROW0002357,REF002357,ACC084,S05,INT05,2026-07-01,complete,Traditional Medicare,Injection,2026-08-31 12:00:00,2026-08-31 18:00:00
ROW0000438,REF000438,ACC054,S07,INT07,2025-06-17,VISIT COMPLETE,Traditional Medicare,Infusion,2026-08-31 12:00:00,2026-08-31 18:00:00
ROW0000524,REF000524,ACC120,S08,INT08,2026-05-10,VISIT COMPLETE,Traditional Medicare,Injection,2026-08-31 12:00:00,2026-08-31 18:00:00
ROW0005556,REF005556,ACC061,S04,INT04,2025-07-04,VISIT COMPLETE,Commercial,Injection,2026-08-31 12:00:00,2026-08-31 18:00:00
ROW0003495,REF003495,ACC035,S02,INT02,2025-03-11,cancelled,Commercial,Injection,2026-08-31 12:00:00,2026-08-31 18:00:00
ROW0004549,REF004549,ACC110,S08,INT08,2025-06-18,closed,Commercial,Injection,2026-08-31 12:00:00,2026-08-31 18:00:00
ROW0001463,REF001463,ACC016,S01,INT01,2025-03-16,closed,Commercial,Infusion,2026-08-31 12:00:00,2026-08-31 18:00:00
ROW0005990,REF005990,ACC038,S02,INT02,2026-07-30,completed,Commercial,Injection,2026-08-31 12:00:00,2026-08-31 18:00:00
ROW0003528,REF003528,ACC016,S01,INT01,2025-12-08,complete,Medicare Advantage,Infusion,2026-08-31 12:00:00,2026-08-31 18:00:00
ROW0000505,REF000505,ACC014,S01,INT01,2025-06-22,closed,Medicare Advantage,Injection,2026-08-31 12:00:00,2026-08-31 18:00:00
ROW0004442,REF004442,ACC001,S01,INT01,2026-04-20,complete,Commercial,Infusion,2026-08-31 12:00:00,2026-08-31 18:00:00
ROW0004342,REF004342,ACC062,S04,INT04,2025-02-05,VISIT COMPLETE,Traditional Medicare,Infusion,2026-08-31 12:00:00,2026-08-31 18:00:00
ROW0000652,REF000652,ACC015,S01,INT01,2025-01-19,VISIT COMPLETE,Medicare Advantage,Infusion,2026-08-31 12:00:00,2026-08-31 18:00:00
ROW0004304,REF004304,ACC076,S04,INT04,2025-03-24, NEW ,Medicare Advantage,Infusion,2026-08-31 12:00:00,2026-08-31 18:00:00
ROW0001942,REF001942,ACC093,S05,INT05,2025-09-02,completed,Commercial,Injection,2026-08-31 12:00:00,2026-08-31 18:00:00
ROW0001851,REF001851,ACC081,S05,INT05,2026-08-30,Received,Commercial,Injection,2026-08-31 12:00:00,2026-08-31 18:00:00
ROW0000792,REF000792,ACC099,S05,INT05,2025-06-14,completed,Commercial,Injection,2026-08-31 12:00:00,2026-08-31 18:00:00
ROW0002094,REF002094,ACC099,S05,INT05,2025-09-26,complete,Medicare Advantage,Infusion,2026-08-31 12:00:00,2026-08-31 18:00:00
ROW0002818,REF002818,ACC018,S01,INT01,2025-02-19,completed,Medicare Advantage,Other outpatient,2026-08-31 12:00:00,2026-08-31 18:00:00
ROW0005014,REF005014,ACC050,S03,INT03,2025-08-08,completed,Medicaid,Infusion,2026-08-31 12:00:00,2026-08-31 18:00:00
ROW0000157,REF000157,ACC117,S08,INT08,2025-10-01,review,Medicare Advantage,Other outpatient,2026-08-31 12:00:00,2026-08-31 18:00:00
ROW0005596,REF005596,ACC039,S02,INT02,2025-09-13,complete,Medicare Advantage,Injection,2026-08-31 12:00:00,2026-08-31 18:00:00
ROW0003347,REF003347,ACC015,S01,INT01,2025-05-28,VISIT COMPLETE,Commercial,Infusion,2026-08-31 12:00:00,2026-08-31 18:00:00
ROW0005255,REF005255,ACC033,S02,INT02,2026-01-17,VISIT COMPLETE,Traditional Medicare,Infusion,2026-08-31 12:00:00,2026-08-31 18:00:00
ROW0003729,REF003729,ACC109,S08,INT08,2025-05-19,received,Traditional Medicare,Infusion,2026-08-31 12:00:00,2026-08-31 18:00:00
ROW0002342,REF002342,ACC059,S03,INT03,2026-01-01,VISIT COMPLETE,Medicare Advantage,Infusion,2026-08-31 12:00:00,2026-08-31 18:00:00
ROW0000452,REF000452,ACC015,S01,INT01,2025-01-28,complete,Commercial,Infusion,2026-08-31 12:00:00,2026-08-31 18:00:00
ROW0003699,REF003699,ACC079,S04,INT04,2026-08-24,ready,Medicare Advantage,Injection,2026-08-31 12:00:00,2026-08-31 18:00:00
ROW0004772,REF004772,ACC055,S07,INT07,2025-05-25,completed,Commercial,Injection,2026-08-31 12:00:00,2026-08-31 18:00:00
ROW0003193,REF003193,ACC046,S07,INT07,2026-08-03,ready,Medicare Advantage,Infusion,2026-08-31 12:00:00,2026-08-31 18:00:00
ROW0005317,REF005317,ACC087,S05,INT05,2025-05-27,cancelled,Medicare Advantage,Injection,2026-08-31 12:00:00,2026-08-31 18:00:00
ROW0002287,REF002287,ACC092,S05,INT05,2026-05-07,cancelled,Commercial,Infusion,2026-08-31 12:00:00,2026-08-31 18:00:00
ROW0000501,REF000501,ACC095,S05,INT05,2025-11-21,completed,Traditional Medicare,Infusion,2026-08-31 12:00:00,2026-08-31 18:00:00
ROW0001505,REF001505,ACC044,S07,INT07,2026-06-05,VISIT COMPLETE,Medicare Advantage,Infusion,2026-08-31 12:00:00,2026-08-31 18:00:00
ROW0002762,REF002762,ACC095,S05,INT05,2025-12-05,completed,Commercial,Injection,2026-08-31 12:00:00,2026-08-31 18:00:00
ROW0001842,REF001842,ACC016,S01,INT01,2025-05-04,completed,Medicare Advantage,Other outpatient,2026-08-31 12:00:00,2026-08-31 18:00:00
ROW0003164,REF003164,ACC091,S05,INT05,2026-03-12,complete,Traditional Medicare,Injection,2026-08-31 12:00:00,2026-08-31 18:00:00
ROW0004838,REF004838,ACC119,S06,INT06,2025-10-25,completed,Commercial,Infusion,2026-08-31 12:00:00,2026-08-31 18:00:00
ROW0001036,REF001036,ACC035,S02,INT02,2025-03-02,completed,Medicaid,Infusion,2026-08-31 12:00:00,2026-08-31 18:00:00
ROW0001850,REF001850,ACC011,S01,INT01,2025-05-04,CLOSED - NO VISIT,Medicare Advantage,Other outpatient,2026-08-31 12:00:00,2026-08-31 18:00:00
ROW0002312,REF002312,ACC012,S01,INT01,2026-02-23,completed,Traditional Medicare,Infusion,2026-08-31 12:00:00,2026-08-31 18:00:00
ROW0003541,REF003541,ACC118,S08,INT08,2026-03-24,cancelled,Medicare Advantage,Infusion,2026-08-31 12:00:00,2026-08-31 18:00:00
ROW0002362,REF002362,ACC099,S05,INT05,2026-06-29,completed,Commercial,Injection,2026-08-31 12:00:00,2026-08-31 18:00:00
ROW0004300,REF004300,ACC087,S05,INT05,2025-12-25,In Review,Medicare Advantage,Injection,2026-08-31 12:00:00,2026-08-31 18:00:00
ROW0004929,REF004929,ACC026,S02,INT02,2026-05-19,complete,Commercial,Infusion,2026-08-31 12:00:00,2026-08-31 18:00:00
ROW0005414,REF005414,ACC026,S02,INT02,2025-07-04,VISIT COMPLETE,Commercial,Infusion,2026-08-31 12:00:00,2026-08-31 18:00:00
ROW0001621,REF001621,ACC028,S02,INT02,2026-05-16,complete,Commercial,Injection,2026-08-31 12:00:00,2026-08-31 18:00:00
ROW0006150,REF001715,ACC035,S02,INT02,2025-12-19,VISIT COMPLETE,Commercial,Infusion,2026-08-31 12:00:00,2026-08-31 19:00:00
ROW0002031,REF002031,ACC042,S03,INT03,2025-03-22,completed,Medicare Advantage,Injection,2026-08-31 12:00:00,2026-08-31 18:00:00
ROW0002170,REF002170,ACC007,S01,INT01,2025-02-26,complete,Traditional Medicare,Infusion,2026-08-31 12:00:00,2026-08-31 18:00:00
ROW0002937,REF002937,ACC036,S02,INT02,2025-11-30,completed,Traditional Medicare,Injection,2026-08-31 12:00:00,2026-08-31 18:00:00
ROW0000064,REF000064,ACC102,S06,INT06,2025-10-03,VISIT COMPLETE,Commercial,Injection,2026-08-31 12:00:00,2026-08-31 18:00:00
ROW0006160,REF001227,ACC031,S02,,2025-06-28,complete,Commercial,Injection,2026-08-31 12:00:00,2026-08-31 19:00:00
ROW0004863,REF004863,ACC086,S05,INT05,2025-07-27,VISIT COMPLETE,Other,Other outpatient,2026-08-31 12:00:00,2026-08-31 18:00:00
ROW0005782,REF005782,ACC050,S03,INT03,2026-02-19,complete,Commercial,Infusion,2026-08-31 12:00:00,2026-08-31 18:00:00
ROW0001944,REF001944,ACC086,S05,INT05,2025-10-20,completed,Commercial,Infusion,2026-08-31 12:00:00,2026-08-31 18:00:00
ROW0001268,REF001268,ACC080,S04,INT04,2025-08-07,VISIT COMPLETE,Commercial,Infusion,2026-08-31 12:00:00,2026-08-31 18:00:00
ROW0002426,REF002426,ACC120,S06,INT06,2026-08-03, SCHED ,Medicare Advantage,Injection,2026-08-31 12:00:00,2026-08-31 18:00:00
ROW0002521,REF002521,ACC093,S05,INT05,2025-06-27,completed,Medicare Advantage,Injection,2026-08-31 12:00:00,2026-08-31 18:00:00
ROW0002289,REF002289,ACC041,S07,INT07,2026-05-08,complete,Medicare Advantage,Other outpatient,2026-08-31 12:00:00,2026-08-31 18:00:00
ROW0002995,REF002995,ACC085,S05,INT05,2025-08-09,completed,Commercial,Injection,2026-08-31 12:00:00,2026-08-31 18:00:00
ROW0002272,REF002272,ACC117,S06,INT06,2025-06-26,VISIT COMPLETE,Medicare Advantage,Injection,2026-08-31 12:00:00,2026-08-31 18:00:00
ROW0000906,REF000906,ACC016,S01,INT01,2026-03-08,completed,Medicaid,Infusion,2026-08-31 12:00:00,2026-08-31 18:00:00
ROW0003965,REF003965,ACC011,S01,INT01,2025-10-02,complete,Medicare Advantage,Injection,2026-08-31 12:00:00,2026-08-31 18:00:00
ROW0003565,REF003565,ACC102,S06,INT06,2026-03-26,VISIT COMPLETE,Medicare Advantage,Infusion,2026-08-31 12:00:00,2026-08-31 18:00:00
ROW0000340,REF000340,ACC110,S06,INT06,2025-07-28,completed,Other,Infusion,2026-08-31 12:00:00,2026-08-31 18:00:00
ROW0004362,REF004362,ACC050,S07,INT07,2025-03-06,complete,Commercial,Infusion,2026-08-31 12:00:00,2026-08-31 18:00:00
ROW0000223,REF000223,ACC026,S02,INT02,2026-03-12,completed,Other,Other outpatient,2026-08-31 12:00:00,2026-08-31 18:00:00
ROW0002938,REF002938,ACC015,S01,INT01,2025-06-16,CLOSED - NO VISIT,Commercial,Injection,2026-08-31 12:00:00,2026-08-31 18:00:00
ROW0000842,REF000842,ACC053,S03,INT03,2025-12-23,complete,Commercial,Injection,2026-08-31 12:00:00,2026-08-31 18:00:00
ROW0004988,REF004988,ACC054,S03,INT03,2026-03-10,cancelled,Medicare Advantage,Injection,2026-08-31 12:00:00,2026-08-31 18:00:00
ROW0004356,REF004356,ACC024,S02,INT02,2025-11-19,VISIT COMPLETE,Medicare Advantage,Infusion,2026-08-31 12:00:00,2026-08-31 18:00:00
ROW0005769,REF005769,ACC097,S05,INT05,2026-06-13,VISIT COMPLETE,Medicaid,Infusion,2026-08-31 12:00:00,2026-08-31 18:00:00
ROW0004780,REF004780,ACC104,S06,INT06,2026-05-12,complete,Medicare Advantage,Infusion,2026-08-31 12:00:00,2026-08-31 18:00:00
ROW0002418,REF002418,ACC062,S04,INT04,2026-05-04,closed,Commercial,Injection,2026-08-31 12:00:00,2026-08-31 18:00:00
ROW0003869,REF003869,ACC043,S03,INT03,2026-07-17,VISIT COMPLETE,Traditional Medicare,Injection,2026-08-31 12:00:00,2026-08-31 18:00:00
ROW0000343,REF000343,ACC095,S05,INT05,2025-09-24,completed,Traditional Medicare,Injection,2026-08-31 12:00:00,2026-08-31 18:00:00
ROW0002297,REF002297,ACC033,S02,INT02,2025-08-22,completed,Medicare Advantage,Infusion,2026-08-31 12:00:00,2026-08-31 18:00:00
ROW0002083,REF002083,ACC033,S02,INT02,2026-05-27,ready to schedule,Commercial,Infusion,2026-08-31 12:00:00,2026-08-31 18:00:00
ROW0001893,REF001893,ACC063,S04,INT04,2026-04-18,VISIT COMPLETE,Medicare Advantage,Injection,2026-08-31 12:00:00,2026-08-31 18:00:00
ROW0002346,REF002346,ACC021,S02,INT02,2026-07-26,completed,Commercial,Infusion,2026-08-31 12:00:00,2026-08-31 18:00:00
ROW0003546,REF003546,ACC050,S07,INT07,2025-07-29,complete,Commercial,Other outpatient,2026-08-31 12:00:00,2026-08-31 18:00:00
ROW0004132,REF004132,ACC084,S05,INT05,2026-04-30,ready to schedule,Medicare Advantage,Injection,2026-08-31 12:00:00,2026-08-31 18:00:00
ROW0005748,REF005748,ACC011,S01,INT01,2026-05-01,completed,Medicare Advantage,Injection,2026-08-31 12:00:00,2026-08-31 18:00:00
ROW0003749,REF003749,ACC114,S08,INT08,2026-08-28, NEW ,Commercial,Infusion,2026-08-31 12:00:00,2026-08-31 18:00:00
ROW0006020,REF001297,ACC108,S08,INT08,2026-06-07,received,Medicare Advantage,Other outpatient,2026-08-30 12:00:00,2026-08-31 19:00:00
ROW0001910,REF001910,ACC011,S01,,2026-02-21,VISIT COMPLETE,Medicare Advantage,Injection,2026-08-31 12:00:00,2026-08-31 18:00:00
ROW0005485,REF005485,ACC101,S08,INT08,2025-01-22,complete,Traditional Medicare,Infusion,2026-08-31 12:00:00,2026-08-31 18:00:00
ROW0005457,REF005457,ACC084,S05,INT05,2026-03-01,completed,Commercial,Other outpatient,2026-08-31 12:00:00,2026-08-31 18:00:00
ROW0001901,REF001901,ACC080,S04,INT04,2025-07-08,completed,Medicaid,Infusion,2026-08-31 12:00:00,2026-08-31 18:00:00
ROW0001870,REF001870,ACC118,S06,INT06,2025-01-20,CLOSED - NO VISIT,Commercial,Infusion,2026-08-31 12:00:00,2026-08-31 18:00:00
ROW0004341,REF004341,ACC051,S03,INT03,2026-06-21,ready,Commercial,Other outpatient,2026-08-31 12:00:00,2026-08-31 18:00:00
ROW0004614,REF004614,ACC095,S05,INT05,2026-07-26,booked,Commercial,Infusion,2026-08-31 12:00:00,2026-08-31 18:00:00
ROW0003905,REF003905,ACC073,S04,INT04,2026-01-06,Received,Commercial,Injection,2026-08-31 12:00:00,2026-08-31 18:00:00
ROW0001937,REF001937,ACC044,S07,INT07,2026-07-29,scheduled,Medicare Advantage,Infusion,2026-08-31 12:00:00,2026-08-31 18:00:00
ROW0004771,REF004771,ACC049,S03,INT03,2025-05-28,complete,Commercial,Injection,2026-08-31 12:00:00,2026-08-31 18:00:00
ROW0002736,REF002736,ACC075,S04,INT04,2025-01-26,completed,Commercial,Injection,2026-08-31 12:00:00,2026-08-31 18:00:00
ROW0005600,REF005600,ACC018,S01,INT01,2026-01-06,cancelled,Medicaid,Infusion,2026-08-31 12:00:00,2026-08-31 18:00:00
ROW0003272,REF003272,ACC085,S05,INT05,2026-02-25,completed,Traditional Medicare,Other outpatient,2026-08-31 12:00:00,2026-08-31 18:00:00
ROW0000003,REF000003,ACC089,S05,INT05,2025-08-21,CLOSED - NO VISIT,Medicare Advantage,Infusion,2026-08-31 12:00:00,2026-08-31 18:00:00
ROW0004459,REF004459,ACC098,S05,INT05,2026-08-07,scheduled,Medicare Advantage,Infusion,2026-08-31 12:00:00,2026-08-31 18:00:00
ROW0005785,REF005785,ACC059,S07,INT07,2025-01-07, NEW ,Medicare Advantage,Infusion,2026-08-31 12:00:00,2026-08-31 18:00:00
ROW0002709,REF002709,ACC102,S06,INT06,2026-01-03,VISIT COMPLETE,Traditional Medicare,Infusion,2026-08-31 12:00:00,2026-08-31 18:00:00
ROW0001273,REF001273,ACC112,S08,INT08,2025-01-16,completed,Commercial,Infusion,2026-08-31 12:00:00,2026-08-31 18:00:00
ROW0005954,REF005954,ACC037,S02,,2025-03-04,VISIT COMPLETE,Commercial,Infusion,2026-08-31 12:00:00,2026-08-31 18:00:00
ROW0001324,REF001324,ACC049,S07,INT07,2026-02-27,complete,Medicare Advantage,Infusion,2026-08-31 12:00:00,2026-08-31 18:00:00
ROW0002562,REF002562,ACC009,S01,INT01,2025-06-23,in_review,Commercial,Infusion,2026-08-31 12:00:00,2026-08-31 18:00:00
ROW0004399,REF004399,ACC079,S04,INT04,2025-07-23,cancelled,Commercial,Other outpatient,2026-08-31 12:00:00,2026-08-31 18:00:00
ROW0002676,REF002676,ACC106,S08,INT08,2026-06-29,VISIT COMPLETE,Medicare Advantage,Injection,2026-08-31 12:00:00,2026-08-31 18:00:00
ROW0004521,REF004521,ACC072,S04,INT04,2025-04-22,completed,Commercial,Infusion,2026-08-31 12:00:00,2026-08-31 18:00:00
ROW0004941,REF004941,ACC010,S01,INT01,2025-01-24,completed,Commercial,Injection,2026-08-31 12:00:00,2026-08-31 18:00:00
ROW0001366,REF001366,ACC059,S03,INT03,2025-05-12,closed,Commercial,Infusion,2026-08-31 12:00:00,2026-08-31 18:00:00
ROW0002866,REF002866,ACC002,S01,INT01,2026-05-05,VISIT COMPLETE,Commercial,Infusion,2026-08-31 12:00:00,2026-08-31 18:00:00
ROW0001207,REF001207,ACC113,S06,INT06,2026-06-01,complete,Commercial,Injection,2026-08-31 12:00:00,2026-08-31 18:00:00
ROW0003676,REF003676,ACC120,S08,INT08,2025-05-09,CLOSED - NO VISIT,Medicare Advantage,Infusion,2026-08-31 12:00:00,2026-08-31 18:00:00
ROW0000562,REF000562,ACC010,S01,INT01,2026-01-10,VISIT COMPLETE,Medicare Advantage,Infusion,2026-08-31 12:00:00,2026-08-31 18:00:00
ROW0005595,REF005595,ACC004,S01,INT01,2026-08-11,booked,Medicare Advantage,Infusion,2026-08-31 12:00:00,2026-08-31 18:00:00
ROW0003540,REF003540,ACC099,S05,INT05,2026-03-13,in_review,Medicare Advantage,Injection,2026-08-31 12:00:00,2026-08-31 18:00:00
ROW0000756,REF000756,ACC002,S01,INT01,2025-03-05,complete,Medicaid,Infusion,2026-08-31 12:00:00,2026-08-31 18:00:00
ROW0002630,REF002630,ACC056,S07,INT07,2026-06-27,completed,Medicaid,Infusion,2026-08-31 12:00:00,2026-08-31 18:00:00
ROW0001996,REF001996,ACC053,S07,INT07,2026-04-21,VISIT COMPLETE,Commercial,Infusion,2026-08-31 12:00:00,2026-08-31 18:00:00
ROW0005015,REF005015,ACC074,S04,INT04,2026-05-17,complete,Commercial,Infusion,2026-08-31 12:00:00,2026-08-31 18:00:00
ROW0003173,REF003173,ACC021,S02,INT02,2025-03-31,completed,Medicare Advantage,Injection,2026-08-31 12:00:00,2026-08-31 18:00:00
ROW0006178,REF005190,ACC099,S05,INT05,2025-11-02,complete,Commercial,Injection,2026-08-31 12:00:00,2026-08-31 19:00:00
ROW0000432,REF000432,ACC024,S02,INT02,2025-07-31,complete,Commercial,Injection,2026-08-31 12:00:00,2026-08-31 18:00:00
ROW0003536,REF003536,ACC112,S08,INT08,2025-10-13,VISIT COMPLETE,Medicaid,Infusion,2026-08-31 12:00:00,2026-08-31 18:00:00
ROW0000404,REF000404,ACC020,S01,INT01,2025-02-22,complete,Commercial,Infusion,2026-08-31 12:00:00,2026-08-31 18:00:00
ROW0000242,REF000242,ACC098,S05,INT05,2025-01-07,completed,Commercial,Infusion,2026-08-31 12:00:00,2026-08-31 18:00:00
ROW0002042,REF002042,ACC053,S03,INT03,2026-06-13,complete,Commercial,Infusion,2026-08-31 12:00:00,2026-08-31 18:00:00
ROW0004577,REF004577,ACC107,S06,INT06,2026-08-09, SCHED ,Commercial,Injection,2026-08-31 12:00:00,2026-08-31 18:00:00
ROW0000627,REF000627,ACC027,S02,INT02,2025-04-19,completed,Traditional Medicare,Infusion,2026-08-31 12:00:00,2026-08-31 18:00:00
ROW0006141,REF005188,ACC108,S06,INT06,2025-04-05,cancelled,Other,Other outpatient,2026-08-31 12:00:00,2026-08-31 19:00:00
ROW0005286,REF005286,ACC026,S02,INT02,2026-01-01,complete,Medicare Advantage,Other outpatient,2026-08-31 12:00:00,2026-08-31 18:00:00
ROW0000700,REF000700,ACC068,S04,INT04,2025-04-30,completed,Commercial,Infusion,2026-08-31 12:00:00,2026-08-31 18:00:00
ROW0006062,REF005734,ACC067,S04,INT04,2025-03-26,completed,Commercial,Infusion,2026-08-31 12:00:00,2026-08-31 19:00:00
ROW0004631,REF004631,ACC086,S05,INT05,2026-08-19,scheduled,Other,Infusion,2026-08-31 12:00:00,2026-08-31 18:00:00
ROW0004299,REF004299,ACC086,S05,INT05,2025-06-24,VISIT COMPLETE,Medicare Advantage,Infusion,2026-08-31 12:00:00,2026-08-31 18:00:00
ROW0004335,REF004335,ACC120,S08,INT08,2025-06-19,review,Medicare Advantage,Injection,2026-08-31 12:00:00,2026-08-31 18:00:00
ROW0003410,REF003410,ACC097,S05,INT05,2026-03-07,completed,Commercial,Injection,2026-08-31 12:00:00,2026-08-31 18:00:00
ROW0004975,REF004975,ACC059,S03,INT03,2025-05-10,ready,Medicare Advantage,Infusion,2026-08-31 12:00:00,2026-08-31 18:00:00
ROW0000914,REF000914,ACC060,S07,INT07,2026-01-29,VISIT COMPLETE,Medicare Advantage,Injection,2026-08-31 12:00:00,2026-08-31 18:00:00
ROW0005445,REF005445,ACC030,S02,INT02,2026-05-19,VISIT COMPLETE,Medicare Advantage,Infusion,2026-08-31 12:00:00,2026-08-31 18:00:00
ROW0005521,REF005521,ACC020,S01,INT01,2025-02-24,VISIT COMPLETE,Commercial,Infusion,2026-08-31 12:00:00,2026-08-31 18:00:00
ROW0004523,REF004523,ACC026,S02,INT02,2026-03-03,completed,Medicaid,Infusion,2026-08-31 12:00:00,2026-08-31 18:00:00
ROW0003163,REF003163,ACC101,S08,INT08,2025-06-16,VISIT COMPLETE,Traditional Medicare,Infusion,2026-08-31 12:00:00,2026-08-31 18:00:00
ROW0005470,REF005470,ACC119,S06,INT06,2025-04-13,completed,Commercial,Infusion,2026-08-31 12:00:00,2026-08-31 18:00:00
ROW0003432,REF003432,ACC081,S05,INT05,2026-08-03,ready to schedule,Commercial,Infusion,2026-08-31 12:00:00,2026-08-31 18:00:00
ROW0006002,REF005071,ACC058,S07,INT07,2025-05-06,received,Medicare Advantage,Infusion,2026-08-30 12:00:00,2026-08-31 19:00:00
ROW0003538,REF003538,ACC119,S08,INT08,2026-07-27,complete,Traditional Medicare,Infusion,2026-08-31 12:00:00,2026-08-31 18:00:00
ROW0004044,REF004044,ACC028,S02,INT02,2026-03-04,VISIT COMPLETE,Traditional Medicare,Other outpatient,2026-08-31 12:00:00,2026-08-31 18:00:00
ROW0000777,REF000777,ACC013,S01,INT01,2025-12-15,completed,Traditional Medicare,Other outpatient,2026-08-31 12:00:00,2026-08-31 18:00:00
ROW0002171,REF002171,ACC040,S02,INT02,2026-07-22,complete,Commercial,Infusion,2026-08-31 12:00:00,2026-08-31 18:00:00
ROW0000641,REF000641,ACC026,S02,INT02,2026-03-03,cancelled,Medicare Advantage,Infusion,2026-08-31 12:00:00,2026-08-31 18:00:00
ROW0000584,REF000584,ACC006,S01,INT01,2025-01-26,closed,Commercial,Infusion,2026-08-31 12:00:00,2026-08-31 18:00:00
ROW0005575,REF005575,ACC014,S01,INT01,2025-07-11,VISIT COMPLETE,Medicare Advantage,Infusion,2026-08-31 12:00:00,2026-08-31 18:00:00
ROW0000809,REF000809,ACC085,S05,INT05,2026-07-30,Received,Traditional Medicare,Injection,2026-08-31 12:00:00,2026-08-31 18:00:00
ROW0005626,REF005626,ACC091,S05,INT05,2025-01-14,complete,Medicare Advantage,Infusion,2026-08-31 12:00:00,2026-08-31 18:00:00
ROW0002419,REF002419,ACC110,S06,INT06,2026-04-26,complete,Medicare Advantage,Infusion,2026-08-31 12:00:00,2026-08-31 18:00:00
ROW0004830,REF004830,ACC059,S07,INT07,2026-06-21,VISIT COMPLETE,Medicaid,Infusion,2026-08-31 12:00:00,2026-08-31 18:00:00
ROW0005287,REF005287,ACC001,S01,INT01,2026-07-09,in_review,Commercial,Infusion,2026-08-31 12:00:00,2026-08-31 18:00:00
ROW0000041,REF000041,ACC120,S06,INT06,2025-03-15,complete,Commercial,Injection,2026-08-31 12:00:00,2026-08-31 18:00:00
ROW0002004,REF002004,ACC084,S05,INT05,2025-11-27,VISIT COMPLETE,Traditional Medicare,Infusion,2026-08-31 12:00:00,2026-08-31 18:00:00
ROW0004381,REF004381,ACC115,S08,INT08,2025-10-16,CLOSED - NO VISIT,Commercial,Infusion,2026-08-31 12:00:00,2026-08-31 18:00:00
ROW0004564,REF004564,ACC118,S06,INT06,2025-02-20,complete,Medicare Advantage,Infusion,2026-08-31 12:00:00,2026-08-31 18:00:00
ROW0003453,REF003453,ACC070,S04,INT04,2026-04-28,completed,Commercial,Infusion,2026-08-31 12:00:00,2026-08-31 18:00:00
ROW0000760,REF000760,ACC019,S01,INT01,2025-12-22,in progress?,Commercial,Other outpatient,2026-08-31 12:00:00,2026-08-31 18:00:00
ROW0001448,REF001448,ACC035,S02,INT02,2025-10-10,VISIT COMPLETE,Medicare Advantage,Injection,2026-08-31 12:00:00,2026-08-31 18:00:00
ROW0004739,REF004739,ACC075,S04,,2025-07-12,completed,Traditional Medicare,Injection,2026-08-31 12:00:00,2026-08-31 18:00:00
ROW0002653,REF002653,ACC008,S01,INT01,2026-07-07,complete,Commercial,Infusion,2026-08-31 12:00:00,2026-08-31 18:00:00
ROW0000873,REF000873,ACC082,S05,INT05,2026-07-08,completed,Commercial,Injection,2026-08-31 12:00:00,2026-08-31 18:00:00
ROW0005878,REF005878,ACC028,S02,,2025-06-11,received,Medicare Advantage,Infusion,2026-08-31 12:00:00,2026-08-31 18:00:00
ROW0005062,REF005062,ACC057,S07,INT07,2025-07-06,complete,Medicare Advantage,Infusion,2026-08-31 12:00:00,2026-08-31 18:00:00
ROW0004837,REF004837,ACC031,S02,INT02,2025-11-21,complete,Commercial,Infusion,2026-08-31 12:00:00,2026-08-31 18:00:00
ROW0002933,REF002933,ACC084,S05,INT05,2025-06-26,In Review,Medicare Advantage,Infusion,2026-08-31 12:00:00,2026-08-31 18:00:00
ROW0005714,REF005714,ACC042,S07,INT07,2025-09-14,completed,Commercial,Injection,2026-08-31 12:00:00,2026-08-31 18:00:00
ROW0004847,REF004847,ACC016,S01,INT01,2026-07-30, SCHED ,Medicare Advantage,Infusion,2026-08-31 12:00:00,2026-08-31 18:00:00
ROW0005979,REF005979,ACC054,S07,INT07,2026-08-07,Ready_to_Schedule,Commercial,Infusion,2026-08-31 12:00:00,2026-08-31 18:00:00
ROW0004138,REF004138,ACC036,S02,INT02,2026-06-09,VISIT COMPLETE,Medicare Advantage,Injection,2026-08-31 12:00:00,2026-08-31 18:00:00
ROW0003178,REF003178,ACC018,S01,INT01,2026-04-16,VISIT COMPLETE,Commercial,Infusion,2026-08-31 12:00:00,2026-08-31 18:00:00
ROW0004498,REF004498,ACC010,S01,INT01,2025-09-09,VISIT COMPLETE,Commercial,Injection,2026-08-31 12:00:00,2026-08-31 18:00:00
ROW0003979,REF003979,ACC077,S04,INT04,2026-03-06,complete,Medicare Advantage,Injection,2026-08-31 12:00:00,2026-08-31 18:00:00
ROW0004605,REF004605,ACC096,S05,INT05,2025-04-02,complete,Traditional Medicare,Infusion,2026-08-31 12:00:00,2026-08-31 18:00:00
ROW0003792,REF003792,ACC094,S05,INT05,2026-02-02,VISIT COMPLETE,Medicaid,Injection,2026-08-31 12:00:00,2026-08-31 18:00:00
ROW0000119,REF000119,ACC085,S05,INT05,2025-05-17,complete,Commercial,Other outpatient,2026-08-31 12:00:00,2026-08-31 18:00:00
ROW0001141,REF001141,ACC059,S07,INT07,2025-06-12,complete,Medicare Advantage,Infusion,2026-08-31 12:00:00,2026-08-31 18:00:00
ROW0001099,REF001099,ACC074,S04,INT04,2026-04-30,complete,Traditional Medicare,Other outpatient,2026-08-31 12:00:00,2026-08-31 18:00:00
ROW0004563,REF004563,ACC062,S04,INT04,2025-11-29,CLOSED - NO VISIT,Medicare Advantage,Infusion,2026-08-31 12:00:00,2026-08-31 18:00:00
ROW0005849,REF005849,ACC055,S07,INT07,2026-02-18,completed,Traditional Medicare,Infusion,2026-08-31 12:00:00,2026-08-31 18:00:00
ROW0005891,REF005891,ACC108,S06,INT06,2025-10-30,complete,Medicare Advantage,Infusion,2026-08-31 12:00:00,2026-08-31 18:00:00
ROW0004308,REF004308,ACC046,S03,INT03,2025-04-20,complete,Medicaid,Infusion,2026-08-31 12:00:00,2026-08-31 18:00:00
ROW0004083,REF004083,ACC012,S01,INT01,2025-01-15,complete,Medicare Advantage,Infusion,2026-08-31 12:00:00,2026-08-31 18:00:00
ROW0002526,REF002526,ACC042,S07,INT07,2025-07-31,complete,Medicare Advantage,Other outpatient,2026-08-31 12:00:00,2026-08-31 18:00:00
ROW0000651,REF000651,ACC116,S08,INT08,2026-02-07,Received,Commercial,Injection,2026-08-31 12:00:00,2026-08-31 18:00:00
ROW0004311,REF004311,ACC037,S02,INT02,2025-11-23,received,Commercial,Injection,2026-08-31 12:00:00,2026-08-31 18:00:00
ROW0001676,REF001676,ACC006,S01,INT01,2026-04-14,cancelled,Medicare Advantage,Infusion,2026-08-31 12:00:00,2026-08-31 18:00:00
ROW0000802,REF000802,ACC072,S04,,2026-02-16,VISIT COMPLETE,Traditional Medicare,Infusion,2026-08-31 12:00:00,2026-08-31 18:00:00
ROW0001586,REF001586,ACC004,S01,INT01,2025-03-06,VISIT COMPLETE,Medicare Advantage,Injection,2026-08-31 12:00:00,2026-08-31 18:00:00
ROW0005901,REF005901,ACC049,S07,INT07,2025-12-19,completed,Medicare Advantage,Infusion,2026-08-31 12:00:00,2026-08-31 18:00:00
ROW0003195,REF003195,ACC119,S08,INT08,2026-05-26,closed,Medicaid,Injection,2026-08-31 12:00:00,2026-08-31 18:00:00
ROW0001145,REF001145,ACC042,S03,INT03,2025-05-02,VISIT COMPLETE,Commercial,Injection,2026-08-31 12:00:00,2026-08-31 18:00:00
ROW0002226,REF002226,ACC088,S05,INT05,,VISIT COMPLETE,Medicaid,Other outpatient,2026-08-31 12:00:00,2026-08-31 18:00:00
ROW0001768,REF001768,ACC008,S01,INT01,2026-01-29,completed,Commercial,Infusion,2026-08-31 12:00:00,2026-08-31 18:00:00
ROW0006232,REF004218,ACC012,S01,INT01,2026-01-02,CLOSED - NO VISIT,Medicare Advantage,Other outpatient,2026-08-31 12:00:00,2026-08-31 19:00:00
ROW0000422,REF000422,ACC050,S03,INT03,2025-01-19,complete,Other,Infusion,2026-08-31 12:00:00,2026-08-31 18:00:00
ROW0005315,REF005315,ACC119,S06,INT06,2025-03-12,completed,Medicare Advantage,Injection,2026-08-31 12:00:00,2026-08-31 18:00:00
ROW0001389,REF001389,ACC039,S02,INT02,2026-07-21,completed,Medicaid,Other outpatient,2026-08-31 12:00:00,2026-08-31 18:00:00
ROW0000371,REF000371,ACC038,S02,INT02,2025-10-25,VISIT COMPLETE,Commercial,Infusion,2026-08-31 12:00:00,2026-08-31 18:00:00
ROW0001300,REF001300,ACC033,S02,INT02,2025-07-27,complete,Medicare Advantage,Other outpatient,2026-08-31 12:00:00,2026-08-31 18:00:00
ROW0002191,REF002191,ACC098,S05,INT05,2025-09-14,VISIT COMPLETE,Traditional Medicare,Infusion,2026-08-31 12:00:00,2026-08-31 18:00:00
ROW0000022,REF000022,ACC006,S01,INT01,2025-06-05,CLOSED - NO VISIT,Medicare Advantage,Injection,2026-08-31 12:00:00,2026-08-31 18:00:00
ROW0003359,REF003359,ACC002,S01,INT01,2025-10-19,VISIT COMPLETE,Commercial,Infusion,2026-08-31 12:00:00,2026-08-31 18:00:00
ROW0002493,REF002493,ACC011,S01,INT01,2025-02-28,VISIT COMPLETE,Commercial,Infusion,2026-08-31 12:00:00,2026-08-31 18:00:00
ROW0005668,REF005668,ACC027,S02,INT02,2026-04-15,completed,Medicare Advantage,Infusion,2026-08-31 12:00:00,2026-08-31 18:00:00
ROW0003428,REF003428,ACC099,S05,INT05,2025-02-16,VISIT COMPLETE,Medicare Advantage,Other outpatient,2026-08-31 12:00:00,2026-08-31 18:00:00
ROW0004007,REF004007,ACC116,S06,INT06,2026-03-08,VISIT COMPLETE,Medicaid,Infusion,2026-08-31 12:00:00,2026-08-31 18:00:00
ROW0003094,REF003094,ACC040,S02,INT02,2026-03-30,complete,Medicare Advantage,Infusion,2026-08-31 12:00:00,2026-08-31 18:00:00
ROW0006197,REF002263,ACC034,S02,,2025-04-14,completed,Medicare Advantage,Injection,2026-08-31 12:00:00,2026-08-31 19:00:00
ROW0006091,REF005717,ACC087,S05,INT05,2025-12-16,VISIT COMPLETE,Commercial,Infusion,2026-08-31 12:00:00,2026-08-31 19:00:00
ROW0001577,REF001577,ACC031,S02,INT02,2025-06-21,completed,Medicare Advantage,Injection,2026-08-31 12:00:00,2026-08-31 18:00:00
ROW0004740,REF004740,ACC102,S08,INT08,2026-03-13,VISIT COMPLETE,Other,Injection,2026-08-31 12:00:00,2026-08-31 18:00:00
ROW0005240,REF005240,ACC059,S07,INT07,2025-03-04,cancelled,Commercial,Injection,2026-08-31 12:00:00,2026-08-31 18:00:00
ROW0000283,REF000283,ACC069,S04,INT04,2025-02-16,VISIT COMPLETE,Traditional Medicare,Injection,2026-08-31 12:00:00,2026-08-31 18:00:00
ROW0001964,REF001964,ACC046,S07,,2025-10-15,VISIT COMPLETE,Commercial,Injection,2026-08-31 12:00:00,2026-08-31 18:00:00
ROW0002030,REF002030,ACC065,S04,INT04,2025-02-21,completed,Medicaid,Infusion,2026-08-31 12:00:00,2026-08-31 18:00:00
ROW0005640,REF005640,ACC072,S04,INT04,2025-05-19,ready to schedule,Commercial,Injection,2026-08-31 12:00:00,2026-08-31 18:00:00
ROW0003966,REF003966,ACC104,S06,INT06,2025-10-04,complete,Commercial,Injection,2026-08-31 12:00:00,2026-08-31 18:00:00
ROW0006109,REF003370,ACC016,S01,INT01,2025-12-27,completed,Medicare Advantage,Infusion,2026-08-31 12:00:00,2026-08-31 19:00:00
ROW0003867,REF003867,ACC066,S04,INT04,2025-11-23,CLOSED - NO VISIT,Medicare Advantage,Infusion,2026-08-31 12:00:00,2026-08-31 18:00:00
ROW0004236,REF004236,ACC017,S01,INT01,2026-06-28,CLOSED - NO VISIT,Commercial,Infusion,2026-08-31 12:00:00,2026-08-31 18:00:00
ROW0004578,REF004578,ACC075,S04,INT04,2026-08-24,cancelled,Commercial,Infusion,2026-08-31 12:00:00,2026-08-31 18:00:00
ROW0001630,REF001630,ACC054,S07,INT07,2025-04-22,VISIT COMPLETE,Medicare Advantage,Infusion,2026-08-31 12:00:00,2026-08-31 18:00:00
ROW0005874,REF005874,ACC039,S02,INT02,2025-10-23,completed,Commercial,Infusion,2026-08-31 12:00:00,2026-08-31 18:00:00
ROW0004151,REF004151,ACC061,S04,INT04,2025-06-21,CLOSED - NO VISIT,Medicaid,Other outpatient,2026-08-31 12:00:00,2026-08-31 18:00:00
ROW0000490,REF000490,ACC025,S02,INT02,2026-02-10,completed,Commercial,Injection,2026-08-31 12:00:00,2026-08-31 18:00:00
ROW0002805,REF002805,ACC004,S01,INT01,2025-11-27,completed,Medicaid,Other outpatient,2026-08-31 12:00:00,2026-08-31 18:00:00
ROW0001593,REF001593,ACC026,S02,INT02,2025-10-18,complete,Traditional Medicare,Infusion,2026-08-31 12:00:00,2026-08-31 18:00:00
ROW0003758,REF003758,ACC080,S04,INT04,2026-08-20,booked,Traditional Medicare,Injection,2026-08-31 12:00:00,2026-08-31 18:00:00
ROW0002282,REF002282,ACC059,S03,INT03,2026-02-27,cancelled,Medicaid,Other outpatient,2026-08-31 12:00:00,2026-08-31 18:00:00
ROW0003232,REF003232,ACC013,S01,INT01,2025-10-20,VISIT COMPLETE,Medicare Advantage,Infusion,2026-08-31 12:00:00,2026-08-31 18:00:00
ROW0004129,REF004129,ACC097,S05,INT05,2025-06-05,ready,Commercial,Injection,2026-08-31 12:00:00,2026-08-31 18:00:00
ROW0002446,REF002446,ACC087,S05,INT05,2026-06-19, NEW ,Medicare Advantage,Infusion,2026-08-31 12:00:00,2026-08-31 18:00:00
ROW0001415,REF001415,ACC037,S02,INT02,2026-07-26,VISIT COMPLETE,Commercial,Infusion,2026-08-31 12:00:00,2026-08-31 18:00:00
ROW0000793,REF000793,ACC061,S04,INT04,2025-01-31,cancelled,Medicare Advantage,Injection,2026-08-31 12:00:00,2026-08-31 18:00:00
ROW0004244,REF004244,ACC044,S07,INT07,2025-01-16,VISIT COMPLETE,Commercial,Infusion,2026-08-31 12:00:00,2026-08-31 18:00:00
ROW0004380,REF004380,ACC084,S05,INT05,2025-12-04,CLOSED - NO VISIT,Commercial,Infusion,2026-08-31 12:00:00,2026-08-31 18:00:00
ROW0004744,REF004744,ACC094,S05,INT05,2025-04-23,In Review,Medicare Advantage,Injection,2026-08-31 12:00:00,2026-08-31 18:00:00
ROW0000008,REF000008,ACC026,S02,INT02,2026-07-17,complete,Commercial,Injection,2026-08-31 12:00:00,2026-08-31 18:00:00
ROW0001411,REF001411,ACC056,S03,INT03,2026-05-29,completed,Commercial,Injection,2026-08-31 12:00:00,2026-08-31 18:00:00
ROW0005749,REF005749,ACC120,S08,INT08,2025-02-06,VISIT COMPLETE,Medicaid,Infusion,2026-08-31 12:00:00,2026-08-31 18:00:00
ROW0001480,REF001480,ACC023,S02,INT02,2026-08-16,completed,Traditional Medicare,Injection,2026-08-31 12:00:00,2026-08-31 18:00:00
ROW0000808,REF000808,ACC108,S08,INT08,2026-02-13,VISIT COMPLETE,Commercial,Infusion,2026-08-31 12:00:00,2026-08-31 18:00:00
ROW0005036,REF005036,ACC037,S02,INT02,2026-04-15,VISIT COMPLETE,Commercial,Injection,2026-08-31 12:00:00,2026-08-31 18:00:00
ROW0002341,REF002341,ACC087,S05,INT05,2025-04-20,VISIT COMPLETE,Commercial,Infusion,2026-08-31 12:00:00,2026-08-31 18:00:00
ROW0005955,REF005955,ACC054,S07,INT07,2025-11-23,completed,Medicare Advantage,Infusion,2026-08-31 12:00:00,2026-08-31 18:00:00
ROW0003242,REF003242,ACC054,S07,INT07,2025-02-11,completed,Commercial,Injection,2026-08-31 12:00:00,2026-08-31 18:00:00
ROW0003930,REF003930,ACC089,S05,INT05,2025-07-14,completed,Medicare Advantage,Infusion,2026-08-31 12:00:00,2026-08-31 18:00:00
ROW0004747,REF004747,ACC098,S05,INT05,2025-12-07,VISIT COMPLETE,Commercial,Infusion,2026-08-31 12:00:00,2026-08-31 18:00:00
ROW0003716,REF003716,ACC104,S06,INT06,2025-10-13,completed,Medicare Advantage,Infusion,2026-08-31 12:00:00,2026-08-31 18:00:00
ROW0005349,REF005349,ACC083,S05,,2025-04-28,cancelled,Medicare Advantage,Infusion,2026-08-31 12:00:00,2026-08-31 18:00:00
ROW0006040,REF000235,ACC056,S07,INT07,2025-02-05,received,Traditional Medicare,Injection,2026-08-30 12:00:00,2026-08-31 19:00:00
ROW0000031,REF000031,ACC037,S02,INT02,2025-02-01,completed,Commercial,Infusion,2026-08-31 12:00:00,2026-08-31 18:00:00
ROW0001316,REF001316,ACC066,S04,INT04,2025-09-07,complete,Medicaid,Infusion,2026-08-31 12:00:00,2026-08-31 18:00:00
ROW0004161,REF004161,ACC104,S08,INT08,2026-05-13,cancelled,Medicare Advantage,Injection,2026-08-31 12:00:00,2026-08-31 18:00:00
ROW0005711,REF005711,ACC073,S04,INT04,2025-11-20,Ready_to_Schedule,Traditional Medicare,Infusion,2026-08-31 12:00:00,2026-08-31 18:00:00
ROW0001435,REF001435,ACC040,S02,INT02,2025-01-20,VISIT COMPLETE,Medicare Advantage,Injection,2026-08-31 12:00:00,2026-08-31 18:00:00
ROW0001781,REF001781,ACC113,S06,INT06,2026-06-25,completed,Medicare Advantage,Infusion,2026-08-31 12:00:00,2026-08-31 18:00:00
ROW0003095,REF003095,ACC120,S08,INT08,2026-03-16,complete,Commercial,Infusion,2026-08-31 12:00:00,2026-08-31 18:00:00
ROW0004763,REF004763,ACC069,S04,INT04,2026-06-02,completed,Commercial,Infusion,2026-08-31 12:00:00,2026-08-31 18:00:00
ROW0000288,REF000288,ACC078,S04,INT04,2026-06-11,closed,Commercial,Infusion,2026-08-31 12:00:00,2026-08-31 18:00:00
ROW0006064,REF002448,ACC001,S01,INT01,2026-03-17,CLOSED - NO VISIT,Commercial,Infusion,2026-08-31 12:00:00,2026-08-31 19:00:00
ROW0004392,REF004392,ACC048,S07,INT07,2025-04-13, NEW ,Commercial,Infusion,2026-08-31 12:00:00,2026-08-31 18:00:00
ROW0005389,REF005389,ACC023,S02,,2026-03-29,complete,Commercial,Infusion,2026-08-31 12:00:00,2026-08-31 18:00:00
ROW0004195,REF004195,ACC001,S01,INT01,2026-07-28,cancelled,Medicare Advantage,Infusion,2026-08-31 12:00:00,2026-08-31 18:00:00
ROW0004113,REF004113,ACC041,S03,INT03,2026-05-03,complete,Commercial,Infusion,2026-08-31 12:00:00,2026-08-31 18:00:00
ROW0001798,REF001798,ACC049,S03,INT03,2026-01-15,VISIT COMPLETE,Medicare Advantage,Infusion,2026-08-31 12:00:00,2026-08-31 18:00:00
ROW0005246,REF005246,ACC053,S07,INT07,2025-12-21,complete,Medicare Advantage,Infusion,2026-08-31 12:00:00,2026-08-31 18:00:00
ROW0000444,REF000444,ACC022,S02,INT02,2026-04-07,completed,Medicare Advantage,Infusion,2026-08-31 12:00:00,2026-08-31 18:00:00
ROW0004069,REF004069,ACC057,S07,INT07,2025-06-28,completed,Commercial,Infusion,2026-08-31 12:00:00,2026-08-31 18:00:00
ROW0003324,REF003324,ACC052,S07,INT07,2025-09-25,VISIT COMPLETE,Commercial,Other outpatient,2026-08-31 12:00:00,2026-08-31 18:00:00
ROW0004360,REF004360,ACC061,S04,INT04,2025-10-30,VISIT COMPLETE,Traditional Medicare,Injection,2026-08-31 12:00:00,2026-08-31 18:00:00
ROW0005866,REF005866,ACC042,S03,INT03,2026-07-19, NEW ,Medicare Advantage,Infusion,2026-08-31 12:00:00,2026-08-31 18:00:00
ROW0000874,REF000874,ACC094,S05,INT05,2026-07-16,VISIT COMPLETE,Commercial,Infusion,2026-08-31 12:00:00,2026-08-31 18:00:00
ROW0006175,REF004724,ACC084,S05,INT05,2026-07-26,complete,Commercial,Infusion,2026-08-31 12:00:00,2026-08-31 19:00:00
ROW0000330,REF000330,ACC110,S06,INT06,2025-05-29,review,Traditional Medicare,Infusion,2026-08-31 12:00:00,2026-08-31 18:00:00
ROW0006072,REF002819,ACC054,S07,INT07,2026-06-15,completed,Commercial,Other outpatient,2026-08-31 12:00:00,2026-08-31 19:00:00
ROW0001908,REF001908,ACC084,S05,INT05,2025-07-13,closed,Medicare Advantage,Other outpatient,2026-08-31 12:00:00,2026-08-31 18:00:00
ROW0005401,REF005401,ACC110,S08,INT08,2025-11-07,completed,Medicare Advantage,Infusion,2026-08-31 12:00:00,2026-08-31 18:00:00
ROW0005843,REF005843,ACC062,S04,INT04,2025-10-28,VISIT COMPLETE,Medicare Advantage,Injection,2026-08-31 12:00:00,2026-08-31 18:00:00
ROW0005064,REF005064,ACC089,S05,INT05,2026-01-21,received,Traditional Medicare,Injection,2026-08-31 12:00:00,2026-08-31 18:00:00
ROW0004318,REF004318,ACC115,S08,INT08,2026-05-12,complete,Commercial,Infusion,2026-08-31 12:00:00,2026-08-31 18:00:00
ROW0000032,REF000032,ACC103,S08,INT08,2025-01-22,complete,Commercial,Infusion,2026-08-31 12:00:00,2026-08-31 18:00:00
ROW0006001,REF003090,ACC065,S04,INT04,2025-10-30,received,Traditional Medicare,Injection,2026-08-30 12:00:00,2026-08-31 19:00:00
ROW0006131,REF000362,ACC057,S03,INT03,2026-02-10,VISIT COMPLETE,Medicare Advantage,Injection,2026-08-31 12:00:00,2026-08-31 19:00:00
ROW0002077,REF002077,ACC086,S05,INT05,2026-06-29,VISIT COMPLETE,Medicare Advantage,Infusion,2026-08-31 12:00:00,2026-08-31 18:00:00
ROW0005710,REF005710,ACC040,S02,INT02,2025-08-03,VISIT COMPLETE,Medicare Advantage,Infusion,2026-08-31 12:00:00,2026-08-31 18:00:00
ROW0003249,REF003249,ACC006,S01,INT01,2025-05-11,VISIT COMPLETE,Commercial,Other outpatient,2026-08-31 12:00:00,2026-08-31 18:00:00
ROW0001206,REF001206,ACC076,S04,INT04,2025-05-11,VISIT COMPLETE,Commercial,Injection,2026-08-31 12:00:00,2026-08-31 18:00:00
ROW0003530,REF003530,ACC013,S01,,2025-05-24,complete,Medicare Advantage,Other outpatient,2026-08-31 12:00:00,2026-08-31 18:00:00
ROW0003333,REF003333,ACC018,S01,INT01,2025-12-04,complete,Commercial,Infusion,2026-08-31 12:00:00,2026-08-31 18:00:00
ROW0001332,REF001332,ACC028,S02,INT02,2026-02-02,VISIT COMPLETE,Medicare Advantage,Infusion,2026-08-31 12:00:00,2026-08-31 18:00:00
ROW0005172,REF005172,ACC100,S05,INT05,2026-07-10,complete,Medicaid,Injection,2026-08-31 12:00:00,2026-08-31 18:00:00
ROW0005689,REF005689,ACC094,S05,INT05,2025-05-13,VISIT COMPLETE,Commercial,Injection,2026-08-31 12:00:00,2026-08-31 18:00:00
ROW0003725,REF003725,ACC110,S06,INT06,2025-07-07,completed,Traditional Medicare,Infusion,2026-08-31 12:00:00,2026-08-31 18:00:00
ROW0001527,REF001527,ACC074,S04,INT04,,completed,Medicare Advantage,Infusion,2026-08-31 12:00:00,2026-08-31 18:00:00
ROW0004959,REF004959,ACC036,S02,INT02,2026-01-13,complete,Traditional Medicare,Infusion,2026-08-31 12:00:00,2026-08-31 18:00:00
ROW0001689,REF001689,ACC100,S05,INT05,2025-12-31,ready to schedule,Commercial,Injection,2026-08-31 12:00:00,2026-08-31 18:00:00
ROW0000655,REF000655,ACC119,S08,INT08,2026-06-08,complete,Traditional Medicare,Infusion,2026-08-31 12:00:00,2026-08-31 18:00:00
ROW0001880,REF001880,ACC039,S02,INT02,2026-03-05,completed,Commercial,Infusion,2026-08-31 12:00:00,2026-08-31 18:00:00
ROW0001253,REF001253,ACC070,S04,INT04,2025-09-15,VISIT COMPLETE,Medicare Advantage,Injection,2026-08-31 12:00:00,2026-08-31 18:00:00
ROW0005630,REF005630,ACC078,S04,INT04,2026-08-17,ready to schedule,Medicare Advantage,Infusion,2026-08-31 12:00:00,2026-08-31 18:00:00
ROW0000934,REF000934,ACC041,S07,INT07,2026-05-29,complete,Traditional Medicare,Infusion,2026-08-31 12:00:00,2026-08-31 18:00:00
ROW0001173,REF001173,ACC093,S05,INT05,2026-06-08,CLOSED - NO VISIT,Commercial,Other outpatient,2026-08-31 12:00:00,2026-08-31 18:00:00
ROW0005584,REF005584,ACC084,S05,INT05,2025-06-01,completed,Medicare Advantage,Injection,2026-08-31 12:00:00,2026-08-31 18:00:00
ROW0000948,REF000948,ACC025,S02,INT02,2026-02-19,VISIT COMPLETE,Medicare Advantage,Other outpatient,2026-08-31 12:00:00,2026-08-31 18:00:00
ROW0003960,REF003960,ACC112,S06,INT06,2025-06-17,completed,Commercial,Infusion,2026-08-31 12:00:00,2026-08-31 18:00:00
ROW0000936,REF000936,ACC008,S01,INT01,2025-10-04,VISIT COMPLETE,Other,Injection,2026-08-31 12:00:00,2026-08-31 18:00:00
ROW0003262,REF003262,ACC073,S04,INT04,2025-12-08,ready,Other,Injection,2026-08-31 12:00:00,2026-08-31 18:00:00
ROW0001262,REF001262,ACC106,S06,INT06,2025-12-28,cancelled,Medicare Advantage,Infusion,2026-08-31 12:00:00,2026-08-31 18:00:00
ROW0000436,REF000436,ACC006,S01,INT01,2025-07-10,closed,Other,Other outpatient,2026-08-31 12:00:00,2026-08-31 18:00:00
ROW0005133,REF005133,ACC120,S08,INT08,2026-03-14,complete,Commercial,Infusion,2026-08-31 12:00:00,2026-08-31 18:00:00
ROW0003739,REF003739,ACC013,S01,INT01,2025-09-07,complete,Medicare Advantage,Infusion,2026-08-31 12:00:00,2026-08-31 18:00:00
ROW0003239,REF003239,ACC031,S02,INT02,2026-07-04,VISIT COMPLETE,Commercial,Infusion,2026-08-31 12:00:00,2026-08-31 18:00:00
ROW0002405,REF002405,ACC116,S08,INT08,2025-12-08,complete,Medicare Advantage,Other outpatient,2026-08-31 12:00:00,2026-08-31 18:00:00
ROW0004665,REF004665,ACC006,S01,INT01,2026-04-02,completed,Medicare Advantage,Injection,2026-08-31 12:00:00,2026-08-31 18:00:00
ROW0003827,REF003827,ACC028,S02,INT02,2026-08-05,Ready_to_Schedule,Commercial,Infusion,2026-08-31 12:00:00,2026-08-31 18:00:00
ROW0001158,REF001158,ACC087,S05,INT05,2026-03-08,closed,Traditional Medicare,Other outpatient,2026-08-31 12:00:00,2026-08-31 18:00:00
ROW0004689,REF004689,ACC084,S05,INT05,2025-09-11,completed,Commercial,Infusion,2026-08-31 12:00:00,2026-08-31 18:00:00
ROW0001281,REF001281,ACC110,S08,INT08,2025-03-15,closed,Medicare Advantage,Injection,2026-08-31 12:00:00,2026-08-31 18:00:00
ROW0005738,REF005738,ACC068,S04,INT04,2025-10-18,completed,Other,Infusion,2026-08-31 12:00:00,2026-08-31 18:00:00
ROW0003786,REF003786,ACC025,S02,INT02,2026-08-14,ready,Other,Injection,2026-08-31 12:00:00,2026-08-31 18:00:00
ROW0006045,REF000215,ACC105,S06,INT06,2025-10-10,closed,Commercial,Infusion,2026-08-31 12:00:00,2026-08-31 19:00:00
ROW0004118,REF004118,ACC107,S06,INT06,2025-06-22,VISIT COMPLETE,Traditional Medicare,Infusion,2026-08-31 12:00:00,2026-08-31 18:00:00
ROW0003169,REF003169,ACC016,S01,INT01,2025-09-30,completed,Traditional Medicare,Infusion,2026-08-31 12:00:00,2026-08-31 18:00:00
ROW0000244,REF000244,ACC099,S05,INT05,2025-07-06,completed,Traditional Medicare,Injection,2026-08-31 12:00:00,2026-08-31 18:00:00
ROW0004439,REF004439,ACC099,S05,INT05,2025-05-09,complete,Commercial,Injection,2026-08-31 12:00:00,2026-08-31 18:00:00
ROW0004133,REF004133,ACC085,S05,INT05,2025-05-12,VISIT COMPLETE,Medicare Advantage,Other outpatient,2026-08-31 12:00:00,2026-08-31 18:00:00
ROW0005801,REF005801,ACC042,S03,INT03,2025-06-07,complete,Commercial,Infusion,2026-08-31 12:00:00,2026-08-31 18:00:00
ROW0000506,REF000506,ACC093,S05,INT05,2025-05-11,completed,Medicaid,Injection,2026-08-31 12:00:00,2026-08-31 18:00:00
ROW0003738,REF003738,ACC093,S05,INT05,2026-08-29,Received,Medicare Advantage,Injection,2026-08-31 12:00:00,2026-08-31 18:00:00
ROW0004412,REF004412,ACC101,S06,,2026-06-20,Ready_to_Schedule,Medicare Advantage,Infusion,2026-08-31 12:00:00,2026-08-31 18:00:00
ROW0003160,REF003160,ACC064,S04,INT04,2025-01-14,VISIT COMPLETE,Other,Infusion,2026-08-31 12:00:00,2026-08-31 18:00:00
ROW0003934,REF003934,ACC057,S07,INT07,2026-03-02,VISIT COMPLETE,Medicaid,Infusion,2026-08-31 12:00:00,2026-08-31 18:00:00
ROW0000706,REF000706,ACC095,S05,INT05,2026-03-13,completed,Commercial,Infusion,2026-08-31 12:00:00,2026-08-31 18:00:00
ROW0006056,REF003065,ACC035,S02,INT02,2026-08-28, NEW ,Commercial,Injection,2026-08-31 12:00:00,2026-08-31 19:00:00
ROW0000578,REF000578,ACC120,S06,INT06,2026-03-15,complete,Traditional Medicare,Injection,2026-08-31 12:00:00,2026-08-31 18:00:00
ROW0004737,REF004737,ACC025,S02,INT02,2025-05-17,completed,Commercial,Injection,2026-08-31 12:00:00,2026-08-31 18:00:00
ROW0000464,REF000464,ACC011,S01,INT01,2025-07-01,complete,Medicare Advantage,Infusion,2026-08-31 12:00:00,2026-08-31 18:00:00
ROW0006215,REF002912,ACC074,S04,INT04,2025-07-24,completed,Commercial,Injection,2026-08-31 12:00:00,2026-08-31 19:00:00
ROW0000253,REF000253,ACC026,S02,INT02,2026-03-18,completed,Commercial,Infusion,2026-08-31 12:00:00,2026-08-31 18:00:00
ROW0002507,REF002507,ACC038,S02,INT02,2026-03-16,complete,Medicare Advantage,Infusion,2026-08-31 12:00:00,2026-08-31 18:00:00
ROW0005274,REF005274,ACC076,S04,INT04,2025-07-04,complete,Traditional Medicare,Infusion,2026-08-31 12:00:00,2026-08-31 18:00:00
ROW0001419,REF001419,ACC084,S05,INT05,2025-08-14,completed,Commercial,Infusion,2026-08-31 12:00:00,2026-08-31 18:00:00
ROW0002587,REF002587,ACC103,S08,INT08,2026-03-04,complete,Medicaid,Infusion,2026-08-31 12:00:00,2026-08-31 18:00:00
ROW0002245,REF002245,ACC097,S05,INT05,2026-06-06,In Review,Commercial,Infusion,2026-08-31 12:00:00,2026-08-31 18:00:00
ROW0003990,REF003990,ACC012,S01,INT01,2026-08-19,Ready_to_Schedule,Medicare Advantage,Infusion,2026-08-31 12:00:00,2026-08-31 18:00:00
ROW0004760,REF004760,ACC119,S06,INT06,2026-07-11,complete,Commercial,Infusion,2026-08-31 12:00:00,2026-08-31 18:00:00
ROW0001203,REF001203,ACC037,S02,INT02,2025-10-31,VISIT COMPLETE,Commercial,Infusion,2026-08-31 12:00:00,2026-08-31 18:00:00
ROW0002951,REF002951,ACC106,S06,INT06,2026-04-27,completed,Medicare Advantage,Other outpatient,2026-08-31 12:00:00,2026-08-31 18:00:00
ROW0005763,REF005763,ACC117,S08,INT08,2026-05-20,completed,Commercial,Infusion,2026-08-31 12:00:00,2026-08-31 18:00:00
ROW0002314,REF002314,ACC085,S05,INT05,2025-01-16,complete,Medicaid,Infusion,2026-08-31 12:00:00,2026-08-31 18:00:00
ROW0001797,REF001797,ACC079,S04,INT04,2026-04-08,completed,Medicare Advantage,Infusion,2026-08-31 12:00:00,2026-08-31 18:00:00
ROW0003162,REF003162,ACC095,S05,INT05,2026-07-16,complete,Medicare Advantage,Injection,2026-08-31 12:00:00,2026-08-31 18:00:00
ROW0002934,REF002934,ACC098,S05,INT05,2026-05-20,complete,Medicaid,Infusion,2026-08-31 12:00:00,2026-08-31 18:00:00
ROW0000522,REF000522,ACC056,S07,INT07,2025-10-18,closed,Commercial,Other outpatient,2026-08-31 12:00:00,2026-08-31 18:00:00
ROW0000494,REF000494,ACC087,S05,INT05,2025-01-30,VISIT COMPLETE,Commercial,Infusion,2026-08-31 12:00:00,2026-08-31 18:00:00
ROW0002035,REF002035,ACC120,S06,INT06,2025-11-03,CLOSED - NO VISIT,Traditional Medicare,Infusion,2026-08-31 12:00:00,2026-08-31 18:00:00
ROW0005058,REF005058,ACC042,S03,INT03,2026-04-20,complete,Commercial,Infusion,2026-08-31 12:00:00,2026-08-31 18:00:00
ROW0002638,REF002638,ACC111,S08,INT08,2026-07-21,scheduled,Medicaid,Other outpatient,2026-08-31 12:00:00,2026-08-31 18:00:00
ROW0002900,REF002900,ACC073,S04,INT04,2026-06-15,VISIT COMPLETE,Traditional Medicare,Injection,2026-08-31 12:00:00,2026-08-31 18:00:00
ROW0001353,REF001353,ACC018,S01,INT01,2026-03-23,VISIT COMPLETE,Commercial,Injection,2026-08-31 12:00:00,2026-08-31 18:00:00
ROW0003082,REF003082,ACC094,S05,INT05,2025-02-18,complete,Commercial,Injection,2026-08-31 12:00:00,2026-08-31 18:00:00
ROW0001660,REF001660,ACC005,S01,INT01,2025-02-18, NEW ,Medicare Advantage,Infusion,2026-08-31 12:00:00,2026-08-31 18:00:00
ROW0000019,REF000019,ACC085,S05,INT05,2025-05-04,complete,Medicare Advantage,Infusion,2026-08-31 12:00:00,2026-08-31 18:00:00
ROW0004074,REF004074,ACC076,S04,INT04,2025-01-16,In Review,Commercial,Infusion,2026-08-31 12:00:00,2026-08-31 18:00:00
ROW0000194,REF000194,ACC055,S03,INT03,2025-10-13,CLOSED - NO VISIT,Traditional Medicare,Infusion,2026-08-31 12:00:00,2026-08-31 18:00:00
ROW0000190,REF000190,ACC001,S01,INT01,2026-05-22,complete,Traditional Medicare,Injection,2026-08-31 12:00:00,2026-08-31 18:00:00
ROW0004332,REF004332,ACC075,S04,INT04,2025-10-05,VISIT COMPLETE,Commercial,Infusion,2026-08-31 12:00:00,2026-08-31 18:00:00
ROW0005182,REF005182,ACC104,S06,INT06,2025-04-14,VISIT COMPLETE,Traditional Medicare,Infusion,2026-08-31 12:00:00,2026-08-31 18:00:00
ROW0005311,REF005311,ACC025,S02,INT02,2025-06-03,completed,Traditional Medicare,Infusion,2026-08-31 12:00:00,2026-08-31 18:00:00
ROW0000211,REF000211,ACC115,S08,INT08,2025-05-26,complete,Other,Other outpatient,2026-08-31 12:00:00,2026-08-31 18:00:00
ROW0003708,REF003708,ACC072,S04,INT04,2025-12-20,VISIT COMPLETE,Traditional Medicare,Infusion,2026-08-31 12:00:00,2026-08-31 18:00:00
ROW0003279,REF003279,ACC023,S02,INT02,2026-07-21,ready,Commercial,Infusion,2026-08-31 12:00:00,2026-08-31 18:00:00
ROW0005725,REF005725,ACC095,S05,,2025-12-06,completed,Medicaid,Infusion,2026-08-31 12:00:00,2026-08-31 18:00:00
ROW0002997,REF002997,ACC031,S02,,2025-03-31,complete,Traditional Medicare,Injection,2026-08-31 12:00:00,2026-08-31 18:00:00
ROW0003579,REF003579,ACC087,S05,INT05,2025-01-16,completed,Medicare Advantage,Other outpatient,2026-08-31 12:00:00,2026-08-31 18:00:00
ROW0003304,REF003304,ACC029,S02,,2025-12-04,complete,Other,Infusion,2026-08-31 12:00:00,2026-08-31 18:00:00
ROW0001053,REF001053,ACC079,S04,INT04,2025-10-21,Ready_to_Schedule,Traditional Medicare,Infusion,2026-08-31 12:00:00,2026-08-31 18:00:00
ROW0000945,REF000945,ACC033,S02,INT02,2025-11-23,complete,Medicare Advantage,Other outpatient,2026-08-31 12:00:00,2026-08-31 18:00:00
ROW0005124,REF005124,ACC078,S04,INT04,2025-06-21,closed,Commercial,Infusion,2026-08-31 12:00:00,2026-08-31 18:00:00
ROW0005982,REF005982,ACC084,S05,INT05,2025-01-06,closed,Other,Infusion,2026-08-31 12:00:00,2026-08-31 18:00:00
ROW0005433,REF005433,ACC087,S05,INT05,2026-05-29,completed,Commercial,Injection,2026-08-31 12:00:00,2026-08-31 18:00:00
ROW0000255,REF000255,ACC016,S01,INT01,2025-03-18,VISIT COMPLETE,Commercial,Injection,2026-08-31 12:00:00,2026-08-31 18:00:00
ROW0006008,REF004049,ACC010,S01,INT01,2026-07-16,received,Commercial,Injection,2026-08-30 12:00:00,2026-08-31 19:00:00
ROW0000143,REF000143,ACC020,S01,INT01,2026-08-29,Received,Commercial,Infusion,2026-08-31 12:00:00,2026-08-31 18:00:00
ROW0006140,REF003800,ACC089,S05,INT05,2026-01-11,CLOSED - NO VISIT,Commercial,Injection,2026-08-31 12:00:00,2026-08-31 19:00:00
ROW0001225,REF001225,ACC058,S03,INT03,2025-04-28,completed,Commercial,Infusion,2026-08-31 12:00:00,2026-08-31 18:00:00
ROW0000569,REF000569,ACC065,S04,INT04,2026-03-07,VISIT COMPLETE,Medicaid,Injection,2026-08-31 12:00:00,2026-08-31 18:00:00
ROW0004712,REF004712,ACC025,S02,INT02,2025-09-15,completed,Commercial,Infusion,2026-08-31 12:00:00,2026-08-31 18:00:00
ROW0002044,REF002044,ACC021,S02,INT02,2025-07-18, NEW ,Medicaid,Infusion,2026-08-31 12:00:00,2026-08-31 18:00:00
ROW0004617,REF004617,ACC093,S05,INT05,2025-10-28,completed,Medicaid,Infusion,2026-08-31 12:00:00,2026-08-31 18:00:00
ROW0004344,REF004344,ACC057,S03,INT03,2026-05-24,complete,Medicare Advantage,Infusion,2026-08-31 12:00:00,2026-08-31 18:00:00
ROW0005120,REF005120,ACC060,S03,INT03,2025-03-22,received,Medicaid,Infusion,2026-08-31 12:00:00,2026-08-31 18:00:00
ROW0006260,REF000369,ACC078,S04,INT04,2026-03-26,VISIT COMPLETE,Commercial,Injection,2026-08-31 12:00:00,2026-08-31 19:00:00
ROW0005382,REF005382,ACC032,S02,INT02,2026-08-24,ready,Medicare Advantage,Infusion,2026-08-31 12:00:00,2026-08-31 18:00:00
ROW0005281,REF005281,ACC076,S04,INT04,,VISIT COMPLETE,Medicare Advantage,Injection,2026-08-31 12:00:00,2026-08-31 18:00:00
ROW0002306,REF002306,ACC031,S02,INT02,2025-04-21,complete,Medicare Advantage,Infusion,2026-08-31 12:00:00,2026-08-31 18:00:00
ROW0000273,REF000273,ACC036,S02,INT02,2026-07-05,completed,Commercial,Infusion,2026-08-31 12:00:00,2026-08-31 18:00:00
ROW0000445,REF000445,ACC045,S03,INT03,2026-04-14,complete,Medicare Advantage,Infusion,2026-08-31 12:00:00,2026-08-31 18:00:00
ROW0002704,REF002704,ACC106,S06,INT06,2025-10-18,Ready_to_Schedule,Medicare Advantage,Other outpatient,2026-08-31 12:00:00,2026-08-31 18:00:00
ROW0003557,REF003557,ACC081,S05,INT05,2026-05-18,complete,Medicaid,Infusion,2026-08-31 12:00:00,2026-08-31 18:00:00
ROW0003861,REF003861,ACC013,S01,INT01,2026-02-14,completed,Medicaid,Infusion,2026-08-31 12:00:00,2026-08-31 18:00:00
ROW0003592,REF003592,ACC034,S02,INT02,2025-03-02,VISIT COMPLETE,Commercial,Injection,2026-08-31 12:00:00,2026-08-31 18:00:00
ROW0000364,REF000364,ACC098,S05,INT05,2026-08-07, SCHED ,Medicare Advantage,Injection,2026-08-31 12:00:00,2026-08-31 18:00:00
ROW0000611,REF000611,ACC026,S02,INT02,2025-11-18,complete,Traditional Medicare,Infusion,2026-08-31 12:00:00,2026-08-31 18:00:00
ROW0001126,REF001126,ACC066,S04,INT04,2026-01-18,VISIT COMPLETE,Traditional Medicare,Infusion,2026-08-31 12:00:00,2026-08-31 18:00:00
ROW0000672,REF000672,ACC056,S03,INT03,2025-03-03,VISIT COMPLETE,Medicaid,Other outpatient,2026-08-31 12:00:00,2026-08-31 18:00:00
ROW0002129,REF002129,ACC113,S06,INT06,2025-02-16,ready,Medicare Advantage,Infusion,2026-08-31 12:00:00,2026-08-31 18:00:00
ROW0005745,REF005745,ACC079,S04,INT04,2025-04-25,completed,Traditional Medicare,Infusion,2026-08-31 12:00:00,2026-08-31 18:00:00
ROW0001402,REF001402,ACC091,S05,INT05,2026-03-04,CLOSED - NO VISIT,Medicare Advantage,Infusion,2026-08-31 12:00:00,2026-08-31 18:00:00
ROW0005444,REF005444,ACC036,S02,INT02,2025-11-16,review,Commercial,Injection,2026-08-31 12:00:00,2026-08-31 18:00:00
ROW0001290,REF001290,ACC007,S01,INT01,2025-01-26,completed,Commercial,Injection,2026-08-31 12:00:00,2026-08-31 18:00:00
ROW0002547,REF002547,ACC095,S05,INT05,2026-05-07,In Review,Medicare Advantage,Infusion,2026-08-31 12:00:00,2026-08-31 18:00:00
ROW0002473,REF002473,ACC002,S01,INT01,2025-12-01,VISIT COMPLETE,Medicare Advantage,Injection,2026-08-31 12:00:00,2026-08-31 18:00:00
ROW0003119,REF003119,ACC084,S05,INT05,2026-03-26,complete,Commercial,Infusion,2026-08-31 12:00:00,2026-08-31 18:00:00
ROW0002085,REF002085,ACC011,S01,INT01,2026-04-26,CLOSED - NO VISIT,Commercial,Infusion,2026-08-31 12:00:00,2026-08-31 18:00:00
ROW0005076,REF005076,ACC041,S03,INT03,2025-02-14,in progress?,Commercial,Infusion,2026-08-31 12:00:00,2026-08-31 18:00:00
ROW0002545,REF002545,ACC081,S05,INT05,2026-06-01,complete,Medicaid,Infusion,2026-08-31 12:00:00,2026-08-31 18:00:00
ROW0001607,REF001607,ACC062,S04,INT04,2025-04-09,VISIT COMPLETE,Traditional Medicare,Infusion,2026-08-31 12:00:00,2026-08-31 18:00:00
ROW0004229,REF004229,ACC102,S08,INT08,2026-05-08,in_review,Medicare Advantage,Infusion,2026-08-31 12:00:00,2026-08-31 18:00:00
ROW0000622,REF000622,ACC013,S01,INT01,2025-06-14,completed,Medicaid,Injection,2026-08-31 12:00:00,2026-08-31 18:00:00
ROW0000927,REF000927,ACC083,S05,INT05,2025-06-09,complete,Medicare Advantage,Infusion,2026-08-31 12:00:00,2026-08-31 18:00:00
ROW0002358,REF002358,ACC099,S05,INT05,2026-03-12,complete,Commercial,Infusion,2026-08-31 12:00:00,2026-08-31 18:00:00
ROW0002288,REF002288,ACC008,S01,INT01,2026-08-04, SCHED ,Commercial,Other outpatient,2026-08-31 12:00:00,2026-08-31 18:00:00
ROW0003010,REF003010,ACC071,S04,INT04,2025-12-19,complete,Commercial,Infusion,2026-08-31 12:00:00,2026-08-31 18:00:00
ROW0005552,REF005552,ACC048,S07,INT07,2025-11-20,complete,Commercial,Injection,2026-08-31 12:00:00,2026-08-31 18:00:00
ROW0003291,REF003291,ACC071,S04,INT04,2025-05-30,complete,Medicare Advantage,Injection,2026-08-31 12:00:00,2026-08-31 18:00:00
ROW0000271,REF000271,ACC070,S04,INT04,2026-03-05,complete,Traditional Medicare,Infusion,2026-08-31 12:00:00,2026-08-31 18:00:00
ROW0003839,REF003839,ACC120,S06,INT06,2026-02-21,VISIT COMPLETE,Medicare Advantage,Infusion,2026-08-31 12:00:00,2026-08-31 18:00:00
ROW0003398,REF003398,ACC074,S04,INT04,2025-06-02,completed,Commercial,Infusion,2026-08-31 12:00:00,2026-08-31 18:00:00
ROW0003768,REF003768,ACC110,S06,INT06,2025-01-12,complete,Commercial,Injection,2026-08-31 12:00:00,2026-08-31 18:00:00
ROW0000670,REF000670,ACC042,S03,INT03,2025-07-06,completed,Traditional Medicare,Infusion,2026-08-31 12:00:00,2026-08-31 18:00:00
ROW0001652,REF001652,ACC090,S05,INT05,2026-04-15,completed,Commercial,Injection,2026-08-31 12:00:00,2026-08-31 18:00:00
ROW0002683,REF002683,ACC036,S02,INT02,2026-07-01,completed,Medicare Advantage,Infusion,2026-08-31 12:00:00,2026-08-31 18:00:00
ROW0005042,REF005042,ACC053,S07,INT07,2025-04-15,VISIT COMPLETE,Medicare Advantage,Infusion,2026-08-31 12:00:00,2026-08-31 18:00:00
ROW0002145,REF002145,ACC118,S08,INT08,2025-12-13,CLOSED - NO VISIT,Medicaid,Infusion,2026-08-31 12:00:00,2026-08-31 18:00:00
ROW0004434,REF004434,ACC087,S05,INT05,2025-10-30,complete,Commercial,Injection,2026-08-31 12:00:00,2026-08-31 18:00:00
ROW0002831,REF002831,ACC016,S01,INT01,2025-08-16,VISIT COMPLETE,Medicare Advantage,Injection,2026-08-31 12:00:00,2026-08-31 18:00:00
ROW0002467,REF002467,ACC045,S03,INT03,2026-06-06,cancelled,Medicare Advantage,Injection,2026-08-31 12:00:00,2026-08-31 18:00:00
ROW0001671,REF001671,ACC011,S01,INT01,2025-05-12,VISIT COMPLETE,Medicaid,Infusion,2026-08-31 12:00:00,2026-08-31 18:00:00
ROW0005415,REF005415,ACC047,S07,INT07,2025-01-25,complete,Commercial,Injection,2026-08-31 12:00:00,2026-08-31 18:00:00
ROW0001437,REF001437,ACC117,S06,INT06,2025-07-30,complete,Commercial,Injection,2026-08-31 12:00:00,2026-08-31 18:00:00
ROW0002553,REF002553,ACC061,S04,INT04,2025-09-14,VISIT COMPLETE,Medicare Advantage,Injection,2026-08-31 12:00:00,2026-08-31 18:00:00
ROW0000486,REF000486,ACC001,S01,INT01,2025-11-21,completed,Commercial,Infusion,2026-08-31 12:00:00,2026-08-31 18:00:00
ROW0003404,REF003404,ACC062,S04,INT04,2025-08-08,complete,Medicaid,Other outpatient,2026-08-31 12:00:00,2026-08-31 18:00:00
ROW0004184,REF004184,ACC076,S04,INT04,2025-06-12,VISIT COMPLETE,Traditional Medicare,Infusion,2026-08-31 12:00:00,2026-08-31 18:00:00
ROW0002959,REF002959,ACC010,S01,INT01,2025-12-02,VISIT COMPLETE,Medicare Advantage,Injection,2026-08-31 12:00:00,2026-08-31 18:00:00
ROW0004255,REF004255,ACC076,S04,,2026-05-19,VISIT COMPLETE,Commercial,Injection,2026-08-31 12:00:00,2026-08-31 18:00:00
ROW0005306,REF005306,ACC086,S05,INT05,2025-03-30,closed,Commercial,Infusion,2026-08-31 12:00:00,2026-08-31 18:00:00
ROW0003431,REF003431,ACC048,S03,INT03,2025-12-26,completed,Commercial,Infusion,2026-08-31 12:00:00,2026-08-31 18:00:00
ROW0004307,REF004307,ACC094,S05,INT05,2025-12-12,closed,Traditional Medicare,Infusion,2026-08-31 12:00:00,2026-08-31 18:00:00
ROW0003254,REF003254,ACC110,S06,INT06,2026-01-07,complete,Commercial,Infusion,2026-08-31 12:00:00,2026-08-31 18:00:00
ROW0004497,REF004497,ACC115,S08,INT08,2026-03-29,complete,Medicare Advantage,Infusion,2026-08-31 12:00:00,2026-08-31 18:00:00
ROW0000016,REF000016,ACC119,S06,INT06,2025-04-09,completed,Commercial,Injection,2026-08-31 12:00:00,2026-08-31 18:00:00
ROW0005288,REF005288,ACC092,S05,INT05,2025-04-25,VISIT COMPLETE,Medicaid,Infusion,2026-08-31 12:00:00,2026-08-31 18:00:00
ROW0004823,REF004823,ACC044,S07,INT07,2026-06-10,CLOSED - NO VISIT,Medicaid,Injection,2026-08-31 12:00:00,2026-08-31 18:00:00
ROW0002221,REF002221,ACC084,S05,INT05,2026-03-17,complete,Other,Injection,2026-08-31 12:00:00,2026-08-31 18:00:00
ROW0005355,REF005355,ACC011,S01,INT01,2026-08-26,In Review,Medicare Advantage,Infusion,2026-08-31 12:00:00,2026-08-31 18:00:00
ROW0000329,REF000329,ACC072,S04,INT04,2025-07-25,completed,Commercial,Infusion,2026-08-31 12:00:00,2026-08-31 18:00:00
ROW0005651,REF005651,ACC115,S06,INT06,2025-06-09,completed,Medicare Advantage,Other outpatient,2026-08-31 12:00:00,2026-08-31 18:00:00
ROW0005555,REF005555,ACC077,S04,INT04,2025-01-01,completed,Commercial,Injection,2026-08-31 12:00:00,2026-08-31 18:00:00
ROW0002264,REF002264,ACC079,S04,INT04,2026-03-13,complete,Medicare Advantage,Infusion,2026-08-31 12:00:00,2026-08-31 18:00:00
ROW0000541,REF000541,ACC085,S05,INT05,,cancelled,Medicare Advantage,Infusion,2026-08-31 12:00:00,2026-08-31 18:00:00
ROW0002475,REF002475,ACC031,S02,INT02,2025-05-11,closed,Traditional Medicare,Other outpatient,2026-08-31 12:00:00,2026-08-31 18:00:00
ROW0001485,REF001485,ACC008,S01,INT01,2026-07-28,VISIT COMPLETE,Medicare Advantage,Infusion,2026-08-31 12:00:00,2026-08-31 18:00:00
ROW0004980,REF004980,ACC084,S05,INT05,2025-03-21,complete,Medicare Advantage,Injection,2026-08-31 12:00:00,2026-08-31 18:00:00
ROW0004188,REF004188,ACC008,S01,,2025-08-13,CLOSED - NO VISIT,Traditional Medicare,Injection,2026-08-31 12:00:00,2026-08-31 18:00:00
ROW0002702,REF002702,ACC001,S01,,2026-05-23,complete,Commercial,Infusion,2026-08-31 12:00:00,2026-08-31 18:00:00
ROW0005299,REF005299,ACC110,S08,INT08,2025-10-10,VISIT COMPLETE,Commercial,Injection,2026-08-31 12:00:00,2026-08-31 18:00:00
ROW0002599,REF002599,ACC003,S01,INT01,2025-01-20,ready to schedule,Medicare Advantage,Infusion,2026-08-31 12:00:00,2026-08-31 18:00:00
ROW0005853,REF005853,ACC062,S04,INT04,2026-08-08,booked,Commercial,Infusion,2026-08-31 12:00:00,2026-08-31 18:00:00
ROW0004602,REF004602,ACC116,S08,INT08,2025-09-09,complete,Commercial,Infusion,2026-08-31 12:00:00,2026-08-31 18:00:00
ROW0002146,REF002146,ACC010,S01,INT01,2025-11-30,VISIT COMPLETE,Commercial,Infusion,2026-08-31 12:00:00,2026-08-31 18:00:00
ROW0004757,REF004757,ACC024,S02,INT02,2026-02-28,VISIT COMPLETE,Commercial,Injection,2026-08-31 12:00:00,2026-08-31 18:00:00
ROW0001670,REF001670,ACC104,S06,INT06,2026-03-23,Ready_to_Schedule,Commercial,Other outpatient,2026-08-31 12:00:00,2026-08-31 18:00:00
ROW0005942,REF005942,ACC053,S03,INT03,2026-02-19,completed,Medicare Advantage,Injection,2026-08-31 12:00:00,2026-08-31 18:00:00
ROW0004285,REF004285,ACC004,S01,INT01,2026-06-21,ready,Commercial,Infusion,2026-08-31 12:00:00,2026-08-31 18:00:00
ROW0005918,REF005918,ACC071,S04,INT04,2026-07-07,completed,Commercial,Other outpatient,2026-08-31 12:00:00,2026-08-31 18:00:00
ROW0002510,REF002510,ACC002,S01,INT01,2026-04-11,VISIT COMPLETE,Other,Infusion,2026-08-31 12:00:00,2026-08-31 18:00:00
ROW0004358,REF004358,ACC013,S01,INT01,2025-02-17,complete,Traditional Medicare,Other outpatient,2026-08-31 12:00:00,2026-08-31 18:00:00
ROW0004786,REF004786,ACC114,S06,INT06,2025-03-10,completed,Other,Infusion,2026-08-31 12:00:00,2026-08-31 18:00:00
ROW0002186,REF002186,ACC001,S01,INT01,2025-10-10,closed,Traditional Medicare,Infusion,2026-08-31 12:00:00,2026-08-31 18:00:00
ROW0003497,REF003497,ACC061,S04,INT04,2026-01-15,complete,Medicaid,Infusion,2026-08-31 12:00:00,2026-08-31 18:00:00
ROW0000040,REF000040,ACC065,S04,INT04,2026-01-30,completed,Traditional Medicare,Infusion,2026-08-31 12:00:00,2026-08-31 18:00:00
ROW0002792,REF002792,ACC024,S02,INT02,2026-06-27,complete,Commercial,Injection,2026-08-31 12:00:00,2026-08-31 18:00:00
ROW0000052,REF000052,ACC065,S04,INT04,2026-03-11,completed,Commercial,Infusion,2026-08-31 12:00:00,2026-08-31 18:00:00
ROW0000653,REF000653,ACC081,S05,INT05,2026-04-30,VISIT COMPLETE,Commercial,Other outpatient,2026-08-31 12:00:00,2026-08-31 18:00:00
ROW0005148,REF005148,ACC056,S03,INT03,2025-11-06,complete,Commercial,Infusion,2026-08-31 12:00:00,2026-08-31 18:00:00
ROW0004376,REF004376,ACC008,S01,INT01,2025-02-12,VISIT COMPLETE,Commercial,Infusion,2026-08-31 12:00:00,2026-08-31 18:00:00
ROW0002987,REF002987,ACC032,S02,INT02,2026-02-25,VISIT COMPLETE,Traditional Medicare,Infusion,2026-08-31 12:00:00,2026-08-31 18:00:00
ROW0000740,REF000740,ACC084,S05,INT05,2026-02-25,ready to schedule,Traditional Medicare,Infusion,2026-08-31 12:00:00,2026-08-31 18:00:00
ROW0000503,REF000503,ACC049,S07,INT07,2025-04-24,VISIT COMPLETE,Commercial,Infusion,2026-08-31 12:00:00,2026-08-31 18:00:00
ROW0005948,REF005948,ACC108,S06,INT06,2025-05-25,VISIT COMPLETE,Commercial,Other outpatient,2026-08-31 12:00:00,2026-08-31 18:00:00
ROW0001823,REF001823,ACC058,S07,INT07,2025-03-25,VISIT COMPLETE,Commercial,Injection,2026-08-31 12:00:00,2026-08-31 18:00:00
ROW0002701,REF002701,ACC077,S04,INT04,2025-07-08,complete,Medicaid,Other outpatient,2026-08-31 12:00:00,2026-08-31 18:00:00
ROW0004682,REF004682,ACC120,S06,INT06,2025-10-24,completed,Medicare Advantage,Injection,2026-08-31 12:00:00,2026-08-31 18:00:00
ROW0002532,REF002532,ACC062,S04,INT04,2025-10-15,completed,Commercial,Injection,2026-08-31 12:00:00,2026-08-31 18:00:00
ROW0002606,REF002606,ACC015,S01,INT01,2026-08-18,Ready_to_Schedule,Medicare Advantage,Infusion,2026-08-31 12:00:00,2026-08-31 18:00:00
ROW0003208,REF003208,ACC039,S02,INT02,2026-08-20,Ready_to_Schedule,Medicare Advantage,Infusion,2026-08-31 12:00:00,2026-08-31 18:00:00
ROW0004073,REF004073,ACC006,S01,INT01,2025-10-10,VISIT COMPLETE,Commercial,Injection,2026-08-31 12:00:00,2026-08-31 18:00:00
ROW0001338,REF001338,ACC057,S07,,2026-08-23,review,Commercial,Infusion,2026-08-31 12:00:00,2026-08-31 18:00:00
ROW0002880,REF002880,ACC091,S05,INT05,2025-12-24,complete,Commercial,Infusion,2026-08-31 12:00:00,2026-08-31 18:00:00
ROW0005226,REF005226,ACC110,S08,INT08,2026-08-19,ready to schedule,Commercial,Infusion,2026-08-31 12:00:00,2026-08-31 18:00:00
ROW0004333,REF004333,ACC099,S05,INT05,2026-03-14,completed,Traditional Medicare,Injection,2026-08-31 12:00:00,2026-08-31 18:00:00
ROW0004034,REF004034,ACC049,S07,INT07,2026-06-27,completed,Medicare Advantage,Infusion,2026-08-31 12:00:00,2026-08-31 18:00:00
ROW0001906,REF001906,ACC109,S08,INT08,2026-01-25,complete,Traditional Medicare,Other outpatient,2026-08-31 12:00:00,2026-08-31 18:00:00
ROW0003901,REF003901,ACC088,S05,INT05,2026-02-28,VISIT COMPLETE,Commercial,Infusion,2026-08-31 12:00:00,2026-08-31 18:00:00
ROW0000354,REF000354,ACC110,S08,INT08,2026-08-21,completed,Medicare Advantage,Injection,2026-08-31 12:00:00,2026-08-31 18:00:00
ROW0003358,REF003358,ACC046,S07,INT07,2026-03-31,Ready_to_Schedule,Medicare Advantage,Injection,2026-08-31 12:00:00,2026-08-31 18:00:00
ROW0003604,REF003604,ACC019,S01,INT01,2025-04-15,completed,Medicare Advantage,Injection,2026-08-31 12:00:00,2026-08-31 18:00:00
ROW0003389,REF003389,ACC016,S01,INT01,2026-08-06,scheduled,Medicare Advantage,Infusion,2026-08-31 12:00:00,2026-08-31 18:00:00
ROW0001975,REF001975,ACC097,S05,INT05,2025-12-11,received,Medicare Advantage,Injection,2026-08-31 12:00:00,2026-08-31 18:00:00
ROW0001789,REF001789,ACC111,S08,INT08,2026-07-17,VISIT COMPLETE,Traditional Medicare,Injection,2026-08-31 12:00:00,2026-08-31 18:00:00
ROW0005314,REF005314,ACC008,S01,INT01,2025-01-18,complete,Medicare Advantage,Infusion,2026-08-31 12:00:00,2026-08-31 18:00:00
ROW0004923,REF004923,ACC085,S05,INT05,2025-08-31,completed,Commercial,Infusion,2026-08-31 12:00:00,2026-08-31 18:00:00
ROW0005476,REF005476,ACC117,S08,INT08,2025-06-19,complete,Medicaid,Infusion,2026-08-31 12:00:00,2026-08-31 18:00:00
ROW0000374,REF000374,ACC093,S05,INT05,2025-09-16,VISIT COMPLETE,Commercial,Infusion,2026-08-31 12:00:00,2026-08-31 18:00:00
ROW0001882,REF001882,ACC116,S08,INT08,2025-10-09,CLOSED - NO VISIT,Medicare Advantage,Injection,2026-08-31 12:00:00,2026-08-31 18:00:00
ROW0004143,REF004143,ACC005,S01,INT01,2025-05-04,closed,Traditional Medicare,Infusion,2026-08-31 12:00:00,2026-08-31 18:00:00
ROW0002404,REF002404,ACC099,S05,INT05,2026-03-22,complete,Medicare Advantage,Infusion,2026-08-31 12:00:00,2026-08-31 18:00:00
ROW0001646,REF001646,ACC085,S05,INT05,2025-03-15,VISIT COMPLETE,Medicare Advantage,Infusion,2026-08-31 12:00:00,2026-08-31 18:00:00
ROW0001572,REF001572,ACC012,S01,INT01,2026-08-07, SCHED ,Commercial,Injection,2026-08-31 12:00:00,2026-08-31 18:00:00
ROW0001240,REF001240,ACC034,S02,INT02,2025-04-23,complete,Medicare Advantage,Infusion,2026-08-31 12:00:00,2026-08-31 18:00:00
ROW0001546,REF001546,ACC018,S01,INT01,2025-11-17,VISIT COMPLETE,Traditional Medicare,Infusion,2026-08-31 12:00:00,2026-08-31 18:00:00
ROW0003533,REF003533,ACC038,S02,INT02,2026-02-24, NEW ,Commercial,Other outpatient,2026-08-31 12:00:00,2026-08-31 18:00:00
ROW0002281,REF002281,ACC119,S08,INT08,2026-01-07,complete,Traditional Medicare,Infusion,2026-08-31 12:00:00,2026-08-31 18:00:00
ROW0000577,REF000577,ACC042,S03,INT03,2026-02-02,VISIT COMPLETE,Other,Infusion,2026-08-31 12:00:00,2026-08-31 18:00:00
ROW0004725,REF004725,ACC051,S07,INT07,2026-07-19,completed,Medicaid,Injection,2026-08-31 12:00:00,2026-08-31 18:00:00
ROW0004992,REF004992,ACC046,S07,INT07,2025-10-12,VISIT COMPLETE,Medicaid,Infusion,2026-08-31 12:00:00,2026-08-31 18:00:00
ROW0002868,REF002868,ACC050,S03,,2025-05-18,cancelled,Commercial,Other outpatient,2026-08-31 12:00:00,2026-08-31 18:00:00
ROW0001694,REF001694,ACC015,S01,INT01,2026-07-27,scheduled,Traditional Medicare,Infusion,2026-08-31 12:00:00,2026-08-31 18:00:00
ROW0004963,REF004963,ACC054,S07,INT07,2025-12-04,VISIT COMPLETE,Medicaid,Injection,2026-08-31 12:00:00,2026-08-31 18:00:00
ROW0005499,REF005499,ACC008,S01,INT01,2026-06-19,completed,Medicare Advantage,Infusion,2026-08-31 12:00:00,2026-08-31 18:00:00
ROW0003807,REF003807,ACC080,S04,INT04,2026-05-10,CLOSED - NO VISIT,Medicare Advantage,Infusion,2026-08-31 12:00:00,2026-08-31 18:00:00
ROW0004969,REF004969,ACC002,S01,INT01,2026-07-18,complete,Medicaid,Infusion,2026-08-31 12:00:00,2026-08-31 18:00:00
ROW0000426,REF000426,ACC029,S02,INT02,2026-05-13,VISIT COMPLETE,Medicare Advantage,Infusion,2026-08-31 12:00:00,2026-08-31 18:00:00
ROW0005986,REF005986,ACC023,S02,INT02,2025-12-20,VISIT COMPLETE,Commercial,Infusion,2026-08-31 12:00:00,2026-08-31 18:00:00
ROW0002905,REF002905,ACC094,S05,INT05,2025-10-08,VISIT COMPLETE,Other,Infusion,2026-08-31 12:00:00,2026-08-31 18:00:00
ROW0001112,REF001112,ACC110,S06,INT06,2025-05-29,VISIT COMPLETE,Commercial,Infusion,2026-08-31 12:00:00,2026-08-31 18:00:00
ROW0004503,REF004503,ACC008,S01,INT01,2025-08-26,complete,Commercial,Injection,2026-08-31 12:00:00,2026-08-31 18:00:00
ROW0001132,REF001132,ACC018,S01,INT01,2026-04-11,completed,Medicare Advantage,Infusion,2026-08-31 12:00:00,2026-08-31 18:00:00
ROW0001085,REF001085,ACC099,S05,,2025-04-27,VISIT COMPLETE,Commercial,Infusion,2026-08-31 12:00:00,2026-08-31 18:00:00
ROW0001514,REF001514,ACC045,S03,INT03,2026-02-19,VISIT COMPLETE,Traditional Medicare,Infusion,2026-08-31 12:00:00,2026-08-31 18:00:00
ROW0006149,REF004279,ACC093,S05,INT05,2025-11-28,complete,Medicare Advantage,Infusion,2026-08-31 12:00:00,2026-08-31 19:00:00
ROW0000960,REF000960,ACC093,S05,INT05,2025-06-18,completed,Other,Infusion,2026-08-31 12:00:00,2026-08-31 18:00:00
ROW0004909,REF004909,ACC091,S05,INT05,2026-01-30,ready to schedule,Medicare Advantage,Infusion,2026-08-31 12:00:00,2026-08-31 18:00:00
ROW0001304,REF001304,ACC094,S05,INT05,2026-01-11,review,Medicare Advantage,Infusion,2026-08-31 12:00:00,2026-08-31 18:00:00
ROW0002821,REF002821,ACC037,S02,INT02,2026-07-17,complete,Commercial,Infusion,2026-08-31 12:00:00,2026-08-31 18:00:00
ROW0002207,REF002207,ACC085,S05,INT05,2026-06-15,in progress?,Medicare Advantage,Injection,2026-08-31 12:00:00,2026-08-31 18:00:00
ROW0002065,REF002065,ACC042,S07,INT07,2025-04-07,complete,Medicare Advantage,Infusion,2026-08-31 12:00:00,2026-08-31 18:00:00
ROW0001834,REF001834,ACC086,S05,INT05,2025-10-06,completed,Medicare Advantage,Other outpatient,2026-08-31 12:00:00,2026-08-31 18:00:00
ROW0006281,REF000330,ACC110,S06,INT06,2025-05-29,review,Traditional Medicare,Infusion,2026-08-31 12:00:00,2026-08-31 19:00:00
ROW0000066,REF000066,ACC008,S01,INT01,2025-07-09,completed,Commercial,Injection,2026-08-31 12:00:00,2026-08-31 18:00:00
ROW0003632,REF003632,ACC084,S05,INT05,2025-05-29,Ready_to_Schedule,Medicare Advantage,Other outpatient,2026-08-31 12:00:00,2026-08-31 18:00:00
ROW0004793,REF004793,ACC065,S04,INT04,2026-08-11,ready,Other,Injection,2026-08-31 12:00:00,2026-08-31 18:00:00
ROW0005345,REF005345,ACC072,S04,INT04,2025-09-13,completed,Commercial,Infusion,2026-08-31 12:00:00,2026-08-31 18:00:00
ROW0005038,REF005038,ACC035,S02,INT02,2026-02-04,complete,Other,Other outpatient,2026-08-31 12:00:00,2026-08-31 18:00:00
ROW0004177,REF004177,ACC031,S02,INT02,2025-12-13,complete,Commercial,Other outpatient,2026-08-31 12:00:00,2026-08-31 18:00:00
ROW0001932,REF001932,ACC042,S07,INT07,2025-02-17,VISIT COMPLETE,Commercial,Injection,2026-08-31 12:00:00,2026-08-31 18:00:00
ROW0004302,REF004302,ACC056,S03,INT03,2026-06-05,VISIT COMPLETE,Medicare Advantage,Infusion,2026-08-31 12:00:00,2026-08-31 18:00:00
ROW0001537,REF001537,ACC028,S02,INT02,2025-10-05,complete,Medicare Advantage,Injection,2026-08-31 12:00:00,2026-08-31 18:00:00
ROW0001662,REF001662,ACC031,S02,INT02,2025-02-03,completed,Medicare Advantage,Infusion,2026-08-31 12:00:00,2026-08-31 18:00:00
ROW0004309,REF004309,ACC099,S05,INT05,2025-01-08,In Review,Medicare Advantage,Other outpatient,2026-08-31 12:00:00,2026-08-31 18:00:00
ROW0000850,REF000850,ACC006,S01,INT01,2026-07-12,complete,Other,Infusion,2026-08-31 12:00:00,2026-08-31 18:00:00
ROW0001387,REF001387,ACC059,S07,INT07,2025-07-16,CLOSED - NO VISIT,Commercial,Infusion,2026-08-31 12:00:00,2026-08-31 18:00:00
ROW0001080,REF001080,ACC076,S04,INT04,2025-10-16,VISIT COMPLETE,Commercial,Injection,2026-08-31 12:00:00,2026-08-31 18:00:00
ROW0001914,REF001914,ACC047,S07,INT07,2025-07-23,VISIT COMPLETE,Medicare Advantage,Infusion,2026-08-31 12:00:00,2026-08-31 18:00:00
ROW0005740,REF005740,ACC072,S04,INT04,2025-06-18,VISIT COMPLETE,Commercial,Other outpatient,2026-08-31 12:00:00,2026-08-31 18:00:00
ROW0001050,REF001050,ACC043,S03,INT03,2026-07-06,complete,Other,Other outpatient,2026-08-31 12:00:00,2026-08-31 18:00:00
ROW0003437,REF003437,ACC059,S03,INT03,2025-07-31,complete,Commercial,Infusion,2026-08-31 12:00:00,2026-08-31 18:00:00
ROW0001102,REF001102,ACC057,S07,INT07,2026-05-09,CLOSED - NO VISIT,Medicare Advantage,Other outpatient,2026-08-31 12:00:00,2026-08-31 18:00:00
ROW0003673,REF003673,ACC054,S03,INT03,2026-02-08,complete,Commercial,Infusion,2026-08-31 12:00:00,2026-08-31 18:00:00
ROW0003425,REF003425,ACC083,S05,INT05,2026-04-24,CLOSED - NO VISIT,Medicare Advantage,Infusion,2026-08-31 12:00:00,2026-08-31 18:00:00
ROW0000968,REF000968,ACC018,S01,INT01,2026-01-29,complete,Commercial,Infusion,2026-08-31 12:00:00,2026-08-31 18:00:00
ROW0003940,REF003940,ACC120,S06,INT06,2026-04-16,complete,Other,Infusion,2026-08-31 12:00:00,2026-08-31 18:00:00
ROW0001147,REF001147,ACC044,S03,INT03,2025-01-03,completed,Medicare Advantage,Infusion,2026-08-31 12:00:00,2026-08-31 18:00:00
ROW0001565,REF001565,ACC084,S05,INT05,2026-04-06,review,Commercial,Injection,2026-08-31 12:00:00,2026-08-31 18:00:00
ROW0000182,REF000182,ACC026,S02,INT02,2025-10-30,complete,Medicaid,Infusion,2026-08-31 12:00:00,2026-08-31 18:00:00
ROW0002984,REF002984,ACC002,S01,INT01,2025-11-11,VISIT COMPLETE,Commercial,Infusion,2026-08-31 12:00:00,2026-08-31 18:00:00
ROW0001219,REF001219,ACC013,S01,INT01,2025-02-04,complete,Commercial,Other outpatient,2026-08-31 12:00:00,2026-08-31 18:00:00
ROW0003832,REF003832,ACC026,S02,INT02,2025-09-02,VISIT COMPLETE,Medicare Advantage,Infusion,2026-08-31 12:00:00,2026-08-31 18:00:00
ROW0002104,REF002104,ACC001,S01,INT01,2026-06-01,VISIT COMPLETE,Medicaid,Infusion,2026-08-31 12:00:00,2026-08-31 18:00:00
ROW0001395,REF001395,ACC048,S07,INT07,2026-06-03,complete,Commercial,Infusion,2026-08-31 12:00:00,2026-08-31 18:00:00
ROW0003795,REF003795,ACC106,S06,INT06,2026-06-13,complete,Medicare Advantage,Injection,2026-08-31 12:00:00,2026-08-31 18:00:00
ROW0002427,REF002427,ACC111,S08,INT08,2025-04-05,completed,Medicare Advantage,Injection,2026-08-31 12:00:00,2026-08-31 18:00:00
ROW0000639,REF000639,ACC048,S03,INT03,2025-04-07,VISIT COMPLETE,Medicare Advantage,Injection,2026-08-31 12:00:00,2026-08-31 18:00:00
ROW0003498,REF003498,ACC076,S04,INT04,2026-04-26,VISIT COMPLETE,Medicare Advantage,Injection,2026-08-31 12:00:00,2026-08-31 18:00:00
ROW0006039,REF001245,ACC119,S06,INT06,2026-07-02,received,Medicare Advantage,Injection,2026-08-30 12:00:00,2026-08-31 19:00:00
ROW0002727,REF002727,ACC079,S04,INT04,2025-03-16,complete,Medicare Advantage,Other outpatient,2026-08-31 12:00:00,2026-08-31 18:00:00
ROW0004015,REF004015,ACC087,S05,INT05,2025-07-12,VISIT COMPLETE,Medicare Advantage,Infusion,2026-08-31 12:00:00,2026-08-31 18:00:00
ROW0002465,REF002465,ACC025,S02,INT02,2025-12-28,completed,Traditional Medicare,Injection,2026-08-31 12:00:00,2026-08-31 18:00:00
ROW0003678,REF003678,ACC021,S02,INT02,2026-08-16,ready to schedule,Medicaid,Infusion,2026-08-31 12:00:00,2026-08-31 18:00:00
ROW0001380,REF001380,ACC095,S05,INT05,2025-01-11,VISIT COMPLETE,Traditional Medicare,Other outpatient,2026-08-31 12:00:00,2026-08-31 18:00:00
ROW0005963,REF005963,ACC095,S05,,2025-08-29,completed,Commercial,Injection,2026-08-31 12:00:00,2026-08-31 18:00:00
ROW0003388,REF003388,ACC106,S08,INT08,2025-11-23,complete,Medicare Advantage,Injection,2026-08-31 12:00:00,2026-08-31 18:00:00
ROW0003597,REF003597,ACC025,S02,INT02,2025-11-18,complete,Other,Infusion,2026-08-31 12:00:00,2026-08-31 18:00:00
ROW0001695,REF001695,ACC068,S04,INT04,2025-04-23,VISIT COMPLETE,Commercial,Infusion,2026-08-31 12:00:00,2026-08-31 18:00:00
ROW0006145,REF003702,ACC014,S01,INT01,2026-04-12,completed,Medicaid,Injection,2026-08-31 12:00:00,2026-08-31 19:00:00
ROW0001523,REF001523,ACC021,S02,,2025-05-25,VISIT COMPLETE,Commercial,Injection,2026-08-31 12:00:00,2026-08-31 18:00:00
ROW0003833,REF003833,ACC002,S01,INT01,2026-01-30,VISIT COMPLETE,Traditional Medicare,Injection,2026-08-31 12:00:00,2026-08-31 18:00:00
ROW0004936,REF004936,ACC093,S05,INT05,2025-09-21,completed,Commercial,Injection,2026-08-31 12:00:00,2026-08-31 18:00:00
ROW0002583,REF002583,ACC018,S01,INT01,2025-04-26,VISIT COMPLETE,Commercial,Injection,2026-08-31 12:00:00,2026-08-31 18:00:00
ROW0003008,REF003008,ACC015,S01,INT01,2026-07-12,completed,Medicare Advantage,Infusion,2026-08-31 12:00:00,2026-08-31 18:00:00
ROW0000800,REF000800,ACC120,S06,INT06,2025-12-19,VISIT COMPLETE,Other,Injection,2026-08-31 12:00:00,2026-08-31 18:00:00
ROW0005844,REF005844,ACC116,S06,INT06,2026-03-08,review,Medicare Advantage,Injection,2026-08-31 12:00:00,2026-08-31 18:00:00
ROW0001511,REF001511,ACC103,S08,INT08,2026-03-27,completed,Medicare Advantage,Infusion,2026-08-31 12:00:00,2026-08-31 18:00:00
ROW0001495,REF001495,ACC050,S03,INT03,2025-10-09,completed,Commercial,Other outpatient,2026-08-31 12:00:00,2026-08-31 18:00:00
ROW0003912,REF003912,ACC099,S05,INT05,2025-02-11,completed,Commercial,Infusion,2026-08-31 12:00:00,2026-08-31 18:00:00
ROW0001266,REF001266,ACC090,S05,INT05,2025-05-01,complete,Medicare Advantage,Infusion,2026-08-31 12:00:00,2026-08-31 18:00:00
ROW0005194,REF005194,ACC081,S05,INT05,2025-08-10,VISIT COMPLETE,Traditional Medicare,Infusion,2026-08-31 12:00:00,2026-08-31 18:00:00
ROW0003266,REF003266,ACC021,S02,INT02,2025-12-16,In Review,Medicaid,Injection,2026-08-31 12:00:00,2026-08-31 18:00:00
ROW0005699,REF005699,ACC050,S03,INT03,2025-02-03,complete,Traditional Medicare,Injection,2026-08-31 12:00:00,2026-08-31 18:00:00
ROW0004237,REF004237,ACC041,S07,INT07,2026-08-21,review,Medicare Advantage,Other outpatient,2026-08-31 12:00:00,2026-08-31 18:00:00
ROW0001360,REF001360,ACC012,S01,INT01,2026-05-24,closed,Commercial,Infusion,2026-08-31 12:00:00,2026-08-31 18:00:00
ROW0002731,REF002731,ACC065,S04,INT04,2025-08-25,ready,Commercial,Injection,2026-08-31 12:00:00,2026-08-31 18:00:00
ROW0003294,REF003294,ACC077,S04,INT04,2025-09-17,complete,Medicare Advantage,Infusion,2026-08-31 12:00:00,2026-08-31 18:00:00
ROW0005856,REF005856,ACC107,S06,INT06,2026-05-11,VISIT COMPLETE,Commercial,Infusion,2026-08-31 12:00:00,2026-08-31 18:00:00
ROW0003111,REF003111,ACC118,S08,,2026-06-19,closed,Medicare Advantage,Infusion,2026-08-31 12:00:00,2026-08-31 18:00:00
ROW0004676,REF004676,ACC010,S01,INT01,2025-10-20,complete,Commercial,Infusion,2026-08-31 12:00:00,2026-08-31 18:00:00
ROW0003257,REF003257,ACC079,S04,INT04,2025-12-25,VISIT COMPLETE,Medicare Advantage,Injection,2026-08-31 12:00:00,2026-08-31 18:00:00
ROW0003639,REF003639,ACC060,S07,INT07,2025-04-04,complete,Traditional Medicare,Other outpatient,2026-08-31 12:00:00,2026-08-31 18:00:00
ROW0003392,REF003392,ACC056,S07,INT07,2026-06-12,completed,Medicare Advantage,Injection,2026-08-31 12:00:00,2026-08-31 18:00:00
ROW0005214,REF005214,ACC028,S02,INT02,2026-03-21,cancelled,Medicare Advantage,Infusion,2026-08-31 12:00:00,2026-08-31 18:00:00
ROW0000191,REF000191,ACC031,S02,INT02,2026-08-21,ready to schedule,Traditional Medicare,Injection,2026-08-31 12:00:00,2026-08-31 18:00:00
ROW0001940,REF001940,ACC038,S02,INT02,2026-06-16,VISIT COMPLETE,Medicare Advantage,Infusion,2026-08-31 12:00:00,2026-08-31 18:00:00
ROW0000546,REF000546,ACC013,S01,,2025-10-12,complete,Medicare Advantage,Infusion,2026-08-31 12:00:00,2026-08-31 18:00:00
ROW0000774,REF000774,ACC077,S04,INT04,2025-05-08,complete,Commercial,Other outpatient,2026-08-31 12:00:00,2026-08-31 18:00:00
ROW0000733,REF000733,ACC109,S06,INT06,2026-01-08,completed,Commercial,Infusion,2026-08-31 12:00:00,2026-08-31 18:00:00
ROW0002729,REF002729,ACC015,S01,INT01,2026-02-13,completed,Medicare Advantage,Injection,2026-08-31 12:00:00,2026-08-31 18:00:00
ROW0001749,REF001749,ACC120,S08,INT08,2025-09-20,completed,Medicare Advantage,Infusion,2026-08-31 12:00:00,2026-08-31 18:00:00
ROW0000213,REF000213,ACC035,S02,INT02,2026-05-24,completed,Commercial,Infusion,2026-08-31 12:00:00,2026-08-31 18:00:00
ROW0003036,REF003036,ACC102,S06,INT06,2025-07-26,VISIT COMPLETE,Medicare Advantage,Infusion,2026-08-31 12:00:00,2026-08-31 18:00:00
ROW0005619,REF005619,ACC048,S07,INT07,2025-11-22,completed,Commercial,Infusion,2026-08-31 12:00:00,2026-08-31 18:00:00
ROW0004961,REF004961,ACC007,S01,INT01,2025-06-12,VISIT COMPLETE,Commercial,Infusion,2026-08-31 12:00:00,2026-08-31 18:00:00
ROW0002486,REF002486,ACC052,S07,INT07,2025-09-13, NEW ,Commercial,Injection,2026-08-31 12:00:00,2026-08-31 18:00:00
ROW0002939,REF002939,ACC108,S06,INT06,2026-04-21,received,Medicare Advantage,Injection,2026-08-31 12:00:00,2026-08-31 18:00:00
ROW0005788,REF005788,ACC023,S02,INT02,2026-03-12,completed,Medicare Advantage,Infusion,2026-08-31 12:00:00,2026-08-31 18:00:00
ROW0003415,REF003415,ACC042,S03,INT03,2025-04-04,VISIT COMPLETE,Commercial,Injection,2026-08-31 12:00:00,2026-08-31 18:00:00
ROW0003505,REF003505,ACC015,S01,INT01,2025-01-12,received,Medicare Advantage,Infusion,2026-08-31 12:00:00,2026-08-31 18:00:00
ROW0001111,REF001111,ACC118,S06,INT06,2025-09-11,VISIT COMPLETE,Medicare Advantage,Injection,2026-08-31 12:00:00,2026-08-31 18:00:00
ROW0000029,REF000029,ACC077,S04,INT04,2026-03-26,CLOSED - NO VISIT,Commercial,Injection,2026-08-31 12:00:00,2026-08-31 18:00:00
ROW0000467,REF000467,ACC075,S04,,2026-08-03,scheduled,Medicare Advantage,Injection,2026-08-31 12:00:00,2026-08-31 18:00:00
ROW0001757,REF001757,ACC065,S04,INT04,2025-11-26,CLOSED - NO VISIT,Medicare Advantage,Infusion,2026-08-31 12:00:00,2026-08-31 18:00:00
ROW0001861,REF001861,ACC034,S02,INT02,2025-12-06,completed,Commercial,Injection,2026-08-31 12:00:00,2026-08-31 18:00:00
ROW0005199,REF005199,ACC096,S05,INT05,2026-08-10,ready,Medicare Advantage,Injection,2026-08-31 12:00:00,2026-08-31 18:00:00
ROW0000465,REF000465,ACC104,S06,INT06,2026-03-24,VISIT COMPLETE,Commercial,Other outpatient,2026-08-31 12:00:00,2026-08-31 18:00:00
ROW0005187,REF005187,ACC050,S03,INT03,2025-05-06,complete,Medicaid,Other outpatient,2026-08-31 12:00:00,2026-08-31 18:00:00
ROW0003118,REF003118,ACC077,S04,INT04,2026-05-14,complete,Commercial,Infusion,2026-08-31 12:00:00,2026-08-31 18:00:00
ROW0001181,REF001181,ACC031,S02,INT02,2026-07-23,complete,Commercial,Infusion,2026-08-31 12:00:00,2026-08-31 18:00:00
ROW0005097,REF005097,ACC102,S06,INT06,2025-10-07,ready to schedule,Traditional Medicare,Infusion,2026-08-31 12:00:00,2026-08-31 18:00:00
ROW0003131,REF003131,ACC020,S01,INT01,2025-08-20,complete,Commercial,Infusion,2026-08-31 12:00:00,2026-08-31 18:00:00
ROW0000107,REF000107,ACC042,S07,INT07,2025-10-12,complete,Medicare Advantage,Infusion,2026-08-31 12:00:00,2026-08-31 18:00:00
ROW0000570,REF000570,ACC036,S02,INT02,2025-09-26,complete,Medicare Advantage,Injection,2026-08-31 12:00:00,2026-08-31 18:00:00
ROW0003701,REF003701,ACC015,S01,INT01,2026-03-13,completed,Traditional Medicare,Infusion,2026-08-31 12:00:00,2026-08-31 18:00:00
ROW0005440,REF005440,ACC099,S05,INT05,2025-01-17,completed,Traditional Medicare,Injection,2026-08-31 12:00:00,2026-08-31 18:00:00
ROW0000131,REF000131,ACC073,S04,INT04,2026-07-28,scheduled,Medicare Advantage,Infusion,2026-08-31 12:00:00,2026-08-31 18:00:00
ROW0001327,REF001327,ACC058,S07,INT07,2026-05-13,review,Commercial,Injection,2026-08-31 12:00:00,2026-08-31 18:00:00
ROW0005577,REF005577,ACC073,S04,INT04,2025-12-27,VISIT COMPLETE,Medicaid,Injection,2026-08-31 12:00:00,2026-08-31 18:00:00
ROW0001331,REF001331,ACC111,S08,INT08,2026-03-18,complete,Commercial,Injection,2026-08-31 12:00:00,2026-08-31 18:00:00
ROW0001648,REF001648,ACC112,S06,INT06,2026-01-21,completed,Commercial,Infusion,2026-08-31 12:00:00,2026-08-31 18:00:00
ROW0000671,REF000671,ACC028,S02,INT02,2026-08-14,ready,Commercial,Infusion,2026-08-31 12:00:00,2026-08-31 18:00:00
ROW0005807,REF005807,ACC011,S01,INT01,2025-11-02,completed,Traditional Medicare,Injection,2026-08-31 12:00:00,2026-08-31 18:00:00
ROW0001912,REF001912,ACC032,S02,INT02,2026-01-09,complete,Medicare Advantage,Infusion,2026-08-31 12:00:00,2026-08-31 18:00:00
ROW0003290,REF003290,ACC066,S04,INT04,2026-04-11,completed,Medicare Advantage,Infusion,2026-08-31 12:00:00,2026-08-31 18:00:00
ROW0003744,REF003744,ACC099,S05,INT05,2026-04-16,VISIT COMPLETE,Commercial,Other outpatient,2026-08-31 12:00:00,2026-08-31 18:00:00
ROW0005023,REF005023,ACC072,S04,INT04,2025-12-06,complete,Commercial,Injection,2026-08-31 12:00:00,2026-08-31 18:00:00
ROW0002209,REF002209,ACC056,S03,INT03,2025-08-06,In Review,Medicare Advantage,Injection,2026-08-31 12:00:00,2026-08-31 18:00:00
ROW0001731,REF001731,ACC098,S05,INT05,2026-08-02, SCHED ,Commercial,Infusion,2026-08-31 12:00:00,2026-08-31 18:00:00
ROW0003516,REF003516,ACC008,S01,INT01,2025-04-26,completed,Medicare Advantage,Infusion,2026-08-31 12:00:00,2026-08-31 18:00:00
ROW0000780,REF000780,ACC085,S05,INT05,2025-02-12,completed,Medicare Advantage,Infusion,2026-08-31 12:00:00,2026-08-31 18:00:00
ROW0004540,REF004540,ACC059,S07,INT07,2025-02-22,completed,Medicare Advantage,Infusion,2026-08-31 12:00:00,2026-08-31 18:00:00
ROW0001130,REF001130,ACC114,S06,INT06,2026-01-17,completed,Commercial,Infusion,2026-08-31 12:00:00,2026-08-31 18:00:00
ROW0005922,REF005922,ACC019,S01,INT01,2025-01-06,received,Medicare Advantage,Infusion,2026-08-31 12:00:00,2026-08-31 18:00:00
ROW0005049,REF005049,ACC009,S01,INT01,2026-04-26,VISIT COMPLETE,Commercial,Injection,2026-08-31 12:00:00,2026-08-31 18:00:00
ROW0003973,REF003973,ACC057,S07,INT07,2025-12-14,In Review,Commercial,Infusion,2026-08-31 12:00:00,2026-08-31 18:00:00
ROW0000714,REF000714,ACC002,S01,INT01,2025-03-22,complete,Medicaid,Injection,2026-08-31 12:00:00,2026-08-31 18:00:00
ROW0000725,REF000725,ACC119,S08,INT08,2025-08-20,completed,Commercial,Infusion,2026-08-31 12:00:00,2026-08-31 18:00:00
ROW0001682,REF001682,ACC114,S08,INT08,2025-10-07,completed,Commercial,Infusion,2026-08-31 12:00:00,2026-08-31 18:00:00
ROW0004491,REF004491,ACC007,S01,INT01,2025-06-30,completed,Medicare Advantage,Infusion,2026-08-31 12:00:00,2026-08-31 18:00:00
ROW0000588,REF000588,ACC010,S01,INT01,2025-09-15,complete,Medicare Advantage,Infusion,2026-08-31 12:00:00,2026-08-31 18:00:00
ROW0001091,REF001091,ACC018,S01,INT01,2025-06-16,complete,Commercial,Injection,2026-08-31 12:00:00,2026-08-31 18:00:00
ROW0002603,REF002603,ACC111,S08,INT08,2025-04-24,closed,Medicare Advantage,Infusion,2026-08-31 12:00:00,2026-08-31 18:00:00
ROW0005507,REF005507,ACC006,S01,INT01,2026-03-13,completed,Commercial,Infusion,2026-08-31 12:00:00,2026-08-31 18:00:00
ROW0005474,REF005474,ACC104,S06,INT06,2025-04-05,completed,Medicare Advantage,Other outpatient,2026-08-31 12:00:00,2026-08-31 18:00:00
ROW0004062,REF004062,ACC023,S02,INT02,2025-02-09,VISIT COMPLETE,Medicare Advantage,Injection,2026-08-31 12:00:00,2026-08-31 18:00:00
ROW0005171,REF005171,ACC060,S07,INT07,2025-08-29,completed,Commercial,Infusion,2026-08-31 12:00:00,2026-08-31 18:00:00
ROW0004451,REF004451,ACC018,S01,INT01,2025-03-23,VISIT COMPLETE,Commercial,Infusion,2026-08-31 12:00:00,2026-08-31 18:00:00
ROW0003241,REF003241,ACC073,S04,INT04,2026-06-17,completed,Commercial,Infusion,2026-08-31 12:00:00,2026-08-31 18:00:00
ROW0006219,REF001295,ACC104,S08,INT08,2025-01-07,in progress?,Commercial,Infusion,2026-08-31 12:00:00,2026-08-31 19:00:00
ROW0005269,REF005269,ACC057,S07,INT07,2025-08-01,closed,Medicare Advantage,Infusion,2026-08-31 12:00:00,2026-08-31 18:00:00
ROW0004270,REF004270,ACC047,S03,INT03,2026-03-19,VISIT COMPLETE,Commercial,Injection,2026-08-31 12:00:00,2026-08-31 18:00:00
ROW0005991,REF005991,ACC012,S01,INT01,2025-02-24,VISIT COMPLETE,Medicare Advantage,Injection,2026-08-31 12:00:00,2026-08-31 18:00:00
ROW0003772,REF003772,ACC063,S04,INT04,2025-03-13,closed,Medicaid,Injection,2026-08-31 12:00:00,2026-08-31 18:00:00
ROW0002590,REF002590,ACC093,S05,INT05,2026-01-02,completed,Commercial,Injection,2026-08-31 12:00:00,2026-08-31 18:00:00
ROW0003323,REF003323,ACC031,S02,INT02,2025-04-11,completed,Commercial,Injection,2026-08-31 12:00:00,2026-08-31 18:00:00
ROW0003889,REF003889,ACC115,S08,INT08,2026-07-18,In Review,Medicare Advantage,Infusion,2026-08-31 12:00:00,2026-08-31 18:00:00
ROW0003350,REF003350,ACC002,S01,INT01,2025-03-15,completed,Commercial,Injection,2026-08-31 12:00:00,2026-08-31 18:00:00
ROW0000621,REF000621,ACC044,S07,INT07,2026-02-26,complete,Commercial,Other outpatient,2026-08-31 12:00:00,2026-08-31 18:00:00
ROW0002447,REF002447,ACC084,S05,INT05,2025-10-04,complete,Medicare Advantage,Infusion,2026-08-31 12:00:00,2026-08-31 18:00:00
ROW0000134,REF000134,ACC073,S04,INT04,2026-05-06,VISIT COMPLETE,Traditional Medicare,Injection,2026-08-31 12:00:00,2026-08-31 18:00:00
ROW0005193,REF005193,ACC011,S01,INT01,2025-06-10,VISIT COMPLETE,Commercial,Injection,2026-08-31 12:00:00,2026-08-31 18:00:00
ROW0003227,REF003227,ACC011,S01,INT01,2025-03-23,Ready_to_Schedule,Commercial,Infusion,2026-08-31 12:00:00,2026-08-31 18:00:00
ROW0005247,REF005247,ACC098,S05,INT05,2025-06-23,complete,Medicare Advantage,Other outpatient,2026-08-31 12:00:00,2026-08-31 18:00:00
ROW0002174,REF002174,ACC098,S05,INT05,2025-03-05,completed,Commercial,Injection,2026-08-31 12:00:00,2026-08-31 18:00:00
ROW0001864,REF001864,ACC063,S04,INT04,2025-12-27,closed,Medicare Advantage,Injection,2026-08-31 12:00:00,2026-08-31 18:00:00
ROW0005010,REF005010,ACC073,S04,INT04,2026-06-08,cancelled,Commercial,Infusion,2026-08-31 12:00:00,2026-08-31 18:00:00
ROW0001459,REF001459,ACC053,S03,INT03,2026-03-06,VISIT COMPLETE,Commercial,Injection,2026-08-31 12:00:00,2026-08-31 18:00:00
ROW0003068,REF003068,ACC026,S02,INT02,2026-02-13,VISIT COMPLETE,Traditional Medicare,Injection,2026-08-31 12:00:00,2026-08-31 18:00:00
ROW0005754,REF005754,ACC005,S01,INT01,2025-08-31,Received,Medicaid,Injection,2026-08-31 12:00:00,2026-08-31 18:00:00
ROW0004485,REF004485,ACC099,S05,INT05,2026-03-21,VISIT COMPLETE,Commercial,Infusion,2026-08-31 12:00:00,2026-08-31 18:00:00
ROW0005464,REF005464,ACC065,S04,INT04,2026-08-29, NEW ,Traditional Medicare,Infusion,2026-08-31 12:00:00,2026-08-31 18:00:00
ROW0006123,REF004858,ACC120,S08,INT08,2026-04-14,complete,Traditional Medicare,Other outpatient,2026-08-31 12:00:00,2026-08-31 19:00:00
ROW0005332,REF005332,ACC040,S02,INT02,2026-01-29, NEW ,Commercial,Infusion,2026-08-31 12:00:00,2026-08-31 18:00:00
ROW0004436,REF004436,ACC049,S03,INT03,2026-01-17,completed,Commercial,Injection,2026-08-31 12:00:00,2026-08-31 18:00:00
ROW0004950,REF004950,ACC036,S02,INT02,2025-03-19,VISIT COMPLETE,Commercial,Infusion,2026-08-31 12:00:00,2026-08-31 18:00:00
ROW0001734,REF001734,ACC105,S08,INT08,2025-03-24,completed,Commercial,Injection,2026-08-31 12:00:00,2026-08-31 18:00:00
ROW0001760,REF001760,ACC057,S07,INT07,2026-06-28,received,Traditional Medicare,Infusion,2026-08-31 12:00:00,2026-08-31 18:00:00
ROW0005545,REF005545,ACC119,S08,INT08,2026-02-06,complete,Traditional Medicare,Injection,2026-08-31 12:00:00,2026-08-31 18:00:00
ROW0001114,REF001114,ACC024,S02,INT02,2025-12-30,ready,Commercial,Infusion,2026-08-31 12:00:00,2026-08-31 18:00:00
ROW0003621,REF003621,ACC085,S05,INT05,2026-06-07, NEW ,Commercial,Infusion,2026-08-31 12:00:00,2026-08-31 18:00:00
ROW0005531,REF005531,ACC034,S02,INT02,2026-01-09,complete,Traditional Medicare,Injection,2026-08-31 12:00:00,2026-08-31 18:00:00
ROW0005543,REF005543,ACC093,S05,INT05,2025-11-12,complete,Commercial,Injection,2026-08-31 12:00:00,2026-08-31 18:00:00
ROW0004647,REF004647,ACC107,S06,INT06,2025-11-06,completed,Commercial,Infusion,2026-08-31 12:00:00,2026-08-31 18:00:00
ROW0003885,REF003885,ACC091,S05,INT05,2026-06-22,completed,Medicaid,Injection,2026-08-31 12:00:00,2026-08-31 18:00:00
ROW0005613,REF005613,ACC059,S07,INT07,2025-04-21,VISIT COMPLETE,Traditional Medicare,Injection,2026-08-31 12:00:00,2026-08-31 18:00:00
ROW0001261,REF001261,ACC097,S05,INT05,2026-06-13,VISIT COMPLETE,Commercial,Infusion,2026-08-31 12:00:00,2026-08-31 18:00:00
ROW0000043,REF000043,ACC027,S02,INT02,2025-09-14,complete,Commercial,Infusion,2026-08-31 12:00:00,2026-08-31 18:00:00
ROW0003851,REF003851,ACC108,S08,INT08,2026-02-16,complete,Medicare Advantage,Infusion,2026-08-31 12:00:00,2026-08-31 18:00:00
ROW0001298,REF001298,ACC095,S05,INT05,2026-05-02,VISIT COMPLETE,Medicare Advantage,Infusion,2026-08-31 12:00:00,2026-08-31 18:00:00
ROW0001388,REF001388,ACC029,S02,INT02,2025-09-18,VISIT COMPLETE,Medicare Advantage,Other outpatient,2026-08-31 12:00:00,2026-08-31 18:00:00
ROW0005862,REF005862,ACC064,S04,INT04,2025-12-15,complete,Commercial,Infusion,2026-08-31 12:00:00,2026-08-31 18:00:00
ROW0006268,REF004421,ACC049,S03,INT03,2025-09-20,VISIT COMPLETE,Commercial,Other outpatient,2026-08-31 12:00:00,2026-08-31 19:00:00
ROW0000088,REF000088,ACC053,S07,,2025-12-01,complete,Traditional Medicare,Infusion,2026-08-31 12:00:00,2026-08-31 18:00:00
ROW0005183,REF005183,ACC015,S01,INT01,2026-03-08, NEW ,Commercial,Injection,2026-08-31 12:00:00,2026-08-31 18:00:00
ROW0005100,REF005100,ACC084,S05,INT05,2025-07-04,completed,Medicare Advantage,Infusion,2026-08-31 12:00:00,2026-08-31 18:00:00
ROW0000972,REF000972,ACC110,S08,INT08,2025-12-29,VISIT COMPLETE,Medicare Advantage,Injection,2026-08-31 12:00:00,2026-08-31 18:00:00
ROW0005841,REF005841,ACC025,S02,INT02,2026-05-24,complete,Medicaid,Infusion,2026-08-31 12:00:00,2026-08-31 18:00:00
ROW0003187,REF003187,ACC107,S08,INT08,2026-08-23,Ready_to_Schedule,Medicare Advantage,Injection,2026-08-31 12:00:00,2026-08-31 18:00:00
ROW0003050,REF003050,ACC070,S04,INT04,2025-03-13,complete,Medicare Advantage,Injection,2026-08-31 12:00:00,2026-08-31 18:00:00
ROW0001476,REF001476,ACC064,S04,INT04,2026-07-06,ready to schedule,Traditional Medicare,Injection,2026-08-31 12:00:00,2026-08-31 18:00:00
ROW0002741,REF002741,ACC118,S06,INT06,2026-01-23,review,Traditional Medicare,Injection,2026-08-31 12:00:00,2026-08-31 18:00:00
ROW0002372,REF002372,ACC050,S07,INT07,2026-03-25,completed,Commercial,Infusion,2026-08-31 12:00:00,2026-08-31 18:00:00
ROW0001146,REF001146,ACC049,S03,INT03,2025-06-04,ready to schedule,Commercial,Infusion,2026-08-31 12:00:00,2026-08-31 18:00:00
ROW0000532,REF000532,ACC089,S05,INT05,2025-05-10,review,Medicare Advantage,Infusion,2026-08-31 12:00:00,2026-08-31 18:00:00
ROW0004215,REF004215,ACC084,S05,INT05,2026-06-15,complete,Commercial,Other outpatient,2026-08-31 12:00:00,2026-08-31 18:00:00
ROW0001710,REF001710,ACC012,S01,INT01,2026-03-08,complete,Commercial,Infusion,2026-08-31 12:00:00,2026-08-31 18:00:00
ROW0000265,REF000265,ACC055,S07,INT07,2025-02-12,completed,Commercial,Infusion,2026-08-31 12:00:00,2026-08-31 18:00:00
ROW0001307,REF001307,ACC062,S04,INT04,2025-09-29,completed,Traditional Medicare,Injection,2026-08-31 12:00:00,2026-08-31 18:00:00
ROW0000712,REF000712,ACC109,S08,,2026-06-29,complete,Medicare Advantage,Infusion,2026-08-31 12:00:00,2026-08-31 18:00:00
ROW0001801,REF001801,ACC054,S03,INT03,2025-08-22,completed,Commercial,Other outpatient,2026-08-31 12:00:00,2026-08-31 18:00:00
ROW0004261,REF004261,ACC040,S02,INT02,2026-02-01,completed,Medicare Advantage,Infusion,2026-08-31 12:00:00,2026-08-31 18:00:00
ROW0005828,REF005828,ACC015,S01,INT01,2025-10-16,VISIT COMPLETE,Traditional Medicare,Injection,2026-08-31 12:00:00,2026-08-31 18:00:00
ROW0002149,REF002149,ACC103,S08,INT08,2026-03-23,ready to schedule,Other,Infusion,2026-08-31 12:00:00,2026-08-31 18:00:00
ROW0002794,REF002794,ACC011,S01,INT01,2025-07-28,in_review,Traditional Medicare,Other outpatient,2026-08-31 12:00:00,2026-08-31 18:00:00
ROW0002518,REF002518,ACC100,S05,INT05,2026-05-19,VISIT COMPLETE,Commercial,Injection,2026-08-31 12:00:00,2026-08-31 18:00:00
ROW0005367,REF005367,ACC042,S03,INT03,2026-07-26,cancelled,Traditional Medicare,Infusion,2026-08-31 12:00:00,2026-08-31 18:00:00
ROW0000767,REF000767,ACC117,S06,INT06,2026-07-15,review,Medicare Advantage,Infusion,2026-08-31 12:00:00,2026-08-31 18:00:00
ROW0000527,REF000527,ACC008,S01,INT01,2025-06-22,complete,Commercial,Injection,2026-08-31 12:00:00,2026-08-31 18:00:00
ROW0001423,REF001423,ACC093,S05,INT05,2026-05-15,review,Medicare Advantage,Infusion,2026-08-31 12:00:00,2026-08-31 18:00:00
ROW0000632,REF000632,ACC051,S07,,2025-08-24,VISIT COMPLETE,Commercial,Other outpatient,2026-08-31 12:00:00,2026-08-31 18:00:00
ROW0000164,REF000164,ACC084,S05,INT05,2026-08-25,In Review,Medicare Advantage,Other outpatient,2026-08-31 12:00:00,2026-08-31 18:00:00
ROW0000034,REF000034,ACC020,S01,INT01,2025-09-15,cancelled,Medicare Advantage,Infusion,2026-08-31 12:00:00,2026-08-31 18:00:00
ROW0004440,REF004440,ACC025,S02,INT02,2025-12-19,complete,Medicare Advantage,Infusion,2026-08-31 12:00:00,2026-08-31 18:00:00
ROW0004257,REF004257,ACC017,S01,INT01,2025-02-19,VISIT COMPLETE,Medicare Advantage,Injection,2026-08-31 12:00:00,2026-08-31 18:00:00
ROW0001095,REF001095,ACC061,S04,INT04,2025-02-08,VISIT COMPLETE,Commercial,Injection,2026-08-31 12:00:00,2026-08-31 18:00:00
ROW0001361,REF001361,ACC014,S01,INT01,2025-02-21,VISIT COMPLETE,Commercial,Infusion,2026-08-31 12:00:00,2026-08-31 18:00:00
ROW0004220,REF004220,ACC025,S02,INT02,2025-07-12,completed,Commercial,Infusion,2026-08-31 12:00:00,2026-08-31 18:00:00
ROW0000556,REF000556,ACC084,S05,INT05,2026-06-24,completed,Commercial,Infusion,2026-08-31 12:00:00,2026-08-31 18:00:00
ROW0003182,REF003182,ACC047,S03,INT03,2025-08-12,VISIT COMPLETE,Medicare Advantage,Other outpatient,2026-08-31 12:00:00,2026-08-31 18:00:00
ROW0005660,REF005660,ACC018,S01,INT01,2025-04-27,complete,Medicare Advantage,Injection,2026-08-31 12:00:00,2026-08-31 18:00:00
ROW0001237,REF001237,ACC095,S05,INT05,2025-10-23,VISIT COMPLETE,Medicaid,Infusion,2026-08-31 12:00:00,2026-08-31 18:00:00
ROW0001644,REF001644,ACC022,S02,INT02,2026-04-08,closed,Commercial,Infusion,2026-08-31 12:00:00,2026-08-31 18:00:00
ROW0003983,REF003983,ACC011,S01,INT01,2025-11-26,complete,Medicare Advantage,Infusion,2026-08-31 12:00:00,2026-08-31 18:00:00
ROW0001742,REF001742,ACC070,S04,INT04,2025-06-29,VISIT COMPLETE,Medicare Advantage,Infusion,2026-08-31 12:00:00,2026-08-31 18:00:00
ROW0002333,REF002333,ACC066,S04,INT04,2026-01-19,VISIT COMPLETE,Medicare Advantage,Injection,2026-08-31 12:00:00,2026-08-31 18:00:00
ROW0003105,REF003105,ACC059,S07,INT07,2025-01-10,VISIT COMPLETE,Medicaid,Injection,2026-08-31 12:00:00,2026-08-31 18:00:00
ROW0004854,REF004854,ACC028,S02,INT02,2025-06-19,VISIT COMPLETE,Medicare Advantage,Injection,2026-08-31 12:00:00,2026-08-31 18:00:00
ROW0004217,REF004217,ACC065,S04,INT04,2025-09-03,VISIT COMPLETE,Medicare Advantage,Other outpatient,2026-08-31 12:00:00,2026-08-31 18:00:00
ROW0005568,REF005568,ACC042,S07,INT07,2026-04-08,In Review,Commercial,Infusion,2026-08-31 12:00:00,2026-08-31 18:00:00
ROW0005921,REF005921,ACC086,S05,INT05,2025-05-07,completed,Traditional Medicare,Infusion,2026-08-31 12:00:00,2026-08-31 18:00:00
ROW0000737,REF000737,ACC118,S06,INT06,2026-03-26,completed,Commercial,Infusion,2026-08-31 12:00:00,2026-08-31 18:00:00
ROW0000703,REF000703,ACC012,S01,INT01,2025-04-21,completed,Traditional Medicare,Injection,2026-08-31 12:00:00,2026-08-31 18:00:00
ROW0000093,REF000093,ACC014,S01,INT01,2026-03-29,completed,Medicare Advantage,Injection,2026-08-31 12:00:00,2026-08-31 18:00:00
ROW0003928,REF003928,ACC094,S05,INT05,2025-10-27,completed,Medicare Advantage,Injection,2026-08-31 12:00:00,2026-08-31 18:00:00
ROW0002434,REF002434,ACC108,S08,INT08,2026-03-12,closed,Traditional Medicare,Infusion,2026-08-31 12:00:00,2026-08-31 18:00:00
ROW0002627,REF002627,ACC016,S01,INT01,2025-09-19,complete,Other,Injection,2026-08-31 12:00:00,2026-08-31 18:00:00
ROW0006031,REF005409,ACC084,S05,INT05,2025-03-31,received,Commercial,Infusion,2026-08-30 12:00:00,2026-08-31 19:00:00
ROW0003638,REF003638,ACC087,S05,INT05,2025-10-27,VISIT COMPLETE,Medicare Advantage,Injection,2026-08-31 12:00:00,2026-08-31 18:00:00
ROW0001865,REF001865,ACC097,S05,INT05,2026-05-01,VISIT COMPLETE,Commercial,Infusion,2026-08-31 12:00:00,2026-08-31 18:00:00
ROW0003214,REF003214,ACC089,S05,INT05,2025-06-01,completed,Other,Infusion,2026-08-31 12:00:00,2026-08-31 18:00:00
ROW0003295,REF003295,ACC016,S01,INT01,2025-12-04,VISIT COMPLETE,Medicare Advantage,Infusion,2026-08-31 12:00:00,2026-08-31 18:00:00
ROW0002643,REF002643,ACC084,S05,INT05,2025-03-17,complete,Medicaid,Infusion,2026-08-31 12:00:00,2026-08-31 18:00:00
ROW0002855,REF002855,ACC004,S01,INT01,2025-03-05,closed,Commercial,Other outpatient,2026-08-31 12:00:00,2026-08-31 18:00:00
ROW0000170,REF000170,ACC006,S01,INT01,2025-04-18,completed,Other,Infusion,2026-08-31 12:00:00,2026-08-31 18:00:00
ROW0002443,REF002443,ACC050,S03,INT03,2025-10-01,cancelled,Medicare Advantage,Injection,2026-08-31 12:00:00,2026-08-31 18:00:00
ROW0005210,REF005210,ACC004,S01,INT01,2025-01-18,completed,Commercial,Injection,2026-08-31 12:00:00,2026-08-31 18:00:00
ROW0001752,REF001752,ACC118,S08,INT08,2025-07-23,VISIT COMPLETE,Commercial,Infusion,2026-08-31 12:00:00,2026-08-31 18:00:00
ROW0006026,REF000439,ACC101,S06,INT06,2026-06-20,received,Traditional Medicare,Other outpatient,2026-08-30 12:00:00,2026-08-31 19:00:00
ROW0003180,REF003180,ACC031,S02,INT02,2026-07-31,VISIT COMPLETE,Commercial,Infusion,2026-08-31 12:00:00,2026-08-31 18:00:00
ROW0002585,REF002585,ACC044,S07,INT07,2026-06-24,completed,Traditional Medicare,Injection,2026-08-31 12:00:00,2026-08-31 18:00:00
ROW0004247,REF004247,ACC004,S01,INT01,2026-03-07,cancelled,Commercial,Infusion,2026-08-31 12:00:00,2026-08-31 18:00:00
ROW0001289,REF001289,ACC001,S01,INT01,2026-07-16,complete,Commercial,Other outpatient,2026-08-31 12:00:00,2026-08-31 18:00:00
ROW0001466,REF001466,ACC031,S02,INT02,2025-06-24,complete,Medicare Advantage,Infusion,2026-08-31 12:00:00,2026-08-31 18:00:00
ROW0001756,REF001756,ACC013,S01,INT01,2026-05-22,VISIT COMPLETE,Medicare Advantage,Infusion,2026-08-31 12:00:00,2026-08-31 18:00:00
ROW0000654,REF000654,ACC018,S01,INT01,2025-01-21,completed,Medicare Advantage,Other outpatient,2026-08-31 12:00:00,2026-08-31 18:00:00
ROW0003614,REF003614,ACC055,S07,INT07,2025-09-25,complete,Medicare Advantage,Infusion,2026-08-31 12:00:00,2026-08-31 18:00:00
ROW0001138,REF001138,ACC047,S07,INT07,2025-06-30,VISIT COMPLETE,Medicare Advantage,Infusion,2026-08-31 12:00:00,2026-08-31 18:00:00
ROW0003927,REF003927,ACC083,S05,INT05,2025-11-01,completed,Commercial,Infusion,2026-08-31 12:00:00,2026-08-31 18:00:00
ROW0005533,REF005533,ACC037,S02,INT02,2026-06-08,complete,Commercial,Infusion,2026-08-31 12:00:00,2026-08-31 18:00:00
ROW0001379,REF001379,ACC001,S01,INT01,2026-05-06,CLOSED - NO VISIT,Medicare Advantage,Infusion,2026-08-31 12:00:00,2026-08-31 18:00:00
ROW0002613,REF002613,ACC120,S06,INT06,2026-02-07,complete,Commercial,Other outpatient,2026-08-31 12:00:00,2026-08-31 18:00:00
ROW0004858,REF004858,ACC120,S08,INT08,2026-04-14,complete,Traditional Medicare,Other outpatient,2026-08-31 12:00:00,2026-08-31 18:00:00
ROW0003190,REF003190,ACC106,S08,INT08,2025-01-27,complete,Medicare Advantage,Infusion,2026-08-31 12:00:00,2026-08-31 18:00:00
ROW0004972,REF004972,ACC018,S01,INT01,2025-05-13,complete,Commercial,Infusion,2026-08-31 12:00:00,2026-08-31 18:00:00
ROW0001562,REF001562,ACC038,S02,INT02,2025-06-15,completed,Medicare Advantage,Infusion,2026-08-31 12:00:00,2026-08-31 18:00:00
ROW0002117,REF002117,ACC011,S01,INT01,2025-03-11,received,Traditional Medicare,Injection,2026-08-31 12:00:00,2026-08-31 18:00:00
ROW0004068,REF004068,ACC110,S06,INT06,2026-03-31,complete,Commercial,Injection,2026-08-31 12:00:00,2026-08-31 18:00:00
ROW0000289,REF000289,ACC047,S07,INT07,2025-06-13,VISIT COMPLETE,Medicare Advantage,Infusion,2026-08-31 12:00:00,2026-08-31 18:00:00
ROW0002099,REF002099,ACC104,S08,INT08,2025-06-10,CLOSED - NO VISIT,Other,Injection,2026-08-31 12:00:00,2026-08-31 18:00:00
ROW0000428,REF000428,ACC043,S07,INT07,2025-09-02,VISIT COMPLETE,Medicaid,Other outpatient,2026-08-31 12:00:00,2026-08-31 18:00:00
ROW0000602,REF000602,ACC001,S01,INT01,2025-07-03,VISIT COMPLETE,Commercial,Injection,2026-08-31 12:00:00,2026-08-31 18:00:00
ROW0000978,REF000978,ACC072,S04,INT04,2026-06-23,VISIT COMPLETE,Commercial,Injection,2026-08-31 12:00:00,2026-08-31 18:00:00
ROW0004776,REF004776,ACC033,S02,INT02,2026-05-26,VISIT COMPLETE,Medicare Advantage,Infusion,2026-08-31 12:00:00,2026-08-31 18:00:00
ROW0002802,REF002802,ACC036,S02,INT02,2025-06-17,completed,Commercial,Infusion,2026-08-31 12:00:00,2026-08-31 18:00:00
ROW0001453,REF001453,ACC079,S04,INT04,2025-11-27,complete,Commercial,Infusion,2026-08-31 12:00:00,2026-08-31 18:00:00
ROW0005341,REF005341,ACC008,S01,INT01,2026-07-18,Ready_to_Schedule,Traditional Medicare,Infusion,2026-08-31 12:00:00,2026-08-31 18:00:00
ROW0003707,REF003707,ACC009,S01,INT01,2025-08-14,cancelled,Medicare Advantage,Injection,2026-08-31 12:00:00,2026-08-31 18:00:00
ROW0000841,REF000841,ACC042,S03,,2026-03-24,complete,Medicare Advantage,Infusion,2026-08-31 12:00:00,2026-08-31 18:00:00
ROW0000935,REF000935,ACC009,S01,INT01,2025-12-04,completed,Medicaid,Infusion,2026-08-31 12:00:00,2026-08-31 18:00:00
ROW0004330,REF004330,ACC068,S04,INT04,2025-10-10,completed,Medicare Advantage,Infusion,2026-08-31 12:00:00,2026-08-31 18:00:00
ROW0000886,REF000886,ACC022,S02,INT02,2026-07-31,Ready_to_Schedule,Medicare Advantage,Infusion,2026-08-31 12:00:00,2026-08-31 18:00:00
ROW0003372,REF003372,ACC012,S01,INT01,2025-08-07,completed,Medicaid,Infusion,2026-08-31 12:00:00,2026-08-31 18:00:00
ROW0001588,REF001588,ACC062,S04,INT04,2026-04-11,complete,Medicare Advantage,Injection,2026-08-31 12:00:00,2026-08-31 18:00:00
ROW0004719,REF004719,ACC085,S05,INT05,2026-04-12,VISIT COMPLETE,Commercial,Infusion,2026-08-31 12:00:00,2026-08-31 18:00:00
ROW0004281,REF004281,ACC033,S02,INT02,2025-10-08,complete,Commercial,Injection,2026-08-31 12:00:00,2026-08-31 18:00:00
ROW0003311,REF003311,ACC108,S06,INT06,2026-04-04,VISIT COMPLETE,Medicare Advantage,Injection,2026-08-31 12:00:00,2026-08-31 18:00:00
ROW0002027,REF002027,ACC102,S06,INT06,2026-05-01,closed,Commercial,Other outpatient,2026-08-31 12:00:00,2026-08-31 18:00:00
ROW0000883,REF000883,ACC059,S03,INT03,2025-12-01,completed,Commercial,Infusion,2026-08-31 12:00:00,2026-08-31 18:00:00
ROW0003576,REF003576,ACC017,S01,INT01,2025-05-30,CLOSED - NO VISIT,Commercial,Injection,2026-08-31 12:00:00,2026-08-31 18:00:00
ROW0005118,REF005118,ACC018,S01,INT01,2025-06-16,VISIT COMPLETE,Traditional Medicare,Injection,2026-08-31 12:00:00,2026-08-31 18:00:00
ROW0000587,REF000587,ACC038,S02,INT02,2026-07-09,completed,Medicare Advantage,Infusion,2026-08-31 12:00:00,2026-08-31 18:00:00
ROW0002304,REF002304,ACC116,S06,INT06,2026-03-24,ready to schedule,Commercial,Infusion,2026-08-31 12:00:00,2026-08-31 18:00:00
ROW0005073,REF005073,ACC078,S04,INT04,2025-05-30,closed,Commercial,Other outpatient,2026-08-31 12:00:00,2026-08-31 18:00:00
ROW0002626,REF002626,ACC059,S07,INT07,2025-10-01,complete,Commercial,Infusion,2026-08-31 12:00:00,2026-08-31 18:00:00
ROW0002563,REF002563,ACC107,S08,INT08,2025-01-22,completed,Commercial,Infusion,2026-08-31 12:00:00,2026-08-31 18:00:00
ROW0001209,REF001209,ACC009,S01,INT01,2025-09-02,completed,Medicaid,Injection,2026-08-31 12:00:00,2026-08-31 18:00:00
ROW0001414,REF001414,ACC068,S04,INT04,2025-09-20,completed,Commercial,Infusion,2026-08-31 12:00:00,2026-08-31 18:00:00
ROW0001431,REF001431,ACC035,S02,INT02,2025-06-03,Ready_to_Schedule,Other,Infusion,2026-08-31 12:00:00,2026-08-31 18:00:00
ROW0000218,REF000218,ACC011,S01,INT01,2025-01-23,complete,Medicare Advantage,Injection,2026-08-31 12:00:00,2026-08-31 18:00:00
ROW0000687,REF000687,ACC111,S06,INT06,2025-07-05,complete,Traditional Medicare,Infusion,2026-08-31 12:00:00,2026-08-31 18:00:00
ROW0004441,REF004441,ACC015,S01,INT01,2025-06-15, NEW ,Medicare Advantage,Infusion,2026-08-31 12:00:00,2026-08-31 18:00:00
ROW0000747,REF000747,ACC017,S01,INT01,2025-09-23,complete,Medicare Advantage,Injection,2026-08-31 12:00:00,2026-08-31 18:00:00
ROW0001218,REF001218,ACC012,S01,INT01,2025-08-07,CLOSED - NO VISIT,Commercial,Infusion,2026-08-31 12:00:00,2026-08-31 18:00:00
ROW0005218,REF005218,ACC049,S07,INT07,2026-07-30,scheduled,Commercial,Infusion,2026-08-31 12:00:00,2026-08-31 18:00:00
ROW0001483,REF001483,ACC099,S05,INT05,2026-06-27,VISIT COMPLETE,Traditional Medicare,Infusion,2026-08-31 12:00:00,2026-08-31 18:00:00
ROW0000513,REF000513,ACC070,S04,INT04,2025-12-09,CLOSED - NO VISIT,Medicare Advantage,Infusion,2026-08-31 12:00:00,2026-08-31 18:00:00
ROW0005985,REF005985,ACC007,S01,INT01,2025-01-11,VISIT COMPLETE,Traditional Medicare,Injection,2026-08-31 12:00:00,2026-08-31 18:00:00
ROW0003221,REF003221,ACC044,S07,INT07,2026-02-09,closed,Commercial,Injection,2026-08-31 12:00:00,2026-08-31 18:00:00
ROW0000552,REF000552,ACC099,S05,INT05,2025-02-15,completed,Medicare Advantage,Infusion,2026-08-31 12:00:00,2026-08-31 18:00:00
ROW0004391,REF004391,ACC075,S04,INT04,2025-06-07,complete,Traditional Medicare,Infusion,2026-08-31 12:00:00,2026-08-31 18:00:00
ROW0002316,REF002316,ACC004,S01,INT01,2025-12-17,cancelled,Commercial,Other outpatient,2026-08-31 12:00:00,2026-08-31 18:00:00
ROW0001873,REF001873,ACC016,S01,INT01,2026-04-28,VISIT COMPLETE,Traditional Medicare,Infusion,2026-08-31 12:00:00,2026-08-31 18:00:00
ROW0004414,REF004414,ACC031,S02,INT02,2025-01-01,complete,Commercial,Infusion,2026-08-31 12:00:00,2026-08-31 18:00:00
ROW0004604,REF004604,ACC013,S01,INT01,2025-05-07,completed,Medicare Advantage,Injection,2026-08-31 12:00:00,2026-08-31 18:00:00
ROW0006166,REF002187,ACC068,S04,INT04,2026-06-06,VISIT COMPLETE,Traditional Medicare,Infusion,2026-08-31 12:00:00,2026-08-31 19:00:00
ROW0000533,REF000533,ACC007,S01,INT01,2025-07-02,received,Medicaid,Infusion,2026-08-31 12:00:00,2026-08-31 18:00:00
ROW0004506,REF004506,ACC038,S02,INT02,2026-08-01, SCHED ,Medicaid,Infusion,2026-08-31 12:00:00,2026-08-31 18:00:00
ROW0003461,REF003461,ACC005,S01,INT01,2025-11-24,VISIT COMPLETE,Medicare Advantage,Infusion,2026-08-31 12:00:00,2026-08-31 18:00:00
ROW0006262,REF002441,ACC050,S03,INT03,2025-10-13,completed,Medicare Advantage,Injection,2026-08-31 12:00:00,2026-08-31 19:00:00
ROW0001500,REF001500,ACC034,S02,INT02,2026-05-29,closed,Medicaid,Injection,2026-08-31 12:00:00,2026-08-31 18:00:00
ROW0003937,REF003937,ACC054,S03,INT03,2025-06-15,completed,Medicare Advantage,Injection,2026-08-31 12:00:00,2026-08-31 18:00:00
ROW0004090,REF004090,ACC100,S05,INT05,2026-04-03,VISIT COMPLETE,Medicare Advantage,Infusion,2026-08-31 12:00:00,2026-08-31 18:00:00
ROW0000270,REF000270,ACC073,S04,INT04,2026-05-08,VISIT COMPLETE,Commercial,Infusion,2026-08-31 12:00:00,2026-08-31 18:00:00
ROW0005919,REF005919,ACC032,S02,INT02,2026-02-20,VISIT COMPLETE,Medicare Advantage,Infusion,2026-08-31 12:00:00,2026-08-31 18:00:00
ROW0001679,REF001679,ACC072,S04,INT04,2025-02-06,VISIT COMPLETE,Commercial,Infusion,2026-08-31 12:00:00,2026-08-31 18:00:00
ROW0001472,REF001472,ACC111,S06,INT06,2026-03-22,completed,Traditional Medicare,Infusion,2026-08-31 12:00:00,2026-08-31 18:00:00
ROW0003277,REF003277,ACC021,S02,INT02,2025-10-14,completed,Commercial,Infusion,2026-08-31 12:00:00,2026-08-31 18:00:00
ROW0000292,REF000292,ACC092,S05,INT05,2025-10-03,received,Commercial,Infusion,2026-08-31 12:00:00,2026-08-31 18:00:00
ROW0005727,REF005727,ACC072,S04,INT04,2025-10-02,complete,Medicare Advantage,Infusion,2026-08-31 12:00:00,2026-08-31 18:00:00
ROW0005327,REF005327,ACC040,S02,INT02,2025-03-12,closed,Medicare Advantage,Infusion,2026-08-31 12:00:00,2026-08-31 18:00:00
ROW0005629,REF005629,ACC001,S01,INT01,2026-04-19,completed,Other,Infusion,2026-08-31 12:00:00,2026-08-31 18:00:00
ROW0004691,REF004691,ACC065,S04,INT04,2026-02-22,VISIT COMPLETE,Medicare Advantage,Infusion,2026-08-31 12:00:00,2026-08-31 18:00:00
ROW0005251,REF005251,ACC050,S07,INT07,2025-12-21,completed,Commercial,Infusion,2026-08-31 12:00:00,2026-08-31 18:00:00
ROW0001312,REF001312,ACC116,S06,INT06,2025-11-26,completed,Commercial,Injection,2026-08-31 12:00:00,2026-08-31 18:00:00
ROW0005804,REF005804,ACC120,S06,INT06,2025-12-12,closed,Medicare Advantage,Infusion,2026-08-31 12:00:00,2026-08-31 18:00:00
ROW0003455,REF003455,ACC047,S03,INT03,2026-06-12,complete,Traditional Medicare,Infusion,2026-08-31 12:00:00,2026-08-31 18:00:00
ROW0003485,REF003485,ACC054,S07,INT07,2026-03-03,completed,Medicaid,Infusion,2026-08-31 12:00:00,2026-08-31 18:00:00
ROW0005926,REF005926,ACC120,S06,INT06,2026-01-08,completed,Commercial,Injection,2026-08-31 12:00:00,2026-08-31 18:00:00
ROW0002557,REF002557,ACC081,S05,INT05,2025-05-10,received,Commercial,Infusion,2026-08-31 12:00:00,2026-08-31 18:00:00
ROW0005275,REF005275,ACC075,S04,INT04,2025-07-29,VISIT COMPLETE,Commercial,Injection,2026-08-31 12:00:00,2026-08-31 18:00:00
ROW0002649,REF002649,ACC038,S02,INT02,2026-04-21,complete,Commercial,Injection,2026-08-31 12:00:00,2026-08-31 18:00:00
ROW0005027,REF005027,ACC001,S01,INT01,2025-10-09,VISIT COMPLETE,Medicare Advantage,Infusion,2026-08-31 12:00:00,2026-08-31 18:00:00
ROW0004405,REF004405,ACC080,S04,INT04,2025-10-25,completed,Commercial,Infusion,2026-08-31 12:00:00,2026-08-31 18:00:00
ROW0003086,REF003086,ACC110,S08,INT08,2026-04-27,complete,Commercial,Infusion,2026-08-31 12:00:00,2026-08-31 18:00:00
ROW0000174,REF000174,ACC079,S04,INT04,2025-08-07,complete,Commercial,Infusion,2026-08-31 12:00:00,2026-08-31 18:00:00
ROW0001445,REF001445,ACC016,S01,INT01,2026-04-14,complete,Medicare Advantage,Injection,2026-08-31 12:00:00,2026-08-31 18:00:00
ROW0000798,REF000798,ACC079,S04,INT04,2025-11-08,CLOSED - NO VISIT,Commercial,Infusion,2026-08-31 12:00:00,2026-08-31 18:00:00
ROW0004173,REF004173,ACC013,S01,INT01,2025-09-19,VISIT COMPLETE,Commercial,Infusion,2026-08-31 12:00:00,2026-08-31 18:00:00
ROW0005766,REF005766,ACC110,S06,INT06,2025-01-08,VISIT COMPLETE,Traditional Medicare,Infusion,2026-08-31 12:00:00,2026-08-31 18:00:00
ROW0002041,REF002041,ACC119,S06,INT06,2025-12-16,completed,Commercial,Injection,2026-08-31 12:00:00,2026-08-31 18:00:00
ROW0003056,REF003056,ACC033,S02,INT02,2025-01-22,completed,Traditional Medicare,Infusion,2026-08-31 12:00:00,2026-08-31 18:00:00
ROW0001540,REF001540,ACC026,S02,INT02,2025-03-13,completed,Commercial,Other outpatient,2026-08-31 12:00:00,2026-08-31 18:00:00
ROW0000325,REF000325,ACC050,S07,INT07,2025-04-17,VISIT COMPLETE,Traditional Medicare,Infusion,2026-08-31 12:00:00,2026-08-31 18:00:00
ROW0001069,REF001069,ACC015,S01,INT01,2025-07-09,complete,Traditional Medicare,Injection,2026-08-31 12:00:00,2026-08-31 18:00:00
ROW0003099,REF003099,ACC016,S01,INT01,2026-06-19,VISIT COMPLETE,Traditional Medicare,Infusion,2026-08-31 12:00:00,2026-08-31 18:00:00
ROW0006051,REF005760,ACC085,S05,INT05,2025-05-18,review,Medicare Advantage,Injection,2026-08-31 12:00:00,2026-08-31 19:00:00
ROW0001035,REF001035,ACC065,S04,INT04,2025-01-10,completed,Medicaid,Infusion,2026-08-31 12:00:00,2026-08-31 18:00:00
ROW0003922,REF003922,ACC020,S01,INT01,2025-10-26,cancelled,Medicare Advantage,Injection,2026-08-31 12:00:00,2026-08-31 18:00:00
ROW0005231,REF005231,ACC018,S01,INT01,2025-09-06,complete,Commercial,Injection,2026-08-31 12:00:00,2026-08-31 18:00:00
ROW0000872,REF000872,ACC050,S07,INT07,2025-07-11,complete,Medicaid,Infusion,2026-08-31 12:00:00,2026-08-31 18:00:00
ROW0005980,REF005980,ACC046,S07,INT07,2025-03-14,complete,Traditional Medicare,Injection,2026-08-31 12:00:00,2026-08-31 18:00:00
ROW0006107,REF005616,ACC025,S02,INT02,2026-06-24,closed,Traditional Medicare,Infusion,2026-08-31 12:00:00,2026-08-31 19:00:00
ROW0004248,REF004248,ACC116,S06,INT06,2025-02-27,completed,Medicare Advantage,Infusion,2026-08-31 12:00:00,2026-08-31 18:00:00
ROW0003054,REF003054,ACC058,S03,INT03,2025-06-18,VISIT COMPLETE,Medicaid,Infusion,2026-08-31 12:00:00,2026-08-31 18:00:00
ROW0002981,REF002981,ACC118,S06,INT06,2026-03-13,complete,Traditional Medicare,Injection,2026-08-31 12:00:00,2026-08-31 18:00:00
ROW0005430,REF005430,ACC061,S04,INT04,2025-01-22,completed,Medicaid,Infusion,2026-08-31 12:00:00,2026-08-31 18:00:00
ROW0000277,REF000277,ACC085,S05,INT05,2025-12-17,complete,Traditional Medicare,Infusion,2026-08-31 12:00:00,2026-08-31 18:00:00
ROW0002581,REF002581,ACC095,S05,INT05,2025-02-15,completed,Commercial,Infusion,2026-08-31 12:00:00,2026-08-31 18:00:00
ROW0000102,REF000102,ACC049,S07,INT07,2025-04-16,received,Medicaid,Infusion,2026-08-31 12:00:00,2026-08-31 18:00:00
ROW0003986,REF003986,ACC059,S03,INT03,2026-03-23,closed,Other,Infusion,2026-08-31 12:00:00,2026-08-31 18:00:00
ROW0002564,REF002564,ACC111,S06,INT06,2025-08-27,review,Medicare Advantage,Infusion,2026-08-31 12:00:00,2026-08-31 18:00:00
ROW0004009,REF004009,ACC049,S03,INT03,2026-07-14,complete,Medicare Advantage,Infusion,2026-08-31 12:00:00,2026-08-31 18:00:00
ROW0000662,REF000662,ACC081,S05,INT05,2025-05-21,complete,Medicaid,Injection,2026-08-31 12:00:00,2026-08-31 18:00:00
ROW0002572,REF002572,ACC003,S01,INT01,2025-01-23,closed,Medicare Advantage,Injection,2026-08-31 12:00:00,2026-08-31 18:00:00
ROW0003185,REF003185,ACC056,S03,INT03,2026-01-15,completed,Commercial,Other outpatient,2026-08-31 12:00:00,2026-08-31 18:00:00
ROW0003342,REF003342,ACC002,S01,INT01,2026-02-25,completed,Commercial,Infusion,2026-08-31 12:00:00,2026-08-31 18:00:00
ROW0003919,REF003919,ACC053,S07,INT07,2025-01-15,cancelled,Medicaid,Other outpatient,2026-08-31 12:00:00,2026-08-31 18:00:00
ROW0000103,REF000103,ACC104,S06,INT06,2025-10-24,cancelled,Medicaid,Infusion,2026-08-31 12:00:00,2026-08-31 18:00:00
ROW0003864,REF003864,ACC015,S01,INT01,2026-07-26, SCHED ,Medicare Advantage,Infusion,2026-08-31 12:00:00,2026-08-31 18:00:00
ROW0000870,REF000870,ACC001,S01,INT01,2025-01-25,VISIT COMPLETE,Commercial,Infusion,2026-08-31 12:00:00,2026-08-31 18:00:00
ROW0004862,REF004862,ACC110,S06,INT06,2026-03-10,CLOSED - NO VISIT,Commercial,Infusion,2026-08-31 12:00:00,2026-08-31 18:00:00
ROW0004352,REF004352,ACC015,S01,INT01,2026-05-06,ready to schedule,Medicaid,Injection,2026-08-31 12:00:00,2026-08-31 18:00:00
ROW0003724,REF003724,ACC082,S05,INT05,2026-08-30, NEW ,Traditional Medicare,Infusion,2026-08-31 12:00:00,2026-08-31 18:00:00
ROW0005492,REF005492,ACC074,S04,INT04,2025-02-22,complete,Traditional Medicare,Other outpatient,2026-08-31 12:00:00,2026-08-31 18:00:00
ROW0005190,REF005190,ACC099,S05,INT05,2025-11-02,complete,Commercial,Injection,2026-08-31 12:00:00,2026-08-31 18:00:00
ROW0004193,REF004193,ACC105,S06,INT06,2025-10-27,closed,Traditional Medicare,Infusion,2026-08-31 12:00:00,2026-08-31 18:00:00
ROW0004404,REF004404,ACC036,S02,INT02,2026-07-29,completed,Traditional Medicare,Infusion,2026-08-31 12:00:00,2026-08-31 18:00:00
ROW0004042,REF004042,ACC077,S04,INT04,2026-06-12,complete,Commercial,Injection,2026-08-31 12:00:00,2026-08-31 18:00:00
ROW0000095,REF000095,ACC081,S05,INT05,2025-10-22,complete,Commercial,Infusion,2026-08-31 12:00:00,2026-08-31 18:00:00
ROW0004920,REF004920,ACC047,S07,INT07,2025-09-13,completed,Traditional Medicare,Infusion,2026-08-31 12:00:00,2026-08-31 18:00:00
ROW0005481,REF005481,ACC108,S08,INT08,2026-04-23,VISIT COMPLETE,Commercial,Infusion,2026-08-31 12:00:00,2026-08-31 18:00:00
ROW0004096,REF004096,ACC038,S02,INT02,2025-10-26,complete,Commercial,Injection,2026-08-31 12:00:00,2026-08-31 18:00:00
ROW0003159,REF003159,ACC025,S02,INT02,2026-02-28,completed,Commercial,Infusion,2026-08-31 12:00:00,2026-08-31 18:00:00
ROW0005220,REF005220,ACC088,S05,INT05,2025-12-31,completed,Commercial,Injection,2026-08-31 12:00:00,2026-08-31 18:00:00
ROW0003299,REF003299,ACC059,S07,INT07,2026-06-22,completed,Commercial,Infusion,2026-08-31 12:00:00,2026-08-31 18:00:00
ROW0005375,REF005375,ACC027,S02,INT02,2026-03-29,VISIT COMPLETE,Medicare Advantage,Injection,2026-08-31 12:00:00,2026-08-31 18:00:00
ROW0000565,REF000565,ACC015,S01,INT01,2025-09-13,VISIT COMPLETE,Medicare Advantage,Infusion,2026-08-31 12:00:00,2026-08-31 18:00:00
ROW0002474,REF002474,ACC077,S04,INT04,2025-12-30,VISIT COMPLETE,Commercial,Infusion,2026-08-31 12:00:00,2026-08-31 18:00:00
ROW0000284,REF000284,ACC018,S01,INT01,2026-08-05,complete,Medicare Advantage,Infusion,2026-08-31 12:00:00,2026-08-31 18:00:00
ROW0001680,REF001680,ACC060,S03,INT03,2025-10-23,cancelled,Medicare Advantage,Other outpatient,2026-08-31 12:00:00,2026-08-31 18:00:00
ROW0005832,REF005832,ACC021,S02,INT02,2025-05-06,completed,Medicare Advantage,Infusion,2026-08-31 12:00:00,2026-08-31 18:00:00
ROW0005894,REF005894,ACC117,S08,INT08,2025-02-06,completed,Medicaid,Infusion,2026-08-31 12:00:00,2026-08-31 18:00:00
ROW0003637,REF003637,ACC014,S01,INT01,2025-11-25,complete,Other,Infusion,2026-08-31 12:00:00,2026-08-31 18:00:00
ROW0002015,REF002015,ACC053,S07,INT07,2026-07-15,closed,Commercial,Other outpatient,2026-08-31 12:00:00,2026-08-31 18:00:00
ROW0004894,REF004894,ACC049,S07,INT07,2026-07-27,complete,Commercial,Infusion,2026-08-31 12:00:00,2026-08-31 18:00:00
ROW0005513,REF005513,ACC001,S01,INT01,2025-02-02,completed,Medicare Advantage,Injection,2026-08-31 12:00:00,2026-08-31 18:00:00
ROW0001879,REF001879,ACC084,S05,INT05,2026-05-07,VISIT COMPLETE,Commercial,Infusion,2026-08-31 12:00:00,2026-08-31 18:00:00
ROW0000719,REF000719,ACC008,S01,INT01,2026-07-08,completed,Medicare Advantage,Infusion,2026-08-31 12:00:00,2026-08-31 18:00:00
ROW0005169,REF005169,ACC118,S06,,2025-04-09,complete,Commercial,Infusion,2026-08-31 12:00:00,2026-08-31 18:00:00
ROW0001349,REF001349,ACC034,S02,INT02,2026-06-21,VISIT COMPLETE,Commercial,Other outpatient,2026-08-31 12:00:00,2026-08-31 18:00:00
ROW0002892,REF002892,ACC111,S08,,2026-01-29,complete,Traditional Medicare,Infusion,2026-08-31 12:00:00,2026-08-31 18:00:00
ROW0003052,REF003052,ACC020,S01,INT01,2026-07-02,VISIT COMPLETE,Traditional Medicare,Infusion,2026-08-31 12:00:00,2026-08-31 18:00:00
ROW0003210,REF003210,ACC028,S02,INT02,2025-11-25,CLOSED - NO VISIT,Commercial,Injection,2026-08-31 12:00:00,2026-08-31 18:00:00
ROW0004825,REF004825,ACC115,S08,INT08,2026-02-10,complete,Other,Injection,2026-08-31 12:00:00,2026-08-31 18:00:00
ROW0002222,REF002222,ACC041,S03,INT03,2026-03-11,VISIT COMPLETE,Medicare Advantage,Injection,2026-08-31 12:00:00,2026-08-31 18:00:00
ROW0000834,REF000834,ACC078,S04,INT04,2025-11-09, NEW ,Commercial,Infusion,2026-08-31 12:00:00,2026-08-31 18:00:00
ROW0005525,REF005525,ACC083,S05,INT05,2026-08-17,ready,Medicare Advantage,Infusion,2026-08-31 12:00:00,2026-08-31 18:00:00
ROW0003595,REF003595,ACC066,S04,INT04,2025-10-04,complete,Medicare Advantage,Infusion,2026-08-31 12:00:00,2026-08-31 18:00:00
ROW0005059,REF005059,ACC119,S08,INT08,2025-11-24,CLOSED - NO VISIT,Commercial,Infusion,2026-08-31 12:00:00,2026-08-31 18:00:00
ROW0000487,REF000487,ACC110,S06,INT06,2025-09-17,Received,Commercial,Injection,2026-08-31 12:00:00,2026-08-31 18:00:00
ROW0002899,REF002899,ACC031,S02,INT02,2025-05-26,completed,Commercial,Other outpatient,2026-08-31 12:00:00,2026-08-31 18:00:00
ROW0004748,REF004748,ACC032,S02,INT02,2025-08-12,complete,Traditional Medicare,Infusion,2026-08-31 12:00:00,2026-08-31 18:00:00
ROW0003715,REF003715,ACC099,S05,INT05,2025-06-22,CLOSED - NO VISIT,Medicare Advantage,Injection,2026-08-31 12:00:00,2026-08-31 18:00:00
ROW0004726,REF004726,ACC107,S08,,2026-04-07,CLOSED - NO VISIT,Commercial,Infusion,2026-08-31 12:00:00,2026-08-31 18:00:00
ROW0002448,REF002448,ACC001,S01,INT01,2026-03-17,CLOSED - NO VISIT,Commercial,Infusion,2026-08-31 12:00:00,2026-08-31 18:00:00
ROW0001065,REF001065,ACC075,S04,INT04,2025-10-20,cancelled,Commercial,Injection,2026-08-31 12:00:00,2026-08-31 18:00:00
ROW0005006,REF005006,ACC049,S03,INT03,2025-10-03,completed,Medicare Advantage,Injection,2026-08-31 12:00:00,2026-08-31 18:00:00
ROW0001241,REF001241,ACC076,S04,INT04,2025-01-02,completed,Commercial,Injection,2026-08-31 12:00:00,2026-08-31 18:00:00
ROW0003112,REF003112,ACC014,S01,INT01,2026-04-11,complete,Commercial,Infusion,2026-08-31 12:00:00,2026-08-31 18:00:00
ROW0005547,REF005547,ACC084,S05,INT05,2026-04-02,VISIT COMPLETE,Traditional Medicare,Injection,2026-08-31 12:00:00,2026-08-31 18:00:00
ROW0005154,REF005154,ACC070,S04,INT04,2025-04-26,VISIT COMPLETE,Commercial,Infusion,2026-08-31 12:00:00,2026-08-31 18:00:00
ROW0002765,REF002765,ACC079,S04,INT04,2025-03-20,CLOSED - NO VISIT,Commercial,Other outpatient,2026-08-31 12:00:00,2026-08-31 18:00:00
ROW0001778,REF001778,ACC007,S01,INT01,2026-05-23,completed,Medicaid,Infusion,2026-08-31 12:00:00,2026-08-31 18:00:00
ROW0002693,REF002693,ACC008,S01,INT01,2026-07-09,cancelled,Commercial,Infusion,2026-08-31 12:00:00,2026-08-31 18:00:00
ROW0002159,REF002159,ACC039,S02,INT02,2025-05-06,Ready_to_Schedule,Commercial,Infusion,2026-08-31 12:00:00,2026-08-31 18:00:00
ROW0005578,REF005578,ACC116,S06,INT06,2026-06-12,completed,Commercial,Infusion,2026-08-31 12:00:00,2026-08-31 18:00:00
ROW0000360,REF000360,ACC089,S05,INT05,2025-11-15,complete,Commercial,Infusion,2026-08-31 12:00:00,2026-08-31 18:00:00
ROW0002173,REF002173,ACC004,S01,INT01,2025-12-16,VISIT COMPLETE,Commercial,Infusion,2026-08-31 12:00:00,2026-08-31 18:00:00
ROW0002137,REF002137,ACC027,S02,INT02,2025-03-16,complete,Medicare Advantage,Infusion,2026-08-31 12:00:00,2026-08-31 18:00:00
ROW0004274,REF004274,ACC034,S02,INT02,2026-01-27,CLOSED - NO VISIT,Traditional Medicare,Infusion,2026-08-31 12:00:00,2026-08-31 18:00:00
ROW0004272,REF004272,ACC016,S01,INT01,2026-05-24,completed,Medicaid,Infusion,2026-08-31 12:00:00,2026-08-31 18:00:00
ROW0004685,REF004685,ACC095,S05,INT05,2025-10-08,ready to schedule,Traditional Medicare,Other outpatient,2026-08-31 12:00:00,2026-08-31 18:00:00
ROW0005436,REF005436,ACC066,S04,INT04,2026-08-21,ready,Traditional Medicare,Infusion,2026-08-31 12:00:00,2026-08-31 18:00:00
ROW0001330,REF001330,ACC085,S05,INT05,2025-09-04,completed,Medicare Advantage,Infusion,2026-08-31 12:00:00,2026-08-31 18:00:00
ROW0000691,REF000691,ACC011,S01,INT01,2025-01-02,complete,Traditional Medicare,Injection,2026-08-31 12:00:00,2026-08-31 18:00:00
ROW0005835,REF005835,ACC021,S02,INT02,2025-03-03,complete,Commercial,Injection,2026-08-31 12:00:00,2026-08-31 18:00:00
ROW0000784,REF000784,ACC064,S04,INT04,2025-05-06,complete,Medicare Advantage,Infusion,2026-08-31 12:00:00,2026-08-31 18:00:00
ROW0001989,REF001989,ACC057,S07,INT07,2025-04-30,received,Medicaid,Injection,2026-08-31 12:00:00,2026-08-31 18:00:00
ROW0004147,REF004147,ACC084,S05,INT05,2026-06-29,completed,Medicaid,Infusion,2026-08-31 12:00:00,2026-08-31 18:00:00
ROW0005493,REF005493,ACC048,S07,INT07,2026-03-03,VISIT COMPLETE,Commercial,Infusion,2026-08-31 12:00:00,2026-08-31 18:00:00
ROW0003988,REF003988,ACC008,S01,INT01,2025-06-01,VISIT COMPLETE,Medicare Advantage,Infusion,2026-08-31 12:00:00,2026-08-31 18:00:00
ROW0003628,REF003628,ACC049,S07,INT07,2026-06-22,VISIT COMPLETE,Medicare Advantage,Infusion,2026-08-31 12:00:00,2026-08-31 18:00:00
ROW0002086,REF002086,ACC054,S07,INT07,2025-08-26,completed,Medicare Advantage,Injection,2026-08-31 12:00:00,2026-08-31 18:00:00
ROW0004590,REF004590,ACC018,S01,INT01,2025-09-14,closed,Medicare Advantage,Infusion,2026-08-31 12:00:00,2026-08-31 18:00:00
ROW0001040,REF001040,ACC010,S01,INT01,2026-07-05,VISIT COMPLETE,Medicaid,Infusion,2026-08-31 12:00:00,2026-08-31 18:00:00
ROW0003401,REF003401,ACC011,S01,INT01,2025-05-07,received,Commercial,Infusion,2026-08-31 12:00:00,2026-08-31 18:00:00
ROW0000788,REF000788,ACC077,S04,INT04,2025-03-13,VISIT COMPLETE,Medicaid,Injection,2026-08-31 12:00:00,2026-08-31 18:00:00
ROW0002343,REF002343,ACC067,S04,INT04,2026-03-02,completed,Medicare Advantage,Injection,2026-08-31 12:00:00,2026-08-31 18:00:00
ROW0001542,REF001542,ACC074,S04,INT04,2026-04-28,complete,Traditional Medicare,Other outpatient,2026-08-31 12:00:00,2026-08-31 18:00:00
ROW0004687,REF004687,ACC086,S05,INT05,2025-03-06,complete,Commercial,Infusion,2026-08-31 12:00:00,2026-08-31 18:00:00
ROW0004996,REF004996,ACC101,S08,INT08,2025-11-21,complete,Commercial,Other outpatient,2026-08-31 12:00:00,2026-08-31 18:00:00
ROW0000759,REF000759,ACC050,S07,INT07,2025-09-03,complete,Medicare Advantage,Injection,2026-08-31 12:00:00,2026-08-31 18:00:00
ROW0004296,REF004296,ACC004,S01,INT01,2025-01-30,in_review,Medicare Advantage,Infusion,2026-08-31 12:00:00,2026-08-31 18:00:00
ROW0004557,REF004557,ACC075,S04,INT04,2025-07-09,complete,Commercial,Infusion,2026-08-31 12:00:00,2026-08-31 18:00:00
ROW0003423,REF003423,ACC021,S02,INT02,2025-07-28,VISIT COMPLETE,Commercial,Infusion,2026-08-31 12:00:00,2026-08-31 18:00:00
ROW0004467,REF004467,ACC042,S07,INT07,2025-11-30,VISIT COMPLETE,Traditional Medicare,Injection,2026-08-31 12:00:00,2026-08-31 18:00:00
ROW0006263,REF005426,ACC025,S02,INT02,2025-05-28,VISIT COMPLETE,Commercial,Injection,2026-08-31 12:00:00,2026-08-31 19:00:00
ROW0000912,REF000912,ACC073,S04,INT04,2026-03-14,completed,Medicare Advantage,Injection,2026-08-31 12:00:00,2026-08-31 18:00:00
ROW0002799,REF002799,ACC080,S04,INT04,2025-12-09,VISIT COMPLETE,Commercial,Infusion,2026-08-31 12:00:00,2026-08-31 18:00:00
ROW0003020,REF003020,ACC032,S02,INT02,2025-04-04,cancelled,Commercial,Infusion,2026-08-31 12:00:00,2026-08-31 18:00:00
ROW0005135,REF005135,ACC008,S01,INT01,2026-01-05, NEW ,Medicare Advantage,Infusion,2026-08-31 12:00:00,2026-08-31 18:00:00
ROW0005490,REF005490,ACC015,S01,INT01,2025-09-04,completed,Medicaid,Infusion,2026-08-31 12:00:00,2026-08-31 18:00:00
ROW0000576,REF000576,ACC050,S07,INT07,2026-04-13,VISIT COMPLETE,Medicare Advantage,Infusion,2026-08-31 12:00:00,2026-08-31 18:00:00
ROW0000361,REF000361,ACC016,S01,INT01,2025-02-04,complete,Commercial,Infusion,2026-08-31 12:00:00,2026-08-31 18:00:00
ROW0003671,REF003671,ACC084,S05,INT05,2026-02-19,closed,Medicare Advantage,Infusion,2026-08-31 12:00:00,2026-08-31 18:00:00
ROW0001223,REF001223,ACC083,S05,INT05,2026-03-08,VISIT COMPLETE,Commercial,Infusion,2026-08-31 12:00:00,2026-08-31 18:00:00
ROW0005423,REF005423,ACC051,S03,INT03,2025-05-20,cancelled,Commercial,Injection,2026-08-31 12:00:00,2026-08-31 18:00:00
ROW0005322,REF005322,ACC077,S04,INT04,2026-05-09,complete,Traditional Medicare,Infusion,2026-08-31 12:00:00,2026-08-31 18:00:00
ROW0005793,REF005793,ACC013,S01,INT01,2025-10-08,VISIT COMPLETE,Commercial,Infusion,2026-08-31 12:00:00,2026-08-31 18:00:00
ROW0001941,REF001941,ACC040,S02,INT02,2025-06-04,completed,Commercial,Injection,2026-08-31 12:00:00,2026-08-31 18:00:00
ROW0004400,REF004400,ACC059,S07,INT07,2025-11-01,VISIT COMPLETE,Commercial,Other outpatient,2026-08-31 12:00:00,2026-08-31 18:00:00
ROW0005449,REF005449,ACC063,S04,INT04,2025-06-11,completed,Medicaid,Injection,2026-08-31 12:00:00,2026-08-31 18:00:00
ROW0002381,REF002381,ACC120,S06,INT06,2025-04-13,completed,Medicare Advantage,Infusion,2026-08-31 12:00:00,2026-08-31 18:00:00
ROW0004493,REF004493,ACC120,S06,INT06,2025-07-19,closed,Commercial,Infusion,2026-08-31 12:00:00,2026-08-31 18:00:00
ROW0006213,REF002782,ACC073,S04,,2025-01-14,complete,Commercial,Infusion,2026-08-31 12:00:00,2026-08-31 19:00:00
ROW0002296,REF002296,ACC074,S04,INT04,2025-11-14,completed,Commercial,Infusion,2026-08-31 12:00:00,2026-08-31 18:00:00
ROW0000290,REF000290,ACC008,S01,INT01,2025-07-08,complete,Commercial,Infusion,2026-08-31 12:00:00,2026-08-31 18:00:00
ROW0002375,REF002375,ACC008,S01,INT01,2025-05-20,received,Commercial,Injection,2026-08-31 12:00:00,2026-08-31 18:00:00
ROW0002943,REF002943,ACC086,S05,INT05,2026-04-03,VISIT COMPLETE,Commercial,Infusion,2026-08-31 12:00:00,2026-08-31 18:00:00
ROW0006187,REF004189,ACC087,S05,INT05,2025-03-14,completed,Commercial,Infusion,2026-08-31 12:00:00,2026-08-31 19:00:00
ROW0004510,REF004510,ACC024,S02,INT02,2025-03-06,VISIT COMPLETE,Medicare Advantage,Injection,2026-08-31 12:00:00,2026-08-31 18:00:00
ROW0004449,REF004449,ACC019,S01,INT01,2026-06-08,completed,Commercial,Injection,2026-08-31 12:00:00,2026-08-31 18:00:00
ROW0004958,REF004958,ACC066,S04,INT04,2025-01-21,complete,Medicare Advantage,Infusion,2026-08-31 12:00:00,2026-08-31 18:00:00
ROW0004729,REF004729,ACC114,S08,INT08,2026-03-05,VISIT COMPLETE,Medicare Advantage,Infusion,2026-08-31 12:00:00,2026-08-31 18:00:00
ROW0002750,REF002750,ACC119,S08,INT08,2026-07-18,complete,Commercial,Infusion,2026-08-31 12:00:00,2026-08-31 18:00:00
ROW0004305,REF004305,ACC043,S07,INT07,2026-02-23,in_review,Traditional Medicare,Other outpatient,2026-08-31 12:00:00,2026-08-31 18:00:00
ROW0000697,REF000697,ACC104,S06,INT06,2025-12-19,complete,Commercial,Other outpatient,2026-08-31 12:00:00,2026-08-31 18:00:00
ROW0005690,REF005690,ACC058,S07,INT07,2025-12-19,VISIT COMPLETE,Commercial,Infusion,2026-08-31 12:00:00,2026-08-31 18:00:00
ROW0005666,REF005666,ACC090,S05,INT05,2025-12-18,completed,Commercial,Injection,2026-08-31 12:00:00,2026-08-31 18:00:00
ROW0002571,REF002571,ACC047,S03,INT03,2026-06-11,complete,Medicare Advantage,Infusion,2026-08-31 12:00:00,2026-08-31 18:00:00
ROW0005836,REF005836,ACC047,S03,INT03,2026-01-31,VISIT COMPLETE,Commercial,Infusion,2026-08-31 12:00:00,2026-08-31 18:00:00
ROW0003451,REF003451,ACC107,S08,INT08,2026-05-05,cancelled,Medicaid,Infusion,2026-08-31 12:00:00,2026-08-31 18:00:00
ROW0005548,REF005548,ACC067,S04,INT04,2026-06-22,VISIT COMPLETE,Medicare Advantage,Injection,2026-08-31 12:00:00,2026-08-31 18:00:00
ROW0002154,REF002154,ACC117,S06,INT06,2026-05-29,ready to schedule,Medicare Advantage,Infusion,2026-08-31 12:00:00,2026-08-31 18:00:00
ROW0000234,REF000234,ACC065,S04,INT04,2026-05-31,completed,Medicare Advantage,Infusion,2026-08-31 12:00:00,2026-08-31 18:00:00
ROW0004967,REF004967,ACC004,S01,INT01,2025-07-21,completed,Commercial,Infusion,2026-08-31 12:00:00,2026-08-31 18:00:00
ROW0003400,REF003400,ACC112,S08,INT08,2026-05-28,VISIT COMPLETE,Medicare Advantage,Infusion,2026-08-31 12:00:00,2026-08-31 18:00:00
ROW0003108,REF003108,ACC085,S05,,2026-05-15,complete,Medicare Advantage,Infusion,2026-08-31 12:00:00,2026-08-31 18:00:00
ROW0000728,REF000728,ACC119,S06,INT06,2025-09-27,closed,Traditional Medicare,Injection,2026-08-31 12:00:00,2026-08-31 18:00:00
ROW0004238,REF004238,ACC091,S05,INT05,2026-04-13,completed,Commercial,Other outpatient,2026-08-31 12:00:00,2026-08-31 18:00:00
ROW0001309,REF001309,ACC049,S07,INT07,2025-03-19,VISIT COMPLETE,Medicare Advantage,Infusion,2026-08-31 12:00:00,2026-08-31 18:00:00
ROW0005514,REF005514,ACC013,S01,INT01,2025-05-06,VISIT COMPLETE,Traditional Medicare,Infusion,2026-08-31 12:00:00,2026-08-31 18:00:00
ROW0004057,REF004057,ACC110,S08,INT08,2025-02-01,In Review,Commercial,Injection,2026-08-31 12:00:00,2026-08-31 18:00:00
ROW0003689,REF003689,ACC097,S05,INT05,2025-10-29,complete,Commercial,Infusion,2026-08-31 12:00:00,2026-08-31 18:00:00
ROW0000027,REF000027,ACC011,S01,INT01,2025-12-05,cancelled,Other,Injection,2026-08-31 12:00:00,2026-08-31 18:00:00
ROW0003776,REF003776,ACC107,S06,INT06,2026-02-14,in_review,Traditional Medicare,Injection,2026-08-31 12:00:00,2026-08-31 18:00:00
ROW0004071,REF004071,ACC099,S05,INT05,2025-12-20,VISIT COMPLETE,Medicaid,Other outpatient,2026-08-31 12:00:00,2026-08-31 18:00:00
ROW0002263,REF002263,ACC034,S02,,2025-04-14,completed,Medicare Advantage,Injection,2026-08-31 12:00:00,2026-08-31 18:00:00
ROW0005228,REF005228,ACC120,S06,INT06,2025-06-03,complete,Medicare Advantage,Injection,2026-08-31 12:00:00,2026-08-31 18:00:00
ROW0003587,REF003587,ACC083,S05,INT05,2025-05-31,closed,Medicare Advantage,Injection,2026-08-31 12:00:00,2026-08-31 18:00:00
ROW0001878,REF001878,ACC034,S02,INT02,2026-01-08,VISIT COMPLETE,Commercial,Infusion,2026-08-31 12:00:00,2026-08-31 18:00:00
ROW0001786,REF001786,ACC057,S07,INT07,2025-08-09,complete,Medicaid,Infusion,2026-08-31 12:00:00,2026-08-31 18:00:00
ROW0002872,REF002872,ACC119,S08,INT08,2026-06-04,VISIT COMPLETE,Medicare Advantage,Infusion,2026-08-31 12:00:00,2026-08-31 18:00:00
ROW0005627,REF005627,ACC119,S08,INT08,2026-08-28,received,Medicare Advantage,Infusion,2026-08-31 12:00:00,2026-08-31 18:00:00
ROW0004520,REF004520,ACC018,S01,,2025-10-08,complete,Medicaid,Injection,2026-08-31 12:00:00,2026-08-31 18:00:00
ROW0004004,REF004004,ACC096,S05,INT05,2025-11-22,completed,Traditional Medicare,Infusion,2026-08-31 12:00:00,2026-08-31 18:00:00
ROW0000397,REF000397,ACC030,S02,INT02,2025-11-06,completed,Other,Injection,2026-08-31 12:00:00,2026-08-31 18:00:00
ROW0001530,REF001530,ACC109,S08,INT08,2025-04-04,completed,Medicare Advantage,Injection,2026-08-31 12:00:00,2026-08-31 18:00:00
ROW0003044,REF003044,ACC118,S08,INT08,2025-07-27,VISIT COMPLETE,Commercial,Injection,2026-08-31 12:00:00,2026-08-31 18:00:00
ROW0005142,REF005142,ACC017,S01,INT01,2025-08-15,CLOSED - NO VISIT,Commercial,Infusion,2026-08-31 12:00:00,2026-08-31 18:00:00
ROW0004504,REF004504,ACC119,S08,INT08,2025-08-29,complete,Medicare Advantage,Infusion,2026-08-31 12:00:00,2026-08-31 18:00:00
ROW0004407,REF004407,ACC012,S01,INT01,2025-12-23,VISIT COMPLETE,Commercial,Infusion,2026-08-31 12:00:00,2026-08-31 18:00:00
ROW0006068,REF002465,ACC025,S02,INT02,2025-12-28,completed,Traditional Medicare,Injection,2026-08-31 12:00:00,2026-08-31 19:00:00
ROW0001949,REF001949,ACC027,S02,INT02,2025-12-11,completed,Commercial,Injection,2026-08-31 12:00:00,2026-08-31 18:00:00
ROW0004545,REF004545,ACC014,S01,INT01,2025-09-04,review,Traditional Medicare,Injection,2026-08-31 12:00:00,2026-08-31 18:00:00
ROW0003344,REF003344,ACC064,S04,INT04,2026-04-21,completed,Medicare Advantage,Other outpatient,2026-08-31 12:00:00,2026-08-31 18:00:00
ROW0002387,REF002387,ACC089,S05,INT05,2025-03-21,CLOSED - NO VISIT,Commercial,Other outpatient,2026-08-31 12:00:00,2026-08-31 18:00:00
ROW0000450,REF000450,ACC045,S03,INT03,2026-01-27,completed,Traditional Medicare,Infusion,2026-08-31 12:00:00,2026-08-31 18:00:00
ROW0002250,REF002250,ACC074,S04,INT04,2026-07-26,VISIT COMPLETE,Commercial,Infusion,2026-08-31 12:00:00,2026-08-31 18:00:00
ROW0003503,REF003503,ACC065,S04,INT04,2025-12-07,review,Commercial,Infusion,2026-08-31 12:00:00,2026-08-31 18:00:00
ROW0000521,REF000521,ACC075,S04,INT04,2026-06-01,completed,Medicaid,Infusion,2026-08-31 12:00:00,2026-08-31 18:00:00
ROW0004512,REF004512,ACC092,S05,INT05,2025-06-11,completed,Medicaid,Infusion,2026-08-31 12:00:00,2026-08-31 18:00:00
ROW0000643,REF000643,ACC084,S05,,2026-04-28, NEW ,Commercial,Infusion,2026-08-31 12:00:00,2026-08-31 18:00:00
ROW0001729,REF001729,ACC011,S01,INT01,2025-03-19,received,Traditional Medicare,Infusion,2026-08-31 12:00:00,2026-08-31 18:00:00
ROW0000286,REF000286,ACC016,S01,INT01,2025-12-15,completed,Medicaid,Injection,2026-08-31 12:00:00,2026-08-31 18:00:00
ROW0000664,REF000664,ACC010,S01,INT01,2025-09-07,completed,Commercial,Infusion,2026-08-31 12:00:00,2026-08-31 18:00:00
ROW0003427,REF003427,ACC011,S01,INT01,2026-06-09,completed,Commercial,Infusion,2026-08-31 12:00:00,2026-08-31 18:00:00
ROW0002352,REF002352,ACC120,S08,INT08,2026-03-20,complete,Medicare Advantage,Injection,2026-08-31 12:00:00,2026-08-31 18:00:00
ROW0005796,REF005796,ACC087,S05,INT05,2025-01-01,completed,Medicare Advantage,Infusion,2026-08-31 12:00:00,2026-08-31 18:00:00
ROW0003593,REF003593,ACC056,S07,INT07,2026-07-31,VISIT COMPLETE,Medicare Advantage,Injection,2026-08-31 12:00:00,2026-08-31 18:00:00
ROW0000006,REF000006,ACC115,S06,INT06,2026-06-20,VISIT COMPLETE,Medicare Advantage,Infusion,2026-08-31 12:00:00,2026-08-31 18:00:00
ROW0004660,REF004660,ACC102,S06,INT06,2026-03-11,VISIT COMPLETE,Medicare Advantage,Infusion,2026-08-31 12:00:00,2026-08-31 18:00:00
ROW0002494,REF002494,ACC096,S05,INT05,2026-02-18,completed,Commercial,Infusion,2026-08-31 12:00:00,2026-08-31 18:00:00
ROW0005177,REF005177,ACC059,S03,INT03,2025-08-25,complete,Commercial,Infusion,2026-08-31 12:00:00,2026-08-31 18:00:00
ROW0005458,REF005458,ACC009,S01,INT01,2025-10-06,VISIT COMPLETE,Traditional Medicare,Infusion,2026-08-31 12:00:00,2026-08-31 18:00:00
ROW0000418,REF000418,ACC110,S06,INT06,2025-08-06,completed,Medicaid,Infusion,2026-08-31 12:00:00,2026-08-31 18:00:00
ROW0001672,REF001672,ACC100,S05,INT05,2025-12-15,VISIT COMPLETE,Medicare Advantage,Infusion,2026-08-31 12:00:00,2026-08-31 18:00:00
ROW0003870,REF003870,ACC078,S04,INT04,2025-10-15,complete,Traditional Medicare,Infusion,2026-08-31 12:00:00,2026-08-31 18:00:00
ROW0005163,REF005163,ACC008,S01,INT01,2026-08-09,scheduled,Medicare Advantage,Infusion,2026-08-31 12:00:00,2026-08-31 18:00:00
ROW0002193,REF002193,ACC034,S02,INT02,2025-05-09,in progress?,Commercial,Injection,2026-08-31 12:00:00,2026-08-31 18:00:00
ROW0004866,REF004866,ACC076,S04,INT04,2025-05-11,VISIT COMPLETE,Traditional Medicare,Infusion,2026-08-31 12:00:00,2026-08-31 18:00:00
ROW0003821,REF003821,ACC042,S03,INT03,2025-05-17,VISIT COMPLETE,Medicare Advantage,Injection,2026-08-31 12:00:00,2026-08-31 18:00:00
ROW0004393,REF004393,ACC050,S07,INT07,2026-05-09,complete,Medicare Advantage,Infusion,2026-08-31 12:00:00,2026-08-31 18:00:00
ROW0001931,REF001931,ACC087,S05,INT05,2025-07-18,complete,Medicare Advantage,Infusion,2026-08-31 12:00:00,2026-08-31 18:00:00
ROW0000402,REF000402,ACC025,S02,INT02,2026-08-20,Ready_to_Schedule,Medicare Advantage,Infusion,2026-08-31 12:00:00,2026-08-31 18:00:00
ROW0003022,REF003022,ACC113,S08,INT08,2025-09-16,VISIT COMPLETE,Medicaid,Infusion,2026-08-31 12:00:00,2026-08-31 18:00:00
ROW0004488,REF004488,ACC050,S07,INT07,2026-02-14,completed,Commercial,Injection,2026-08-31 12:00:00,2026-08-31 18:00:00
ROW0001529,REF001529,ACC089,S05,INT05,2026-06-20,complete,Other,Infusion,2026-08-31 12:00:00,2026-08-31 18:00:00
ROW0001013,REF001013,ACC077,S04,INT04,2025-11-13,CLOSED - NO VISIT,Medicare Advantage,Injection,2026-08-31 12:00:00,2026-08-31 18:00:00
ROW0002156,REF002156,ACC071,S04,INT04,2025-09-21,complete,Medicaid,Other outpatient,2026-08-31 12:00:00,2026-08-31 18:00:00
ROW0000339,REF000339,ACC014,S01,INT01,2025-05-11,complete,Traditional Medicare,Infusion,2026-08-31 12:00:00,2026-08-31 18:00:00
ROW0000892,REF000892,ACC017,S01,INT01,2025-09-26,VISIT COMPLETE,Medicare Advantage,Infusion,2026-08-31 12:00:00,2026-08-31 18:00:00
ROW0001236,REF001236,ACC065,S04,INT04,2025-10-04,ready,Commercial,Infusion,2026-08-31 12:00:00,2026-08-31 18:00:00
ROW0003101,REF003101,ACC039,S02,INT02,2025-10-16,completed,Traditional Medicare,Infusion,2026-08-31 12:00:00,2026-08-31 18:00:00
ROW0001663,REF001663,ACC054,S03,INT03,2026-08-10,Received,Commercial,Injection,2026-08-31 12:00:00,2026-08-31 18:00:00
ROW0003997,REF003997,ACC059,S03,INT03,2025-07-16,VISIT COMPLETE,Medicare Advantage,Infusion,2026-08-31 12:00:00,2026-08-31 18:00:00
ROW0005173,REF005173,ACC099,S05,INT05,2026-01-05,VISIT COMPLETE,Medicare Advantage,Infusion,2026-08-31 12:00:00,2026-08-31 18:00:00
ROW0002248,REF002248,ACC048,S07,INT07,2026-08-31,received,Medicare Advantage,Other outpatient,2026-08-31 12:00:00,2026-08-31 18:00:00
ROW0003641,REF003641,ACC019,S01,INT01,2025-05-30,VISIT COMPLETE,Medicare Advantage,Injection,2026-08-31 12:00:00,2026-08-31 18:00:00
ROW0001238,REF001238,ACC120,S08,INT08,2025-01-10,complete,Medicaid,Infusion,2026-08-31 12:00:00,2026-08-31 18:00:00
ROW0002416,REF002416,ACC045,S03,INT03,2025-01-10,VISIT COMPLETE,Traditional Medicare,Infusion,2026-08-31 12:00:00,2026-08-31 18:00:00
ROW0005032,REF005032,ACC076,S04,INT04,2025-08-04,completed,Medicaid,Infusion,2026-08-31 12:00:00,2026-08-31 18:00:00
ROW0002471,REF002471,ACC003,S01,INT01,2026-03-03,complete,Traditional Medicare,Infusion,2026-08-31 12:00:00,2026-08-31 18:00:00
ROW0002292,REF002292,ACC072,S04,INT04,2026-04-13,Received,Commercial,Other outpatient,2026-08-31 12:00:00,2026-08-31 18:00:00
ROW0000080,REF000080,ACC008,S01,INT01,2026-08-07,ready,Commercial,Injection,2026-08-31 12:00:00,2026-08-31 18:00:00
ROW0001835,REF001835,ACC008,S01,INT01,2026-08-31,Received,Commercial,Injection,2026-08-31 12:00:00,2026-08-31 18:00:00
ROW0002962,REF002962,ACC056,S03,INT03,2025-10-22,VISIT COMPLETE,Commercial,Injection,2026-08-31 12:00:00,2026-08-31 18:00:00
ROW0002952,REF002952,ACC099,S05,INT05,2025-12-03,closed,Medicare Advantage,Infusion,2026-08-31 12:00:00,2026-08-31 18:00:00
ROW0001432,REF001432,ACC047,S07,INT07,2025-07-02,complete,Traditional Medicare,Other outpatient,2026-08-31 12:00:00,2026-08-31 18:00:00
ROW0000480,REF000480,ACC037,S02,INT02,2025-02-08,complete,Medicare Advantage,Infusion,2026-08-31 12:00:00,2026-08-31 18:00:00
ROW0003929,REF003929,ACC047,S03,INT03,2025-06-14,VISIT COMPLETE,Commercial,Injection,2026-08-31 12:00:00,2026-08-31 18:00:00
ROW0002753,REF002753,ACC041,S03,INT03,2025-04-23,VISIT COMPLETE,Medicare Advantage,Injection,2026-08-31 12:00:00,2026-08-31 18:00:00
ROW0001554,REF001554,ACC099,S05,INT05,2025-12-28,VISIT COMPLETE,Medicaid,Infusion,2026-08-31 12:00:00,2026-08-31 18:00:00
ROW0000822,REF000822,ACC103,S06,INT06,2026-06-18,VISIT COMPLETE,Medicare Advantage,Infusion,2026-08-31 12:00:00,2026-08-31 18:00:00
ROW0005549,REF005549,ACC116,S06,INT06,2026-07-21,complete,Traditional Medicare,Infusion,2026-08-31 12:00:00,2026-08-31 18:00:00
ROW0003356,REF003356,ACC020,S01,INT01,2025-08-31,VISIT COMPLETE,Commercial,Injection,2026-08-31 12:00:00,2026-08-31 18:00:00
ROW0004803,REF004803,ACC053,S03,INT03,2025-10-08,VISIT COMPLETE,Medicare Advantage,Infusion,2026-08-31 12:00:00,2026-08-31 18:00:00
ROW0002096,REF002096,ACC101,S06,INT06,2026-01-27,VISIT COMPLETE,Commercial,Other outpatient,2026-08-31 12:00:00,2026-08-31 18:00:00
ROW0006241,REF002118,ACC112,S08,INT08,2026-01-06,complete,Medicare Advantage,Infusion,2026-08-31 12:00:00,2026-08-31 19:00:00
ROW0003450,REF003450,ACC010,S01,INT01,2026-05-01,completed,Commercial,Infusion,2026-08-31 12:00:00,2026-08-31 18:00:00
ROW0001486,REF001486,ACC117,S06,INT06,2026-04-18,completed,Traditional Medicare,Infusion,2026-08-31 12:00:00,2026-08-31 18:00:00
ROW0002194,REF002194,ACC112,S06,INT06,2026-07-25,completed,Medicare Advantage,Other outpatient,2026-08-31 12:00:00,2026-08-31 18:00:00
ROW0003656,REF003656,ACC001,S01,INT01,2025-08-20,cancelled,Commercial,Injection,2026-08-31 12:00:00,2026-08-31 18:00:00
ROW0005085,REF005085,ACC002,S01,INT01,2025-02-14,VISIT COMPLETE,Commercial,Injection,2026-08-31 12:00:00,2026-08-31 18:00:00
ROW0005566,REF005566,ACC117,S06,INT06,2025-04-13,VISIT COMPLETE,Commercial,Infusion,2026-08-31 12:00:00,2026-08-31 18:00:00
ROW0002151,REF002151,ACC056,S03,INT03,2025-06-21,complete,Commercial,Infusion,2026-08-31 12:00:00,2026-08-31 18:00:00
ROW0000509,REF000509,ACC057,S07,INT07,2025-06-23,complete,Traditional Medicare,Injection,2026-08-31 12:00:00,2026-08-31 18:00:00
ROW0002408,REF002408,ACC061,S04,INT04,2025-12-20,VISIT COMPLETE,Medicare Advantage,Injection,2026-08-31 12:00:00,2026-08-31 18:00:00
ROW0004876,REF004876,ACC086,S05,INT05,2025-09-29,complete,Medicare Advantage,Infusion,2026-08-31 12:00:00,2026-08-31 18:00:00
ROW0004840,REF004840,ACC096,S05,INT05,2026-01-24,completed,Commercial,Infusion,2026-08-31 12:00:00,2026-08-31 18:00:00
ROW0001144,REF001144,ACC047,S07,INT07,2025-07-25,completed,Medicare Advantage,Infusion,2026-08-31 12:00:00,2026-08-31 18:00:00
ROW0003825,REF003825,ACC058,S07,INT07,2025-12-20,completed,Medicare Advantage,Infusion,2026-08-31 12:00:00,2026-08-31 18:00:00
ROW0002766,REF002766,ACC114,S08,INT08,2026-04-24,Received,Medicare Advantage,Other outpatient,2026-08-31 12:00:00,2026-08-31 18:00:00
ROW0003029,REF003029,ACC026,S02,INT02,2026-05-17,completed,Medicare Advantage,Infusion,2026-08-31 12:00:00,2026-08-31 18:00:00
ROW0006170,REF001945,ACC025,S02,INT02,2026-07-01,CLOSED - NO VISIT,Medicaid,Injection,2026-08-31 12:00:00,2026-08-31 19:00:00
ROW0000139,REF000139,ACC103,S08,INT08,2025-06-06,complete,Traditional Medicare,Injection,2026-08-31 12:00:00,2026-08-31 18:00:00
ROW0005519,REF005519,ACC089,S05,INT05,2025-01-13,VISIT COMPLETE,Medicare Advantage,Infusion,2026-08-31 12:00:00,2026-08-31 18:00:00
ROW0001323,REF001323,ACC085,S05,INT05,2025-03-25,completed,Commercial,Injection,2026-08-31 12:00:00,2026-08-31 18:00:00
ROW0004741,REF004741,ACC070,S04,INT04,2025-04-01,closed,Medicaid,Infusion,2026-08-31 12:00:00,2026-08-31 18:00:00
ROW0002414,REF002414,ACC019,S01,INT01,2025-09-01,closed,Medicare Advantage,Injection,2026-08-31 12:00:00,2026-08-31 18:00:00
ROW0002722,REF002722,ACC099,S05,INT05,2026-03-08,closed,Commercial,Infusion,2026-08-31 12:00:00,2026-08-31 18:00:00
ROW0005904,REF005904,ACC040,S02,INT02,2026-06-12,complete,Traditional Medicare,Infusion,2026-08-31 12:00:00,2026-08-31 18:00:00
ROW0005123,REF005123,ACC026,S02,INT02,2026-01-31,completed,Medicaid,Infusion,2026-08-31 12:00:00,2026-08-31 18:00:00
ROW0000005,REF000005,ACC050,S07,INT07,2025-07-09,complete,Commercial,Infusion,2026-08-31 12:00:00,2026-08-31 18:00:00
ROW0000382,REF000382,ACC110,S08,INT08,2026-01-07,completed,Commercial,Infusion,2026-08-31 12:00:00,2026-08-31 18:00:00
ROW0005563,REF005563,ACC119,S06,INT06,2025-11-04,completed,Medicaid,Infusion,2026-08-31 12:00:00,2026-08-31 18:00:00
ROW0006121,REF004888,ACC085,S05,INT05,2025-02-01,complete,Medicare Advantage,Infusion,2026-08-31 12:00:00,2026-08-31 19:00:00
ROW0001922,REF001922,ACC019,S01,INT01,2025-02-15,VISIT COMPLETE,Medicare Advantage,Infusion,2026-08-31 12:00:00,2026-08-31 18:00:00
ROW0003181,REF003181,ACC060,S03,INT03,2025-12-09,completed,Traditional Medicare,Infusion,2026-08-31 12:00:00,2026-08-31 18:00:00
ROW0005029,REF005029,ACC073,S04,INT04,2026-01-06,closed,Commercial,Infusion,2026-08-31 12:00:00,2026-08-31 18:00:00
ROW0002066,REF002066,ACC103,S08,INT08,2025-06-28,Ready_to_Schedule,Medicare Advantage,Injection,2026-08-31 12:00:00,2026-08-31 18:00:00
ROW0001559,REF001559,ACC072,S04,INT04,2025-05-23,VISIT COMPLETE,Commercial,Infusion,2026-08-31 12:00:00,2026-08-31 18:00:00
ROW0000734,REF000734,ACC001,S01,INT01,2025-12-09,completed,Medicaid,Injection,2026-08-31 12:00:00,2026-08-31 18:00:00
ROW0002327,REF002327,ACC019,S01,INT01,2025-01-16,completed,Medicare Advantage,Infusion,2026-08-31 12:00:00,2026-08-31 18:00:00
ROW0006029,REF001322,ACC040,S02,INT02,2025-11-22,received,Commercial,Injection,2026-08-30 12:00:00,2026-08-31 19:00:00
ROW0000923,REF000923,ACC119,S06,INT06,2025-05-19,VISIT COMPLETE,Medicaid,Infusion,2026-08-31 12:00:00,2026-08-31 18:00:00
ROW0001252,REF001252,ACC073,S04,INT04,2025-12-02,completed,Commercial,Infusion,2026-08-31 12:00:00,2026-08-31 18:00:00
ROW0004824,REF004824,ACC074,S04,INT04,2026-03-25,Received,Commercial,Infusion,2026-08-31 12:00:00,2026-08-31 18:00:00
ROW0003296,REF003296,ACC079,S04,INT04,2026-03-21,completed,Medicare Advantage,Infusion,2026-08-31 12:00:00,2026-08-31 18:00:00
ROW0005282,REF005282,ACC072,S04,INT04,2026-08-14, NEW ,Medicare Advantage,Other outpatient,2026-08-31 12:00:00,2026-08-31 18:00:00
ROW0003558,REF003558,ACC110,S06,INT06,2025-04-26,complete,Medicare Advantage,Infusion,2026-08-31 12:00:00,2026-08-31 18:00:00
ROW0000492,REF000492,ACC050,S03,INT03,2026-06-30,complete,Commercial,Infusion,2026-08-31 12:00:00,2026-08-31 18:00:00
ROW0003132,REF003132,ACC027,S02,INT02,2026-05-06,VISIT COMPLETE,Commercial,Infusion,2026-08-31 12:00:00,2026-08-31 18:00:00
ROW0001488,REF001488,ACC065,S04,INT04,2025-12-09,completed,Medicare Advantage,Infusion,2026-08-31 12:00:00,2026-08-31 18:00:00
ROW0002294,REF002294,ACC106,S08,INT08,2025-05-08,VISIT COMPLETE,Commercial,Injection,2026-08-31 12:00:00,2026-08-31 18:00:00
ROW0003747,REF003747,ACC072,S04,INT04,2026-08-28,in_review,Traditional Medicare,Infusion,2026-08-31 12:00:00,2026-08-31 18:00:00
ROW0001958,REF001958,ACC055,S07,INT07,2025-01-19,completed,Commercial,Infusion,2026-08-31 12:00:00,2026-08-31 18:00:00
ROW0003448,REF003448,ACC111,S06,INT06,2025-11-25,completed,Medicaid,Injection,2026-08-31 12:00:00,2026-08-31 18:00:00
ROW0005408,REF005408,ACC120,S08,INT08,2026-07-30,closed,Commercial,Infusion,2026-08-31 12:00:00,2026-08-31 18:00:00
ROW0002658,REF002658,ACC050,S07,INT07,2026-02-10,review,Other,Infusion,2026-08-31 12:00:00,2026-08-31 18:00:00
ROW0003949,REF003949,ACC006,S01,INT01,2025-08-03,completed,Medicare Advantage,Injection,2026-08-31 12:00:00,2026-08-31 18:00:00
ROW0003033,REF003033,ACC018,S01,INT01,2025-01-22,VISIT COMPLETE,Medicare Advantage,Infusion,2026-08-31 12:00:00,2026-08-31 18:00:00
ROW0002820,REF002820,ACC107,S06,INT06,2025-06-18,complete,Medicare Advantage,Infusion,2026-08-31 12:00:00,2026-08-31 18:00:00
ROW0004406,REF004406,ACC014,S01,INT01,2026-04-29,VISIT COMPLETE,Traditional Medicare,Injection,2026-08-31 12:00:00,2026-08-31 18:00:00
ROW0005413,REF005413,ACC022,S02,INT02,2026-04-08,VISIT COMPLETE,Traditional Medicare,Infusion,2026-08-31 12:00:00,2026-08-31 18:00:00
ROW0004325,REF004325,ACC085,S05,INT05,2026-05-15,ready to schedule,Traditional Medicare,Infusion,2026-08-31 12:00:00,2026-08-31 18:00:00
ROW0001105,REF001105,ACC019,S01,INT01,2026-05-29,completed,Commercial,Infusion,2026-08-31 12:00:00,2026-08-31 18:00:00
ROW0003737,REF003737,ACC074,S04,INT04,2026-05-31,complete,Other,Infusion,2026-08-31 12:00:00,2026-08-31 18:00:00
ROW0002008,REF002008,ACC028,S02,INT02,2026-03-14,completed,Commercial,Injection,2026-08-31 12:00:00,2026-08-31 18:00:00
ROW0004769,REF004769,ACC059,S07,INT07,2026-07-27,scheduled,Other,Other outpatient,2026-08-31 12:00:00,2026-08-31 18:00:00
ROW0003946,REF003946,ACC005,S01,INT01,2025-09-07,complete,Traditional Medicare,Infusion,2026-08-31 12:00:00,2026-08-31 18:00:00
ROW0004522,REF004522,ACC096,S05,INT05,2025-11-20,completed,Medicare Advantage,Injection,2026-08-31 12:00:00,2026-08-31 18:00:00
ROW0002761,REF002761,ACC110,S06,INT06,2026-04-20,completed,Medicare Advantage,Injection,2026-08-31 12:00:00,2026-08-31 18:00:00
ROW0005676,REF005676,ACC070,S04,INT04,2025-12-02,completed,Medicare Advantage,Infusion,2026-08-31 12:00:00,2026-08-31 18:00:00
ROW0003191,REF003191,ACC115,S08,INT08,2026-05-02,complete,Medicare Advantage,Injection,2026-08-31 12:00:00,2026-08-31 18:00:00
ROW0001299,REF001299,ACC093,S05,INT05,2025-01-19,completed,Commercial,Infusion,2026-08-31 12:00:00,2026-08-31 18:00:00
ROW0001127,REF001127,ACC110,S06,INT06,2025-12-17,in progress?,Traditional Medicare,Other outpatient,2026-08-31 12:00:00,2026-08-31 18:00:00
ROW0006083,REF005588,ACC026,S02,INT02,2025-03-28,VISIT COMPLETE,Commercial,Injection,2026-08-31 12:00:00,2026-08-31 19:00:00
ROW0005795,REF005795,ACC094,S05,INT05,2026-07-29,CLOSED - NO VISIT,Commercial,Injection,2026-08-31 12:00:00,2026-08-31 18:00:00
ROW0003125,REF003125,ACC117,S08,INT08,2026-03-27,completed,Medicare Advantage,Infusion,2026-08-31 12:00:00,2026-08-31 18:00:00
ROW0002442,REF002442,ACC084,S05,INT05,2025-03-18,review,Commercial,Infusion,2026-08-31 12:00:00,2026-08-31 18:00:00
ROW0001278,REF001278,ACC011,S01,INT01,2025-08-02,VISIT COMPLETE,Commercial,Infusion,2026-08-31 12:00:00,2026-08-31 18:00:00
ROW0005659,REF005659,ACC118,S06,INT06,2025-04-15,completed,Medicare Advantage,Injection,2026-08-31 12:00:00,2026-08-31 18:00:00
ROW0004814,REF004814,ACC008,S01,INT01,2025-10-06,CLOSED - NO VISIT,Traditional Medicare,Injection,2026-08-31 12:00:00,2026-08-31 18:00:00
ROW0001160,REF001160,ACC034,S02,INT02,2026-02-11,review,Commercial,Injection,2026-08-31 12:00:00,2026-08-31 18:00:00
ROW0004089,REF004089,ACC085,S05,INT05,2026-02-03,VISIT COMPLETE,Commercial,Infusion,2026-08-31 12:00:00,2026-08-31 18:00:00
ROW0005546,REF005546,ACC080,S04,INT04,2026-04-13,complete,Other,Injection,2026-08-31 12:00:00,2026-08-31 18:00:00
ROW0003589,REF003589,ACC008,S01,INT01,2026-08-18,Ready_to_Schedule,Commercial,Infusion,2026-08-31 12:00:00,2026-08-31 18:00:00
ROW0002269,REF002269,ACC028,S02,,2025-12-02,CLOSED - NO VISIT,Commercial,Injection,2026-08-31 12:00:00,2026-08-31 18:00:00
ROW0002577,REF002577,ACC058,S07,INT07,2026-04-29,ready to schedule,Medicare Advantage,Infusion,2026-08-31 12:00:00,2026-08-31 18:00:00
ROW0000679,REF000679,ACC039,S02,INT02,2025-02-17,completed,Traditional Medicare,Injection,2026-08-31 12:00:00,2026-08-31 18:00:00
ROW0003591,REF003591,ACC020,S01,INT01,2025-01-20,complete,Traditional Medicare,Injection,2026-08-31 12:00:00,2026-08-31 18:00:00
ROW0004751,REF004751,ACC008,S01,INT01,2026-03-02,closed,Commercial,Infusion,2026-08-31 12:00:00,2026-08-31 18:00:00
ROW0005662,REF005662,ACC038,S02,INT02,2026-05-28,completed,Commercial,Infusion,2026-08-31 12:00:00,2026-08-31 18:00:00
ROW0003723,REF003723,ACC114,S08,INT08,2026-04-07,VISIT COMPLETE,Commercial,Infusion,2026-08-31 12:00:00,2026-08-31 18:00:00
ROW0001758,REF001758,ACC104,S08,INT08,2025-04-08,Received,Commercial,Injection,2026-08-31 12:00:00,2026-08-31 18:00:00
ROW0004646,REF004646,ACC020,S01,INT01,2026-07-11,VISIT COMPLETE,Medicare Advantage,Infusion,2026-08-31 12:00:00,2026-08-31 18:00:00
ROW0000310,REF000310,ACC004,S01,INT01,2025-02-19,cancelled,Medicare Advantage,Other outpatient,2026-08-31 12:00:00,2026-08-31 18:00:00
ROW0004166,REF004166,ACC010,S01,INT01,2026-04-06,VISIT COMPLETE,Commercial,Infusion,2026-08-31 12:00:00,2026-08-31 18:00:00
ROW0003679,REF003679,ACC065,S04,INT04,2025-12-19,VISIT COMPLETE,Medicare Advantage,Injection,2026-08-31 12:00:00,2026-08-31 18:00:00
ROW0000153,REF000153,ACC117,S08,INT08,2025-01-13,VISIT COMPLETE,Traditional Medicare,Infusion,2026-08-31 12:00:00,2026-08-31 18:00:00
ROW0003555,REF003555,ACC059,S03,INT03,2025-05-30,complete,Commercial,Infusion,2026-08-31 12:00:00,2026-08-31 18:00:00
ROW0003217,REF003217,ACC085,S05,INT05,2026-05-17,CLOSED - NO VISIT,Medicare Advantage,Injection,2026-08-31 12:00:00,2026-08-31 18:00:00
ROW0005502,REF005502,ACC069,S04,INT04,2026-05-30,VISIT COMPLETE,Medicare Advantage,Infusion,2026-08-31 12:00:00,2026-08-31 18:00:00
ROW0002088,REF002088,ACC048,S07,INT07,2026-06-25,complete,Medicaid,Injection,2026-08-31 12:00:00,2026-08-31 18:00:00
ROW0003009,REF003009,ACC033,S02,,2025-12-04,complete,Medicaid,Infusion,2026-08-31 12:00:00,2026-08-31 18:00:00
ROW0001925,REF001925,ACC055,S07,INT07,2025-07-12,completed,Commercial,Infusion,2026-08-31 12:00:00,2026-08-31 18:00:00
ROW0004160,REF004160,ACC100,S05,INT05,2026-08-12,Ready_to_Schedule,Commercial,Infusion,2026-08-31 12:00:00,2026-08-31 18:00:00
ROW0000044,REF000044,ACC016,S01,INT01,2025-11-06,complete,Medicare Advantage,Infusion,2026-08-31 12:00:00,2026-08-31 18:00:00
ROW0004070,REF004070,ACC053,S07,INT07,2025-12-12,complete,Medicare Advantage,Infusion,2026-08-31 12:00:00,2026-08-31 18:00:00
ROW0004454,REF004454,ACC035,S02,,2026-03-27,completed,Commercial,Infusion,2026-08-31 12:00:00,2026-08-31 18:00:00
ROW0004625,REF004625,ACC043,S07,INT07,2025-07-16,cancelled,Medicare Advantage,Infusion,2026-08-31 12:00:00,2026-08-31 18:00:00
ROW0005907,REF005907,ACC038,S02,INT02,2026-05-23,complete,Other,Infusion,2026-08-31 12:00:00,2026-08-31 18:00:00
ROW0004079,REF004079,ACC018,S01,INT01,2026-01-18,complete,Traditional Medicare,Infusion,2026-08-31 12:00:00,2026-08-31 18:00:00
ROW0005681,REF005681,ACC075,S04,INT04,2025-10-24,VISIT COMPLETE,Commercial,Infusion,2026-08-31 12:00:00,2026-08-31 18:00:00
ROW0001288,REF001288,ACC056,S07,INT07,2025-12-20,complete,Medicare Advantage,Infusion,2026-08-31 12:00:00,2026-08-31 18:00:00
ROW0001921,REF001921,ACC029,S02,INT02,2025-06-07,VISIT COMPLETE,Medicare Advantage,Infusion,2026-08-31 12:00:00,2026-08-31 18:00:00
ROW0002889,REF002889,ACC067,S04,INT04,2025-11-23,VISIT COMPLETE,Medicare Advantage,Other outpatient,2026-08-31 12:00:00,2026-08-31 18:00:00
ROW0004539,REF004539,ACC116,S08,INT08,2026-07-22,closed,Commercial,Infusion,2026-08-31 12:00:00,2026-08-31 18:00:00
ROW0003752,REF003752,ACC002,S01,INT01,2025-04-01,complete,Traditional Medicare,Infusion,2026-08-31 12:00:00,2026-08-31 18:00:00
ROW0006222,REF003866,ACC013,S01,INT01,2026-08-27,in_review,Traditional Medicare,Injection,2026-08-31 12:00:00,2026-08-31 19:00:00
ROW0000021,REF000021,ACC025,S02,INT02,2025-12-21,ready,Commercial,Infusion,2026-08-31 12:00:00,2026-08-31 18:00:00
ROW0006021,REF000729,ACC078,S04,INT04,2025-07-23,received,Commercial,Injection,2026-08-30 12:00:00,2026-08-31 19:00:00
ROW0005978,REF005978,ACC048,S03,INT03,2025-02-04,VISIT COMPLETE,Traditional Medicare,Infusion,2026-08-31 12:00:00,2026-08-31 18:00:00
ROW0002533,REF002533,ACC055,S07,INT07,2026-07-25,complete,Medicare Advantage,Injection,2026-08-31 12:00:00,2026-08-31 18:00:00
ROW0003765,REF003765,ACC046,S03,INT03,2025-07-29,VISIT COMPLETE,Medicaid,Infusion,2026-08-31 12:00:00,2026-08-31 18:00:00
ROW0000589,REF000589,ACC105,S08,INT08,2025-06-18,CLOSED - NO VISIT,Commercial,Injection,2026-08-31 12:00:00,2026-08-31 18:00:00
ROW0006035,REF004644,ACC038,S02,INT02,2025-02-22,received,Commercial,Infusion,2026-08-30 12:00:00,2026-08-31 19:00:00
ROW0000261,REF000261,ACC040,S02,INT02,2026-07-23,VISIT COMPLETE,Commercial,Infusion,2026-08-31 12:00:00,2026-08-31 18:00:00
ROW0004514,REF004514,ACC084,S05,,2025-09-27,closed,Other,Infusion,2026-08-31 12:00:00,2026-08-31 18:00:00
ROW0006142,REF003995,ACC045,S03,INT03,2026-02-04,completed,Traditional Medicare,Infusion,2026-08-31 12:00:00,2026-08-31 19:00:00
ROW0004613,REF004613,ACC080,S04,INT04,2025-01-17,completed,Traditional Medicare,Infusion,2026-08-31 12:00:00,2026-08-31 18:00:00
ROW0004105,REF004105,ACC028,S02,INT02,2025-06-10,closed,Commercial,Infusion,2026-08-31 12:00:00,2026-08-31 18:00:00
ROW0002167,REF002167,ACC065,S04,INT04,2025-10-15,complete,Medicare Advantage,Injection,2026-08-31 12:00:00,2026-08-31 18:00:00
ROW0005857,REF005857,ACC008,S01,INT01,2025-04-16,VISIT COMPLETE,Medicaid,Infusion,2026-08-31 12:00:00,2026-08-31 18:00:00
ROW0001113,REF001113,ACC096,S05,INT05,2025-11-09,VISIT COMPLETE,Other,Infusion,2026-08-31 12:00:00,2026-08-31 18:00:00
ROW0002591,REF002591,ACC001,S01,INT01,2025-07-29,completed,Commercial,Infusion,2026-08-31 12:00:00,2026-08-31 18:00:00
ROW0002433,REF002433,ACC089,S05,INT05,2025-10-12,complete,Medicare Advantage,Infusion,2026-08-31 12:00:00,2026-08-31 18:00:00
ROW0005945,REF005945,ACC045,S03,INT03,2026-08-22,In Review,Traditional Medicare,Infusion,2026-08-31 12:00:00,2026-08-31 18:00:00
ROW0002223,REF002223,ACC093,S05,INT05,2025-06-19,VISIT COMPLETE,Medicare Advantage,Injection,2026-08-31 12:00:00,2026-08-31 18:00:00
ROW0005113,REF005113,ACC111,S06,INT06,2026-04-29,CLOSED - NO VISIT,Commercial,Infusion,2026-08-31 12:00:00,2026-08-31 18:00:00
ROW0002558,REF002558,ACC107,S08,INT08,2025-06-16,VISIT COMPLETE,Traditional Medicare,Infusion,2026-08-31 12:00:00,2026-08-31 18:00:00
ROW0002009,REF002009,ACC059,S07,INT07,2025-12-13,complete,Traditional Medicare,Infusion,2026-08-31 12:00:00,2026-08-31 18:00:00
ROW0004369,REF004369,ACC074,S04,,2025-03-24,Received,Medicaid,Injection,2026-08-31 12:00:00,2026-08-31 18:00:00
ROW0001599,REF001599,ACC086,S05,INT05,2025-08-30,VISIT COMPLETE,Other,Infusion,2026-08-31 12:00:00,2026-08-31 18:00:00
ROW0002884,REF002884,ACC029,S02,INT02,2025-09-12,review,Commercial,Injection,2026-08-31 12:00:00,2026-08-31 18:00:00
ROW0003841,REF003841,ACC063,S04,INT04,2025-10-23,complete,Commercial,Infusion,2026-08-31 12:00:00,2026-08-31 18:00:00
ROW0005131,REF005131,ACC116,S06,INT06,2026-06-19,completed,Medicaid,Infusion,2026-08-31 12:00:00,2026-08-31 18:00:00
ROW0003102,REF003102,ACC010,S01,INT01,2025-11-30,VISIT COMPLETE,Commercial,Other outpatient,2026-08-31 12:00:00,2026-08-31 18:00:00
ROW0005952,REF005952,ACC107,S06,INT06,2026-05-22,complete,Medicaid,Injection,2026-08-31 12:00:00,2026-08-31 18:00:00
ROW0004855,REF004855,ACC095,S05,INT05,2025-11-17, NEW ,Medicare Advantage,Infusion,2026-08-31 12:00:00,2026-08-31 18:00:00
ROW0000721,REF000721,ACC001,S01,INT01,2025-06-25,CLOSED - NO VISIT,Commercial,Infusion,2026-08-31 12:00:00,2026-08-31 18:00:00
ROW0005346,REF005346,ACC120,S08,INT08,2026-06-03,completed,Commercial,Infusion,2026-08-31 12:00:00,2026-08-31 18:00:00
ROW0006199,REF005444,ACC036,S02,INT02,2025-11-16,review,Commercial,Injection,2026-08-31 12:00:00,2026-08-31 19:00:00
ROW0000408,REF000408,ACC037,S02,INT02,2026-05-16,CLOSED - NO VISIT,Medicare Advantage,Injection,2026-08-31 12:00:00,2026-08-31 18:00:00
ROW0003677,REF003677,ACC119,S08,INT08,2026-01-11,review,Commercial,Other outpatient,2026-08-31 12:00:00,2026-08-31 18:00:00
ROW0004728,REF004728,ACC018,S01,INT01,2026-05-11,completed,Medicare Advantage,Injection,2026-08-31 12:00:00,2026-08-31 18:00:00
ROW0002511,REF002511,ACC078,S04,INT04,2025-10-10,completed,Commercial,Other outpatient,2026-08-31 12:00:00,2026-08-31 18:00:00
ROW0003088,REF003088,ACC075,S04,INT04,2026-04-08,completed,Commercial,Other outpatient,2026-08-31 12:00:00,2026-08-31 18:00:00
ROW0002093,REF002093,ACC120,S06,INT06,2026-03-03,review,Traditional Medicare,Infusion,2026-08-31 12:00:00,2026-08-31 18:00:00
ROW0003302,REF003302,ACC009,S01,INT01,2025-10-17,CLOSED - NO VISIT,Medicare Advantage,Injection,2026-08-31 12:00:00,2026-08-31 18:00:00
ROW0000982,REF000982,ACC047,S07,INT07,2026-06-15,complete,Traditional Medicare,Infusion,2026-08-31 12:00:00,2026-08-31 18:00:00
ROW0002132,REF002132,ACC062,S04,INT04,2026-08-13,ready to schedule,Medicare Advantage,Infusion,2026-08-31 12:00:00,2026-08-31 18:00:00
ROW0000512,REF000512,ACC081,S05,INT05,2026-06-21,cancelled,Medicare Advantage,Infusion,2026-08-31 12:00:00,2026-08-31 18:00:00
ROW0002596,REF002596,ACC084,S05,INT05,2025-02-15,completed,Medicaid,Infusion,2026-08-31 12:00:00,2026-08-31 18:00:00
ROW0000860,REF000860,ACC050,S03,INT03,2026-03-30,VISIT COMPLETE,Medicaid,Infusion,2026-08-31 12:00:00,2026-08-31 18:00:00
ROW0002707,REF002707,ACC099,S05,INT05,2025-07-29,completed,Commercial,Infusion,2026-08-31 12:00:00,2026-08-31 18:00:00
ROW0005426,REF005426,ACC025,S02,INT02,2025-05-28,VISIT COMPLETE,Commercial,Injection,2026-08-31 12:00:00,2026-08-31 18:00:00
ROW0005207,REF005207,ACC058,S07,INT07,2026-06-21,complete,Traditional Medicare,Injection,2026-08-31 12:00:00,2026-08-31 18:00:00
ROW0004140,REF004140,ACC120,S06,INT06,2026-05-24,complete,Medicare Advantage,Infusion,2026-08-31 12:00:00,2026-08-31 18:00:00
ROW0005398,REF005398,ACC028,S02,INT02,2026-05-11,VISIT COMPLETE,Medicare Advantage,Infusion,2026-08-31 12:00:00,2026-08-31 18:00:00
ROW0000766,REF000766,ACC015,S01,INT01,2025-10-25,CLOSED - NO VISIT,Commercial,Injection,2026-08-31 12:00:00,2026-08-31 18:00:00
ROW0002845,REF002845,ACC042,S07,INT07,2025-04-16,closed,Traditional Medicare,Injection,2026-08-31 12:00:00,2026-08-31 18:00:00
ROW0002790,REF002790,ACC009,S01,INT01,2025-07-30,In Review,Medicare Advantage,Infusion,2026-08-31 12:00:00,2026-08-31 18:00:00
ROW0002678,REF002678,ACC021,S02,INT02,2025-02-15,CLOSED - NO VISIT,Medicaid,Infusion,2026-08-31 12:00:00,2026-08-31 18:00:00
ROW0006261,REF000964,ACC015,S01,INT01,2025-01-16,complete,Commercial,Infusion,2026-08-31 12:00:00,2026-08-31 19:00:00
ROW0004395,REF004395,ACC064,S04,INT04,2026-04-10,cancelled,Commercial,Injection,2026-08-31 12:00:00,2026-08-31 18:00:00
ROW0005696,REF005696,ACC114,S06,INT06,2025-01-06,VISIT COMPLETE,Medicaid,Injection,2026-08-31 12:00:00,2026-08-31 18:00:00
ROW0004601,REF004601,ACC038,S02,INT02,2025-12-21,VISIT COMPLETE,Traditional Medicare,Injection,2026-08-31 12:00:00,2026-08-31 18:00:00
ROW0001469,REF001469,ACC042,S07,INT07,2026-02-09,completed,Commercial,Injection,2026-08-31 12:00:00,2026-08-31 18:00:00
ROW0000811,REF000811,ACC115,S06,INT06,2025-01-16,VISIT COMPLETE,Medicare Advantage,Infusion,2026-08-31 12:00:00,2026-08-31 18:00:00
ROW0003680,REF003680,ACC115,S06,INT06,2026-02-24,VISIT COMPLETE,Commercial,Injection,2026-08-31 12:00:00,2026-08-31 18:00:00
ROW0002329,REF002329,ACC090,S05,INT05,2025-12-27,VISIT COMPLETE,Other,Infusion,2026-08-31 12:00:00,2026-08-31 18:00:00
ROW0004087,REF004087,ACC041,S07,INT07,2025-05-11,VISIT COMPLETE,Traditional Medicare,Infusion,2026-08-31 12:00:00,2026-08-31 18:00:00
ROW0000477,REF000477,ACC079,S04,INT04,2025-08-12,cancelled,Traditional Medicare,Other outpatient,2026-08-31 12:00:00,2026-08-31 18:00:00
ROW0004234,REF004234,ACC068,S04,INT04,2025-04-19,ready to schedule,Commercial,Injection,2026-08-31 12:00:00,2026-08-31 18:00:00
ROW0000435,REF000435,ACC041,S03,INT03,2025-06-15,VISIT COMPLETE,Commercial,Infusion,2026-08-31 12:00:00,2026-08-31 18:00:00
ROW0003172,REF003172,ACC104,S08,INT08,2026-03-25,complete,Traditional Medicare,Injection,2026-08-31 12:00:00,2026-08-31 18:00:00
ROW0004331,REF004331,ACC092,S05,INT05,2025-08-27,cancelled,Medicare Advantage,Injection,2026-08-31 12:00:00,2026-08-31 18:00:00
ROW0004377,REF004377,ACC029,S02,INT02,2026-05-29,VISIT COMPLETE,Medicare Advantage,Infusion,2026-08-31 12:00:00,2026-08-31 18:00:00
ROW0001953,REF001953,ACC033,S02,INT02,2026-02-19,complete,Commercial,Infusion,2026-08-31 12:00:00,2026-08-31 18:00:00
ROW0000558,REF000558,ACC056,S07,INT07,2025-04-25,VISIT COMPLETE,Traditional Medicare,Injection,2026-08-31 12:00:00,2026-08-31 18:00:00
ROW0004159,REF004159,ACC019,S01,INT01,2025-10-21,VISIT COMPLETE,Traditional Medicare,Other outpatient,2026-08-31 12:00:00,2026-08-31 18:00:00
ROW0006239,REF000332,ACC049,S07,INT07,2025-07-28,completed,Commercial,Injection,2026-08-31 12:00:00,2026-08-31 19:00:00
ROW0000686,REF000686,ACC014,S01,INT01,2026-03-06,complete,Traditional Medicare,Other outpatient,2026-08-31 12:00:00,2026-08-31 18:00:00
ROW0000518,REF000518,ACC100,S05,INT05,2026-01-12,cancelled,Medicare Advantage,Injection,2026-08-31 12:00:00,2026-08-31 18:00:00
ROW0001429,REF001429,ACC014,S01,,2025-11-04,VISIT COMPLETE,Commercial,Infusion,2026-08-31 12:00:00,2026-08-31 18:00:00
ROW0001391,REF001391,ACC038,S02,INT02,2026-02-23,VISIT COMPLETE,Traditional Medicare,Other outpatient,2026-08-31 12:00:00,2026-08-31 18:00:00
ROW0000023,REF000023,ACC067,S04,INT04,2025-07-15,complete,Medicaid,Infusion,2026-08-31 12:00:00,2026-08-31 18:00:00
ROW0003121,REF003121,ACC062,S04,INT04,2026-08-19,ready,Medicare Advantage,Other outpatient,2026-08-31 12:00:00,2026-08-31 18:00:00
ROW0003625,REF003625,ACC015,S01,,2025-01-10,In Review,Commercial,Injection,2026-08-31 12:00:00,2026-08-31 18:00:00
ROW0001998,REF001998,ACC042,S07,INT07,2025-09-10,completed,Medicare Advantage,Injection,2026-08-31 12:00:00,2026-08-31 18:00:00
ROW0001148,REF001148,ACC083,S05,INT05,2026-07-16,VISIT COMPLETE,Commercial,Injection,2026-08-31 12:00:00,2026-08-31 18:00:00
ROW0003098,REF003098,ACC098,S05,,2026-04-15,complete,Medicare Advantage,Infusion,2026-08-31 12:00:00,2026-08-31 18:00:00
ROW0005989,REF005989,ACC004,S01,INT01,2026-01-27,completed,Traditional Medicare,Infusion,2026-08-31 12:00:00,2026-08-31 18:00:00
ROW0005164,REF005164,ACC009,S01,INT01,2026-06-23,completed,Medicare Advantage,Injection,2026-08-31 12:00:00,2026-08-31 18:00:00
ROW0002386,REF002386,ACC003,S01,INT01,2025-02-10,complete,Medicare Advantage,Infusion,2026-08-31 12:00:00,2026-08-31 18:00:00
ROW0001365,REF001365,ACC046,S03,INT03,2026-01-01,completed,Commercial,Infusion,2026-08-31 12:00:00,2026-08-31 18:00:00
ROW0002673,REF002673,ACC080,S04,INT04,2026-06-08,CLOSED - NO VISIT,Medicare Advantage,Other outpatient,2026-08-31 12:00:00,2026-08-31 18:00:00
ROW0001057,REF001057,ACC022,S02,INT02,2025-06-06,completed,Commercial,Infusion,2026-08-31 12:00:00,2026-08-31 18:00:00
ROW0001556,REF001556,ACC085,S05,INT05,2026-07-02,VISIT COMPLETE,Other,Infusion,2026-08-31 12:00:00,2026-08-31 18:00:00
ROW0001180,REF001180,ACC016,S01,INT01,2025-12-27,VISIT COMPLETE,Other,Infusion,2026-08-31 12:00:00,2026-08-31 18:00:00
ROW0002224,REF002224,ACC001,S01,INT01,2025-02-05,VISIT COMPLETE,Commercial,Injection,2026-08-31 12:00:00,2026-08-31 18:00:00
ROW0001397,REF001397,ACC033,S02,INT02,2026-02-04,VISIT COMPLETE,Commercial,Injection,2026-08-31 12:00:00,2026-08-31 18:00:00
ROW0001581,REF001581,ACC102,S06,INT06,2025-06-01,completed,Medicare Advantage,Infusion,2026-08-31 12:00:00,2026-08-31 18:00:00
ROW0003633,REF003633,ACC028,S02,INT02,2026-08-11,booked,Commercial,Infusion,2026-08-31 12:00:00,2026-08-31 18:00:00
ROW0005973,REF005973,ACC037,S02,INT02,2026-01-23,review,Medicaid,Infusion,2026-08-31 12:00:00,2026-08-31 18:00:00
ROW0004100,REF004100,ACC042,S03,INT03,2026-01-25,VISIT COMPLETE,Commercial,Injection,2026-08-31 12:00:00,2026-08-31 18:00:00
ROW0003722,REF003722,ACC094,S05,INT05,2026-06-11,completed,Commercial,Infusion,2026-08-31 12:00:00,2026-08-31 18:00:00
ROW0003079,REF003079,ACC036,S02,INT02,2026-02-07,completed,Medicare Advantage,Other outpatient,2026-08-31 12:00:00,2026-08-31 18:00:00
ROW0006235,REF000944,ACC095,S05,INT05,2025-12-01,completed,Traditional Medicare,Other outpatient,2026-08-31 12:00:00,2026-08-31 19:00:00
ROW0000128,REF000128,ACC042,S07,INT07,2025-05-11,closed,Commercial,Other outpatient,2026-08-31 12:00:00,2026-08-31 18:00:00
ROW0004998,REF004998,ACC014,S01,INT01,2026-06-18,closed,Commercial,Injection,2026-08-31 12:00:00,2026-08-31 18:00:00
ROW0001510,REF001510,ACC057,S07,INT07,2026-04-05,VISIT COMPLETE,Medicare Advantage,Infusion,2026-08-31 12:00:00,2026-08-31 18:00:00
ROW0000279,REF000279,ACC067,S04,,,VISIT COMPLETE,Medicare Advantage,Injection,2026-08-31 12:00:00,2026-08-31 18:00:00
ROW0005105,REF005105,ACC078,S04,INT04,2025-01-19,completed,Medicare Advantage,Infusion,2026-08-31 12:00:00,2026-08-31 18:00:00
ROW0005047,REF005047,ACC047,S03,,2025-04-23,complete,Commercial,Injection,2026-08-31 12:00:00,2026-08-31 18:00:00
ROW0004723,REF004723,ACC073,S04,INT04,2026-02-11,complete,Medicaid,Infusion,2026-08-31 12:00:00,2026-08-31 18:00:00
ROW0001852,REF001852,ACC073,S04,INT04,2025-04-24,completed,Medicare Advantage,Infusion,2026-08-31 12:00:00,2026-08-31 18:00:00
ROW0000177,REF000177,ACC043,S03,INT03,2025-11-13,cancelled,Commercial,Infusion,2026-08-31 12:00:00,2026-08-31 18:00:00
ROW0000400,REF000400,ACC054,S03,INT03,2025-03-01,cancelled,Commercial,Other outpatient,2026-08-31 12:00:00,2026-08-31 18:00:00
ROW0001143,REF001143,ACC067,S04,INT04,2026-04-21,closed,Medicare Advantage,Injection,2026-08-31 12:00:00,2026-08-31 18:00:00
ROW0000116,REF000116,ACC051,S03,INT03,2025-02-16,complete,Other,Infusion,2026-08-31 12:00:00,2026-08-31 18:00:00
ROW0004584,REF004584,ACC050,S03,INT03,2025-09-07,completed,Medicaid,Infusion,2026-08-31 12:00:00,2026-08-31 18:00:00
ROW0003984,REF003984,ACC101,S08,INT08,2025-03-12,complete,Commercial,Injection,2026-08-31 12:00:00,2026-08-31 18:00:00
ROW0003875,REF003875,ACC005,S01,INT01,2025-09-10,complete,Medicare Advantage,Infusion,2026-08-31 12:00:00,2026-08-31 18:00:00
ROW0002138,REF002138,ACC079,S04,INT04,2025-07-22,completed,Medicare Advantage,Infusion,2026-08-31 12:00:00,2026-08-31 18:00:00
ROW0000814,REF000814,ACC057,S07,INT07,2025-11-28,completed,Medicaid,Infusion,2026-08-31 12:00:00,2026-08-31 18:00:00
ROW0001007,REF001007,ACC074,S04,INT04,2025-06-27,VISIT COMPLETE,Medicare Advantage,Other outpatient,2026-08-31 12:00:00,2026-08-31 18:00:00
ROW0005834,REF005834,ACC093,S05,INT05,2025-08-21,completed,Commercial,Other outpatient,2026-08-31 12:00:00,2026-08-31 18:00:00
ROW0005753,REF005753,ACC004,S01,INT01,2025-04-30,in_review,Traditional Medicare,Infusion,2026-08-31 12:00:00,2026-08-31 18:00:00
ROW0001712,REF001712,ACC034,S02,INT02,2026-01-28,VISIT COMPLETE,Commercial,Infusion,2026-08-31 12:00:00,2026-08-31 18:00:00
ROW0005184,REF005184,ACC087,S05,INT05,2025-04-16,completed,Medicaid,Injection,2026-08-31 12:00:00,2026-08-31 18:00:00
ROW0000028,REF000028,ACC079,S04,,2026-07-31,booked,Medicare Advantage,Injection,2026-08-31 12:00:00,2026-08-31 18:00:00
ROW0005505,REF005505,ACC033,S02,INT02,2025-12-16,VISIT COMPLETE,Medicaid,Injection,2026-08-31 12:00:00,2026-08-31 18:00:00
ROW0004292,REF004292,ACC022,S02,INT02,2025-06-27,VISIT COMPLETE,Traditional Medicare,Other outpatient,2026-08-31 12:00:00,2026-08-31 18:00:00
ROW0003145,REF003145,ACC028,S02,INT02,2026-03-28,completed,Commercial,Injection,2026-08-31 12:00:00,2026-08-31 18:00:00
ROW0000994,REF000994,ACC074,S04,INT04,2026-01-03,complete,Medicare Advantage,Injection,2026-08-31 12:00:00,2026-08-31 18:00:00
ROW0001775,REF001775,ACC082,S05,INT05,2025-11-11,complete,Medicare Advantage,Other outpatient,2026-08-31 12:00:00,2026-08-31 18:00:00
ROW0004001,REF004001,ACC047,S03,INT03,2026-05-17,closed,Medicare Advantage,Infusion,2026-08-31 12:00:00,2026-08-31 18:00:00
ROW0000420,REF000420,ACC010,S01,INT01,2026-06-30,VISIT COMPLETE,Commercial,Infusion,2026-08-31 12:00:00,2026-08-31 18:00:00
ROW0004933,REF004933,ACC090,S05,INT05,2025-01-01,complete,Commercial,Injection,2026-08-31 12:00:00,2026-08-31 18:00:00
ROW0005715,REF005715,ACC057,S03,INT03,2026-03-09,completed,Medicare Advantage,Injection,2026-08-31 12:00:00,2026-08-31 18:00:00
ROW0003674,REF003674,ACC006,S01,INT01,2026-06-18,complete,Commercial,Injection,2026-08-31 12:00:00,2026-08-31 18:00:00
ROW0005939,REF005939,ACC018,S01,INT01,2025-08-16,complete,Medicare Advantage,Injection,2026-08-31 12:00:00,2026-08-31 18:00:00
ROW0003284,REF003284,ACC062,S04,,2025-06-21,complete,Medicare Advantage,Infusion,2026-08-31 12:00:00,2026-08-31 18:00:00
ROW0000315,REF000315,ACC089,S05,INT05,2025-03-03,VISIT COMPLETE,Commercial,Infusion,2026-08-31 12:00:00,2026-08-31 18:00:00
ROW0003848,REF003848,ACC115,S06,INT06,2026-02-26,VISIT COMPLETE,Medicare Advantage,Injection,2026-08-31 12:00:00,2026-08-31 18:00:00
ROW0004569,REF004569,ACC050,S07,INT07,2026-04-02,CLOSED - NO VISIT,Medicare Advantage,Infusion,2026-08-31 12:00:00,2026-08-31 18:00:00
ROW0003288,REF003288,ACC021,S02,INT02,2026-05-07,completed,Other,Infusion,2026-08-31 12:00:00,2026-08-31 18:00:00
ROW0000749,REF000749,ACC061,S04,INT04,2026-07-05,complete,Medicare Advantage,Other outpatient,2026-08-31 12:00:00,2026-08-31 18:00:00
ROW0005951,REF005951,ACC096,S05,INT05,2026-04-28,completed,Commercial,Infusion,2026-08-31 12:00:00,2026-08-31 18:00:00
ROW0001594,REF001594,ACC004,S01,INT01,2026-08-02,VISIT COMPLETE,Medicare Advantage,Injection,2026-08-31 12:00:00,2026-08-31 18:00:00
ROW0006293,REF004191,ACC002,S01,INT01,2026-07-08,Ready_to_Schedule,Medicare Advantage,Infusion,2026-08-31 12:00:00,2026-08-31 19:00:00
ROW0003545,REF003545,ACC089,S05,INT05,2026-04-27,CLOSED - NO VISIT,Commercial,Infusion,2026-08-31 12:00:00,2026-08-31 18:00:00
ROW0003223,REF003223,ACC026,S02,INT02,,completed,Commercial,Infusion,2026-08-31 12:00:00,2026-08-31 18:00:00
ROW0001969,REF001969,ACC059,S03,INT03,2026-03-24,complete,Commercial,Infusion,2026-08-31 12:00:00,2026-08-31 18:00:00
ROW0001856,REF001856,ACC024,S02,INT02,2026-08-28,in_review,Traditional Medicare,Infusion,2026-08-31 12:00:00,2026-08-31 18:00:00
ROW0002999,REF002999,ACC089,S05,INT05,2026-05-31,complete,Commercial,Infusion,2026-08-31 12:00:00,2026-08-31 18:00:00
ROW0002202,REF002202,ACC047,S07,INT07,2025-07-06,completed,Commercial,Infusion,2026-08-31 12:00:00,2026-08-31 18:00:00
ROW0005025,REF005025,ACC099,S05,INT05,2025-12-11,completed,Medicare Advantage,Infusion,2026-08-31 12:00:00,2026-08-31 18:00:00
ROW0005701,REF005701,ACC083,S05,INT05,2026-04-06,complete,Medicare Advantage,Infusion,2026-08-31 12:00:00,2026-08-31 18:00:00
ROW0000648,REF000648,ACC020,S01,INT01,2025-01-20,complete,Commercial,Other outpatient,2026-08-31 12:00:00,2026-08-31 18:00:00
ROW0004026,REF004026,ACC102,S08,INT08,2026-02-24,cancelled,Commercial,Injection,2026-08-31 12:00:00,2026-08-31 18:00:00
ROW0004213,REF004213,ACC105,S06,INT06,2026-01-24,closed,Traditional Medicare,Infusion,2026-08-31 12:00:00,2026-08-31 18:00:00
ROW0002758,REF002758,ACC068,S04,INT04,2025-05-24,VISIT COMPLETE,Medicaid,Infusion,2026-08-31 12:00:00,2026-08-31 18:00:00
ROW0005262,REF005262,ACC035,S02,INT02,2026-05-09,completed,Commercial,Infusion,2026-08-31 12:00:00,2026-08-31 18:00:00
ROW0000919,REF000919,ACC057,S03,INT03,2026-04-02,completed,Other,Infusion,2026-08-31 12:00:00,2026-08-31 18:00:00
ROW0004095,REF004095,ACC063,S04,INT04,2025-06-05,complete,Medicare Advantage,Injection,2026-08-31 12:00:00,2026-08-31 18:00:00
ROW0001301,REF001301,ACC029,S02,INT02,2025-06-16,VISIT COMPLETE,Traditional Medicare,Infusion,2026-08-31 12:00:00,2026-08-31 18:00:00
ROW0002548,REF002548,ACC102,S08,INT08,2025-10-19,complete,Commercial,Other outpatient,2026-08-31 12:00:00,2026-08-31 18:00:00
ROW0006054,REF000753,ACC065,S04,INT04,2026-01-08, NEW ,Commercial,Other outpatient,2026-08-31 12:00:00,2026-08-31 19:00:00
ROW0003925,REF003925,ACC079,S04,INT04,2026-06-16,complete,Medicaid,Infusion,2026-08-31 12:00:00,2026-08-31 18:00:00
ROW0002406,REF002406,ACC089,S05,INT05,2025-12-12,completed,Medicaid,Infusion,2026-08-31 12:00:00,2026-08-31 18:00:00
ROW0002309,REF002309,ACC085,S05,INT05,2026-03-01,completed,Commercial,Injection,2026-08-31 12:00:00,2026-08-31 18:00:00
ROW0002356,REF002356,ACC001,S01,INT01,2026-01-13,complete,Commercial,Injection,2026-08-31 12:00:00,2026-08-31 18:00:00
ROW0001743,REF001743,ACC120,S06,INT06,2025-02-12,complete,Medicare Advantage,Infusion,2026-08-31 12:00:00,2026-08-31 18:00:00
ROW0002837,REF002837,ACC043,S07,INT07,,VISIT COMPLETE,Commercial,Injection,2026-08-31 12:00:00,2026-08-31 18:00:00
ROW0005018,REF005018,ACC048,S07,INT07,2026-01-21,complete,Commercial,Infusion,2026-08-31 12:00:00,2026-08-31 18:00:00
ROW0006246,REF003529,ACC083,S05,INT05,2026-02-14,complete,Traditional Medicare,Infusion,2026-08-31 12:00:00,2026-08-31 19:00:00
ROW0002072,REF002072,ACC078,S04,INT04,2025-04-14,cancelled,Commercial,Infusion,2026-08-31 12:00:00,2026-08-31 18:00:00
ROW0003845,REF003845,ACC022,S02,INT02,2026-03-08,completed,Medicare Advantage,Infusion,2026-08-31 12:00:00,2026-08-31 18:00:00
ROW0001155,REF001155,ACC087,S05,INT05,2026-01-14,completed,Commercial,Injection,2026-08-31 12:00:00,2026-08-31 18:00:00
ROW0003683,REF003683,ACC079,S04,INT04,2025-07-05,completed,Medicaid,Injection,2026-08-31 12:00:00,2026-08-31 18:00:00
ROW0005909,REF005909,ACC098,S05,INT05,2026-01-09,complete,Traditional Medicare,Injection,2026-08-31 12:00:00,2026-08-31 18:00:00
ROW0002396,REF002396,ACC027,S02,INT02,2025-11-25,cancelled,Commercial,Injection,2026-08-31 12:00:00,2026-08-31 18:00:00
ROW0000548,REF000548,ACC038,S02,INT02,2025-06-03,VISIT COMPLETE,Commercial,Other outpatient,2026-08-31 12:00:00,2026-08-31 18:00:00
ROW0004804,REF004804,ACC077,S04,INT04,2026-06-22,complete,Commercial,Injection,2026-08-31 12:00:00,2026-08-31 18:00:00
ROW0003518,REF003518,ACC106,S06,INT06,2026-04-03,VISIT COMPLETE,Commercial,Injection,2026-08-31 12:00:00,2026-08-31 18:00:00
ROW0002302,REF002302,ACC094,S05,INT05,2026-06-10,VISIT COMPLETE,Traditional Medicare,Infusion,2026-08-31 12:00:00,2026-08-31 18:00:00
ROW0000582,REF000582,ACC057,S03,INT03,2026-05-17,completed,Commercial,Infusion,2026-08-31 12:00:00,2026-08-31 18:00:00
ROW0001247,REF001247,ACC055,S03,INT03,2025-09-25,completed,Medicare Advantage,Injection,2026-08-31 12:00:00,2026-08-31 18:00:00
ROW0003140,REF003140,ACC111,S08,INT08,2026-07-11,completed,Medicare Advantage,Other outpatient,2026-08-31 12:00:00,2026-08-31 18:00:00
ROW0003429,REF003429,ACC003,S01,INT01,2025-07-08,closed,Traditional Medicare,Injection,2026-08-31 12:00:00,2026-08-31 18:00:00
ROW0000059,REF000059,ACC059,S03,INT03,2026-07-18,CLOSED - NO VISIT,Commercial,Infusion,2026-08-31 12:00:00,2026-08-31 18:00:00
ROW0004219,REF004219,ACC060,S07,INT07,2025-12-14,completed,Commercial,Infusion,2026-08-31 12:00:00,2026-08-31 18:00:00
ROW0004702,REF004702,ACC086,S05,INT05,2026-03-28,complete,Traditional Medicare,Infusion,2026-08-31 12:00:00,2026-08-31 18:00:00
ROW0001422,REF001422,ACC105,S08,INT08,2025-02-15,Received,Traditional Medicare,Injection,2026-08-31 12:00:00,2026-08-31 18:00:00
ROW0002014,REF002014,ACC042,S03,INT03,2025-06-12,VISIT COMPLETE,Commercial,Infusion,2026-08-31 12:00:00,2026-08-31 18:00:00
ROW0004600,REF004600,ACC095,S05,INT05,2025-07-09,complete,Other,Infusion,2026-08-31 12:00:00,2026-08-31 18:00:00
ROW0000543,REF000543,ACC068,S04,INT04,2026-06-08,In Review,Medicare Advantage,Infusion,2026-08-31 12:00:00,2026-08-31 18:00:00
ROW0003520,REF003520,ACC037,S02,INT02,2025-06-01,complete,Medicare Advantage,Other outpatient,2026-08-31 12:00:00,2026-08-31 18:00:00
ROW0001674,REF001674,ACC091,S05,INT05,2026-07-06,completed,Medicare Advantage,Infusion,2026-08-31 12:00:00,2026-08-31 18:00:00
ROW0005160,REF005160,ACC028,S02,INT02,2025-11-21,received,Medicaid,Infusion,2026-08-31 12:00:00,2026-08-31 18:00:00
ROW0002407,REF002407,ACC090,S05,INT05,2026-04-29,completed,Commercial,Injection,2026-08-31 12:00:00,2026-08-31 18:00:00
ROW0005607,REF005607,ACC061,S04,INT04,2026-05-23,CLOSED - NO VISIT,Medicare Advantage,Infusion,2026-08-31 12:00:00,2026-08-31 18:00:00
ROW0001305,REF001305,ACC014,S01,INT01,2025-10-06,CLOSED - NO VISIT,Commercial,Injection,2026-08-31 12:00:00,2026-08-31 18:00:00
ROW0000915,REF000915,ACC059,S07,INT07,2025-10-15,complete,Commercial,Infusion,2026-08-31 12:00:00,2026-08-31 18:00:00
ROW0005624,REF005624,ACC070,S04,INT04,2026-02-20, NEW ,Traditional Medicare,Infusion,2026-08-31 12:00:00,2026-08-31 18:00:00
ROW0002109,REF002109,ACC114,S08,INT08,2025-07-21,VISIT COMPLETE,Commercial,Injection,2026-08-31 12:00:00,2026-08-31 18:00:00
ROW0001072,REF001072,ACC042,S03,INT03,2026-07-29,complete,Medicare Advantage,Infusion,2026-08-31 12:00:00,2026-08-31 18:00:00
ROW0004284,REF004284,ACC115,S08,INT08,2026-02-28,complete,Medicare Advantage,Injection,2026-08-31 12:00:00,2026-08-31 18:00:00
ROW0005041,REF005041,ACC055,S03,INT03,2025-09-28,completed,Medicare Advantage,Infusion,2026-08-31 12:00:00,2026-08-31 18:00:00
ROW0004537,REF004537,ACC054,S03,INT03,2025-12-25,VISIT COMPLETE,Commercial,Infusion,2026-08-31 12:00:00,2026-08-31 18:00:00
ROW0004223,REF004223,ACC057,S07,INT07,2025-05-08,completed,Commercial,Injection,2026-08-31 12:00:00,2026-08-31 18:00:00
ROW0005237,REF005237,ACC009,S01,INT01,2026-06-11,Ready_to_Schedule,Traditional Medicare,Injection,2026-08-31 12:00:00,2026-08-31 18:00:00
ROW0004447,REF004447,ACC018,S01,INT01,2025-09-19,completed,Traditional Medicare,Infusion,2026-08-31 12:00:00,2026-08-31 18:00:00
ROW0006014,REF000713,ACC102,S08,INT08,2025-03-29,received,Other,Injection,2026-08-30 12:00:00,2026-08-31 19:00:00
ROW0000846,REF000846,ACC107,S08,INT08,2026-05-03,VISIT COMPLETE,Commercial,Infusion,2026-08-31 12:00:00,2026-08-31 18:00:00
ROW0003245,REF003245,ACC057,S03,INT03,2026-07-14,completed,Medicare Advantage,Injection,2026-08-31 12:00:00,2026-08-31 18:00:00
ROW0003853,REF003853,ACC081,S05,INT05,2025-12-11,complete,Medicare Advantage,Infusion,2026-08-31 12:00:00,2026-08-31 18:00:00
ROW0002888,REF002888,ACC012,S01,INT01,2025-06-17,cancelled,Traditional Medicare,Infusion,2026-08-31 12:00:00,2026-08-31 18:00:00
ROW0002336,REF002336,ACC006,S01,INT01,2025-07-19,review,Commercial,Infusion,2026-08-31 12:00:00,2026-08-31 18:00:00
ROW0003360,REF003360,ACC047,S07,INT07,2026-06-24,closed,Traditional Medicare,Infusion,2026-08-31 12:00:00,2026-08-31 18:00:00
ROW0004775,REF004775,ACC010,S01,INT01,2026-05-20,closed,Commercial,Infusion,2026-08-31 12:00:00,2026-08-31 18:00:00
ROW0006279,REF003646,ACC082,S05,INT05,2025-01-23,closed,Traditional Medicare,Infusion,2026-08-31 12:00:00,2026-08-31 19:00:00
ROW0004798,REF004798,ACC015,S01,INT01,2025-08-05,completed,Commercial,Infusion,2026-08-31 12:00:00,2026-08-31 18:00:00
ROW0004168,REF004168,ACC057,S07,INT07,2025-05-12,ready,Commercial,Injection,2026-08-31 12:00:00,2026-08-31 18:00:00
ROW0001118,REF001118,ACC009,S01,INT01,2026-08-31,received,Commercial,Infusion,2026-08-31 12:00:00,2026-08-31 18:00:00
ROW0005751,REF005751,ACC083,S05,INT05,2025-12-31,VISIT COMPLETE,Medicare Advantage,Infusion,2026-08-31 12:00:00,2026-08-31 18:00:00
ROW0003001,REF003001,ACC079,S04,INT04,2026-02-12,completed,Medicaid,Other outpatient,2026-08-31 12:00:00,2026-08-31 18:00:00
ROW0005726,REF005726,ACC079,S04,INT04,2025-09-03,complete,Medicare Advantage,Injection,2026-08-31 12:00:00,2026-08-31 18:00:00
ROW0006095,REF002832,ACC104,S08,INT08,2026-05-08,VISIT COMPLETE,Medicaid,Infusion,2026-08-31 12:00:00,2026-08-31 19:00:00
ROW0005553,REF005553,ACC005,S01,INT01,2026-06-21,complete,Medicaid,Infusion,2026-08-31 12:00:00,2026-08-31 18:00:00
ROW0000375,REF000375,ACC079,S04,INT04,2025-09-13,closed,Medicare Advantage,Infusion,2026-08-31 12:00:00,2026-08-31 18:00:00
ROW0003420,REF003420,ACC033,S02,INT02,2025-10-11,VISIT COMPLETE,Medicare Advantage,Infusion,2026-08-31 12:00:00,2026-08-31 18:00:00
ROW0000201,REF000201,ACC085,S05,INT05,2026-05-23,cancelled,Commercial,Injection,2026-08-31 12:00:00,2026-08-31 18:00:00
ROW0000125,REF000125,ACC087,S05,INT05,2026-01-04,completed,Commercial,Infusion,2026-08-31 12:00:00,2026-08-31 18:00:00
ROW0003374,REF003374,ACC004,S01,INT01,2026-03-16,completed,Medicaid,Injection,2026-08-31 12:00:00,2026-08-31 18:00:00
ROW0005283,REF005283,ACC097,S05,INT05,2025-04-25,complete,Commercial,Infusion,2026-08-31 12:00:00,2026-08-31 18:00:00
ROW0002158,REF002158,ACC029,S02,INT02,2026-08-05,Ready_to_Schedule,Commercial,Infusion,2026-08-31 12:00:00,2026-08-31 18:00:00
ROW0003702,REF003702,ACC014,S01,INT01,2026-04-12,completed,Medicaid,Injection,2026-08-31 12:00:00,2026-08-31 18:00:00
ROW0002742,REF002742,ACC008,S01,INT01,2025-10-13,complete,Medicare Advantage,Injection,2026-08-31 12:00:00,2026-08-31 18:00:00
ROW0001490,REF001490,ACC057,S03,INT03,2026-06-12,closed,Medicare Advantage,Infusion,2026-08-31 12:00:00,2026-08-31 18:00:00
ROW0002746,REF002746,ACC001,S01,INT01,2026-04-07,complete,Medicare Advantage,Infusion,2026-08-31 12:00:00,2026-08-31 18:00:00
ROW0001355,REF001355,ACC055,S07,INT07,2026-08-26,review,Medicare Advantage,Infusion,2026-08-31 12:00:00,2026-08-31 18:00:00
ROW0002654,REF002654,ACC007,S01,INT01,2025-05-07,ready to schedule,Medicare Advantage,Injection,2026-08-31 12:00:00,2026-08-31 18:00:00
ROW0005723,REF005723,ACC074,S04,INT04,2026-06-14,completed,Medicaid,Infusion,2026-08-31 12:00:00,2026-08-31 18:00:00
ROW0004103,REF004103,ACC056,S07,INT07,2025-05-09,completed,Medicare Advantage,Other outpatient,2026-08-31 12:00:00,2026-08-31 18:00:00
ROW0000272,REF000272,ACC006,S01,INT01,2026-06-10,VISIT COMPLETE,Traditional Medicare,Infusion,2026-08-31 12:00:00,2026-08-31 18:00:00
ROW0003065,REF003065,ACC035,S02,INT02,2026-08-28, NEW ,Commercial,Injection,2026-08-31 12:00:00,2026-08-31 18:00:00
ROW0004181,REF004181,ACC027,S02,INT02,2025-02-06,In Review,Medicare Advantage,Infusion,2026-08-31 12:00:00,2026-08-31 18:00:00
ROW0004658,REF004658,ACC082,S05,INT05,2026-07-17,VISIT COMPLETE,Traditional Medicare,Other outpatient,2026-08-31 12:00:00,2026-08-31 18:00:00
ROW0002199,REF002199,ACC006,S01,INT01,2026-02-22,complete,Commercial,Injection,2026-08-31 12:00:00,2026-08-31 18:00:00
ROW0001793,REF001793,ACC085,S05,INT05,2026-03-03,VISIT COMPLETE,Traditional Medicare,Infusion,2026-08-31 12:00:00,2026-08-31 18:00:00
ROW0005178,REF005178,ACC105,S08,INT08,2026-02-11,completed,Commercial,Infusion,2026-08-31 12:00:00,2026-08-31 18:00:00
ROW0001779,REF001779,ACC085,S05,INT05,2025-06-29,cancelled,Medicare Advantage,Injection,2026-08-31 12:00:00,2026-08-31 18:00:00
ROW0000838,REF000838,ACC082,S05,,2025-10-14,completed,Medicaid,Injection,2026-08-31 12:00:00,2026-08-31 18:00:00
ROW0003510,REF003510,ACC048,S07,INT07,2025-11-15,VISIT COMPLETE,Commercial,Infusion,2026-08-31 12:00:00,2026-08-31 18:00:00
ROW0003130,REF003130,ACC058,S03,INT03,2025-08-09,complete,Medicare Advantage,Infusion,2026-08-31 12:00:00,2026-08-31 18:00:00
ROW0002347,REF002347,ACC079,S04,INT04,2025-05-09,ready to schedule,Other,Other outpatient,2026-08-31 12:00:00,2026-08-31 18:00:00
ROW0004326,REF004326,ACC026,S02,INT02,2025-12-06,complete,Traditional Medicare,Other outpatient,2026-08-31 12:00:00,2026-08-31 18:00:00
ROW0000796,REF000796,ACC050,S03,INT03,2025-10-04,completed,Commercial,Injection,2026-08-31 12:00:00,2026-08-31 18:00:00
ROW0006019,REF000744,ACC074,S04,INT04,,received,Commercial,Other outpatient,2026-08-30 12:00:00,2026-08-31 19:00:00
ROW0002395,REF002395,ACC111,S08,INT08,2025-11-18,complete,Medicaid,Infusion,2026-08-31 12:00:00,2026-08-31 18:00:00
ROW0001993,REF001993,ACC059,S07,INT07,2026-03-28,VISIT COMPLETE,Medicaid,Injection,2026-08-31 12:00:00,2026-08-31 18:00:00
ROW0003349,REF003349,ACC004,S01,INT01,2025-10-16,completed,Medicare Advantage,Injection,2026-08-31 12:00:00,2026-08-31 18:00:00
ROW0005170,REF005170,ACC071,S04,INT04,2026-05-06,complete,Commercial,Injection,2026-08-31 12:00:00,2026-08-31 18:00:00
ROW0003018,REF003018,ACC120,S08,INT08,2026-05-29,VISIT COMPLETE,Traditional Medicare,Injection,2026-08-31 12:00:00,2026-08-31 18:00:00
ROW0002243,REF002243,ACC024,S02,INT02,2025-07-22,ready,Commercial,Infusion,2026-08-31 12:00:00,2026-08-31 18:00:00
ROW0006204,REF000737,ACC118,S06,INT06,2026-03-26,completed,Commercial,Infusion,2026-08-31 12:00:00,2026-08-31 19:00:00
ROW0000060,REF000060,ACC080,S04,INT04,2025-02-04,completed,Medicare Advantage,Injection,2026-08-31 12:00:00,2026-08-31 18:00:00
ROW0005412,REF005412,ACC070,S04,INT04,2025-08-15,complete,Medicaid,Infusion,2026-08-31 12:00:00,2026-08-31 18:00:00
ROW0000014,REF000014,ACC104,S08,INT08,2025-07-25,completed,Medicare Advantage,Injection,2026-08-31 12:00:00,2026-08-31 18:00:00
ROW0001074,REF001074,ACC104,S08,INT08,2025-07-05,complete,Medicare Advantage,Other outpatient,2026-08-31 12:00:00,2026-08-31 18:00:00
ROW0004987,REF004987,ACC040,S02,INT02,2025-01-08,In Review,Medicare Advantage,Other outpatient,2026-08-31 12:00:00,2026-08-31 18:00:00
ROW0004254,REF004254,ACC017,S01,INT01,2025-07-15,complete,Traditional Medicare,Infusion,2026-08-31 12:00:00,2026-08-31 18:00:00
ROW0005520,REF005520,ACC033,S02,INT02,2026-01-20,completed,Traditional Medicare,Injection,2026-08-31 12:00:00,2026-08-31 18:00:00
ROW0000281,REF000281,ACC026,S02,INT02,2026-03-28,completed,Commercial,Injection,2026-08-31 12:00:00,2026-08-31 18:00:00
ROW0001277,REF001277,ACC072,S04,INT04,2026-06-18,VISIT COMPLETE,Medicare Advantage,Infusion,2026-08-31 12:00:00,2026-08-31 18:00:00
ROW0005456,REF005456,ACC018,S01,INT01,2025-03-15,complete,Commercial,Injection,2026-08-31 12:00:00,2026-08-31 18:00:00
ROW0006253,REF002504,ACC011,S01,INT01,2026-04-12,complete,Commercial,Infusion,2026-08-31 12:00:00,2026-08-31 19:00:00
ROW0002628,REF002628,ACC001,S01,INT01,2026-08-10, SCHED ,Medicare Advantage,Other outpatient,2026-08-31 12:00:00,2026-08-31 18:00:00
ROW0002459,REF002459,ACC016,S01,INT01,2025-10-13,CLOSED - NO VISIT,Other,Infusion,2026-08-31 12:00:00,2026-08-31 18:00:00
ROW0000333,REF000333,ACC080,S04,INT04,2025-09-27, NEW ,Commercial,Injection,2026-08-31 12:00:00,2026-08-31 18:00:00
ROW0004264,REF004264,ACC095,S05,INT05,2025-08-31,completed,Medicare Advantage,Infusion,2026-08-31 12:00:00,2026-08-31 18:00:00
ROW0000585,REF000585,ACC081,S05,INT05,2026-01-18,cancelled,Medicare Advantage,Injection,2026-08-31 12:00:00,2026-08-31 18:00:00
ROW0002180,REF002180,ACC042,S03,INT03,2026-05-25,complete,Commercial,Infusion,2026-08-31 12:00:00,2026-08-31 18:00:00
ROW0000229,REF000229,ACC059,S03,INT03,2025-10-24,complete,Commercial,Other outpatient,2026-08-31 12:00:00,2026-08-31 18:00:00
ROW0003419,REF003419,ACC065,S04,INT04,2025-10-30,VISIT COMPLETE,Medicaid,Injection,2026-08-31 12:00:00,2026-08-31 18:00:00
ROW0004415,REF004415,ACC039,S02,INT02,2026-06-29,closed,Medicare Advantage,Infusion,2026-08-31 12:00:00,2026-08-31 18:00:00
ROW0004060,REF004060,ACC047,S07,INT07,2025-08-19,VISIT COMPLETE,Medicare Advantage,Injection,2026-08-31 12:00:00,2026-08-31 18:00:00
ROW0005295,REF005295,ACC009,S01,,2025-02-13,completed,Commercial,Infusion,2026-08-31 12:00:00,2026-08-31 18:00:00
ROW0000991,REF000991,ACC093,S05,INT05,2025-07-28,VISIT COMPLETE,Medicaid,Infusion,2026-08-31 12:00:00,2026-08-31 18:00:00
ROW0002389,REF002389,ACC038,S02,INT02,2025-08-29,VISIT COMPLETE,Medicare Advantage,Injection,2026-08-31 12:00:00,2026-08-31 18:00:00
ROW0000854,REF000854,ACC042,S07,INT07,2025-01-09,completed,Traditional Medicare,Infusion,2026-08-31 12:00:00,2026-08-31 18:00:00
ROW0005944,REF005944,ACC035,S02,INT02,2026-04-20, NEW ,Commercial,Injection,2026-08-31 12:00:00,2026-08-31 18:00:00
ROW0001866,REF001866,ACC073,S04,INT04,2026-03-13,closed,Commercial,Infusion,2026-08-31 12:00:00,2026-08-31 18:00:00
ROW0002293,REF002293,ACC047,S03,INT03,2025-08-10,completed,Commercial,Injection,2026-08-31 12:00:00,2026-08-31 18:00:00
ROW0002869,REF002869,ACC025,S02,INT02,2025-09-05,Received,Commercial,Injection,2026-08-31 12:00:00,2026-08-31 18:00:00
ROW0005213,REF005213,ACC024,S02,INT02,2025-09-11,VISIT COMPLETE,Traditional Medicare,Injection,2026-08-31 12:00:00,2026-08-31 18:00:00
ROW0001548,REF001548,ACC050,S07,INT07,2026-06-27,closed,Medicare Advantage,Infusion,2026-08-31 12:00:00,2026-08-31 18:00:00
ROW0005913,REF005913,ACC012,S01,INT01,2025-10-25,completed,Medicare Advantage,Infusion,2026-08-31 12:00:00,2026-08-31 18:00:00
ROW0002674,REF002674,ACC083,S05,INT05,2026-08-14,Ready_to_Schedule,Medicare Advantage,Infusion,2026-08-31 12:00:00,2026-08-31 18:00:00
ROW0000823,REF000823,ACC087,S05,INT05,2025-07-18,complete,Medicaid,Infusion,2026-08-31 12:00:00,2026-08-31 18:00:00
ROW0003116,REF003116,ACC051,S07,INT07,2025-09-09,complete,Medicare Advantage,Infusion,2026-08-31 12:00:00,2026-08-31 18:00:00
ROW0005693,REF005693,ACC008,S01,INT01,2025-05-04,completed,Traditional Medicare,Infusion,2026-08-31 12:00:00,2026-08-31 18:00:00
ROW0003787,REF003787,ACC115,S08,INT08,2025-06-23,VISIT COMPLETE,Medicaid,Infusion,2026-08-31 12:00:00,2026-08-31 18:00:00
ROW0005590,REF005590,ACC098,S05,INT05,2025-12-05,VISIT COMPLETE,Commercial,Infusion,2026-08-31 12:00:00,2026-08-31 18:00:00
ROW0001792,REF001792,ACC054,S07,INT07,2025-12-08,completed,Medicaid,Infusion,2026-08-31 12:00:00,2026-08-31 18:00:00
ROW0005335,REF005335,ACC098,S05,INT05,2026-08-03,VISIT COMPLETE,Commercial,Infusion,2026-08-31 12:00:00,2026-08-31 18:00:00
ROW0001855,REF001855,ACC084,S05,INT05,2026-07-05,VISIT COMPLETE,Traditional Medicare,Infusion,2026-08-31 12:00:00,2026-08-31 18:00:00
ROW0001534,REF001534,ACC089,S05,INT05,2025-01-29,completed,Medicaid,Infusion,2026-08-31 12:00:00,2026-08-31 18:00:00
ROW0004022,REF004022,ACC103,S08,INT08,2026-06-30,complete,Medicare Advantage,Other outpatient,2026-08-31 12:00:00,2026-08-31 18:00:00
ROW0003492,REF003492,ACC079,S04,INT04,2026-08-30,Received,Commercial,Infusion,2026-08-31 12:00:00,2026-08-31 18:00:00
ROW0002896,REF002896,ACC118,S06,INT06,2026-04-15,closed,Medicaid,Infusion,2026-08-31 12:00:00,2026-08-31 18:00:00
ROW0001575,REF001575,ACC035,S02,INT02,2025-08-30,complete,Commercial,Infusion,2026-08-31 12:00:00,2026-08-31 18:00:00
ROW0003055,REF003055,ACC057,S07,INT07,2025-03-22,complete,Commercial,Infusion,2026-08-31 12:00:00,2026-08-31 18:00:00
ROW0002655,REF002655,ACC017,S01,INT01,2026-02-13,completed,Commercial,Other outpatient,2026-08-31 12:00:00,2026-08-31 18:00:00
ROW0004243,REF004243,ACC111,S06,INT06,2025-03-17,complete,Traditional Medicare,Infusion,2026-08-31 12:00:00,2026-08-31 18:00:00
ROW0005897,REF005897,ACC047,S07,INT07,2025-08-07,VISIT COMPLETE,Traditional Medicare,Infusion,2026-08-31 12:00:00,2026-08-31 18:00:00
ROW0003756,REF003756,ACC089,S05,INT05,2026-06-13,completed,Commercial,Injection,2026-08-31 12:00:00,2026-08-31 18:00:00
ROW0005238,REF005238,ACC070,S04,INT04,2025-09-17,completed,Commercial,Infusion,2026-08-31 12:00:00,2026-08-31 18:00:00
ROW0000171,REF000171,ACC111,S08,INT08,2026-08-11, SCHED ,Traditional Medicare,Infusion,2026-08-31 12:00:00,2026-08-31 18:00:00
ROW0002089,REF002089,ACC118,S08,INT08,2025-08-28,VISIT COMPLETE,Medicare Advantage,Infusion,2026-08-31 12:00:00,2026-08-31 18:00:00
ROW0001038,REF001038,ACC031,S02,INT02,2025-10-14,VISIT COMPLETE,Commercial,Infusion,2026-08-31 12:00:00,2026-08-31 18:00:00
ROW0001659,REF001659,ACC102,S06,INT06,2025-01-11,CLOSED - NO VISIT,Commercial,Infusion,2026-08-31 12:00:00,2026-08-31 18:00:00
ROW0004872,REF004872,ACC086,S05,INT05,2025-06-18,VISIT COMPLETE,Medicaid,Infusion,2026-08-31 12:00:00,2026-08-31 18:00:00
ROW0004805,REF004805,ACC024,S02,INT02,2026-04-13,completed,Commercial,Injection,2026-08-31 12:00:00,2026-08-31 18:00:00
ROW0003486,REF003486,ACC067,S04,INT04,2026-05-20,in progress?,Commercial,Injection,2026-08-31 12:00:00,2026-08-31 18:00:00
ROW0005176,REF005176,ACC096,S05,INT05,2026-03-09,complete,Commercial,Infusion,2026-08-31 12:00:00,2026-08-31 18:00:00
ROW0003346,REF003346,ACC010,S01,INT01,2026-04-02,VISIT COMPLETE,Commercial,Infusion,2026-08-31 12:00:00,2026-08-31 18:00:00
ROW0002863,REF002863,ACC119,S06,INT06,2025-09-17,complete,Medicare Advantage,Infusion,2026-08-31 12:00:00,2026-08-31 18:00:00
ROW0002441,REF002441,ACC050,S03,INT03,2025-10-13,completed,Medicare Advantage,Injection,2026-08-31 12:00:00,2026-08-31 18:00:00
ROW0003165,REF003165,ACC090,S05,INT05,2026-02-12,complete,Commercial,Infusion,2026-08-31 12:00:00,2026-08-31 18:00:00
ROW0004953,REF004953,ACC018,S01,INT01,2026-01-26,VISIT COMPLETE,Other,Infusion,2026-08-31 12:00:00,2026-08-31 18:00:00
ROW0004713,REF004713,ACC054,S07,INT07,2026-06-12,cancelled,Commercial,Injection,2026-08-31 12:00:00,2026-08-31 18:00:00
ROW0002659,REF002659,ACC057,S07,INT07,2025-06-11,completed,Traditional Medicare,Infusion,2026-08-31 12:00:00,2026-08-31 18:00:00
ROW0004432,REF004432,ACC092,S05,INT05,2025-06-06,closed,Commercial,Injection,2026-08-31 12:00:00,2026-08-31 18:00:00
ROW0004445,REF004445,ACC110,S06,INT06,2026-02-23,VISIT COMPLETE,Commercial,Injection,2026-08-31 12:00:00,2026-08-31 18:00:00
ROW0003141,REF003141,ACC073,S04,INT04,2025-12-31,VISIT COMPLETE,Commercial,Infusion,2026-08-31 12:00:00,2026-08-31 18:00:00
ROW0005702,REF005702,ACC080,S04,INT04,2025-01-16,completed,Traditional Medicare,Injection,2026-08-31 12:00:00,2026-08-31 18:00:00
ROW0005227,REF005227,ACC027,S02,INT02,2026-04-28,completed,Commercial,Infusion,2026-08-31 12:00:00,2026-08-31 18:00:00
ROW0003704,REF003704,ACC065,S04,INT04,2026-08-17,in_review,Medicaid,Infusion,2026-08-31 12:00:00,2026-08-31 18:00:00
ROW0002705,REF002705,ACC017,S01,INT01,2025-01-04,completed,Traditional Medicare,Infusion,2026-08-31 12:00:00,2026-08-31 18:00:00
ROW0001829,REF001829,ACC004,S01,INT01,2025-10-17,completed,Commercial,Other outpatient,2026-08-31 12:00:00,2026-08-31 18:00:00
ROW0005881,REF005881,ACC006,S01,INT01,2026-02-20,VISIT COMPLETE,Traditional Medicare,Infusion,2026-08-31 12:00:00,2026-08-31 18:00:00
ROW0001265,REF001265,ACC032,S02,INT02,2026-07-23,VISIT COMPLETE,Commercial,Injection,2026-08-31 12:00:00,2026-08-31 18:00:00
ROW0004594,REF004594,ACC049,S03,INT03,2025-10-18,complete,Medicare Advantage,Injection,2026-08-31 12:00:00,2026-08-31 18:00:00
ROW0004979,REF004979,ACC116,S08,INT08,2026-05-15,VISIT COMPLETE,Medicare Advantage,Injection,2026-08-31 12:00:00,2026-08-31 18:00:00
ROW0000769,REF000769,ACC077,S04,INT04,2025-06-27,VISIT COMPLETE,Medicaid,Infusion,2026-08-31 12:00:00,2026-08-31 18:00:00
ROW0005115,REF005115,ACC113,S06,INT06,2025-03-30,complete,Traditional Medicare,Infusion,2026-08-31 12:00:00,2026-08-31 18:00:00
ROW0002783,REF002783,ACC021,S02,INT02,2025-05-28,In Review,Commercial,Infusion,2026-08-31 12:00:00,2026-08-31 18:00:00
ROW0000926,REF000926,ACC085,S05,INT05,2025-09-11,cancelled,Commercial,Other outpatient,2026-08-31 12:00:00,2026-08-31 18:00:00
ROW0000222,REF000222,ACC015,S01,INT01,2025-10-06,closed,Medicare Advantage,Injection,2026-08-31 12:00:00,2026-08-31 18:00:00
ROW0000610,REF000610,ACC040,S02,INT02,2026-03-19,complete,Medicaid,Infusion,2026-08-31 12:00:00,2026-08-31 18:00:00
ROW0000136,REF000136,ACC077,S04,INT04,2025-08-30,CLOSED - NO VISIT,Commercial,Infusion,2026-08-31 12:00:00,2026-08-31 18:00:00
ROW0000702,REF000702,ACC018,S01,INT01,2025-12-24,VISIT COMPLETE,Other,Infusion,2026-08-31 12:00:00,2026-08-31 18:00:00
ROW0005910,REF005910,ACC096,S05,INT05,2025-10-23,completed,Commercial,Infusion,2026-08-31 12:00:00,2026-08-31 18:00:00
ROW0001948,REF001948,ACC116,S08,INT08,2025-01-12,complete,Medicaid,Infusion,2026-08-31 12:00:00,2026-08-31 18:00:00
ROW0003329,REF003329,ACC018,S01,INT01,2025-11-22,VISIT COMPLETE,Commercial,Infusion,2026-08-31 12:00:00,2026-08-31 18:00:00
ROW0005943,REF005943,ACC117,S06,INT06,2025-10-23,closed,Medicaid,Injection,2026-08-31 12:00:00,2026-08-31 18:00:00
ROW0002108,REF002108,ACC103,S06,INT06,2025-04-26,completed,Traditional Medicare,Injection,2026-08-31 12:00:00,2026-08-31 18:00:00
ROW0005336,REF005336,ACC111,S08,INT08,2026-03-21,complete,Commercial,Injection,2026-08-31 12:00:00,2026-08-31 18:00:00
ROW0006218,REF005613,ACC059,S07,INT07,2025-04-21,VISIT COMPLETE,Traditional Medicare,Injection,2026-08-31 12:00:00,2026-08-31 19:00:00
ROW0002798,REF002798,ACC077,S04,INT04,2026-07-30,closed,Traditional Medicare,Injection,2026-08-31 12:00:00,2026-08-31 18:00:00
ROW0004191,REF004191,ACC002,S01,INT01,2026-07-08,Ready_to_Schedule,Medicare Advantage,Infusion,2026-08-31 12:00:00,2026-08-31 18:00:00
ROW0005405,REF005405,ACC099,S05,INT05,2025-11-27,VISIT COMPLETE,Other,Infusion,2026-08-31 12:00:00,2026-08-31 18:00:00
ROW0002460,REF002460,ACC006,S01,INT01,2026-07-11,completed,Medicare Advantage,Injection,2026-08-31 12:00:00,2026-08-31 18:00:00
ROW0006210,REF003273,ACC102,S08,INT08,2025-01-10,complete,Traditional Medicare,Infusion,2026-08-31 12:00:00,2026-08-31 19:00:00
ROW0002385,REF002385,ACC063,S04,INT04,2025-06-20,completed,Commercial,Injection,2026-08-31 12:00:00,2026-08-31 18:00:00
ROW0002919,REF002919,ACC047,S07,INT07,2025-10-06,complete,Commercial,Infusion,2026-08-31 12:00:00,2026-08-31 18:00:00
ROW0001352,REF001352,ACC037,S02,INT02,2025-12-24,VISIT COMPLETE,Medicaid,Injection,2026-08-31 12:00:00,2026-08-31 18:00:00
ROW0001820,REF001820,ACC008,S01,INT01,2026-01-03,VISIT COMPLETE,Traditional Medicare,Infusion,2026-08-31 12:00:00,2026-08-31 18:00:00
ROW0006061,REF002505,ACC110,S06,,2025-09-25,CLOSED - NO VISIT,Medicare Advantage,Infusion,2026-08-31 12:00:00,2026-08-31 19:00:00
ROW0001014,REF001014,ACC056,S07,INT07,2025-04-06,completed,Commercial,Infusion,2026-08-31 12:00:00,2026-08-31 18:00:00
ROW0000848,REF000848,ACC079,S04,INT04,2025-10-26,completed,Commercial,Injection,2026-08-31 12:00:00,2026-08-31 18:00:00
ROW0003970,REF003970,ACC049,S03,INT03,2025-10-27,VISIT COMPLETE,Commercial,Injection,2026-08-31 12:00:00,2026-08-31 18:00:00
ROW0000564,REF000564,ACC014,S01,INT01,2026-03-26,complete,Commercial,Injection,2026-08-31 12:00:00,2026-08-31 18:00:00
ROW0003332,REF003332,ACC025,S02,INT02,2026-04-12,completed,Commercial,Infusion,2026-08-31 12:00:00,2026-08-31 18:00:00
ROW0003741,REF003741,ACC065,S04,INT04,2025-01-08,completed,Traditional Medicare,Infusion,2026-08-31 12:00:00,2026-08-31 18:00:00
ROW0001814,REF001814,ACC106,S06,INT06,2026-01-13,cancelled,Commercial,Injection,2026-08-31 12:00:00,2026-08-31 18:00:00
ROW0000166,REF000166,ACC025,S02,INT02,2026-08-04,Ready_to_Schedule,Medicare Advantage,Infusion,2026-08-31 12:00:00,2026-08-31 18:00:00
ROW0002843,REF002843,ACC013,S01,INT01,2025-02-04,in_review,Medicare Advantage,Infusion,2026-08-31 12:00:00,2026-08-31 18:00:00
ROW0005526,REF005526,ACC067,S04,INT04,2025-10-19,complete,Traditional Medicare,Infusion,2026-08-31 12:00:00,2026-08-31 18:00:00
ROW0000944,REF000944,ACC095,S05,INT05,2025-12-01,completed,Traditional Medicare,Other outpatient,2026-08-31 12:00:00,2026-08-31 18:00:00
ROW0006128,REF004143,ACC005,S01,INT01,2025-05-04,closed,Traditional Medicare,Infusion,2026-08-31 12:00:00,2026-08-31 19:00:00
ROW0005035,REF005035,ACC090,S05,INT05,2026-02-27,complete,Commercial,Infusion,2026-08-31 12:00:00,2026-08-31 18:00:00
ROW0004779,REF004779,ACC113,S08,INT08,2025-03-31,complete,Commercial,Infusion,2026-08-31 12:00:00,2026-08-31 18:00:00
ROW0002098,REF002098,ACC076,S04,INT04,2025-04-30,complete,Commercial,Infusion,2026-08-31 12:00:00,2026-08-31 18:00:00
ROW0004857,REF004857,ACC032,S02,INT02,2025-03-11,in_review,Commercial,Other outpatient,2026-08-31 12:00:00,2026-08-31 18:00:00
ROW0000685,REF000685,ACC015,S01,INT01,2025-12-23,VISIT COMPLETE,Commercial,Infusion,2026-08-31 12:00:00,2026-08-31 18:00:00
ROW0000847,REF000847,ACC042,S07,INT07,2026-06-06,completed,Medicare Advantage,Infusion,2026-08-31 12:00:00,2026-08-31 18:00:00
ROW0001018,REF001018,ACC028,S02,INT02,2026-05-11,VISIT COMPLETE,Commercial,Injection,2026-08-31 12:00:00,2026-08-31 18:00:00
ROW0003852,REF003852,ACC084,S05,INT05,2025-10-28,completed,Traditional Medicare,Infusion,2026-08-31 12:00:00,2026-08-31 18:00:00
ROW0003449,REF003449,ACC033,S02,INT02,2025-02-16,VISIT COMPLETE,Medicare Advantage,Infusion,2026-08-31 12:00:00,2026-08-31 18:00:00
ROW0000287,REF000287,ACC094,S05,INT05,2025-05-03,VISIT COMPLETE,Medicare Advantage,Other outpatient,2026-08-31 12:00:00,2026-08-31 18:00:00
ROW0002665,REF002665,ACC075,S04,INT04,2025-10-16,complete,Medicare Advantage,Infusion,2026-08-31 12:00:00,2026-08-31 18:00:00
ROW0002622,REF002622,ACC116,S08,INT08,2025-01-07, NEW ,Medicare Advantage,Infusion,2026-08-31 12:00:00,2026-08-31 18:00:00
ROW0002330,REF002330,ACC065,S04,INT04,2026-07-09,in_review,Commercial,Other outpatient,2026-08-31 12:00:00,2026-08-31 18:00:00
ROW0003728,REF003728,ACC095,S05,INT05,2025-07-13,completed,Commercial,Injection,2026-08-31 12:00:00,2026-08-31 18:00:00
ROW0005687,REF005687,ACC116,S06,INT06,2026-02-03,VISIT COMPLETE,Medicare Advantage,Infusion,2026-08-31 12:00:00,2026-08-31 18:00:00
ROW0005893,REF005893,ACC028,S02,INT02,2025-04-17,CLOSED - NO VISIT,Medicare Advantage,Infusion,2026-08-31 12:00:00,2026-08-31 18:00:00
ROW0003097,REF003097,ACC049,S07,INT07,2025-03-18,complete,Medicare Advantage,Other outpatient,2026-08-31 12:00:00,2026-08-31 18:00:00
ROW0004811,REF004811,ACC016,S01,INT01,2025-05-26,closed,Commercial,Injection,2026-08-31 12:00:00,2026-08-31 18:00:00
ROW0005377,REF005377,ACC055,S03,INT03,2025-08-14,completed,Commercial,Infusion,2026-08-31 12:00:00,2026-08-31 18:00:00
ROW0002598,REF002598,ACC036,S02,INT02,2025-09-29,completed,Commercial,Infusion,2026-08-31 12:00:00,2026-08-31 18:00:00
ROW0002993,REF002993,ACC062,S04,INT04,2026-01-28,completed,Traditional Medicare,Other outpatient,2026-08-31 12:00:00,2026-08-31 18:00:00
ROW0000484,REF000484,ACC084,S05,INT05,2026-08-11,ready to schedule,Commercial,Infusion,2026-08-31 12:00:00,2026-08-31 18:00:00
ROW0005781,REF005781,ACC006,S01,INT01,2025-07-19,complete,Commercial,Other outpatient,2026-08-31 12:00:00,2026-08-31 18:00:00
ROW0003735,REF003735,ACC044,S03,INT03,2025-03-06,complete,Traditional Medicare,Infusion,2026-08-31 12:00:00,2026-08-31 18:00:00
ROW0002634,REF002634,ACC010,S01,INT01,2025-06-04,completed,Medicare Advantage,Infusion,2026-08-31 12:00:00,2026-08-31 18:00:00
ROW0004200,REF004200,ACC093,S05,INT05,2026-06-30,ready to schedule,Commercial,Injection,2026-08-31 12:00:00,2026-08-31 18:00:00
ROW0004548,REF004548,ACC046,S03,INT03,2026-02-15,completed,Medicare Advantage,Injection,2026-08-31 12:00:00,2026-08-31 18:00:00
ROW0001952,REF001952,ACC102,S08,INT08,2026-05-24,completed,Commercial,Infusion,2026-08-31 12:00:00,2026-08-31 18:00:00
ROW0004944,REF004944,ACC079,S04,INT04,2025-03-19,VISIT COMPLETE,Commercial,Other outpatient,2026-08-31 12:00:00,2026-08-31 18:00:00
ROW0004408,REF004408,ACC005,S01,INT01,2025-05-23,VISIT COMPLETE,Commercial,Injection,2026-08-31 12:00:00,2026-08-31 18:00:00
ROW0004526,REF004526,ACC063,S04,INT04,2026-05-25,VISIT COMPLETE,Commercial,Infusion,2026-08-31 12:00:00,2026-08-31 18:00:00
ROW0005026,REF005026,ACC119,S06,INT06,2026-07-19,complete,Commercial,Other outpatient,2026-08-31 12:00:00,2026-08-31 18:00:00
ROW0003199,REF003199,ACC086,S05,INT05,2025-08-14,received,Commercial,Infusion,2026-08-31 12:00:00,2026-08-31 18:00:00
ROW0005472,REF005472,ACC089,S05,INT05,2025-01-08,closed,Commercial,Infusion,2026-08-31 12:00:00,2026-08-31 18:00:00
ROW0003773,REF003773,ACC038,S02,INT02,2026-03-15,completed,Medicare Advantage,Infusion,2026-08-31 12:00:00,2026-08-31 18:00:00
ROW0004595,REF004595,ACC012,S01,INT01,2026-08-10, SCHED ,Other,Infusion,2026-08-31 12:00:00,2026-08-31 18:00:00
ROW0002463,REF002463,ACC042,S03,INT03,2025-06-24,completed,Traditional Medicare,Infusion,2026-08-31 12:00:00,2026-08-31 18:00:00
ROW0003090,REF003090,ACC065,S04,INT04,2025-10-30,VISIT COMPLETE,Traditional Medicare,Injection,2026-08-31 12:00:00,2026-08-31 18:00:00
ROW0003551,REF003551,ACC118,S08,INT08,2025-05-26,VISIT COMPLETE,Medicare Advantage,Injection,2026-08-31 12:00:00,2026-08-31 18:00:00
ROW0006110,REF005956,ACC054,S03,INT03,2026-01-28,complete,Commercial,Infusion,2026-08-31 12:00:00,2026-08-31 19:00:00
ROW0005653,REF005653,ACC031,S02,INT02,2025-12-19,completed,Medicare Advantage,Infusion,2026-08-31 12:00:00,2026-08-31 18:00:00
ROW0005649,REF005649,ACC025,S02,INT02,2025-07-16,completed,Commercial,Infusion,2026-08-31 12:00:00,2026-08-31 18:00:00
ROW0006094,REF004893,ACC012,S01,INT01,2025-12-17,cancelled,Commercial,Other outpatient,2026-08-31 12:00:00,2026-08-31 19:00:00
ROW0000468,REF000468,ACC077,S04,INT04,2025-06-12,complete,Commercial,Infusion,2026-08-31 12:00:00,2026-08-31 18:00:00
ROW0001368,REF001368,ACC063,S04,INT04,2026-05-23,completed,Medicare Advantage,Infusion,2026-08-31 12:00:00,2026-08-31 18:00:00
ROW0004137,REF004137,ACC032,S02,INT02,2026-02-01,completed,Commercial,Infusion,2026-08-31 12:00:00,2026-08-31 18:00:00
ROW0002777,REF002777,ACC085,S05,INT05,2025-12-07,VISIT COMPLETE,Other,Infusion,2026-08-31 12:00:00,2026-08-31 18:00:00
ROW0001592,REF001592,ACC002,S01,INT01,2025-01-01,completed,Medicaid,Infusion,2026-08-31 12:00:00,2026-08-31 18:00:00
ROW0006274,REF001329,ACC096,S05,INT05,2026-04-16,complete,Commercial,Infusion,2026-08-31 12:00:00,2026-08-31 19:00:00
ROW0004154,REF004154,ACC049,S03,INT03,2026-04-26,complete,Medicare Advantage,Infusion,2026-08-31 12:00:00,2026-08-31 18:00:00
ROW0004916,REF004916,ACC010,S01,INT01,2026-07-12,completed,Medicare Advantage,Infusion,2026-08-31 12:00:00,2026-08-31 18:00:00
ROW0005510,REF005510,ACC031,S02,INT02,2025-02-26,completed,Medicaid,Infusion,2026-08-31 12:00:00,2026-08-31 18:00:00
ROW0003463,REF003463,ACC052,S03,INT03,2026-08-18,In Review,Commercial,Infusion,2026-08-31 12:00:00,2026-08-31 18:00:00
ROW0006137,REF004360,ACC061,S04,INT04,2025-10-30,VISIT COMPLETE,Traditional Medicare,Injection,2026-08-31 12:00:00,2026-08-31 19:00:00
ROW0004310,REF004310,ACC022,S02,INT02,2025-06-19,completed,Commercial,Injection,2026-08-31 12:00:00,2026-08-31 18:00:00
ROW0005628,REF005628,ACC037,S02,INT02,2025-11-19,complete,Medicare Advantage,Other outpatient,2026-08-31 12:00:00,2026-08-31 18:00:00
ROW0001525,REF001525,ACC066,S04,INT04,2026-07-16,VISIT COMPLETE,Traditional Medicare,Infusion,2026-08-31 12:00:00,2026-08-31 18:00:00
ROW0005764,REF005764,ACC028,S02,INT02,2026-08-06,completed,Medicare Advantage,Infusion,2026-08-31 12:00:00,2026-08-31 18:00:00
ROW0003303,REF003303,ACC075,S04,INT04,2025-07-27,VISIT COMPLETE,Medicare Advantage,Injection,2026-08-31 12:00:00,2026-08-31 18:00:00
ROW0005066,REF005066,ACC018,S01,INT01,2025-01-17,complete,Traditional Medicare,Injection,2026-08-31 12:00:00,2026-08-31 18:00:00
ROW0003957,REF003957,ACC082,S05,INT05,2025-08-01,closed,Commercial,Infusion,2026-08-31 12:00:00,2026-08-31 18:00:00
ROW0002588,REF002588,ACC040,S02,,2026-06-30,VISIT COMPLETE,Medicare Advantage,Injection,2026-08-31 12:00:00,2026-08-31 18:00:00
ROW0001471,REF001471,ACC034,S02,INT02,2025-11-11,CLOSED - NO VISIT,Traditional Medicare,Injection,2026-08-31 12:00:00,2026-08-31 18:00:00
ROW0003244,REF003244,ACC033,S02,INT02,2026-03-25,complete,Commercial,Injection,2026-08-31 12:00:00,2026-08-31 18:00:00
ROW0001370,REF001370,ACC042,S07,INT07,2026-03-01,Ready_to_Schedule,Traditional Medicare,Infusion,2026-08-31 12:00:00,2026-08-31 18:00:00
ROW0001869,REF001869,ACC073,S04,INT04,2025-03-25,VISIT COMPLETE,Commercial,Infusion,2026-08-31 12:00:00,2026-08-31 18:00:00
ROW0005812,REF005812,ACC014,S01,INT01,2025-10-14,completed,Commercial,Infusion,2026-08-31 12:00:00,2026-08-31 18:00:00
ROW0005235,REF005235,ACC057,S07,INT07,2025-12-03,VISIT COMPLETE,Traditional Medicare,Injection,2026-08-31 12:00:00,2026-08-31 18:00:00
ROW0005872,REF005872,ACC045,S07,INT07,2026-07-08,complete,Traditional Medicare,Other outpatient,2026-08-31 12:00:00,2026-08-31 18:00:00
ROW0005798,REF005798,ACC002,S01,INT01,2026-04-19,completed,Commercial,Infusion,2026-08-31 12:00:00,2026-08-31 18:00:00
ROW0000348,REF000348,ACC048,S07,INT07,2026-06-19,Received,Commercial,Infusion,2026-08-31 12:00:00,2026-08-31 18:00:00
ROW0003327,REF003327,ACC025,S02,INT02,2025-04-24,VISIT COMPLETE,Medicare Advantage,Infusion,2026-08-31 12:00:00,2026-08-31 18:00:00
ROW0001518,REF001518,ACC086,S05,INT05,2025-06-07,completed,Medicare Advantage,Injection,2026-08-31 12:00:00,2026-08-31 18:00:00
ROW0005043,REF005043,ACC065,S04,INT04,2026-04-29,complete,Traditional Medicare,Injection,2026-08-31 12:00:00,2026-08-31 18:00:00
ROW0000012,REF000012,ACC110,S08,INT08,2026-03-09,cancelled,Commercial,Injection,2026-08-31 12:00:00,2026-08-31 18:00:00
ROW0004698,REF004698,ACC067,S04,INT04,2026-05-13,VISIT COMPLETE,Commercial,Injection,2026-08-31 12:00:00,2026-08-31 18:00:00
ROW0001326,REF001326,ACC060,S07,INT07,2026-06-05,VISIT COMPLETE,Traditional Medicare,Other outpatient,2026-08-31 12:00:00,2026-08-31 18:00:00
ROW0005572,REF005572,ACC010,S01,INT01,2025-12-13,complete,Medicaid,Infusion,2026-08-31 12:00:00,2026-08-31 18:00:00
ROW0003426,REF003426,ACC007,S01,INT01,2025-04-30,complete,Commercial,Infusion,2026-08-31 12:00:00,2026-08-31 18:00:00
ROW0005969,REF005969,ACC032,S02,INT02,2026-02-09,VISIT COMPLETE,Other,Other outpatient,2026-08-31 12:00:00,2026-08-31 18:00:00
ROW0002169,REF002169,ACC059,S07,INT07,2026-07-12,closed,Medicare Advantage,Injection,2026-08-31 12:00:00,2026-08-31 18:00:00
ROW0000293,REF000293,ACC083,S05,INT05,2025-06-08,completed,Commercial,Infusion,2026-08-31 12:00:00,2026-08-31 18:00:00
ROW0002225,REF002225,ACC008,S01,INT01,2025-08-17,VISIT COMPLETE,Medicare Advantage,Infusion,2026-08-31 12:00:00,2026-08-31 18:00:00
ROW0002120,REF002120,ACC006,S01,INT01,2025-07-28,in_review,Medicaid,Infusion,2026-08-31 12:00:00,2026-08-31 18:00:00
ROW0005099,REF005099,ACC014,S01,INT01,2026-06-08,complete,Commercial,Infusion,2026-08-31 12:00:00,2026-08-31 18:00:00
ROW0002957,REF002957,ACC059,S07,INT07,2025-10-19,completed,Commercial,Injection,2026-08-31 12:00:00,2026-08-31 18:00:00
ROW0003265,REF003265,ACC023,S02,,2026-04-10,completed,Commercial,Infusion,2026-08-31 12:00:00,2026-08-31 18:00:00
ROW0004624,REF004624,ACC018,S01,INT01,2025-10-02,completed,Traditional Medicare,Infusion,2026-08-31 12:00:00,2026-08-31 18:00:00
ROW0005842,REF005842,ACC036,S02,,2026-03-25,completed,Traditional Medicare,Injection,2026-08-31 12:00:00,2026-08-31 18:00:00
ROW0004201,REF004201,ACC093,S05,INT05,2026-03-07,completed,Commercial,Infusion,2026-08-31 12:00:00,2026-08-31 18:00:00
ROW0005906,REF005906,ACC013,S01,INT01,2025-11-02,complete,Medicare Advantage,Infusion,2026-08-31 12:00:00,2026-08-31 18:00:00
ROW0002834,REF002834,ACC095,S05,INT05,2025-06-12,complete,Traditional Medicare,Infusion,2026-08-31 12:00:00,2026-08-31 18:00:00
ROW0000628,REF000628,ACC050,S07,INT07,2026-04-09, NEW ,Commercial,Other outpatient,2026-08-31 12:00:00,2026-08-31 18:00:00
ROW0004700,REF004700,ACC098,S05,INT05,2026-03-06,completed,Medicaid,Infusion,2026-08-31 12:00:00,2026-08-31 18:00:00
ROW0004416,REF004416,ACC091,S05,INT05,2025-01-08,complete,Commercial,Infusion,2026-08-31 12:00:00,2026-08-31 18:00:00
ROW0005956,REF005956,ACC054,S03,INT03,2026-01-28,complete,Commercial,Infusion,2026-08-31 12:00:00,2026-08-31 18:00:00
ROW0002822,REF002822,ACC031,S02,INT02,2025-07-07,complete,Medicare Advantage,Injection,2026-08-31 12:00:00,2026-08-31 18:00:00
ROW0002397,REF002397,ACC051,S07,INT07,2026-03-19,VISIT COMPLETE,Traditional Medicare,Infusion,2026-08-31 12:00:00,2026-08-31 18:00:00
ROW0005637,REF005637,ACC103,S08,INT08,2025-03-27,In Review,Medicare Advantage,Infusion,2026-08-31 12:00:00,2026-08-31 18:00:00
ROW0006085,REF005635,ACC031,S02,INT02,2026-08-22,ready to schedule,Commercial,Injection,2026-08-31 12:00:00,2026-08-31 19:00:00
ROW0004518,REF004518,ACC110,S08,INT08,2026-03-27,ready,Traditional Medicare,Infusion,2026-08-31 12:00:00,2026-08-31 18:00:00
ROW0006050,REF005766,ACC110,S06,INT06,2025-01-08,VISIT COMPLETE,Traditional Medicare,Infusion,2026-08-31 12:00:00,2026-08-31 19:00:00
ROW0002236,REF002236,ACC054,S07,INT07,2025-01-05,VISIT COMPLETE,Medicaid,Other outpatient,2026-08-31 12:00:00,2026-08-31 18:00:00
ROW0000472,REF000472,ACC111,S06,INT06,2025-08-31,completed,Medicaid,Infusion,2026-08-31 12:00:00,2026-08-31 18:00:00
ROW0004286,REF004286,ACC049,S03,INT03,2025-02-02,CLOSED - NO VISIT,Medicare Advantage,Infusion,2026-08-31 12:00:00,2026-08-31 18:00:00
ROW0002897,REF002897,ACC033,S02,INT02,2025-03-16,complete,Commercial,Infusion,2026-08-31 12:00:00,2026-08-31 18:00:00
ROW0004164,REF004164,ACC017,S01,INT01,2026-02-12,Received,Traditional Medicare,Injection,2026-08-31 12:00:00,2026-08-31 18:00:00
ROW0001093,REF001093,ACC038,S02,INT02,2025-08-14,completed,Traditional Medicare,Infusion,2026-08-31 12:00:00,2026-08-31 18:00:00
ROW0004912,REF004912,ACC076,S04,INT04,2025-09-27,completed,Commercial,Injection,2026-08-31 12:00:00,2026-08-31 18:00:00
ROW0003330,REF003330,ACC086,S05,INT05,2026-06-28,completed,Medicare Advantage,Infusion,2026-08-31 12:00:00,2026-08-31 18:00:00
ROW0001626,REF001626,ACC011,S01,INT01,2026-06-10,review,Medicare Advantage,Infusion,2026-08-31 12:00:00,2026-08-31 18:00:00
ROW0003721,REF003721,ACC093,S05,INT05,2025-04-18,completed,Traditional Medicare,Injection,2026-08-31 12:00:00,2026-08-31 18:00:00
ROW0000214,REF000214,ACC008,S01,INT01,2025-02-06,CLOSED - NO VISIT,Commercial,Injection,2026-08-31 12:00:00,2026-08-31 18:00:00
ROW0004437,REF004437,ACC089,S05,INT05,2026-03-19,complete,Commercial,Infusion,2026-08-31 12:00:00,2026-08-31 18:00:00
ROW0004841,REF004841,ACC016,S01,INT01,2025-05-12,complete,Traditional Medicare,Infusion,2026-08-31 12:00:00,2026-08-31 18:00:00
ROW0000106,REF000106,ACC048,S03,INT03,2025-04-30,cancelled,Commercial,Infusion,2026-08-31 12:00:00,2026-08-31 18:00:00
ROW0003452,REF003452,ACC053,S07,INT07,2025-11-01,completed,Commercial,Infusion,2026-08-31 12:00:00,2026-08-31 18:00:00
ROW0004466,REF004466,ACC111,S08,INT08,2025-05-20,CLOSED - NO VISIT,Medicaid,Infusion,2026-08-31 12:00:00,2026-08-31 18:00:00
ROW0005326,REF005326,ACC056,S03,INT03,2025-11-15,VISIT COMPLETE,Medicare Advantage,Injection,2026-08-31 12:00:00,2026-08-31 18:00:00
ROW0001229,REF001229,ACC101,S08,INT08,2026-03-06,completed,Medicare Advantage,Infusion,2026-08-31 12:00:00,2026-08-31 18:00:00
ROW0000557,REF000557,ACC102,S06,INT06,2025-01-26,VISIT COMPLETE,Commercial,Infusion,2026-08-31 12:00:00,2026-08-31 18:00:00
ROW0003754,REF003754,ACC001,S01,INT01,2025-09-26,In Review,Commercial,Infusion,2026-08-31 12:00:00,2026-08-31 18:00:00
ROW0003351,REF003351,ACC057,S07,INT07,2025-02-22,complete,Commercial,Infusion,2026-08-31 12:00:00,2026-08-31 18:00:00
ROW0003117,REF003117,ACC113,S06,INT06,2025-07-31,VISIT COMPLETE,Traditional Medicare,Infusion,2026-08-31 12:00:00,2026-08-31 18:00:00
ROW0004453,REF004453,ACC041,S07,INT07,2026-08-15,ready to schedule,Commercial,Other outpatient,2026-08-31 12:00:00,2026-08-31 18:00:00
ROW0002979,REF002979,ACC050,S03,INT03,2025-03-20,Ready_to_Schedule,Medicare Advantage,Infusion,2026-08-31 12:00:00,2026-08-31 18:00:00
ROW0001104,REF001104,ACC083,S05,INT05,2025-06-11,complete,Medicare Advantage,Injection,2026-08-31 12:00:00,2026-08-31 18:00:00
ROW0002081,REF002081,ACC107,S08,INT08,2026-03-29,completed,Medicare Advantage,Infusion,2026-08-31 12:00:00,2026-08-31 18:00:00
ROW0003661,REF003661,ACC100,S05,INT05,2025-12-23,completed,Medicare Advantage,Infusion,2026-08-31 12:00:00,2026-08-31 18:00:00
ROW0001345,REF001345,ACC071,S04,INT04,2026-02-13,cancelled,Traditional Medicare,Infusion,2026-08-31 12:00:00,2026-08-31 18:00:00
ROW0002479,REF002479,ACC029,S02,INT02,2026-06-13,complete,Commercial,Infusion,2026-08-31 12:00:00,2026-08-31 18:00:00
ROW0003836,REF003836,ACC044,S07,INT07,2025-06-20,VISIT COMPLETE,Commercial,Infusion,2026-08-31 12:00:00,2026-08-31 18:00:00
ROW0004683,REF004683,ACC120,S08,INT08,2026-02-26,completed,Medicare Advantage,Infusion,2026-08-31 12:00:00,2026-08-31 18:00:00
ROW0005333,REF005333,ACC047,S07,INT07,2025-09-10,completed,Commercial,Infusion,2026-08-31 12:00:00,2026-08-31 18:00:00
ROW0004487,REF004487,ACC028,S02,INT02,2025-03-02,ready to schedule,Medicare Advantage,Infusion,2026-08-31 12:00:00,2026-08-31 18:00:00
ROW0004250,REF004250,ACC002,S01,INT01,2026-08-08, SCHED ,Commercial,Infusion,2026-08-31 12:00:00,2026-08-31 18:00:00
ROW0001928,REF001928,ACC053,S07,INT07,2025-01-07,cancelled,Commercial,Infusion,2026-08-31 12:00:00,2026-08-31 18:00:00
ROW0000414,REF000414,ACC096,S05,INT05,2025-03-14,completed,Commercial,Infusion,2026-08-31 12:00:00,2026-08-31 18:00:00
ROW0004037,REF004037,ACC015,S01,INT01,2026-08-14,Ready_to_Schedule,Medicare Advantage,Injection,2026-08-31 12:00:00,2026-08-31 18:00:00
ROW0003580,REF003580,ACC018,S01,INT01,2026-02-27,complete,Commercial,Other outpatient,2026-08-31 12:00:00,2026-08-31 18:00:00
ROW0001041,REF001041,ACC068,S04,INT04,2025-09-10,cancelled,Medicare Advantage,Infusion,2026-08-31 12:00:00,2026-08-31 18:00:00
ROW0002480,REF002480,ACC026,S02,INT02,2025-10-22,completed,Medicare Advantage,Infusion,2026-08-31 12:00:00,2026-08-31 18:00:00
ROW0000623,REF000623,ACC094,S05,INT05,2025-10-09,cancelled,Commercial,Injection,2026-08-31 12:00:00,2026-08-31 18:00:00
ROW0001358,REF001358,ACC073,S04,INT04,2026-04-30,complete,Commercial,Infusion,2026-08-31 12:00:00,2026-08-31 18:00:00
ROW0000454,REF000454,ACC107,S06,INT06,2026-01-07,completed,Medicaid,Infusion,2026-08-31 12:00:00,2026-08-31 18:00:00
ROW0000209,REF000209,ACC094,S05,INT05,2026-06-26,cancelled,Traditional Medicare,Injection,2026-08-31 12:00:00,2026-08-31 18:00:00
ROW0001806,REF001806,ACC024,S02,INT02,2026-08-09,booked,Commercial,Infusion,2026-08-31 12:00:00,2026-08-31 18:00:00
ROW0005783,REF005783,ACC057,S07,INT07,2026-07-29,received,Traditional Medicare,Other outpatient,2026-08-31 12:00:00,2026-08-31 18:00:00
ROW0003421,REF003421,ACC084,S05,INT05,2026-07-08,completed,Medicaid,Other outpatient,2026-08-31 12:00:00,2026-08-31 18:00:00
ROW0005747,REF005747,ACC107,S08,INT08,2026-03-09,review,Medicare Advantage,Infusion,2026-08-31 12:00:00,2026-08-31 18:00:00
ROW0004383,REF004383,ACC047,S03,INT03,2025-09-08,cancelled,Medicare Advantage,Infusion,2026-08-31 12:00:00,2026-08-31 18:00:00
ROW0003368,REF003368,ACC069,S04,INT04,2025-04-28,VISIT COMPLETE,Medicaid,Other outpatient,2026-08-31 12:00:00,2026-08-31 18:00:00
ROW0004618,REF004618,ACC107,S08,INT08,2025-12-11,VISIT COMPLETE,Medicaid,Infusion,2026-08-31 12:00:00,2026-08-31 18:00:00
ROW0003120,REF003120,ACC026,S02,INT02,2025-11-05,VISIT COMPLETE,Medicare Advantage,Infusion,2026-08-31 12:00:00,2026-08-31 18:00:00
ROW0006037,REF000022,ACC006,S01,INT01,2025-06-05,received,Medicare Advantage,Injection,2026-08-30 12:00:00,2026-08-31 19:00:00
ROW0003367,REF003367,ACC056,S03,INT03,2026-01-21,completed,Commercial,Injection,2026-08-31 12:00:00,2026-08-31 18:00:00
ROW0004321,REF004321,ACC114,S06,INT06,2025-12-24,complete,Medicare Advantage,Other outpatient,2026-08-31 12:00:00,2026-08-31 18:00:00
ROW0001381,REF001381,ACC075,S04,INT04,2025-11-03, NEW ,Medicare Advantage,Injection,2026-08-31 12:00:00,2026-08-31 18:00:00
ROW0003444,REF003444,ACC110,S08,INT08,2026-04-11,CLOSED - NO VISIT,Commercial,Injection,2026-08-31 12:00:00,2026-08-31 18:00:00
ROW0002323,REF002323,ACC103,S08,,2025-04-28,cancelled,Medicare Advantage,Injection,2026-08-31 12:00:00,2026-08-31 18:00:00
ROW0000716,REF000716,ACC012,S01,INT01,2026-06-06,completed,Medicare Advantage,Injection,2026-08-31 12:00:00,2026-08-31 18:00:00
ROW0003081,REF003081,ACC066,S04,INT04,2025-03-19,VISIT COMPLETE,Commercial,Infusion,2026-08-31 12:00:00,2026-08-31 18:00:00
ROW0003142,REF003142,ACC083,S05,INT05,2026-08-31, NEW ,Medicare Advantage,Infusion,2026-08-31 12:00:00,2026-08-31 18:00:00
ROW0002103,REF002103,ACC026,S02,INT02,2025-09-03,completed,Commercial,Other outpatient,2026-08-31 12:00:00,2026-08-31 18:00:00
ROW0003532,REF003532,ACC013,S01,INT01,2026-07-02,ready,Medicare Advantage,Infusion,2026-08-31 12:00:00,2026-08-31 18:00:00
ROW0003838,REF003838,ACC054,S03,INT03,2025-08-08,complete,Medicaid,Injection,2026-08-31 12:00:00,2026-08-31 18:00:00
ROW0001791,REF001791,ACC120,S08,INT08,2026-01-30,VISIT COMPLETE,Commercial,Other outpatient,2026-08-31 12:00:00,2026-08-31 18:00:00
ROW0004688,REF004688,ACC020,S01,INT01,2026-07-02,complete,Commercial,Injection,2026-08-31 12:00:00,2026-08-31 18:00:00
ROW0000840,REF000840,ACC075,S04,INT04,,CLOSED - NO VISIT,Traditional Medicare,Infusion,2026-08-31 12:00:00,2026-08-31 18:00:00
ROW0003215,REF003215,ACC106,S06,INT06,2026-02-05,completed,Commercial,Injection,2026-08-31 12:00:00,2026-08-31 18:00:00
ROW0000695,REF000695,ACC086,S05,INT05,2025-10-24,CLOSED - NO VISIT,Commercial,Injection,2026-08-31 12:00:00,2026-08-31 18:00:00
ROW0005243,REF005243,ACC031,S02,INT02,2025-11-30,VISIT COMPLETE,Medicaid,Infusion,2026-08-31 12:00:00,2026-08-31 18:00:00
ROW0003820,REF003820,ACC028,S02,INT02,2025-05-29,completed,Other,Injection,2026-08-31 12:00:00,2026-08-31 18:00:00
ROW0005061,REF005061,ACC042,S07,INT07,2026-04-09,completed,Other,Injection,2026-08-31 12:00:00,2026-08-31 18:00:00
ROW0002136,REF002136,ACC049,S07,INT07,2026-07-18,completed,Traditional Medicare,Infusion,2026-08-31 12:00:00,2026-08-31 18:00:00
ROW0006082,REF003862,ACC035,S02,INT02,2025-12-10,VISIT COMPLETE,Traditional Medicare,Infusion,2026-08-31 12:00:00,2026-08-31 19:00:00
ROW0002484,REF002484,ACC084,S05,INT05,2026-01-05,complete,Commercial,Infusion,2026-08-31 12:00:00,2026-08-31 18:00:00
ROW0002161,REF002161,ACC001,S01,INT01,2026-02-22,complete,Traditional Medicare,Injection,2026-08-31 12:00:00,2026-08-31 18:00:00
ROW0003564,REF003564,ACC010,S01,INT01,2026-01-07,VISIT COMPLETE,Traditional Medicare,Infusion,2026-08-31 12:00:00,2026-08-31 18:00:00
ROW0003713,REF003713,ACC047,S07,INT07,2026-07-05,completed,Commercial,Infusion,2026-08-31 12:00:00,2026-08-31 18:00:00
ROW0004550,REF004550,ACC038,S02,INT02,2025-01-04,complete,Medicare Advantage,Other outpatient,2026-08-31 12:00:00,2026-08-31 18:00:00
ROW0003472,REF003472,ACC052,S03,INT03,2025-07-13,cancelled,Commercial,Other outpatient,2026-08-31 12:00:00,2026-08-31 18:00:00
ROW0004637,REF004637,ACC010,S01,INT01,2026-06-10,complete,Traditional Medicare,Infusion,2026-08-31 12:00:00,2026-08-31 18:00:00
ROW0003617,REF003617,ACC085,S05,INT05,2026-04-26,complete,Medicaid,Infusion,2026-08-31 12:00:00,2026-08-31 18:00:00
ROW0003275,REF003275,ACC074,S04,INT04,2025-12-25,VISIT COMPLETE,Medicaid,Injection,2026-08-31 12:00:00,2026-08-31 18:00:00
ROW0002198,REF002198,ACC068,S04,INT04,2025-12-04,closed,Medicare Advantage,Injection,2026-08-31 12:00:00,2026-08-31 18:00:00
ROW0005941,REF005941,ACC120,S08,INT08,2025-08-30,complete,Other,Injection,2026-08-31 12:00:00,2026-08-31 18:00:00
ROW0001030,REF001030,ACC086,S05,INT05,2026-08-20,ready to schedule,Commercial,Infusion,2026-08-31 12:00:00,2026-08-31 18:00:00
ROW0006172,REF002584,ACC120,S06,INT06,2025-09-05,VISIT COMPLETE,Medicare Advantage,Other outpatient,2026-08-31 12:00:00,2026-08-31 19:00:00
ROW0005800,REF005800,ACC039,S02,INT02,2025-04-16,completed,Medicare Advantage,Injection,2026-08-31 12:00:00,2026-08-31 18:00:00
ROW0003843,REF003843,ACC002,S01,INT01,2025-04-28,complete,Commercial,Other outpatient,2026-08-31 12:00:00,2026-08-31 18:00:00
ROW0002253,REF002253,ACC060,S07,,2025-01-21,complete,Traditional Medicare,Injection,2026-08-31 12:00:00,2026-08-31 18:00:00
ROW0000785,REF000785,ACC043,S03,INT03,2025-07-05,complete,Commercial,Infusion,2026-08-31 12:00:00,2026-08-31 18:00:00
ROW0004061,REF004061,ACC087,S05,INT05,2026-02-17,complete,Medicare Advantage,Infusion,2026-08-31 12:00:00,2026-08-31 18:00:00
ROW0001902,REF001902,ACC111,S06,INT06,2026-06-21,completed,Commercial,Infusion,2026-08-31 12:00:00,2026-08-31 18:00:00
ROW0003600,REF003600,ACC010,S01,INT01,2026-07-14,CLOSED - NO VISIT,Commercial,Infusion,2026-08-31 12:00:00,2026-08-31 18:00:00
ROW0001202,REF001202,ACC086,S05,INT05,2026-04-07,VISIT COMPLETE,Medicare Advantage,Infusion,2026-08-31 12:00:00,2026-08-31 18:00:00
ROW0000475,REF000475,ACC038,S02,INT02,2026-05-01,complete,Medicare Advantage,Infusion,2026-08-31 12:00:00,2026-08-31 18:00:00
ROW0005635,REF005635,ACC031,S02,INT02,2026-08-22,ready to schedule,Commercial,Injection,2026-08-31 12:00:00,2026-08-31 18:00:00
ROW0004556,REF004556,ACC120,S06,INT06,2025-07-19,complete,Medicare Advantage,Injection,2026-08-31 12:00:00,2026-08-31 18:00:00
ROW0000250,REF000250,ACC010,S01,INT01,2025-02-27,VISIT COMPLETE,Medicare Advantage,Injection,2026-08-31 12:00:00,2026-08-31 18:00:00
ROW0005077,REF005077,ACC062,S04,INT04,2025-11-26,VISIT COMPLETE,Traditional Medicare,Infusion,2026-08-31 12:00:00,2026-08-31 18:00:00
ROW0003666,REF003666,ACC074,S04,INT04,2026-03-18,VISIT COMPLETE,Commercial,Infusion,2026-08-31 12:00:00,2026-08-31 18:00:00
ROW0003834,REF003834,ACC050,S07,INT07,2026-07-27,complete,Traditional Medicare,Infusion,2026-08-31 12:00:00,2026-08-31 18:00:00
ROW0001967,REF001967,ACC049,S07,INT07,2025-03-09,complete,Commercial,Other outpatient,2026-08-31 12:00:00,2026-08-31 18:00:00
ROW0004146,REF004146,ACC036,S02,INT02,2025-10-14,VISIT COMPLETE,Commercial,Infusion,2026-08-31 12:00:00,2026-08-31 18:00:00
ROW0000772,REF000772,ACC094,S05,INT05,2026-01-13,VISIT COMPLETE,Commercial,Injection,2026-08-31 12:00:00,2026-08-31 18:00:00
ROW0000403,REF000403,ACC001,S01,,2026-01-10,VISIT COMPLETE,Commercial,Injection,2026-08-31 12:00:00,2026-08-31 18:00:00
ROW0003788,REF003788,ACC100,S05,,2025-02-18,VISIT COMPLETE,Medicare Advantage,Other outpatient,2026-08-31 12:00:00,2026-08-31 18:00:00
ROW0002220,REF002220,ACC045,S07,INT07,2026-05-21,completed,Commercial,Infusion,2026-08-31 12:00:00,2026-08-31 18:00:00
ROW0005915,REF005915,ACC067,S04,INT04,2025-09-14,completed,Traditional Medicare,Infusion,2026-08-31 12:00:00,2026-08-31 18:00:00
ROW0002883,REF002883,ACC016,S01,INT01,2025-06-25,completed,Commercial,Injection,2026-08-31 12:00:00,2026-08-31 18:00:00
ROW0005465,REF005465,ACC061,S04,INT04,2025-07-09,completed,Traditional Medicare,Infusion,2026-08-31 12:00:00,2026-08-31 18:00:00
ROW0003154,REF003154,ACC033,S02,INT02,2025-09-23,completed,Medicaid,Infusion,2026-08-31 12:00:00,2026-08-31 18:00:00
ROW0005302,REF005302,ACC098,S05,INT05,2025-03-30,VISIT COMPLETE,Commercial,Other outpatient,2026-08-31 12:00:00,2026-08-31 18:00:00
ROW0000394,REF000394,ACC110,S06,INT06,2026-05-30,completed,Medicare Advantage,Infusion,2026-08-31 12:00:00,2026-08-31 18:00:00
ROW0002664,REF002664,ACC098,S05,INT05,2026-02-07,complete,Traditional Medicare,Infusion,2026-08-31 12:00:00,2026-08-31 18:00:00
ROW0003462,REF003462,ACC039,S02,INT02,2025-11-07,VISIT COMPLETE,Commercial,Infusion,2026-08-31 12:00:00,2026-08-31 18:00:00
ROW0002043,REF002043,ACC081,S05,INT05,2026-05-11,complete,Medicare Advantage,Other outpatient,2026-08-31 12:00:00,2026-08-31 18:00:00
ROW0000803,REF000803,ACC076,S04,INT04,2025-07-19,VISIT COMPLETE,Medicare Advantage,Injection,2026-08-31 12:00:00,2026-08-31 18:00:00
ROW0002569,REF002569,ACC095,S05,,2025-07-09,complete,Other,Infusion,2026-08-31 12:00:00,2026-08-31 18:00:00
ROW0006024,REF000600,ACC050,S07,INT07,2025-01-13,received,Traditional Medicare,Injection,2026-08-30 12:00:00,2026-08-31 19:00:00
ROW0002256,REF002256,ACC028,S02,INT02,2026-01-29,complete,Other,Infusion,2026-08-31 12:00:00,2026-08-31 18:00:00
ROW0000203,REF000203,ACC090,S05,INT05,2026-04-27,VISIT COMPLETE,Medicare Advantage,Infusion,2026-08-31 12:00:00,2026-08-31 18:00:00
ROW0004861,REF004861,ACC048,S07,INT07,2026-02-01,CLOSED - NO VISIT,Commercial,Infusion,2026-08-31 12:00:00,2026-08-31 18:00:00
ROW0005342,REF005342,ACC042,S03,INT03,2025-04-22,complete,Medicare Advantage,Other outpatient,2026-08-31 12:00:00,2026-08-31 18:00:00
ROW0006295,REF003681,ACC031,S02,INT02,2025-03-19,VISIT COMPLETE,Medicaid,Injection,2026-08-31 12:00:00,2026-08-31 19:00:00
ROW0002164,REF002164,ACC042,S03,INT03,2025-02-27,completed,Other,Injection,2026-08-31 12:00:00,2026-08-31 18:00:00
ROW0005147,REF005147,ACC065,S04,INT04,2025-01-08,complete,Commercial,Infusion,2026-08-31 12:00:00,2026-08-31 18:00:00
ROW0003151,REF003151,ACC010,S01,INT01,2025-04-06,cancelled,Commercial,Infusion,2026-08-31 12:00:00,2026-08-31 18:00:00
ROW0001761,REF001761,ACC042,S07,INT07,2026-07-14,completed,Medicare Advantage,Injection,2026-08-31 12:00:00,2026-08-31 18:00:00
ROW0002555,REF002555,ACC067,S04,INT04,2026-04-25, NEW ,Traditional Medicare,Infusion,2026-08-31 12:00:00,2026-08-31 18:00:00
ROW0002965,REF002965,ACC107,S08,INT08,2025-09-24,review,Commercial,Infusion,2026-08-31 12:00:00,2026-08-31 18:00:00
ROW0004842,REF004842,ACC004,S01,INT01,2025-11-21,complete,Medicare Advantage,Infusion,2026-08-31 12:00:00,2026-08-31 18:00:00
ROW0005983,REF005983,ACC040,S02,INT02,2025-01-02,In Review,Commercial,Infusion,2026-08-31 12:00:00,2026-08-31 18:00:00
ROW0005152,REF005152,ACC054,S03,INT03,2025-08-10,closed,Traditional Medicare,Infusion,2026-08-31 12:00:00,2026-08-31 18:00:00
ROW0000221,REF000221,ACC036,S02,INT02,2026-03-07,complete,Commercial,Injection,2026-08-31 12:00:00,2026-08-31 18:00:00
ROW0005564,REF005564,ACC025,S02,INT02,2026-07-07,VISIT COMPLETE,Medicare Advantage,Infusion,2026-08-31 12:00:00,2026-08-31 18:00:00
ROW0000572,REF000572,ACC072,S04,INT04,2026-03-10,Received,Commercial,Infusion,2026-08-31 12:00:00,2026-08-31 18:00:00
ROW0001364,REF001364,ACC043,S03,INT03,2026-03-11,VISIT COMPLETE,Traditional Medicare,Infusion,2026-08-31 12:00:00,2026-08-31 18:00:00
ROW0004870,REF004870,ACC089,S05,INT05,2025-06-08,complete,Commercial,Injection,2026-08-31 12:00:00,2026-08-31 18:00:00
ROW0003150,REF003150,ACC087,S05,INT05,2026-04-30,complete,Commercial,Infusion,2026-08-31 12:00:00,2026-08-31 18:00:00
ROW0000748,REF000748,ACC079,S04,INT04,2025-10-29,VISIT COMPLETE,Medicare Advantage,Infusion,2026-08-31 12:00:00,2026-08-31 18:00:00
ROW0001755,REF001755,ACC098,S05,INT05,2026-02-18,complete,Commercial,Injection,2026-08-31 12:00:00,2026-08-31 18:00:00
ROW0006049,REF005738,ACC068,S04,INT04,2025-10-18,completed,Other,Infusion,2026-08-31 12:00:00,2026-08-31 19:00:00
ROW0005516,REF005516,ACC005,S01,INT01,2025-04-19,VISIT COMPLETE,Commercial,Infusion,2026-08-31 12:00:00,2026-08-31 18:00:00
ROW0001578,REF001578,ACC057,S03,INT03,2026-06-23,VISIT COMPLETE,Medicaid,Infusion,2026-08-31 12:00:00,2026-08-31 18:00:00
ROW0005030,REF005030,ACC094,S05,INT05,2025-09-07,complete,Other,Other outpatient,2026-08-31 12:00:00,2026-08-31 18:00:00
ROW0002299,REF002299,ACC015,S01,INT01,2026-03-19,completed,Medicaid,Infusion,2026-08-31 12:00:00,2026-08-31 18:00:00
ROW0005362,REF005362,ACC031,S02,INT02,2026-05-09,VISIT COMPLETE,Medicare Advantage,Injection,2026-08-31 12:00:00,2026-08-31 18:00:00
ROW0001815,REF001815,ACC043,S03,INT03,2026-05-15,complete,Commercial,Other outpatient,2026-08-31 12:00:00,2026-08-31 18:00:00
ROW0004954,REF004954,ACC012,S01,INT01,2025-10-22,completed,Medicare Advantage,Infusion,2026-08-31 12:00:00,2026-08-31 18:00:00
ROW0001753,REF001753,ACC007,S01,INT01,2026-03-19,Received,Commercial,Infusion,2026-08-31 12:00:00,2026-08-31 18:00:00
ROW0001629,REF001629,ACC084,S05,,2026-02-03,closed,Commercial,Infusion,2026-08-31 12:00:00,2026-08-31 18:00:00
ROW0005060,REF005060,ACC060,S03,INT03,2026-01-26,cancelled,Commercial,Injection,2026-08-31 12:00:00,2026-08-31 18:00:00
ROW0000905,REF000905,ACC010,S01,INT01,2025-07-18,completed,Medicare Advantage,Infusion,2026-08-31 12:00:00,2026-08-31 18:00:00
ROW0006053,REF001820,ACC008,S01,INT01,2026-01-03,VISIT COMPLETE,Traditional Medicare,Infusion,2026-08-31 12:00:00,2026-08-31 19:00:00
ROW0005265,REF005265,ACC089,S05,INT05,2026-01-20,VISIT COMPLETE,Commercial,Injection,2026-08-31 12:00:00,2026-08-31 18:00:00
ROW0002488,REF002488,ACC080,S04,INT04,2025-10-07,VISIT COMPLETE,Commercial,Infusion,2026-08-31 12:00:00,2026-08-31 18:00:00
ROW0004072,REF004072,ACC119,S08,INT08,2026-03-10,completed,Commercial,Infusion,2026-08-31 12:00:00,2026-08-31 18:00:00
ROW0005250,REF005250,ACC008,S01,INT01,2025-12-09,ready to schedule,Commercial,Infusion,2026-08-31 12:00:00,2026-08-31 18:00:00
ROW0002339,REF002339,ACC073,S04,INT04,2025-02-26,complete,Commercial,Infusion,2026-08-31 12:00:00,2026-08-31 18:00:00
ROW0005090,REF005090,ACC036,S02,INT02,2025-06-23,complete,Traditional Medicare,Injection,2026-08-31 12:00:00,2026-08-31 18:00:00
ROW0001622,REF001622,ACC105,S06,INT06,2026-02-05,In Review,Other,Infusion,2026-08-31 12:00:00,2026-08-31 18:00:00
ROW0002502,REF002502,ACC099,S05,INT05,2025-09-25,complete,Commercial,Other outpatient,2026-08-31 12:00:00,2026-08-31 18:00:00
ROW0003028,REF003028,ACC016,S01,INT01,2025-12-29,closed,Medicare Advantage,Injection,2026-08-31 12:00:00,2026-08-31 18:00:00
ROW0006028,REF001180,ACC016,S01,INT01,2025-12-27,received,Other,Infusion,2026-08-30 12:00:00,2026-08-31 19:00:00
ROW0001494,REF001494,ACC039,S02,INT02,2025-12-22,complete,Other,Infusion,2026-08-31 12:00:00,2026-08-31 18:00:00
ROW0000406,REF000406,ACC004,S01,INT01,2026-06-15,VISIT COMPLETE,Traditional Medicare,Infusion,2026-08-31 12:00:00,2026-08-31 18:00:00
ROW0005352,REF005352,ACC015,S01,INT01,2025-05-16,VISIT COMPLETE,Medicare Advantage,Infusion,2026-08-31 12:00:00,2026-08-31 18:00:00
ROW0000973,REF000973,ACC094,S05,,2025-12-06,completed,Traditional Medicare,Other outpatient,2026-08-31 12:00:00,2026-08-31 18:00:00
ROW0003184,REF003184,ACC012,S01,INT01,2026-01-30,completed,Medicare Advantage,Injection,2026-08-31 12:00:00,2026-08-31 18:00:00
ROW0001032,REF001032,ACC072,S04,INT04,2026-06-02,closed,Commercial,Infusion,2026-08-31 12:00:00,2026-08-31 18:00:00
ROW0004610,REF004610,ACC085,S05,INT05,2026-04-01,VISIT COMPLETE,Commercial,Infusion,2026-08-31 12:00:00,2026-08-31 18:00:00
ROW0006078,REF003968,ACC053,S03,INT03,2026-08-18,ready,Traditional Medicare,Infusion,2026-08-31 12:00:00,2026-08-31 19:00:00
ROW0006067,REF002390,ACC101,S06,INT06,2025-03-17,completed,Traditional Medicare,Injection,2026-08-31 12:00:00,2026-08-31 19:00:00
ROW0001541,REF001541,ACC057,S03,INT03,2025-01-06,VISIT COMPLETE,Medicare Advantage,Infusion,2026-08-31 12:00:00,2026-08-31 18:00:00
ROW0003074,REF003074,ACC065,S04,INT04,2026-03-13,complete,Medicare Advantage,Injection,2026-08-31 12:00:00,2026-08-31 18:00:00
ROW0002879,REF002879,ACC084,S05,INT05,2025-04-01,CLOSED - NO VISIT,Commercial,Other outpatient,2026-08-31 12:00:00,2026-08-31 18:00:00
ROW0002472,REF002472,ACC107,S06,INT06,2025-10-13,closed,Medicare Advantage,Infusion,2026-08-31 12:00:00,2026-08-31 18:00:00
ROW0001425,REF001425,ACC094,S05,INT05,2026-02-21,VISIT COMPLETE,Medicaid,Infusion,2026-08-31 12:00:00,2026-08-31 18:00:00
ROW0000233,REF000233,ACC040,S02,INT02,2025-08-07,cancelled,Medicare Advantage,Infusion,2026-08-31 12:00:00,2026-08-31 18:00:00
ROW0003248,REF003248,ACC073,S04,INT04,2025-01-05,complete,Commercial,Infusion,2026-08-31 12:00:00,2026-08-31 18:00:00
ROW0000540,REF000540,ACC005,S01,INT01,2026-05-09,VISIT COMPLETE,Medicare Advantage,Injection,2026-08-31 12:00:00,2026-08-31 18:00:00
ROW0005737,REF005737,ACC004,S01,INT01,2026-04-13,completed,Medicare Advantage,Infusion,2026-08-31 12:00:00,2026-08-31 18:00:00
ROW0003063,REF003063,ACC084,S05,INT05,2026-06-18,VISIT COMPLETE,Medicare Advantage,Infusion,2026-08-31 12:00:00,2026-08-31 18:00:00
ROW0001023,REF001023,ACC028,S02,INT02,2025-06-26,CLOSED - NO VISIT,Commercial,Injection,2026-08-31 12:00:00,2026-08-31 18:00:00
ROW0003535,REF003535,ACC038,S02,INT02,2026-04-10,VISIT COMPLETE,Medicare Advantage,Infusion,2026-08-31 12:00:00,2026-08-31 18:00:00
ROW0004582,REF004582,ACC007,S01,INT01,2025-05-09,closed,Medicaid,Infusion,2026-08-31 12:00:00,2026-08-31 18:00:00
ROW0005501,REF005501,ACC037,S02,INT02,2026-08-17, SCHED ,Commercial,Infusion,2026-08-31 12:00:00,2026-08-31 18:00:00
ROW0001576,REF001576,ACC047,S03,INT03,2025-05-04,VISIT COMPLETE,Commercial,Infusion,2026-08-31 12:00:00,2026-08-31 18:00:00
ROW0002796,REF002796,ACC064,S04,INT04,2026-01-20,VISIT COMPLETE,Medicare Advantage,Injection,2026-08-31 12:00:00,2026-08-31 18:00:00
ROW0005561,REF005561,ACC072,S04,INT04,2026-04-02,complete,Commercial,Other outpatient,2026-08-31 12:00:00,2026-08-31 18:00:00
ROW0001610,REF001610,ACC089,S05,INT05,2025-10-24,completed,Commercial,Infusion,2026-08-31 12:00:00,2026-08-31 18:00:00
ROW0003657,REF003657,ACC047,S03,INT03,2025-07-18,completed,Medicare Advantage,Infusion,2026-08-31 12:00:00,2026-08-31 18:00:00
ROW0002049,REF002049,ACC025,S02,INT02,2026-06-13,complete,Traditional Medicare,Other outpatient,2026-08-31 12:00:00,2026-08-31 18:00:00
ROW0000489,REF000489,ACC053,S03,INT03,2025-02-21,VISIT COMPLETE,Medicaid,Injection,2026-08-31 12:00:00,2026-08-31 18:00:00
ROW0002936,REF002936,ACC018,S01,INT01,2026-05-16,complete,Medicare Advantage,Infusion,2026-08-31 12:00:00,2026-08-31 18:00:00
ROW0005826,REF005826,ACC087,S05,INT05,2025-02-01,VISIT COMPLETE,Commercial,Infusion,2026-08-31 12:00:00,2026-08-31 18:00:00
ROW0002748,REF002748,ACC012,S01,INT01,2026-01-29,VISIT COMPLETE,Commercial,Infusion,2026-08-31 12:00:00,2026-08-31 18:00:00
ROW0001885,REF001885,ACC010,S01,INT01,2026-03-03,complete,Commercial,Infusion,2026-08-31 12:00:00,2026-08-31 18:00:00
ROW0003093,REF003093,ACC119,S06,INT06,2026-06-10,VISIT COMPLETE,Medicaid,Injection,2026-08-31 12:00:00,2026-08-31 18:00:00
ROW0000104,REF000104,ACC110,S06,INT06,2026-02-26,completed,Medicaid,Injection,2026-08-31 12:00:00,2026-08-31 18:00:00
ROW0005365,REF005365,ACC074,S04,INT04,2026-06-04, NEW ,Medicaid,Infusion,2026-08-31 12:00:00,2026-08-31 18:00:00
ROW0002206,REF002206,ACC031,S02,INT02,2025-09-06,VISIT COMPLETE,Commercial,Injection,2026-08-31 12:00:00,2026-08-31 18:00:00
ROW0000931,REF000931,ACC098,S05,INT05,2025-10-02,completed,Commercial,Injection,2026-08-31 12:00:00,2026-08-31 18:00:00
ROW0003240,REF003240,ACC050,S07,INT07,2026-03-23,VISIT COMPLETE,Commercial,Infusion,2026-08-31 12:00:00,2026-08-31 18:00:00
ROW0000449,REF000449,ACC062,S04,INT04,2026-07-04,VISIT COMPLETE,Medicaid,Infusion,2026-08-31 12:00:00,2026-08-31 18:00:00
ROW0002438,REF002438,ACC025,S02,INT02,2025-08-28,closed,Other,Injection,2026-08-31 12:00:00,2026-08-31 18:00:00
ROW0006224,REF004106,ACC103,S08,INT08,2025-10-28,completed,Commercial,Infusion,2026-08-31 12:00:00,2026-08-31 19:00:00
ROW0002050,REF002050,ACC035,S02,INT02,2025-04-10,completed,Medicare Advantage,Infusion,2026-08-31 12:00:00,2026-08-31 18:00:00
ROW0001334,REF001334,ACC007,S01,INT01,2025-08-03,VISIT COMPLETE,Other,Injection,2026-08-31 12:00:00,2026-08-31 18:00:00
ROW0000013,REF000013,ACC060,S07,INT07,2025-08-06,complete,Medicaid,Injection,2026-08-31 12:00:00,2026-08-31 18:00:00
ROW0002010,REF002010,ACC057,S03,INT03,2026-07-26,complete,Commercial,Infusion,2026-08-31 12:00:00,2026-08-31 18:00:00
ROW0002303,REF002303,ACC065,S04,INT04,2025-06-16,cancelled,Traditional Medicare,Infusion,2026-08-31 12:00:00,2026-08-31 18:00:00
ROW0005447,REF005447,ACC004,S01,INT01,2025-08-02,completed,Medicaid,Injection,2026-08-31 12:00:00,2026-08-31 18:00:00
ROW0004971,REF004971,ACC078,S04,INT04,2025-03-06,complete,Commercial,Injection,2026-08-31 12:00:00,2026-08-31 18:00:00
ROW0003405,REF003405,ACC065,S04,INT04,2026-02-24,completed,Medicaid,Infusion,2026-08-31 12:00:00,2026-08-31 18:00:00
ROW0003301,REF003301,ACC072,S04,INT04,2026-01-06,VISIT COMPLETE,Traditional Medicare,Infusion,2026-08-31 12:00:00,2026-08-31 18:00:00
ROW0004730,REF004730,ACC112,S08,INT08,2025-06-13,cancelled,Medicaid,Injection,2026-08-31 12:00:00,2026-08-31 18:00:00
ROW0005873,REF005873,ACC099,S05,INT05,2026-06-06,VISIT COMPLETE,Medicare Advantage,Infusion,2026-08-31 12:00:00,2026-08-31 18:00:00
ROW0004930,REF004930,ACC040,S02,INT02,2026-05-02,complete,Commercial,Infusion,2026-08-31 12:00:00,2026-08-31 18:00:00
ROW0000365,REF000365,ACC011,S01,INT01,2026-07-24,complete,Commercial,Infusion,2026-08-31 12:00:00,2026-08-31 18:00:00
ROW0000105,REF000105,ACC017,S01,INT01,2025-03-17,complete,Medicaid,Infusion,2026-08-31 12:00:00,2026-08-31 18:00:00
ROW0001950,REF001950,ACC015,S01,INT01,2025-11-22,complete,Medicare Advantage,Other outpatient,2026-08-31 12:00:00,2026-08-31 18:00:00
ROW0005958,REF005958,ACC073,S04,INT04,2026-06-15,completed,Traditional Medicare,Infusion,2026-08-31 12:00:00,2026-08-31 18:00:00
ROW0004336,REF004336,ACC049,S07,INT07,2026-03-16,complete,Traditional Medicare,Infusion,2026-08-31 12:00:00,2026-08-31 18:00:00
ROW0004986,REF004986,ACC032,S02,INT02,2025-01-20,cancelled,Medicare Advantage,Injection,2026-08-31 12:00:00,2026-08-31 18:00:00
ROW0003250,REF003250,ACC098,S05,INT05,2025-06-04,CLOSED - NO VISIT,Commercial,Infusion,2026-08-31 12:00:00,2026-08-31 18:00:00
ROW0001859,REF001859,ACC078,S04,INT04,2026-07-10,VISIT COMPLETE,Medicaid,Infusion,2026-08-31 12:00:00,2026-08-31 18:00:00
ROW0000819,REF000819,ACC091,S05,INT05,2026-03-19,complete,Medicaid,Other outpatient,2026-08-31 12:00:00,2026-08-31 18:00:00
ROW0005762,REF005762,ACC111,S08,INT08,2025-06-03,completed,Other,Infusion,2026-08-31 12:00:00,2026-08-31 18:00:00
ROW0002609,REF002609,ACC015,S01,INT01,2025-09-21,complete,Traditional Medicare,Injection,2026-08-31 12:00:00,2026-08-31 18:00:00
ROW0001927,REF001927,ACC038,S02,INT02,2026-04-04,Received,Commercial,Infusion,2026-08-31 12:00:00,2026-08-31 18:00:00
ROW0005318,REF005318,ACC005,S01,INT01,2026-08-11,complete,Medicare Advantage,Infusion,2026-08-31 12:00:00,2026-08-31 18:00:00
ROW0005031,REF005031,ACC110,S08,INT08,2025-06-05,VISIT COMPLETE,Medicaid,Injection,2026-08-31 12:00:00,2026-08-31 18:00:00
ROW0004813,REF004813,ACC009,S01,INT01,2026-07-12,complete,Medicare Advantage,Injection,2026-08-31 12:00:00,2026-08-31 18:00:00
ROW0001563,REF001563,ACC083,S05,INT05,2025-12-06,complete,Commercial,Infusion,2026-08-31 12:00:00,2026-08-31 18:00:00
ROW0005139,REF005139,ACC103,S08,INT08,2025-08-07,completed,Commercial,Injection,2026-08-31 12:00:00,2026-08-31 18:00:00
ROW0001532,REF001532,ACC016,S01,INT01,2026-04-02,complete,Commercial,Infusion,2026-08-31 12:00:00,2026-08-31 18:00:00
ROW0001185,REF001185,ACC011,S01,INT01,2025-04-30,complete,Commercial,Infusion,2026-08-31 12:00:00,2026-08-31 18:00:00
ROW0005663,REF005663,ACC110,S06,INT06,2026-07-17,completed,Commercial,Infusion,2026-08-31 12:00:00,2026-08-31 18:00:00
ROW0004681,REF004681,ACC102,S06,INT06,2026-06-27,cancelled,Other,Infusion,2026-08-31 12:00:00,2026-08-31 18:00:00
ROW0003443,REF003443,ACC024,S02,INT02,2026-05-09,closed,Traditional Medicare,Infusion,2026-08-31 12:00:00,2026-08-31 18:00:00
ROW0001256,REF001256,ACC006,S01,INT01,2025-03-14,VISIT COMPLETE,Commercial,Infusion,2026-08-31 12:00:00,2026-08-31 18:00:00
ROW0000783,REF000783,ACC063,S04,INT04,2026-01-26,VISIT COMPLETE,Commercial,Injection,2026-08-31 12:00:00,2026-08-31 18:00:00
ROW0002803,REF002803,ACC098,S05,INT05,2026-04-22,completed,Commercial,Infusion,2026-08-31 12:00:00,2026-08-31 18:00:00
ROW0005280,REF005280,ACC054,S03,INT03,2025-05-16,complete,Commercial,Infusion,2026-08-31 12:00:00,2026-08-31 18:00:00
ROW0001811,REF001811,ACC074,S04,INT04,2026-01-09,CLOSED - NO VISIT,Commercial,Infusion,2026-08-31 12:00:00,2026-08-31 18:00:00
ROW0000144,REF000144,ACC099,S05,INT05,2026-08-06,scheduled,Medicare Advantage,Infusion,2026-08-31 12:00:00,2026-08-31 18:00:00
ROW0003815,REF003815,ACC002,S01,INT01,2026-07-06,complete,Medicare Advantage,Infusion,2026-08-31 12:00:00,2026-08-31 18:00:00
ROW0001833,REF001833,ACC076,S04,INT04,2025-07-22,complete,Traditional Medicare,Infusion,2026-08-31 12:00:00,2026-08-31 18:00:00
ROW0005936,REF005936,ACC054,S07,INT07,2026-06-22,complete,Medicaid,Infusion,2026-08-31 12:00:00,2026-08-31 18:00:00
ROW0002949,REF002949,ACC064,S04,INT04,2026-07-03,VISIT COMPLETE,Traditional Medicare,Infusion,2026-08-31 12:00:00,2026-08-31 18:00:00
ROW0002235,REF002235,ACC074,S04,INT04,2026-06-02,complete,Traditional Medicare,Infusion,2026-08-31 12:00:00,2026-08-31 18:00:00
ROW0004003,REF004003,ACC008,S01,INT01,2026-08-02, SCHED ,Commercial,Infusion,2026-08-31 12:00:00,2026-08-31 18:00:00
ROW0004710,REF004710,ACC034,S02,INT02,2025-09-01,completed,Medicare Advantage,Injection,2026-08-31 12:00:00,2026-08-31 18:00:00
ROW0002111,REF002111,ACC066,S04,INT04,2025-12-04,complete,Commercial,Infusion,2026-08-31 12:00:00,2026-08-31 18:00:00
ROW0003619,REF003619,ACC119,S06,INT06,2025-08-27,completed,Commercial,Injection,2026-08-31 12:00:00,2026-08-31 18:00:00
ROW0003954,REF003954,ACC029,S02,INT02,2026-04-05,complete,Traditional Medicare,Infusion,2026-08-31 12:00:00,2026-08-31 18:00:00
ROW0000581,REF000581,ACC118,S08,INT08,2026-07-08,complete,Traditional Medicare,Other outpatient,2026-08-31 12:00:00,2026-08-31 18:00:00
ROW0004629,REF004629,ACC102,S08,INT08,2026-04-17,completed,Commercial,Injection,2026-08-31 12:00:00,2026-08-31 18:00:00
ROW0002816,REF002816,ACC031,S02,INT02,2026-03-06,CLOSED - NO VISIT,Medicare Advantage,Other outpatient,2026-08-31 12:00:00,2026-08-31 18:00:00
ROW0004477,REF004477,ACC106,S08,INT08,2025-09-07,ready to schedule,Medicare Advantage,Injection,2026-08-31 12:00:00,2026-08-31 18:00:00
ROW0003860,REF003860,ACC045,S03,INT03,2026-04-21,VISIT COMPLETE,Commercial,Infusion,2026-08-31 12:00:00,2026-08-31 18:00:00
ROW0004632,REF004632,ACC119,S08,INT08,2025-04-16,completed,Traditional Medicare,Infusion,2026-08-31 12:00:00,2026-08-31 18:00:00
ROW0003599,REF003599,ACC119,S08,INT08,2025-07-08,complete,Commercial,Infusion,2026-08-31 12:00:00,2026-08-31 18:00:00
ROW0001580,REF001580,ACC024,S02,INT02,2025-01-26,completed,Commercial,Other outpatient,2026-08-31 12:00:00,2026-08-31 18:00:00
ROW0003519,REF003519,ACC016,S01,INT01,2025-09-09,cancelled,Traditional Medicare,Infusion,2026-08-31 12:00:00,2026-08-31 18:00:00
ROW0003931,REF003931,ACC037,S02,INT02,2026-06-06,CLOSED - NO VISIT,Medicaid,Injection,2026-08-31 12:00:00,2026-08-31 18:00:00
ROW0003748,REF003748,ACC047,S07,INT07,2026-04-17,complete,Commercial,Injection,2026-08-31 12:00:00,2026-08-31 18:00:00
ROW0002048,REF002048,ACC105,S08,INT08,2026-02-14,VISIT COMPLETE,Medicaid,Infusion,2026-08-31 12:00:00,2026-08-31 18:00:00
ROW0003923,REF003923,ACC103,S08,INT08,2025-04-12,CLOSED - NO VISIT,Traditional Medicare,Injection,2026-08-31 12:00:00,2026-08-31 18:00:00
ROW0000726,REF000726,ACC014,S01,INT01,2026-07-17,closed,Medicare Advantage,Injection,2026-08-31 12:00:00,2026-08-31 18:00:00
ROW0000517,REF000517,ACC054,S03,INT03,2026-04-24,closed,Traditional Medicare,Injection,2026-08-31 12:00:00,2026-08-31 18:00:00
ROW0000007,REF000007,ACC015,S01,INT01,2026-08-24,in_review,Traditional Medicare,Infusion,2026-08-31 12:00:00,2026-08-31 18:00:00
ROW0004005,REF004005,ACC115,S06,INT06,2026-02-17,VISIT COMPLETE,Commercial,Infusion,2026-08-31 12:00:00,2026-08-31 18:00:00
ROW0001047,REF001047,ACC016,S01,INT01,2026-06-08,VISIT COMPLETE,Traditional Medicare,Injection,2026-08-31 12:00:00,2026-08-31 18:00:00
ROW0000187,REF000187,ACC012,S01,INT01,2025-06-06,complete,Commercial,Infusion,2026-08-31 12:00:00,2026-08-31 18:00:00
ROW0003812,REF003812,ACC065,S04,INT04,2025-11-13,complete,Commercial,Other outpatient,2026-08-31 12:00:00,2026-08-31 18:00:00
ROW0001243,REF001243,ACC086,S05,INT05,2026-07-23,completed,Medicare Advantage,Injection,2026-08-31 12:00:00,2026-08-31 18:00:00
ROW0003354,REF003354,ACC075,S04,INT04,2025-01-11,completed,Commercial,Other outpatient,2026-08-31 12:00:00,2026-08-31 18:00:00
ROW0005603,REF005603,ACC012,S01,INT01,2025-08-09,completed,Commercial,Infusion,2026-08-31 12:00:00,2026-08-31 18:00:00
ROW0005466,REF005466,ACC107,S06,INT06,2025-02-15,cancelled,Medicaid,Infusion,2026-08-31 12:00:00,2026-08-31 18:00:00
ROW0002980,REF002980,ACC031,S02,INT02,2026-04-07,completed,Medicare Advantage,Infusion,2026-08-31 12:00:00,2026-08-31 18:00:00
ROW0005312,REF005312,ACC015,S01,INT01,2026-05-03,VISIT COMPLETE,Commercial,Infusion,2026-08-31 12:00:00,2026-08-31 18:00:00
ROW0004626,REF004626,ACC042,S07,INT07,2025-08-25,complete,Commercial,Infusion,2026-08-31 12:00:00,2026-08-31 18:00:00
ROW0003780,REF003780,ACC031,S02,INT02,2026-05-08,completed,Traditional Medicare,Infusion,2026-08-31 12:00:00,2026-08-31 18:00:00
ROW0001073,REF001073,ACC053,S03,INT03,2025-05-11,completed,Commercial,Injection,2026-08-31 12:00:00,2026-08-31 18:00:00
ROW0000020,REF000020,ACC059,S07,INT07,2026-03-25,ready to schedule,Commercial,Other outpatient,2026-08-31 12:00:00,2026-08-31 18:00:00
ROW0005468,REF005468,ACC070,S04,INT04,2025-02-02,complete,Medicare Advantage,Other outpatient,2026-08-31 12:00:00,2026-08-31 18:00:00
ROW0003289,REF003289,ACC002,S01,INT01,2026-02-01,completed,Commercial,Injection,2026-08-31 12:00:00,2026-08-31 18:00:00
ROW0000413,REF000413,ACC001,S01,INT01,2025-05-24,complete,Medicare Advantage,Infusion,2026-08-31 12:00:00,2026-08-31 18:00:00
ROW0000407,REF000407,ACC006,S01,INT01,2026-07-21,completed,Commercial,Infusion,2026-08-31 12:00:00,2026-08-31 18:00:00
ROW0005967,REF005967,ACC072,S04,INT04,2026-01-02,VISIT COMPLETE,Medicaid,Injection,2026-08-31 12:00:00,2026-08-31 18:00:00
ROW0003091,REF003091,ACC120,S08,INT08,2026-05-03,in_review,Other,Infusion,2026-08-31 12:00:00,2026-08-31 18:00:00
ROW0003456,REF003456,ACC099,S05,INT05,2026-07-28, SCHED ,Traditional Medicare,Injection,2026-08-31 12:00:00,2026-08-31 18:00:00
ROW0003268,REF003268,ACC087,S05,INT05,2025-04-23,cancelled,Commercial,Infusion,2026-08-31 12:00:00,2026-08-31 18:00:00
ROW0000507,REF000507,ACC021,S02,INT02,2026-01-31,VISIT COMPLETE,Traditional Medicare,Infusion,2026-08-31 12:00:00,2026-08-31 18:00:00
ROW0003077,REF003077,ACC022,S02,INT02,2025-10-22,completed,Traditional Medicare,Injection,2026-08-31 12:00:00,2026-08-31 18:00:00
ROW0005977,REF005977,ACC014,S01,INT01,,In Review,Medicare Advantage,Infusion,2026-08-31 12:00:00,2026-08-31 18:00:00
ROW0002663,REF002663,ACC097,S05,INT05,2025-06-09,VISIT COMPLETE,Commercial,Infusion,2026-08-31 12:00:00,2026-08-31 18:00:00
ROW0005647,REF005647,ACC097,S05,INT05,2026-01-30,completed,Commercial,Infusion,2026-08-31 12:00:00,2026-08-31 18:00:00
ROW0005631,REF005631,ACC054,S03,INT03,2026-01-23,complete,Medicare Advantage,Injection,2026-08-31 12:00:00,2026-08-31 18:00:00
ROW0002157,REF002157,ACC054,S07,INT07,2025-07-04,closed,Medicare Advantage,Injection,2026-08-31 12:00:00,2026-08-31 18:00:00
ROW0002618,REF002618,ACC027,S02,INT02,2025-11-14,complete,Medicare Advantage,Infusion,2026-08-31 12:00:00,2026-08-31 18:00:00
ROW0005760,REF005760,ACC085,S05,INT05,2025-05-18,review,Medicare Advantage,Injection,2026-08-31 12:00:00,2026-08-31 18:00:00
ROW0005606,REF005606,ACC063,S04,INT04,2025-05-30,complete,Commercial,Injection,2026-08-31 12:00:00,2026-08-31 18:00:00
ROW0002535,REF002535,ACC070,S04,INT04,2025-07-28,VISIT COMPLETE,Traditional Medicare,Injection,2026-08-31 12:00:00,2026-08-31 18:00:00
ROW0001123,REF001123,ACC051,S07,INT07,2026-08-09,ready,Medicare Advantage,Injection,2026-08-31 12:00:00,2026-08-31 18:00:00
ROW0003647,REF003647,ACC062,S04,INT04,2025-07-15,ready to schedule,Medicare Advantage,Injection,2026-08-31 12:00:00,2026-08-31 18:00:00
ROW0001747,REF001747,ACC038,S02,INT02,2025-09-29,complete,Commercial,Infusion,2026-08-31 12:00:00,2026-08-31 18:00:00
ROW0000446,REF000446,ACC025,S02,INT02,2026-05-06,complete,Commercial,Infusion,2026-08-31 12:00:00,2026-08-31 18:00:00
ROW0003258,REF003258,ACC094,S05,INT05,2025-09-12,completed,Commercial,Injection,2026-08-31 12:00:00,2026-08-31 18:00:00
ROW0006190,REF005705,ACC002,S01,INT01,2025-09-06,CLOSED - NO VISIT,Medicaid,Infusion,2026-08-31 12:00:00,2026-08-31 19:00:00
ROW0003618,REF003618,ACC099,S05,INT05,2026-03-14,VISIT COMPLETE,Medicaid,Infusion,2026-08-31 12:00:00,2026-08-31 18:00:00
ROW0004469,REF004469,ACC084,S05,INT05,2026-08-16,CLOSED - NO VISIT,Other,Infusion,2026-08-31 12:00:00,2026-08-31 18:00:00
ROW0004530,REF004530,ACC090,S05,INT05,2026-04-23,received,Traditional Medicare,Infusion,2026-08-31 12:00:00,2026-08-31 18:00:00
ROW0004977,REF004977,ACC025,S02,INT02,2025-03-17,VISIT COMPLETE,Traditional Medicare,Injection,2026-08-31 12:00:00,2026-08-31 18:00:00
ROW0001285,REF001285,ACC007,S01,INT01,2025-02-26,completed,Commercial,Injection,2026-08-31 12:00:00,2026-08-31 18:00:00
ROW0002852,REF002852,ACC075,S04,INT04,2026-04-01,VISIT COMPLETE,Traditional Medicare,Other outpatient,2026-08-31 12:00:00,2026-08-31 18:00:00
ROW0004574,REF004574,ACC120,S08,INT08,2025-08-20,VISIT COMPLETE,Commercial,Infusion,2026-08-31 12:00:00,2026-08-31 18:00:00
ROW0003727,REF003727,ACC087,S05,INT05,2026-03-24,completed,Other,Other outpatient,2026-08-31 12:00:00,2026-08-31 18:00:00
ROW0002724,REF002724,ACC070,S04,INT04,2026-02-05,complete,Traditional Medicare,Injection,2026-08-31 12:00:00,2026-08-31 18:00:00
ROW0002755,REF002755,ACC076,S04,INT04,2025-04-28,VISIT COMPLETE,Medicare Advantage,Infusion,2026-08-31 12:00:00,2026-08-31 18:00:00
ROW0002836,REF002836,ACC059,S03,INT03,2025-07-07,complete,Commercial,Infusion,2026-08-31 12:00:00,2026-08-31 18:00:00
ROW0003106,REF003106,ACC011,S01,INT01,2025-07-23,completed,Medicaid,Injection,2026-08-31 12:00:00,2026-08-31 18:00:00
ROW0005236,REF005236,ACC011,S01,INT01,2025-01-25,completed,Commercial,Infusion,2026-08-31 12:00:00,2026-08-31 18:00:00
ROW0005588,REF005588,ACC026,S02,INT02,2025-03-28,VISIT COMPLETE,Commercial,Injection,2026-08-31 12:00:00,2026-08-31 18:00:00
ROW0000392,REF000392,ACC002,S01,INT01,2026-03-14,CLOSED - NO VISIT,Commercial,Infusion,2026-08-31 12:00:00,2026-08-31 18:00:00
ROW0001478,REF001478,ACC006,S01,INT01,2025-03-28,closed,Commercial,Infusion,2026-08-31 12:00:00,2026-08-31 18:00:00
ROW0004461,REF004461,ACC115,S06,INT06,2025-10-02,VISIT COMPLETE,Medicare Advantage,Other outpatient,2026-08-31 12:00:00,2026-08-31 18:00:00
ROW0004851,REF004851,ACC079,S04,INT04,2026-08-29,received,Medicare Advantage,Infusion,2026-08-31 12:00:00,2026-08-31 18:00:00
ROW0004517,REF004517,ACC029,S02,INT02,2025-01-23,complete,Commercial,Infusion,2026-08-31 12:00:00,2026-08-31 18:00:00
ROW0005880,REF005880,ACC086,S05,INT05,2025-09-21,received,Commercial,Injection,2026-08-31 12:00:00,2026-08-31 18:00:00
ROW0004677,REF004677,ACC005,S01,INT01,2026-07-22,closed,Commercial,Infusion,2026-08-31 12:00:00,2026-08-31 18:00:00
ROW0001058,REF001058,ACC080,S04,INT04,2025-10-09,closed,Medicaid,Injection,2026-08-31 12:00:00,2026-08-31 18:00:00
ROW0000986,REF000986,ACC006,S01,INT01,2025-08-26,complete,Medicare Advantage,Infusion,2026-08-31 12:00:00,2026-08-31 18:00:00
ROW0004101,REF004101,ACC042,S07,INT07,2025-12-17,complete,Commercial,Infusion,2026-08-31 12:00:00,2026-08-31 18:00:00
ROW0004205,REF004205,ACC029,S02,INT02,2025-02-14, NEW ,Commercial,Injection,2026-08-31 12:00:00,2026-08-31 18:00:00
ROW0000335,REF000335,ACC037,S02,INT02,2026-04-04,complete,Commercial,Infusion,2026-08-31 12:00:00,2026-08-31 18:00:00
ROW0004384,REF004384,ACC079,S04,INT04,2026-08-27, NEW ,Commercial,Injection,2026-08-31 12:00:00,2026-08-31 18:00:00
ROW0003080,REF003080,ACC022,S02,INT02,2026-01-23,in progress?,Commercial,Other outpatient,2026-08-31 12:00:00,2026-08-31 18:00:00
ROW0000999,REF000999,ACC053,S03,INT03,2026-07-24,Ready_to_Schedule,Commercial,Other outpatient,2026-08-31 12:00:00,2026-08-31 18:00:00
ROW0002773,REF002773,ACC015,S01,INT01,2026-02-03,completed,Commercial,Other outpatient,2026-08-31 12:00:00,2026-08-31 18:00:00
ROW0005905,REF005905,ACC016,S01,INT01,2025-07-30,CLOSED - NO VISIT,Commercial,Infusion,2026-08-31 12:00:00,2026-08-31 18:00:00
ROW0004232,REF004232,ACC056,S07,INT07,2025-09-20,completed,Traditional Medicare,Infusion,2026-08-31 12:00:00,2026-08-31 18:00:00
ROW0005887,REF005887,ACC014,S01,INT01,2025-10-18,VISIT COMPLETE,Commercial,Injection,2026-08-31 12:00:00,2026-08-31 18:00:00
ROW0005266,REF005266,ACC083,S05,INT05,2026-04-18,complete,Traditional Medicare,Infusion,2026-08-31 12:00:00,2026-08-31 18:00:00
ROW0006240,REF002499,ACC007,S01,INT01,2026-07-24,complete,Commercial,Other outpatient,2026-08-31 12:00:00,2026-08-31 19:00:00
ROW0003390,REF003390,ACC014,S01,INT01,2025-10-07,complete,Medicare Advantage,Infusion,2026-08-31 12:00:00,2026-08-31 18:00:00
ROW0001427,REF001427,ACC057,S03,INT03,2025-01-07,complete,Commercial,Injection,2026-08-31 12:00:00,2026-08-31 18:00:00
ROW0002059,REF002059,ACC046,S07,INT07,2025-09-25,completed,Medicare Advantage,Injection,2026-08-31 12:00:00,2026-08-31 18:00:00
ROW0003454,REF003454,ACC111,S06,INT06,2026-06-27,complete,Commercial,Other outpatient,2026-08-31 12:00:00,2026-08-31 18:00:00
ROW0001457,REF001457,ACC008,S01,INT01,2025-02-27,CLOSED - NO VISIT,Medicare Advantage,Infusion,2026-08-31 12:00:00,2026-08-31 18:00:00
ROW0004064,REF004064,ACC042,S03,INT03,2025-04-25,VISIT COMPLETE,Medicaid,Infusion,2026-08-31 12:00:00,2026-08-31 18:00:00
ROW0004112,REF004112,ACC025,S02,INT02,2026-04-10,completed,Commercial,Infusion,2026-08-31 12:00:00,2026-08-31 18:00:00
ROW0001107,REF001107,ACC085,S05,INT05,2026-06-22,VISIT COMPLETE,Other,Injection,2026-08-31 12:00:00,2026-08-31 18:00:00
ROW0005067,REF005067,ACC039,S02,INT02,2026-01-16,closed,Traditional Medicare,Injection,2026-08-31 12:00:00,2026-08-31 18:00:00
ROW0001692,REF001692,ACC035,S02,INT02,2025-02-26,VISIT COMPLETE,Medicare Advantage,Infusion,2026-08-31 12:00:00,2026-08-31 18:00:00
ROW0001909,REF001909,ACC037,S02,INT02,2025-08-24,completed,Medicaid,Injection,2026-08-31 12:00:00,2026-08-31 18:00:00
ROW0005672,REF005672,ACC004,S01,INT01,2025-04-08,CLOSED - NO VISIT,Commercial,Infusion,2026-08-31 12:00:00,2026-08-31 18:00:00
ROW0005297,REF005297,ACC116,S06,INT06,2026-06-09,complete,Medicare Advantage,Infusion,2026-08-31 12:00:00,2026-08-31 18:00:00
ROW0005889,REF005889,ACC008,S01,INT01,2025-02-24,complete,Commercial,Infusion,2026-08-31 12:00:00,2026-08-31 18:00:00
ROW0001830,REF001830,ACC029,S02,INT02,2026-04-24,VISIT COMPLETE,Traditional Medicare,Injection,2026-08-31 12:00:00,2026-08-31 18:00:00
ROW0000317,REF000317,ACC061,S04,INT04,2026-01-19,completed,Commercial,Other outpatient,2026-08-31 12:00:00,2026-08-31 18:00:00
ROW0004055,REF004055,ACC068,S04,INT04,2025-08-10,Ready_to_Schedule,Medicare Advantage,Infusion,2026-08-31 12:00:00,2026-08-31 18:00:00
ROW0000659,REF000659,ACC113,S08,INT08,2025-05-19,cancelled,Traditional Medicare,Infusion,2026-08-31 12:00:00,2026-08-31 18:00:00
ROW0002625,REF002625,ACC067,S04,INT04,2026-01-13,VISIT COMPLETE,Commercial,Injection,2026-08-31 12:00:00,2026-08-31 18:00:00
ROW0001633,REF001633,ACC042,S07,INT07,2026-02-08,completed,Commercial,Infusion,2026-08-31 12:00:00,2026-08-31 18:00:00
ROW0004474,REF004474,ACC072,S04,INT04,2026-04-06,complete,Commercial,Infusion,2026-08-31 12:00:00,2026-08-31 18:00:00
ROW0000346,REF000346,ACC099,S05,INT05,2025-02-08,completed,Medicare Advantage,Infusion,2026-08-31 12:00:00,2026-08-31 18:00:00
ROW0004086,REF004086,ACC085,S05,INT05,2026-05-08,complete,Commercial,Infusion,2026-08-31 12:00:00,2026-08-31 18:00:00
ROW0002566,REF002566,ACC110,S06,INT06,2026-07-10,completed,Medicare Advantage,Injection,2026-08-31 12:00:00,2026-08-31 18:00:00
ROW0002495,REF002495,ACC120,S06,INT06,2026-03-11,completed,Traditional Medicare,Injection,2026-08-31 12:00:00,2026-08-31 18:00:00
ROW0002700,REF002700,ACC046,S03,INT03,2026-02-09,VISIT COMPLETE,Commercial,Infusion,2026-08-31 12:00:00,2026-08-31 18:00:00
ROW0000455,REF000455,ACC062,S04,INT04,2025-09-24,VISIT COMPLETE,Traditional Medicare,Injection,2026-08-31 12:00:00,2026-08-31 18:00:00
ROW0002033,REF002033,ACC032,S02,INT02,2025-10-09,completed,Medicare Advantage,Infusion,2026-08-31 12:00:00,2026-08-31 18:00:00
ROW0004627,REF004627,ACC042,S07,INT07,2026-05-05,VISIT COMPLETE,Traditional Medicare,Injection,2026-08-31 12:00:00,2026-08-31 18:00:00
ROW0000536,REF000536,ACC066,S04,INT04,2026-06-12,VISIT COMPLETE,Medicare Advantage,Infusion,2026-08-31 12:00:00,2026-08-31 18:00:00
ROW0003126,REF003126,ACC047,S03,INT03,2026-01-03,closed,Commercial,Injection,2026-08-31 12:00:00,2026-08-31 18:00:00
ROW0000208,REF000208,ACC046,S03,INT03,2026-01-14,cancelled,Other,Infusion,2026-08-31 12:00:00,2026-08-31 18:00:00
ROW0003717,REF003717,ACC042,S07,INT07,2026-05-01,completed,Commercial,Injection,2026-08-31 12:00:00,2026-08-31 18:00:00
ROW0005551,REF005551,ACC006,S01,INT01,2025-10-29,completed,Other,Infusion,2026-08-31 12:00:00,2026-08-31 18:00:00
ROW0004190,REF004190,ACC098,S05,INT05,2026-03-10,complete,Traditional Medicare,Infusion,2026-08-31 12:00:00,2026-08-31 18:00:00
ROW0003762,REF003762,ACC069,S04,INT04,2025-09-10,complete,Commercial,Infusion,2026-08-31 12:00:00,2026-08-31 18:00:00
ROW0003718,REF003718,ACC021,S02,INT02,2025-03-01,CLOSED - NO VISIT,Commercial,Infusion,2026-08-31 12:00:00,2026-08-31 18:00:00
ROW0003149,REF003149,ACC107,S08,INT08,2025-09-08,completed,Other,Infusion,2026-08-31 12:00:00,2026-08-31 18:00:00
ROW0005876,REF005876,ACC013,S01,INT01,2026-06-15,cancelled,Commercial,Infusion,2026-08-31 12:00:00,2026-08-31 18:00:00
ROW0003361,REF003361,ACC045,S07,INT07,2025-07-13,closed,Medicaid,Infusion,2026-08-31 12:00:00,2026-08-31 18:00:00
ROW0003475,REF003475,ACC120,S08,INT08,2025-12-10,complete,Medicare Advantage,Infusion,2026-08-31 12:00:00,2026-08-31 18:00:00
ROW0004208,REF004208,ACC018,S01,INT01,2025-11-09,VISIT COMPLETE,Medicaid,Infusion,2026-08-31 12:00:00,2026-08-31 18:00:00
ROW0003610,REF003610,ACC083,S05,INT05,2026-08-11,VISIT COMPLETE,Medicare Advantage,Injection,2026-08-31 12:00:00,2026-08-31 18:00:00
ROW0000529,REF000529,ACC039,S02,INT02,2026-03-09,complete,Commercial,Infusion,2026-08-31 12:00:00,2026-08-31 18:00:00
ROW0000768,REF000768,ACC019,S01,INT01,2025-01-06,VISIT COMPLETE,Medicaid,Other outpatient,2026-08-31 12:00:00,2026-08-31 18:00:00
ROW0001131,REF001131,ACC098,S05,INT05,2026-03-06,complete,Commercial,Other outpatient,2026-08-31 12:00:00,2026-08-31 18:00:00
ROW0006030,REF001152,ACC102,S06,INT06,2026-08-12,received,Commercial,Infusion,2026-08-30 12:00:00,2026-08-31 19:00:00
ROW0002926,REF002926,ACC021,S02,INT02,2025-10-19,complete,Medicaid,Infusion,2026-08-31 12:00:00,2026-08-31 18:00:00
ROW0005879,REF005879,ACC016,S01,INT01,2025-03-27,VISIT COMPLETE,Commercial,Infusion,2026-08-31 12:00:00,2026-08-31 18:00:00
ROW0001042,REF001042,ACC109,S06,INT06,2025-05-19,CLOSED - NO VISIT,Commercial,Infusion,2026-08-31 12:00:00,2026-08-31 18:00:00
ROW0005787,REF005787,ACC026,S02,INT02,2025-04-24,completed,Medicare Advantage,Injection,2026-08-31 12:00:00,2026-08-31 18:00:00
ROW0001817,REF001817,ACC014,S01,INT01,2026-04-09,VISIT COMPLETE,Commercial,Infusion,2026-08-31 12:00:00,2026-08-31 18:00:00
ROW0003305,REF003305,ACC054,S03,INT03,2026-04-09,completed,Medicare Advantage,Infusion,2026-08-31 12:00:00,2026-08-31 18:00:00
ROW0002556,REF002556,ACC085,S05,INT05,2026-01-04,complete,Commercial,Injection,2026-08-31 12:00:00,2026-08-31 18:00:00
ROW0002168,REF002168,ACC116,S06,INT06,2026-06-09,complete,Commercial,Infusion,2026-08-31 12:00:00,2026-08-31 18:00:00
ROW0006052,REF004512,ACC092,S05,INT05,2025-06-11,completed,Medicaid,Infusion,2026-08-31 12:00:00,2026-08-31 19:00:00
ROW0001936,REF001936,ACC065,S04,INT04,2025-08-15,VISIT COMPLETE,Medicare Advantage,Infusion,2026-08-31 12:00:00,2026-08-31 18:00:00
ROW0001322,REF001322,ACC040,S02,INT02,2025-11-22,completed,Commercial,Injection,2026-08-31 12:00:00,2026-08-31 18:00:00
ROW0004985,REF004985,ACC073,S04,INT04,2026-08-29,In Review,Medicare Advantage,Infusion,2026-08-31 12:00:00,2026-08-31 18:00:00
ROW0000018,REF000018,ACC120,S06,INT06,2026-04-15,complete,Commercial,Injection,2026-08-31 12:00:00,2026-08-31 18:00:00
ROW0006233,REF002888,ACC012,S01,INT01,2025-06-17,cancelled,Traditional Medicare,Infusion,2026-08-31 12:00:00,2026-08-31 19:00:00
ROW0006254,REF005540,ACC097,S05,INT05,2025-06-19,cancelled,Medicaid,Infusion,2026-08-31 12:00:00,2026-08-31 19:00:00
ROW0005095,REF005095,ACC083,S05,INT05,2025-02-01,VISIT COMPLETE,Commercial,Infusion,2026-08-31 12:00:00,2026-08-31 18:00:00
ROW0000245,REF000245,ACC074,S04,INT04,2026-02-15,in_review,Commercial,Infusion,2026-08-31 12:00:00,2026-08-31 18:00:00
ROW0003045,REF003045,ACC011,S01,INT01,2025-12-05,VISIT COMPLETE,Commercial,Infusion,2026-08-31 12:00:00,2026-08-31 18:00:00
ROW0001824,REF001824,ACC067,S04,INT04,2025-03-06,complete,Commercial,Infusion,2026-08-31 12:00:00,2026-08-31 18:00:00
ROW0001231,REF001231,ACC115,S08,INT08,2026-04-14,complete,Medicare Advantage,Other outpatient,2026-08-31 12:00:00,2026-08-31 18:00:00
ROW0002374,REF002374,ACC023,S02,INT02,2025-09-02,complete,Medicaid,Infusion,2026-08-31 12:00:00,2026-08-31 18:00:00
ROW0005728,REF005728,ACC072,S04,INT04,2026-01-01,complete,Medicare Advantage,Infusion,2026-08-31 12:00:00,2026-08-31 18:00:00
ROW0000073,REF000073,ACC015,S01,INT01,2025-12-19,completed,Medicaid,Infusion,2026-08-31 12:00:00,2026-08-31 18:00:00
ROW0001227,REF001227,ACC031,S02,,2025-06-28,complete,Commercial,Injection,2026-08-31 12:00:00,2026-08-31 18:00:00
ROW0006216,REF004086,ACC085,S05,INT05,2026-05-08,complete,Commercial,Infusion,2026-08-31 12:00:00,2026-08-31 19:00:00
ROW0004450,REF004450,ACC073,S04,INT04,2025-11-03, NEW ,Medicare Advantage,Infusion,2026-08-31 12:00:00,2026-08-31 18:00:00
ROW0000323,REF000323,ACC114,S06,INT06,2025-10-09,closed,Traditional Medicare,Infusion,2026-08-31 12:00:00,2026-08-31 18:00:00
ROW0001016,REF001016,ACC096,S05,INT05,2025-07-03,VISIT COMPLETE,Commercial,Infusion,2026-08-31 12:00:00,2026-08-31 18:00:00
ROW0000411,REF000411,ACC028,S02,INT02,2025-07-29,VISIT COMPLETE,Commercial,Injection,2026-08-31 12:00:00,2026-08-31 18:00:00
ROW0005908,REF005908,ACC087,S05,INT05,2025-09-13,complete,Commercial,Injection,2026-08-31 12:00:00,2026-08-31 18:00:00
ROW0002147,REF002147,ACC051,S07,INT07,2025-07-04,VISIT COMPLETE,Medicare Advantage,Other outpatient,2026-08-31 12:00:00,2026-08-31 18:00:00
ROW0006277,REF005391,ACC072,S04,INT04,2025-01-17,VISIT COMPLETE,Traditional Medicare,Infusion,2026-08-31 12:00:00,2026-08-31 19:00:00
ROW0002211,REF002211,ACC012,S01,INT01,2025-08-01,VISIT COMPLETE,Medicare Advantage,Injection,2026-08-31 12:00:00,2026-08-31 18:00:00
ROW0001673,REF001673,ACC034,S02,INT02,2025-06-13,CLOSED - NO VISIT,Medicare Advantage,Other outpatient,2026-08-31 12:00:00,2026-08-31 18:00:00
ROW0000534,REF000534,ACC016,S01,INT01,2026-07-10,completed,Commercial,Infusion,2026-08-31 12:00:00,2026-08-31 18:00:00
ROW0004896,REF004896,ACC026,S02,INT02,2026-05-03,Ready_to_Schedule,Medicaid,Other outpatient,2026-08-31 12:00:00,2026-08-31 18:00:00
ROW0002246,REF002246,ACC008,S01,INT01,2025-09-01,cancelled,Medicare Advantage,Other outpatient,2026-08-31 12:00:00,2026-08-31 18:00:00
ROW0005384,REF005384,ACC020,S01,INT01,2026-05-24,Received,Medicaid,Injection,2026-08-31 12:00:00,2026-08-31 18:00:00
ROW0006223,REF002377,ACC059,S03,INT03,2026-01-15,complete,Medicare Advantage,Infusion,2026-08-31 12:00:00,2026-08-31 19:00:00
ROW0001248,REF001248,ACC074,S04,INT04,2025-08-20,complete,Traditional Medicare,Injection,2026-08-31 12:00:00,2026-08-31 18:00:00
ROW0001887,REF001887,ACC036,S02,INT02,2025-09-29,VISIT COMPLETE,Medicare Advantage,Other outpatient,2026-08-31 12:00:00,2026-08-31 18:00:00
ROW0004214,REF004214,ACC010,S01,INT01,2026-05-13,VISIT COMPLETE,Medicare Advantage,Infusion,2026-08-31 12:00:00,2026-08-31 18:00:00
ROW0004664,REF004664,ACC054,S03,INT03,2026-08-30,Received,Commercial,Infusion,2026-08-31 12:00:00,2026-08-31 18:00:00
ROW0002082,REF002082,ACC098,S05,INT05,2025-12-18,complete,Medicare Advantage,Injection,2026-08-31 12:00:00,2026-08-31 18:00:00
ROW0004480,REF004480,ACC034,S02,INT02,2025-11-15,completed,Medicare Advantage,Injection,2026-08-31 12:00:00,2026-08-31 18:00:00
ROW0003705,REF003705,ACC006,S01,INT01,2025-12-08,completed,Other,Infusion,2026-08-31 12:00:00,2026-08-31 18:00:00
ROW0000830,REF000830,ACC049,S07,INT07,2025-05-24,completed,Medicaid,Infusion,2026-08-31 12:00:00,2026-08-31 18:00:00
ROW0000575,REF000575,ACC099,S05,INT05,2025-06-08,completed,Medicare Advantage,Infusion,2026-08-31 12:00:00,2026-08-31 18:00:00
ROW0002560,REF002560,ACC073,S04,INT04,2026-05-16,complete,Commercial,Infusion,2026-08-31 12:00:00,2026-08-31 18:00:00
ROW0005500,REF005500,ACC043,S03,INT03,2025-07-12,received,Traditional Medicare,Injection,2026-08-31 12:00:00,2026-08-31 18:00:00
ROW0004829,REF004829,ACC029,S02,INT02,2026-02-26,complete,Medicare Advantage,Infusion,2026-08-31 12:00:00,2026-08-31 18:00:00
ROW0003402,REF003402,ACC032,S02,INT02,2026-08-12,Ready_to_Schedule,Medicare Advantage,Injection,2026-08-31 12:00:00,2026-08-31 18:00:00
ROW0001442,REF001442,ACC062,S04,INT04,2025-10-21,VISIT COMPLETE,Medicare Advantage,Infusion,2026-08-31 12:00:00,2026-08-31 18:00:00
ROW0004240,REF004240,ACC086,S05,INT05,2025-06-08,ready to schedule,Medicare Advantage,Injection,2026-08-31 12:00:00,2026-08-31 18:00:00
ROW0005892,REF005892,ACC079,S04,INT04,2025-10-22,completed,Traditional Medicare,Infusion,2026-08-31 12:00:00,2026-08-31 18:00:00
ROW0003143,REF003143,ACC070,S04,INT04,2026-01-12,complete,Commercial,Infusion,2026-08-31 12:00:00,2026-08-31 18:00:00
ROW0002056,REF002056,ACC059,S07,INT07,2026-07-11, SCHED ,Medicaid,Infusion,2026-08-31 12:00:00,2026-08-31 18:00:00
ROW0005975,REF005975,ACC106,S06,INT06,2025-12-20,CLOSED - NO VISIT,Medicaid,Infusion,2026-08-31 12:00:00,2026-08-31 18:00:00
ROW0002335,REF002335,ACC056,S03,INT03,2025-08-30,completed,Medicare Advantage,Infusion,2026-08-31 12:00:00,2026-08-31 18:00:00
ROW0003659,REF003659,ACC012,S01,INT01,2026-02-17,CLOSED - NO VISIT,Medicare Advantage,Injection,2026-08-31 12:00:00,2026-08-31 18:00:00
ROW0005028,REF005028,ACC077,S04,INT04,2026-01-03,closed,Medicare Advantage,Infusion,2026-08-31 12:00:00,2026-08-31 18:00:00
ROW0002261,REF002261,ACC007,S01,INT01,2025-12-09,ready to schedule,Commercial,Infusion,2026-08-31 12:00:00,2026-08-31 18:00:00
ROW0004562,REF004562,ACC085,S05,INT05,2025-09-27,complete,Commercial,Infusion,2026-08-31 12:00:00,2026-08-31 18:00:00
ROW0001657,REF001657,ACC085,S05,INT05,2026-04-27,VISIT COMPLETE,Medicaid,Infusion,2026-08-31 12:00:00,2026-08-31 18:00:00
ROW0000924,REF000924,ACC119,S06,INT06,2026-02-11,completed,Medicare Advantage,Infusion,2026-08-31 12:00:00,2026-08-31 18:00:00
ROW0003745,REF003745,ACC023,S02,INT02,2026-01-17,completed,Other,Infusion,2026-08-31 12:00:00,2026-08-31 18:00:00
ROW0001819,REF001819,ACC060,S03,INT03,2025-01-21,VISIT COMPLETE,Medicare Advantage,Infusion,2026-08-31 12:00:00,2026-08-31 18:00:00
ROW0006188,REF002987,ACC032,S02,INT02,2026-02-25,VISIT COMPLETE,Traditional Medicare,Infusion,2026-08-31 12:00:00,2026-08-31 19:00:00
ROW0001584,REF001584,ACC096,S05,INT05,2026-07-22,VISIT COMPLETE,Commercial,Infusion,2026-08-31 12:00:00,2026-08-31 18:00:00
ROW0001564,REF001564,ACC025,S02,INT02,2026-08-06,scheduled,Medicare Advantage,Infusion,2026-08-31 12:00:00,2026-08-31 18:00:00
ROW0000525,REF000525,ACC118,S08,INT08,2025-09-11,complete,Medicare Advantage,Infusion,2026-08-31 12:00:00,2026-08-31 18:00:00
ROW0002850,REF002850,ACC116,S08,INT08,2025-12-16,completed,Commercial,Infusion,2026-08-31 12:00:00,2026-08-31 18:00:00
ROW0000179,REF000179,ACC033,S02,INT02,2026-08-26,review,Other,Infusion,2026-08-31 12:00:00,2026-08-31 18:00:00
ROW0005819,REF005819,ACC018,S01,INT01,2025-03-30,in_review,Commercial,Infusion,2026-08-31 12:00:00,2026-08-31 18:00:00
ROW0003831,REF003831,ACC025,S02,INT02,2025-05-15,VISIT COMPLETE,Traditional Medicare,Injection,2026-08-31 12:00:00,2026-08-31 18:00:00
ROW0005439,REF005439,ACC068,S04,INT04,2025-05-27,complete,Commercial,Infusion,2026-08-31 12:00:00,2026-08-31 18:00:00
ROW0002187,REF002187,ACC068,S04,INT04,2026-06-06,VISIT COMPLETE,Traditional Medicare,Infusion,2026-08-31 12:00:00,2026-08-31 18:00:00
ROW0004267,REF004267,ACC078,S04,INT04,2025-02-13,VISIT COMPLETE,Medicare Advantage,Infusion,2026-08-31 12:00:00,2026-08-31 18:00:00
ROW0000165,REF000165,ACC018,S01,INT01,2026-06-06,complete,Commercial,Infusion,2026-08-31 12:00:00,2026-08-31 18:00:00
ROW0003003,REF003003,ACC028,S02,INT02,2026-07-03,VISIT COMPLETE,Commercial,Injection,2026-08-31 12:00:00,2026-08-31 18:00:00
ROW0004428,REF004428,ACC113,S08,INT08,2026-04-03,completed,Medicare Advantage,Infusion,2026-08-31 12:00:00,2026-08-31 18:00:00
ROW0003759,REF003759,ACC058,S03,INT03,2025-10-22,complete,Commercial,Injection,2026-08-31 12:00:00,2026-08-31 18:00:00
ROW0000810,REF000810,ACC117,S08,INT08,2026-06-10,VISIT COMPLETE,Traditional Medicare,Injection,2026-08-31 12:00:00,2026-08-31 18:00:00
ROW0003567,REF003567,ACC021,S02,INT02,2025-10-02,completed,Medicare Advantage,Injection,2026-08-31 12:00:00,2026-08-31 18:00:00
ROW0002969,REF002969,ACC009,S01,,2026-05-03,complete,Medicaid,Injection,2026-08-31 12:00:00,2026-08-31 18:00:00
ROW0003603,REF003603,ACC054,S07,INT07,2025-04-11,VISIT COMPLETE,Medicare Advantage,Infusion,2026-08-31 12:00:00,2026-08-31 18:00:00
ROW0003285,REF003285,ACC010,S01,INT01,2026-02-20,completed,Commercial,Infusion,2026-08-31 12:00:00,2026-08-31 18:00:00
ROW0005418,REF005418,ACC105,S08,INT08,2025-02-20,completed,Commercial,Injection,2026-08-31 12:00:00,2026-08-31 18:00:00
ROW0003914,REF003914,ACC008,S01,INT01,2025-09-20,completed,Medicaid,Infusion,2026-08-31 12:00:00,2026-08-31 18:00:00
ROW0003648,REF003648,ACC006,S01,INT01,2025-09-09,closed,Medicare Advantage,Infusion,2026-08-31 12:00:00,2026-08-31 18:00:00
ROW0001372,REF001372,ACC107,S08,INT08,2025-12-06,received,Medicare Advantage,Injection,2026-08-31 12:00:00,2026-08-31 18:00:00
ROW0001246,REF001246,ACC034,S02,INT02,2025-11-11,VISIT COMPLETE,Traditional Medicare,Infusion,2026-08-31 12:00:00,2026-08-31 18:00:00
ROW0004836,REF004836,ACC120,S06,INT06,2025-04-11,completed,Medicaid,Injection,2026-08-31 12:00:00,2026-08-31 18:00:00
ROW0004354,REF004354,ACC120,S08,INT08,2025-08-27,completed,Commercial,Infusion,2026-08-31 12:00:00,2026-08-31 18:00:00
ROW0002966,REF002966,ACC012,S01,INT01,2025-08-15,completed,Commercial,Injection,2026-08-31 12:00:00,2026-08-31 18:00:00
ROW0000863,REF000863,ACC057,S03,INT03,2025-10-03,completed,Medicare Advantage,Other outpatient,2026-08-31 12:00:00,2026-08-31 18:00:00
ROW0000656,REF000656,ACC046,S07,INT07,2025-09-12,complete,Traditional Medicare,Infusion,2026-08-31 12:00:00,2026-08-31 18:00:00
ROW0003577,REF003577,ACC120,S06,INT06,2026-03-02,VISIT COMPLETE,Medicare Advantage,Infusion,2026-08-31 12:00:00,2026-08-31 18:00:00
ROW0004589,REF004589,ACC006,S01,INT01,2026-06-13,complete,Commercial,Injection,2026-08-31 12:00:00,2026-08-31 18:00:00
ROW0004323,REF004323,ACC029,S02,INT02,2025-10-08,closed,Medicaid,Infusion,2026-08-31 12:00:00,2026-08-31 18:00:00
ROW0003608,REF003608,ACC110,S08,INT08,2025-01-05,complete,Medicare Advantage,Infusion,2026-08-31 12:00:00,2026-08-31 18:00:00
ROW0001647,REF001647,ACC047,S03,INT03,2025-11-09,completed,Commercial,Injection,2026-08-31 12:00:00,2026-08-31 18:00:00
ROW0003337,REF003337,ACC115,S08,INT08,2026-02-19,ready to schedule,Traditional Medicare,Infusion,2026-08-31 12:00:00,2026-08-31 18:00:00
ROW0006042,REF003282,ACC078,S04,INT04,2026-06-15,complete,Commercial,Infusion,2026-08-31 12:00:00,2026-08-31 19:00:00
ROW0000226,REF000226,ACC079,S04,INT04,2026-08-17,ready,Medicare Advantage,Injection,2026-08-31 12:00:00,2026-08-31 18:00:00
ROW0005198,REF005198,ACC030,S02,INT02,2026-03-11,closed,Traditional Medicare,Injection,2026-08-31 12:00:00,2026-08-31 18:00:00
ROW0000597,REF000597,ACC048,S03,INT03,2025-01-18,closed,Commercial,Infusion,2026-08-31 12:00:00,2026-08-31 18:00:00
ROW0000922,REF000922,ACC075,S04,INT04,2025-04-27,complete,Commercial,Injection,2026-08-31 12:00:00,2026-08-31 18:00:00
ROW0000086,REF000086,ACC119,S08,,2026-08-02,VISIT COMPLETE,Commercial,Injection,2026-08-31 12:00:00,2026-08-31 18:00:00
ROW0000227,REF000227,ACC095,S05,INT05,2025-08-06,cancelled,Medicare Advantage,Infusion,2026-08-31 12:00:00,2026-08-31 18:00:00
ROW0003512,REF003512,ACC116,S06,INT06,2026-01-15,complete,Medicaid,Infusion,2026-08-31 12:00:00,2026-08-31 18:00:00
ROW0002856,REF002856,ACC020,S01,INT01,2025-02-24,VISIT COMPLETE,Medicaid,Infusion,2026-08-31 12:00:00,2026-08-31 18:00:00
ROW0004030,REF004030,ACC011,S01,INT01,2025-05-30, NEW ,Medicare Advantage,Injection,2026-08-31 12:00:00,2026-08-31 18:00:00
ROW0006000,REF006000,ACC101,S08,INT08,2025-06-17,VISIT COMPLETE,Medicaid,Infusion,2026-08-31 12:00:00,2026-08-31 18:00:00
ROW0001900,REF001900,ACC026,S02,INT02,2026-02-04,completed,Traditional Medicare,Infusion,2026-08-31 12:00:00,2026-08-31 18:00:00
ROW0001573,REF001573,ACC066,S04,INT04,2026-02-13,in_review,Medicaid,Infusion,2026-08-31 12:00:00,2026-08-31 18:00:00
ROW0004353,REF004353,ACC069,S04,INT04,2025-08-09,CLOSED - NO VISIT,Other,Infusion,2026-08-31 12:00:00,2026-08-31 18:00:00
ROW0001799,REF001799,ACC072,S04,INT04,2026-05-06,closed,Commercial,Infusion,2026-08-31 12:00:00,2026-08-31 18:00:00
ROW0001934,REF001934,ACC079,S04,INT04,2026-07-18,VISIT COMPLETE,Traditional Medicare,Infusion,2026-08-31 12:00:00,2026-08-31 18:00:00
ROW0002552,REF002552,ACC048,S07,INT07,2025-09-19,VISIT COMPLETE,Medicare Advantage,Infusion,2026-08-31 12:00:00,2026-08-31 18:00:00
ROW0005259,REF005259,ACC043,S03,INT03,2025-12-12,closed,Commercial,Injection,2026-08-31 12:00:00,2026-08-31 18:00:00
ROW0004962,REF004962,ACC011,S01,INT01,2025-10-09,completed,Medicare Advantage,Infusion,2026-08-31 12:00:00,2026-08-31 18:00:00
ROW0006055,REF003528,ACC016,S01,INT01,2025-12-08,complete,Medicare Advantage,Infusion,2026-08-31 12:00:00,2026-08-31 19:00:00
ROW0000526,REF000526,ACC013,S01,INT01,2025-04-09,VISIT COMPLETE,Commercial,Infusion,2026-08-31 12:00:00,2026-08-31 18:00:00
ROW0003712,REF003712,ACC083,S05,INT05,2026-08-08,scheduled,Commercial,Other outpatient,2026-08-31 12:00:00,2026-08-31 18:00:00
ROW0005671,REF005671,ACC111,S06,INT06,2025-06-09,VISIT COMPLETE,Commercial,Other outpatient,2026-08-31 12:00:00,2026-08-31 18:00:00
ROW0005797,REF005797,ACC047,S03,INT03,,ready to schedule,Medicare Advantage,Injection,2026-08-31 12:00:00,2026-08-31 18:00:00
ROW0001687,REF001687,ACC034,S02,INT02,2026-05-14,Received,Medicaid,Infusion,2026-08-31 12:00:00,2026-08-31 18:00:00
ROW0000062,REF000062,ACC073,S04,INT04,2025-11-24,closed,Medicare Advantage,Infusion,2026-08-31 12:00:00,2026-08-31 18:00:00
ROW0002257,REF002257,ACC054,S03,INT03,2025-12-07,VISIT COMPLETE,Commercial,Infusion,2026-08-31 12:00:00,2026-08-31 18:00:00
ROW0002182,REF002182,ACC099,S05,INT05,2026-04-03,VISIT COMPLETE,Traditional Medicare,Infusion,2026-08-31 12:00:00,2026-08-31 18:00:00
ROW0000699,REF000699,ACC050,S07,INT07,2026-01-06,VISIT COMPLETE,Commercial,Infusion,2026-08-31 12:00:00,2026-08-31 18:00:00
ROW0000568,REF000568,ACC088,S05,INT05,2026-03-08,VISIT COMPLETE,Medicare Advantage,Other outpatient,2026-08-31 12:00:00,2026-08-31 18:00:00
ROW0005554,REF005554,ACC025,S02,INT02,2025-10-27,VISIT COMPLETE,Commercial,Infusion,2026-08-31 12:00:00,2026-08-31 18:00:00
ROW0003381,REF003381,ACC030,S02,INT02,2026-06-10,VISIT COMPLETE,Commercial,Injection,2026-08-31 12:00:00,2026-08-31 18:00:00
ROW0006080,REF005375,ACC027,S02,INT02,2026-03-29,VISIT COMPLETE,Medicare Advantage,Injection,2026-08-31 12:00:00,2026-08-31 19:00:00
ROW0005959,REF005959,ACC036,S02,INT02,2025-06-29,complete,Medicare Advantage,Infusion,2026-08-31 12:00:00,2026-08-31 18:00:00
ROW0003152,REF003152,ACC111,S08,,2025-09-28,review,Medicare Advantage,Injection,2026-08-31 12:00:00,2026-08-31 18:00:00
ROW0004382,REF004382,ACC015,S01,INT01,2025-06-23,complete,Commercial,Other outpatient,2026-08-31 12:00:00,2026-08-31 18:00:00
ROW0001232,REF001232,ACC101,S06,INT06,2025-08-23,Ready_to_Schedule,Traditional Medicare,Infusion,2026-08-31 12:00:00,2026-08-31 18:00:00
ROW0002377,REF002377,ACC059,S03,INT03,2026-01-15,complete,Medicare Advantage,Infusion,2026-08-31 12:00:00,2026-08-31 18:00:00
ROW0005052,REF005052,ACC091,S05,INT05,2026-05-20,VISIT COMPLETE,Commercial,Injection,2026-08-31 12:00:00,2026-08-31 18:00:00
ROW0001063,REF001063,ACC080,S04,INT04,2025-08-30,VISIT COMPLETE,Commercial,Injection,2026-08-31 12:00:00,2026-08-31 18:00:00
ROW0004678,REF004678,ACC074,S04,INT04,2026-01-25,VISIT COMPLETE,Traditional Medicare,Infusion,2026-08-31 12:00:00,2026-08-31 18:00:00
ROW0001242,REF001242,ACC120,S06,INT06,2026-07-13,complete,Commercial,Injection,2026-08-31 12:00:00,2026-08-31 18:00:00
